COURSE,SECTION (CRN),TITLE (CREDIT HOURS),CAMPUS,COURSE TIME,INSTRUCTOR
ANTH 1210,A01 (10557),Ancient Peoples and Places (3),M,"Sep 03 - Dec 08, 15:30-16:20 (MWF)",Jose Sanchez
ANTH 1210,A02 (10559),Ancient Peoples and Places (3),M,"Sep 03 - Dec 08, 11:30-12:20 (MWF)",Jose Sanchez
ANTH 1210,D01 (10789),Ancient Peoples and Places (3),DE,Sep 03 - Dec 08,Barbara Hewitt
ANTH 1210,A03 (10558),Ancient Peoples and Places (3),M,"Sep 03 - Dec 08, 11:30-12:45 (TR)",Mahyar KhademiBami
ANTH 1220,D01 (12114),Socio-Cultural Anthropology (3),DE,Sep 03 - Dec 08,Alison Baker
ANTH 1220,A01 (11161),Socio-Cultural Anthropology (3),M,"Sep 03 - Dec 08, 10:00-11:15 (TR)",Nicole Hayes
ANTH 1220,A02 (10560),Socio-Cultural Anthropology (3),M,"Sep 03 - Dec 08, 10:30-11:20 (MWF)",Md. Mahfuzar Rahman
ANTH 1220,A03 (12446),Socio-Cultural Anthropology (3),M,"Sep 03 - Dec 08, 14:30-15:20 (MWF)",Sölmundur Pálsson
ANTH 2000,D01 (22609),"Culture, Society, and Power (3)",DE,Sep 03 - Dec 08,Anna Fournier
ANTH 2000,A01 (16745),"Culture, Society, and Power (3)",M,"Sep 03 - Dec 08, 13:00-14:15 (TR)",Sölmundur Pálsson
ANTH 2020,A01 (22610),Relatedness in a Globalizing World (3),M,"Sep 03 - Dec 08, 10:00-11:15 (TR)",Warren Clarke
ANTH 2060,A01 (25718),European Archaeology (D) (3),M,"Sep 03 - Dec 08, 10:00-11:15 (TR)",
ANTH 2100,A01 (12091),Introduction to Archaeology (3),M,"Sep 03 - Dec 08, 11:30-12:20 (MWF)",Mahyar KhademiBami
ANTH 2470,A01 (25719),Media Anthropology (3),M,"Sep 03 - Dec 08, 14:30-17:15 (M)",Kathleen Buddle
ANTH 2800,A01 (25720),Introduction to Biological Anthropology (3),M,"Sep 03 - Dec 08, 13:30-14:20 (MWF)",Jose Sanchez
ANTH 2860,A01 (12374),Evolution and Human Diversity (3),M,"Sep 03 - Dec 08, 11:30-12:45 (TR)",Stacie Burke
ANTH 3380,A01 (25721),Anthropology and Contemporary Social Issues (3),M,"Sep 03 - Dec 08, 13:00-14:15 (TR)",Warren Clarke
ANTH 3470,A01 (10568),History of Anthropology (3),M,"Sep 03 - Dec 08, 11:30-14:15 (M)",Nicole Hayes
ANTH 3720,A01 (25723),Demography of Past Populations (3),M,"Sep 03 - Dec 08, 14:30-17:15 (T)",Stacie Burke
ANTH 3930,A01 (23875),Ethnographic Research Methods (3),M,"Sep 03 - Dec 08, 11:30-14:15 (W)",Kathleen Buddle
ANTH 3960,A01 (26497),Cultural Heritage Stewardship (3),M,"Sep 03 - Dec 08, 11:30-14:15 (R)",Laura Kelvin
ANTH 4470,A01 (26335),Scientific Methods and Applications in Archaeology and Biological Anthropology (3),M,"Sep 03 - Dec 08, 11:30-14:15 (M)",Julia Gamble
ANTH 4780,T08 (25724),Anthropology and The Land (3),M,"Sep 03 - Dec 08, 11:30-14:15 (T)",Lara Rosenoff Gauvin
ANTH 4790,T13 (25726),Anthropology of the Material World (3),M,"Sep 03 - Dec 08, 08:30-11:15 (M)",Kent Fowler
ANTH 7000,A01 (12910),Professional Development in Anthropology (Part A) (0),M,"Sep 03 - Dec 08, 11:30-14:15 (F)",Kent Fowler
ANTH 7410,T11 (25727),Anthropology of the Material World (3),M,"Sep 03 - Dec 08, 08:30-11:15 (M)",Kent Fowler
ANTH 7470,A01 (26336),Scientific Methods and Applications in Archaeology and Biological Anthropology (3),M,"Sep 03 - Dec 08, 11:30-14:15 (M)",Julia Gamble
ANTH 7640,A01 (24725),Contemporary Anthropological Theory (3),M,"Sep 03 - Dec 08, 08:30-11:15 (W)",Fabiana Li
ANTH 7900,T24 (25728),Anthropology and The land (3),M,"Sep 03 - Dec 08, 11:30-14:15 (T)",Lara Rosenoff Gauvin
ANTH 7940,T11 (26692),Anti-Oppressive Research Methodologies (3),M,Sep 03 - Dec 08,Kathleen Buddle
ANTH 7940,T12 (26693),Anthropology and Gendering in Ghana (3),M,Sep 03 - Dec 08,Kathleen Buddle
ANTH 7940,T03 (26691),"Anti-Oppressive, Ecofeminist, and Land-Based Research (3)",M,Sep 03 - Dec 08,Kathleen Buddle
ARTS 1110,B11 (22513),Introduction to University (0),M,"Sep 03 - Dec 08, 14:30-15:45 (R)",McNally Reimer
ARTS 1110,B15 (22517),Introduction to University (0),M,"Sep 03 - Dec 08, 11:30-12:45 (R)",Safron Blais
ARTS 1110,B13 (22515),Introduction to University (0),M,"Sep 03 - Dec 08, 20:30-21:45 (T)",Danendri Senanayake
ARTS 1110,B14 (22516),Introduction to University (0),M,"Sep 03 - Dec 08, 20:30-21:45 (T)",Abdulla Hil Aman Azmin
ARTS 1110,B16 (22518),Introduction to University (0),M,"Sep 03 - Dec 08, 11:30-12:45 (R)",Mohammad Amin Obohat
ARTS 1110,B22 (22524),Introduction to University (0),M,"Sep 03 - Dec 08, 14:30-15:45 (T)",Amalia Santiago
ARTS 1110,B18 (22520),Introduction to University (0),M,"Sep 03 - Dec 08, 14:30-15:45 (T)",Anselmo Vilanculo
ARTS 1110,B19 (22521),Introduction to University (0),M,"Sep 03 - Dec 08, 14:30-15:45 (T)",Camilla Dascal
ARTS 1110,B20 (22522),Introduction to University (0),M,"Sep 03 - Dec 08, 14:30-15:45 (T)",Kimia Taghavi
ARTS 1110,B21 (22523),Introduction to University (0),M,"Sep 03 - Dec 08, 14:30-15:45 (T)",Rufaida Binta Hossain
ARTS 1110,B10 (22512),Introduction to University (0),M,"Sep 03 - Dec 08, 14:30-15:45 (R)",Doménica Naranjo
ARTS 1110,B17 (22519),Introduction to University (0),M,"Sep 03 - Dec 08, 11:30-12:45 (R)",Eva Amanda Otavia Irma Leticia Stefania Maia Miranda
ARTS 1110,B09 (22511),Introduction to University (0),M,"Sep 03 - Dec 08, 14:30-15:45 (R)",Cheyane Chambers
ARTS 1110,A02 (18123),Introduction to University (3),M,"Sep 03 - Dec 08, 14:30-15:45 (T)",Antoanela Denchuk
ARTS 1110,B07 (22509),Introduction to University (0),M,"Sep 03 - Dec 08, 14:30-15:45 (R)",Madison Herget-Schmidt
ARTS 1110,B05 (22507),Introduction to University (0),M,"Sep 03 - Dec 08, 08:30-09:45 (R)",Morgan Dereniwski
ARTS 1110,B04 (22506),Introduction to University (0),M,"Sep 03 - Dec 08, 08:30-09:45 (R)",Meesam Ali
ARTS 1110,B03 (22505),Introduction to University (0),M,"Sep 03 - Dec 08, 08:30-09:45 (R)",Rayan Rahal
ARTS 1110,B01 (22503),Introduction to University (0),M,"Sep 03 - Dec 08, 08:30-09:45 (R)",Jessica Laus
ARTS 1110,A06 (18127),Introduction to University (3),M,"Sep 03 - Dec 08, 14:30-15:45 (R)",Miriam Unruh
ARTS 1110,A05 (18126),Introduction to University (3),M,"Sep 03 - Dec 08, 11:30-12:45 (T)",James Honeyford
ARTS 1110,A04 (18125),Introduction to University (3),M,"Sep 03 - Dec 08, 11:30-12:45 (T)",James Honeyford
ARTS 1110,A03 (18124),Introduction to University (3),M,"Sep 03 - Dec 08, 19:00-20:15 (T)",Timothy Podolsky
ARTS 1110,G07 (26211),Introduction to University (3),M,"Sep 03 - Dec 08, 11:30-12:45 (TR)",Stephanie Olson
ARTS 1110,A01 (24916),Introduction to University (3),M,"Sep 03 - Dec 08, 08:30-09:45 (T)",Xuyang Li
ARTS 1110,B23 (26564),Introduction to University (0),M,"Sep 03 - Dec 08, 11:30-12:45 (R)",Martha Diabb Sanchez
ARTS 1110,B08 (22510),Introduction to University (0),M,"Sep 03 - Dec 08, 14:30-15:45 (R)",Yimeng Han
ARTS 1110,D01 (22525),Introduction to University (3),DE,Sep 03 - Dec 08,Golnaz Heidar Jamshidi
ARTS 1160,A01 (13116),Leadership: An Interdisciplinary Approach (3),M,"Sep 03 - Dec 08, 19:00-21:45 (T)",Heather Barkman
ARTS 3010,K01 (20387),Arts Co-operative Option 1 (1),WKT,Sep 03 - Dec 08,Laura Basilious
ARTS 3020,K01 (20388),Arts Co-operative Option 2 (1),WKT,Sep 03 - Dec 08,Laura Basilious
ARTS 3030,K01 (21444),Arts Co-operative Option 3 (1),WKT,Sep 03 - Dec 08,Laura Basilious
ASIA 1420,A01 (24848),Asian Civilizations to 1500 (B) (3),M,"Sep 03 - Dec 08, 08:30-09:45 (TR)",Adrian Thieret
ASIA 1750,B02 (21671),Introduction to Korean (Part A) (0),M,"Sep 03 - Dec 08, 10:00-10:50 (M)",Haelee Cha
ASIA 1750,A02 (21670),Introduction to Korean (Part A) (3),M,"Sep 03 - Dec 08, 13:00-14:15 (TR)",Hyekyung Song
ASIA 1750,B01 (18912),Introduction to Korean (Part A) (0),M,"Sep 03 - Dec 08, 10:00-10:50 (T)",Haelee Cha
ASIA 1750,A01 (11730),Introduction to Korean (Part A) (3),M,"Sep 03 - Dec 08, 13:30-14:20 (MWF)",Hyekyung Song
ASIA 1760,A01 (10710),Introduction to Chinese (Mandarin) (Part A) (3),M,"Sep 03 - Dec 08, 09:30-10:20 (MWF)",Shu Zhu
ASIA 1760,B01 (13068),Introduction to Chinese (Mandarin) (Part A) (0),M,"Sep 03 - Dec 08, 13:30-14:20 (R)",Linxiao Wang
ASIA 1760,A02 (12779),Introduction to Chinese (Mandarin) (Part A) (3),M,"Sep 03 - Dec 08, 13:30-14:20 (MWF)",Shu Zhu
ASIA 1760,B02 (13067),Introduction to Chinese (Mandarin) (Part A) (0),M,"Sep 03 - Dec 08, 14:30-15:20 (R)",Linxiao Wang
ASIA 1770,B02 (10712),Introduction to Japanese (Part A) (0),M,"Oct 21 - Oct 21, 15:30-16:20 (T)",Ryunosuke Yamaguchi
ASIA 1770,B04 (10714),Introduction to Japanese (Part A) (0),M,"Sep 24 - Sep 24, 17:00-17:50 (W)",Ryunosuke Yamaguchi
ASIA 1770,B04 (10714),Introduction to Japanese (Part A) (0),M,"Oct 01 - Oct 01, 17:00-17:50 (W)",Ryunosuke Yamaguchi
ASIA 1770,B02 (10712),Introduction to Japanese (Part A) (0),M,"Oct 07 - Oct 07, 15:30-16:20 (T)",Ryunosuke Yamaguchi
ASIA 1770,B02 (10712),Introduction to Japanese (Part A) (0),M,"Sep 09 - Sep 09, 15:30-16:20 (T)",Ryunosuke Yamaguchi
ASIA 1770,B02 (10712),Introduction to Japanese (Part A) (0),M,"Sep 16 - Sep 16, 15:30-16:20 (T)",Ryunosuke Yamaguchi
ASIA 1770,B02 (10712),Introduction to Japanese (Part A) (0),M,"Nov 11 - Nov 11, 15:30-16:20 (T)",Ryunosuke Yamaguchi
ASIA 1770,B02 (10712),Introduction to Japanese (Part A) (0),M,"Nov 18 - Nov 18, 15:30-16:20 (T)",Ryunosuke Yamaguchi
ASIA 1770,B02 (10712),Introduction to Japanese (Part A) (0),M,"Oct 28 - Oct 28, 15:30-16:20 (T)",Ryunosuke Yamaguchi
ASIA 1770,B02 (10712),Introduction to Japanese (Part A) (0),M,"Oct 14 - Oct 14, 15:30-16:20 (T)",Ryunosuke Yamaguchi
ASIA 1770,B02 (10712),Introduction to Japanese (Part A) (0),M,"Dec 02 - Dec 02, 15:30-16:20 (T)",Ryunosuke Yamaguchi
ASIA 1770,B02 (10712),Introduction to Japanese (Part A) (0),M,"Sep 30 - Sep 30, 15:30-16:20 (T)",Ryunosuke Yamaguchi
ASIA 1770,B02 (10712),Introduction to Japanese (Part A) (0),M,"Sep 23 - Sep 23, 15:30-16:20 (T)",Ryunosuke Yamaguchi
ASIA 1770,B02 (10712),Introduction to Japanese (Part A) (0),M,"Nov 25 - Nov 25, 15:30-16:20 (T)",Ryunosuke Yamaguchi
ASIA 1770,B04 (10714),Introduction to Japanese (Part A) (0),M,"Sep 17 - Sep 17, 17:00-17:50 (W)",Ryunosuke Yamaguchi
ASIA 1770,B04 (10714),Introduction to Japanese (Part A) (0),M,"Oct 08 - Oct 08, 17:00-17:50 (W)",Ryunosuke Yamaguchi
ASIA 1770,B04 (10714),Introduction to Japanese (Part A) (0),M,"Dec 03 - Dec 03, 17:00-17:50 (W)",Ryunosuke Yamaguchi
ASIA 1770,B04 (10714),Introduction to Japanese (Part A) (0),M,"Nov 26 - Nov 26, 17:00-17:50 (W)",Ryunosuke Yamaguchi
ASIA 1770,B04 (10714),Introduction to Japanese (Part A) (0),M,"Nov 19 - Nov 19, 17:00-17:50 (W)",Ryunosuke Yamaguchi
ASIA 1770,B04 (10714),Introduction to Japanese (Part A) (0),M,"Nov 12 - Nov 12, 17:00-17:50 (W)",Ryunosuke Yamaguchi
ASIA 1770,B04 (10714),Introduction to Japanese (Part A) (0),M,"Oct 29 - Oct 29, 17:00-17:50 (W)",Ryunosuke Yamaguchi
ASIA 1770,B04 (10714),Introduction to Japanese (Part A) (0),M,"Oct 22 - Oct 22, 17:00-17:50 (W)",Ryunosuke Yamaguchi
ASIA 1770,B04 (10714),Introduction to Japanese (Part A) (0),M,"Oct 15 - Oct 15, 17:00-17:50 (W)",Ryunosuke Yamaguchi
ASIA 1770,B05 (17645),Introduction to Japanese (Part A) (0),M,"Sep 09 - Sep 09, 14:30-15:20 (T)",Ryunosuke Yamaguchi
ASIA 1770,B05 (17645),Introduction to Japanese (Part A) (0),M,"Sep 16 - Sep 16, 14:30-15:20 (T)",Ryunosuke Yamaguchi
ASIA 1770,B05 (17645),Introduction to Japanese (Part A) (0),M,"Sep 23 - Sep 23, 14:30-15:20 (T)",Ryunosuke Yamaguchi
ASIA 1770,B05 (17645),Introduction to Japanese (Part A) (0),M,"Sep 30 - Sep 30, 14:30-15:20 (T)",Ryunosuke Yamaguchi
ASIA 1770,B05 (17645),Introduction to Japanese (Part A) (0),M,"Nov 25 - Nov 25, 14:30-15:20 (T)",Ryunosuke Yamaguchi
ASIA 1770,B05 (17645),Introduction to Japanese (Part A) (0),M,"Dec 02 - Dec 02, 14:30-15:20 (T)",Ryunosuke Yamaguchi
ASIA 1770,B05 (17645),Introduction to Japanese (Part A) (0),M,"Nov 11 - Nov 11, 14:30-15:20 (T)",Ryunosuke Yamaguchi
ASIA 1770,B04 (10714),Introduction to Japanese (Part A) (0),M,"Sep 10 - Sep 10, 17:00-17:50 (W)",Ryunosuke Yamaguchi
ASIA 1770,B05 (17645),Introduction to Japanese (Part A) (0),M,"Oct 28 - Oct 28, 14:30-15:20 (T)",Ryunosuke Yamaguchi
ASIA 1770,B05 (17645),Introduction to Japanese (Part A) (0),M,"Oct 21 - Oct 21, 14:30-15:20 (T)",Ryunosuke Yamaguchi
ASIA 1770,B01 (10711),Introduction to Japanese (Part A) (0),M,"Dec 02 - Dec 02, 13:30-14:20 (T)",Ryunosuke Yamaguchi
ASIA 1770,B01 (10711),Introduction to Japanese (Part A) (0),M,"Nov 25 - Nov 25, 13:30-14:20 (T)",Ryunosuke Yamaguchi
ASIA 1770,B01 (10711),Introduction to Japanese (Part A) (0),M,"Sep 09 - Sep 09, 13:30-14:20 (T)",Ryunosuke Yamaguchi
ASIA 1770,B01 (10711),Introduction to Japanese (Part A) (0),M,"Sep 16 - Sep 16, 13:30-14:20 (T)",Ryunosuke Yamaguchi
ASIA 1770,B01 (10711),Introduction to Japanese (Part A) (0),M,"Sep 23 - Sep 23, 13:30-14:20 (T)",Ryunosuke Yamaguchi
ASIA 1770,B05 (17645),Introduction to Japanese (Part A) (0),M,"Oct 14 - Oct 14, 14:30-15:20 (T)",Ryunosuke Yamaguchi
ASIA 1770,B01 (10711),Introduction to Japanese (Part A) (0),M,"Oct 07 - Oct 07, 13:30-14:20 (T)",Ryunosuke Yamaguchi
ASIA 1770,B01 (10711),Introduction to Japanese (Part A) (0),M,"Oct 14 - Oct 14, 13:30-14:20 (T)",Ryunosuke Yamaguchi
ASIA 1770,B01 (10711),Introduction to Japanese (Part A) (0),M,"Oct 21 - Oct 21, 13:30-14:20 (T)",Ryunosuke Yamaguchi
ASIA 1770,B01 (10711),Introduction to Japanese (Part A) (0),M,"Oct 28 - Oct 28, 13:30-14:20 (T)",Ryunosuke Yamaguchi
ASIA 1770,B01 (10711),Introduction to Japanese (Part A) (0),M,"Nov 11 - Nov 11, 13:30-14:20 (T)",Ryunosuke Yamaguchi
ASIA 1770,B01 (10711),Introduction to Japanese (Part A) (0),M,"Sep 30 - Sep 30, 13:30-14:20 (T)",Ryunosuke Yamaguchi
ASIA 1770,B01 (10711),Introduction to Japanese (Part A) (0),M,"Nov 18 - Nov 18, 13:30-14:20 (T)",Ryunosuke Yamaguchi
ASIA 1770,A02 (10716),Introduction to Japanese (Part A) (3),M,"Sep 03 - Dec 08, 09:30-10:20 (MWF)",Yuhko Kayama
ASIA 1770,B05 (17645),Introduction to Japanese (Part A) (0),M,"Oct 07 - Oct 07, 14:30-15:20 (T)",Ryunosuke Yamaguchi
ASIA 1770,A05 (17643),Introduction to Japanese (Part A) (3),M,"Sep 03 - Dec 08, 11:30-12:45 (TR)",Yukimi Mizuno
ASIA 1770,A01 (10715),Introduction to Japanese (Part A) (3),M,"Sep 03 - Dec 08, 13:30-14:20 (MWF)",Yukimi Mizuno
ASIA 1770,B05 (17645),Introduction to Japanese (Part A) (0),M,"Nov 18 - Nov 18, 14:30-15:20 (T)",Ryunosuke Yamaguchi
ASIA 1770,A04 (10717),Introduction to Japanese (Part A) (3),M,"Sep 03 - Dec 08, 11:30-12:20 (MWF)",Satoru Nakagawa
ASIA 2620,A01 (18911),Japanese Civilization (3),M,"Sep 03 - Dec 08, 10:00-11:15 (TR)",Adrian Thieret
ASIA 2750,A01 (16076),Intermediate Korean (Part A) (3),M,"Sep 03 - Dec 08, 14:30-15:45 (TR)",Jeonghee Jeong
ASIA 2750,B01 (18913),Intermediate Korean (Part A) (0),M,"Sep 03 - Dec 08, 11:30-12:20 (R)",Haelee Cha
ASIA 2760,A01 (10719),Intermediate Chinese (Mandarin) (Part A) (3),M,"Sep 03 - Dec 08, 11:30-12:20 (MWF)",Shu Zhu
ASIA 2760,B01 (18914),Intermediate Chinese (Mandarin) (Part A) (0),M,"Sep 03 - Dec 08, 14:30-15:20 (M)",Chi Man Brittany Chan
ASIA 2770,A01 (10722),Intermediate Japanese (Part A) (3),M,"Sep 03 - Dec 08, 11:30-12:20 (MWF)",Yuhko Kayama
ASIA 2770,B01 (10720),Intermediate Japanese (Part A) (0),M,"Sep 26 - Sep 26, 09:30-10:20 (F)",Ryunosuke Yamaguchi
ASIA 2770,B01 (10720),Intermediate Japanese (Part A) (0),M,"Oct 10 - Oct 10, 09:30-10:20 (F)",Ryunosuke Yamaguchi
ASIA 2770,B01 (10720),Intermediate Japanese (Part A) (0),M,"Oct 17 - Oct 17, 09:30-10:20 (F)",Ryunosuke Yamaguchi
ASIA 2770,B01 (10720),Intermediate Japanese (Part A) (0),M,"Oct 24 - Oct 24, 09:30-10:20 (F)",Ryunosuke Yamaguchi
ASIA 2770,B01 (10720),Intermediate Japanese (Part A) (0),M,"Oct 31 - Oct 31, 09:30-10:20 (F)",Ryunosuke Yamaguchi
ASIA 2770,B01 (10720),Intermediate Japanese (Part A) (0),M,"Nov 14 - Nov 14, 09:30-10:20 (F)",Ryunosuke Yamaguchi
ASIA 2770,B01 (10720),Intermediate Japanese (Part A) (0),M,"Nov 21 - Nov 21, 09:30-10:20 (F)",Ryunosuke Yamaguchi
ASIA 2770,B01 (10720),Intermediate Japanese (Part A) (0),M,"Nov 28 - Nov 28, 09:30-10:20 (F)",Ryunosuke Yamaguchi
ASIA 2770,B01 (10720),Intermediate Japanese (Part A) (0),M,"Dec 05 - Dec 05, 09:30-10:20 (F)",Ryunosuke Yamaguchi
ASIA 2770,B01 (10720),Intermediate Japanese (Part A) (0),M,"Oct 03 - Oct 03, 09:30-10:20 (F)",Ryunosuke Yamaguchi
ASIA 2770,B01 (10720),Intermediate Japanese (Part A) (0),M,"Sep 12 - Sep 12, 09:30-10:20 (F)",Ryunosuke Yamaguchi
ASIA 2770,B01 (10720),Intermediate Japanese (Part A) (0),M,"Sep 19 - Sep 19, 09:30-10:20 (F)",Ryunosuke Yamaguchi
ASIA 3370,A01 (26306),The Strange and Fantastic in East Asian Culture (3),M,"Sep 03 - Dec 08, 13:00-14:15 (TR)",Adrian Thieret
ASIA 3750,A01 (25825),Advanced Korean (Part A) (3),M,"Sep 03 - Dec 08, 12:30-13:20 (MWF)",Hyekyung Song
ASIA 3760,A01 (25826),Advanced Chinese (Mandarin) (Part A) (3),M,"Sep 03 - Dec 08, 15:30-16:20 (MWF)",Shu Zhu
ASIA 3770,A01 (24709),Advanced Japanese (Part A) (3),M,"Sep 03 - Dec 08, 13:30-14:20 (MWF)",Yuhko Kayama
CDN 1000,D01 (22603),Introduction to Canada (3),DE,Sep 03 - Dec 08,Olga Skarlato
CATH 1190,A01 (10757),Introduction to Catholic Studies (3),M,"Sep 03 - Dec 08, 14:30-15:45 (TR)",Michael Caligiuri
CATH 1190,D01 (20401),Introduction to Catholic Studies (3),DE,Sep 03 - Dec 08,Daniel MacLeod
CATH 2600,A01 (26065),Pilgrimage and the Localization of Catholic Devotion (3),M,"Sep 03 - Dec 08, 13:30-14:20 (MWF)",Meredith Bacola
CLAS 1270,D01 (10704),Introduction to Ancient Greek Culture (3),DE,Sep 03 - Dec 08,Heather Barkman
CLAS 1270,A02 (18812),Introduction to Ancient Greek Culture (3),M,"Sep 03 - Dec 08, 14:30-15:45 (TR)",Christopher Sampson
CLAS 1270,A01 (10013),Introduction to Ancient Greek Culture (3),M,"Sep 03 - Dec 08, 13:30-14:20 (MWF)",Keith Collins
CLAS 1280,D01 (10706),Introduction to Ancient Roman Culture (3),DE,Sep 03 - Dec 08,Harrison Grey
CLAS 1280,A01 (10014),Introduction to Ancient Roman Culture (3),M,"Sep 03 - Dec 08, 13:00-14:15 (TR)",Harrison Grey
CLAS 1520,D01 (18814),Greek and Roman Mythology (3),DE,Sep 03 - Dec 08,Harrison Grey
CLAS 1520,A01 (18813),Greek and Roman Mythology (3),M,"Sep 03 - Dec 08, 09:30-10:20 (MWF)",Keith Collins
CLAS 2210,A01 (25742),Women in Ancient Greece and Rome (3),M,"Sep 03 - Dec 08, 10:30-11:20 (MWF)",Lea Stirling
CLAS 2622,A01 (25743),Latin Literature in Translation (3),M,"Sep 03 - Dec 08, 11:30-12:45 (TR)",Rory Egan
CLAS 2670,A01 (25744),Greek Art and Archaeology (3),M,"Sep 03 - Dec 08, 10:00-11:15 (TR)",Mark Lawall
CLAS 3710,T12 (25745),Archaeology of the Roman Provinces (3),M,"Sep 03 - Dec 08, 12:30-13:20 (MWF)",Lea Stirling
CLAS 7000,A01 (20009),Proseminar in Classical Studies 1 (0),M,Sep 03 - Dec 08,Christopher Sampson
CLAS 7310,T11 (25746),Archaeology of the Roman Provinces (3),M,Sep 03 - Dec 08,Lea Stirling
GRK 1010,A01 (10009),Introduction to the Reading of Ancient Greek 1 (3),M,"Sep 03 - Dec 08, 10:30-11:20 (MWF)",Keith Collins
GRK 2700,A01 (16036),Intermediate Readings in Ancient Greek (3),M,"Sep 03 - Dec 08, 13:30-14:20 (MWF)",Christopher Sampson
GRK 3830,A01 (25747),The Greek Historians (3),M,Sep 03 - Dec 08,Christopher Sampson
GRK 7100,T10 (25748),Herodotus (3),M,Sep 03 - Dec 08,Christopher Sampson
LATN 1080,A02 (12736),Introduction to the Reading of Latin 1 (3),M,"Sep 03 - Dec 08, 11:30-12:20 (MWF)",Robert Nau
LATN 2700,A01 (16038),Intermediate Readings in Latin (3),M,"Sep 03 - Dec 08, 15:30-16:20 (MWF)",Robert Nau
LATN 3932,T07 (25749),Cicero: On Friendship (3),M,"Sep 03 - Dec 08, 16:30-17:20 (MWF)",Robert Nau
LATN 7200,T10 (25750),Cicero: De Amicitia and De Natura Deorum (3),M,Sep 03 - Dec 08,Robert Nau
ECON 1010,A03 (11712),Introduction to Microeconomic Principles (3),M,"Sep 03 - Dec 08, 11:30-12:20 (MWF)",Md. Aslam Hossain
ECON 1010,A04 (11713),Introduction to Microeconomic Principles (3),M,"Sep 03 - Dec 08, 12:30-13:20 (MWF)",Atish Kumar Neogi
ECON 1010,A05 (11714),Introduction to Microeconomic Principles (3),M,"Sep 03 - Dec 08, 08:30-09:45 (TR)",Elizabeth Troutt
ECON 1010,D01 (11789),Introduction to Microeconomic Principles (3),DE,Sep 03 - Dec 08,Atish Kumar Neogi
ECON 1010,D02 (20130),Introduction to Microeconomic Principles (3),DE,Sep 03 - Dec 08,Deepthi Mohan
ECON 1010,A02 (11949),Introduction to Microeconomic Principles (3),M,"Sep 03 - Dec 08, 10:00-11:15 (TR)",Elizabeth Troutt
ECON 1010,A01 (11715),Introduction to Microeconomic Principles (3),M,"Sep 03 - Dec 08, 09:30-10:20 (MWF)",Maryam Afandak
ECON 1020,A03 (22309),Introduction to Macroeconomic Principles (3),M,"Sep 03 - Dec 08, 11:30-12:45 (TR)",Mijeong Ko
ECON 1020,D01 (14387),Introduction to Macroeconomic Principles (3),DE,Sep 03 - Dec 08,Md. Aslam Hossain
ECON 1020,A01 (12448),Introduction to Macroeconomic Principles (3),M,"Sep 03 - Dec 08, 08:30-09:20 (MWF)",Mehmet Oguzoglu
ECON 1020,A02 (11980),Introduction to Macroeconomic Principles (3),M,"Sep 03 - Dec 08, 10:30-11:20 (MWF)",Mehmet Oguzoglu
ECON 1020,D02 (20509),Introduction to Macroeconomic Principles (3),DE,Sep 03 - Dec 08,Md. Alauddin
ECON 1210,A01 (15845),Introduction to Canadian Economic Issues and Policies (3),M,"Sep 03 - Dec 08, 10:30-11:20 (MWF)",Deepthi Mohan
ECON 2010,A01 (12941),Microeconomic Theory 1 (3),M,"Sep 03 - Dec 08, 14:30-15:45 (TR)",Md. Alauddin
ECON 2010,A03 (24038),Microeconomic Theory 1 (3),M,"Sep 03 - Dec 08, 12:30-13:20 (MWF)",Mijeong Ko
ECON 2010,A02 (12942),Microeconomic Theory 1 (3),M,"Sep 03 - Dec 08, 10:30-11:20 (MWF)",Shayne St Denis
ECON 2010,D01 (13269),Microeconomic Theory 1 (3),DE,Sep 03 - Dec 08,Maryam Afandak
ECON 2020,D01 (13270),Macroeconomic Theory 1 (3),DE,Sep 03 - Dec 08,Mohammad Saquib Hasan
ECON 2020,A01 (12944),Macroeconomic Theory 1 (3),M,"Sep 03 - Dec 08, 10:00-11:15 (TR)",Carlos Yepez
ECON 2020,A02 (15846),Macroeconomic Theory 1 (3),M,"Sep 03 - Dec 08, 13:30-14:20 (MWF)",Shayan Haghighat Javan
ECON 2030,A02 (20132),Mathematical Economics 1 (3),M,"Sep 03 - Dec 08, 08:30-09:45 (TR)",Zheting Zhu
ECON 2030,A01 (12945),Mathematical Economics 1 (3),M,"Sep 03 - Dec 08, 16:00-17:15 (TR)",Hikmet Gunay
ECON 2040,A02 (12947),Quantitative Methods in Economics (3),M,"Sep 03 - Dec 08, 11:30-12:20 (MWF)",Rashed Ahmed
ECON 2040,D01 (16258),Quantitative Methods in Economics (3),DE,Sep 03 - Dec 08,Zheting Zhu
ECON 2040,A01 (22312),Quantitative Methods in Economics (3),M,"Sep 03 - Dec 08, 11:30-12:45 (TR)",Janelle Mann
ECON 2362,A02 (25751),Economics of Gender (3),M,"Sep 03 - Dec 08, 13:30-14:20 (MWF)",Arpita Biswas
ECON 2362,A01 (22314),Economics of Gender (3),M,"Sep 03 - Dec 08, 11:30-12:20 (MWF)",Arpita Biswas
ECON 2390,A02 (24039),Introduction to Environmental Economics (3),M,"Sep 03 - Dec 08, 14:30-15:45 (TR)",Soodeh Saberian Ranjbar
ECON 2390,A01 (22315),Introduction to Environmental Economics (3),M,"Sep 03 - Dec 08, 13:00-14:15 (TR)",Soodeh Saberian Ranjbar
ECON 2520,A02 (25754),Economics of Sports and Leisure (3),M,"Sep 03 - Dec 08, 11:30-12:45 (TR)",Ryan Compton
ECON 2520,A01 (25753),Economics of Sports and Leisure (3),M,"Sep 03 - Dec 08, 10:00-11:15 (TR)",Ryan Compton
ECON 2540,A01 (10427),Political Economy 1: Production and Distribution (3),M,"Sep 03 - Dec 08, 10:30-11:20 (MWF)",
ECON 2540,A02 (20587),Political Economy 1: Production and Distribution (3),M,"Sep 03 - Dec 08, 12:30-13:20 (MWF)",
ECON 2610,T06 (22327),Crime Economics (3),M,"Sep 03 - Dec 08, 13:00-14:15 (TR)",Edgar Villa Perez
ECON 3010,A02 (17286),Microeconomic Theory 2 (3),M,"Sep 03 - Dec 08, 11:30-12:45 (TR)",Edward Honda
ECON 3010,A01 (12950),Microeconomic Theory 2 (3),M,"Sep 03 - Dec 08, 13:00-14:15 (TR)",Irwin Lipnowski
ECON 3020,A01 (12951),Macroeconomic Theory 2 (3),M,"Sep 03 - Dec 08, 14:30-15:45 (TR)",Federico Guzman
ECON 3040,A01 (12952),Introduction to Econometrics (3),M,"Sep 03 - Dec 08, 16:00-17:15 (TR)",Ryan Godwin
ECON 3362,A01 (21410),Labour Economics 1 (3),M,"Sep 03 - Dec 08, 16:00-17:15 (TR)",Edgar Villa Perez
ECON 3392,A01 (20135),An Introduction to Development Economics (3),M,"Sep 03 - Dec 08, 10:30-11:20 (MWF)",Anamary Maqueira Linares
ECON 3392,A02 (21411),An Introduction to Development Economics (3),M,"Sep 03 - Dec 08, 12:30-13:20 (MWF)",Anamary Maqueira Linares
ECON 3670,A01 (25756),International Trade (3),M,"Sep 03 - Dec 08, 10:00-11:15 (TR)",Federico Guzman
ECON 3692,A01 (12954),Economic Determinants of Health (3),M,"Sep 03 - Dec 08, 13:00-14:15 (TR)",Robert Chernomas
ECON 3742,A01 (25757),Industrial Organization and Firm Strategy (3),M,"Sep 03 - Dec 08, 14:30-15:45 (TR)",Irwin Lipnowski
ECON 3810,A01 (11172),Alternative Approaches to Macroeconomic Analysis (3),M,"Sep 03 - Dec 08, 11:30-12:45 (TR)",Robert Chernomas
ECON 4010,A01 (25758),Advanced Microeconomic Theory (3),M,"Sep 03 - Dec 08, 08:30-09:45 (TR)",Julia Witt
ECON 4020,T03 (24842),Modern Macroeconomic Theory (3),M,"Sep 03 - Dec 08, 10:30-11:20 (MWF)",Kristin Shaw
ECON 4050,A01 (22332),History of Economic Thought 1 (3),M,"Sep 03 - Dec 08, 14:30-17:15 (W)",Fletcher Baragar
ECON 4432,A01 (25760),The Challenges of Economic Development (3),M,"Sep 03 - Dec 08, 14:30-17:15 (M)",John Serieux
ECON 4490,T12 (21414),Macroeconometrics for Policy Analysis (3),M,"Sep 03 - Dec 08, 11:30-12:45 (TR)",Carlos Yepez
ECON 4490,T17 (23059),Health Economics (3),M,"Sep 03 - Dec 08, 14:30-15:45 (TR)",Ardeshir Sepehri-Borojeni
ECON 4610,A01 (25761),Economics and Society Field Placement Seminar (Part A) (1.5),M,"Sep 03 - Dec 08, 14:30-17:15 (W)",
ECON 4620,A01 (25762),Economics and Society Field Placement (Part A) (3),M,Sep 03 - Dec 08,
ECON 4822,A02 (14130),Economic Research and Communication (Part A) (3),M,"Sep 03 - Dec 08, 11:30-14:15 (M)",Janelle Mann
ECON 6040,A01 (11173),Survey of Mathematical Topics for Economists (3),M,"Aug 19 - Sep 02, 10:30-14:00 (MTWR)",Hikmet Gunay
ECON 6040,A01 (11173),Survey of Mathematical Topics for Economists (3),M,"Aug 19 - Sep 02, 10:30-13:30 (S)",Hikmet Gunay
ECON 6040,A01 (11173),Survey of Mathematical Topics for Economists (3),M,"Aug 19 - Sep 02, 13:15-14:15 (F)",Hikmet Gunay
ECON 6040,A01 (11173),Survey of Mathematical Topics for Economists (3),M,"Aug 19 - Sep 02, 14:15-15:15 (MR)",Hikmet Gunay
ECON 6040,A01 (11173),Survey of Mathematical Topics for Economists (3),M,"Aug 19 - Sep 02, 10:30-13:00 (F)",Hikmet Gunay
ECON 7010,A01 (22341),Econometrics I (3),M,"Sep 03 - Dec 08, 13:00-14:15 (TR)",Ryan Godwin
ECON 7170,A01 (25763),Topics in Heterodox Economics I (3),M,"Sep 03 - Dec 08, 11:30-14:15 (W)",Ian Hudson
ECON 7300,T20 (21420),Macroeconometrics for Policy Analysis (3),M,"Sep 03 - Dec 08, 11:30-12:45 (TR)",Carlos Yepez
ECON 7300,T22 (23060),Health Economics (3),M,"Sep 03 - Dec 08, 14:30-15:45 (TR)",Ardeshir Sepehri-Borojeni
ECON 7300,T28 (26684),Heterodox Macroeconomics (3),M,Sep 03 - Dec 08,Robert Chernomas
ECON 7650,A01 (15853),Advanced Macroeconomic Theory 1 (3),M,"Sep 03 - Dec 08, 11:30-14:15 (M)",Kristin Shaw
ECON 7722,A01 (11597),Advanced Microeconomic Theory I (3),M,"Sep 03 - Dec 08, 16:00-17:15 (TR)",Safoura Moeeni
ECON 7742,A01 (25764),Game Theory (3),M,"Sep 03 - Dec 08, 10:00-11:15 (TR)",Edward Honda
ECON 7950,A01 (25560),Advanced Agricultural Demand Analysis (3),M,Sep 03 - Dec 08,Julieta Frank
ENGL 0930,A02 (10031),English Composition (3),M,"Sep 03 - Dec 08, 10:30-11:20 (MWF)",Jeremy Strong
ENGL 0930,A06 (11169),English Composition (3),M,"Sep 03 - Dec 08, 13:00-14:15 (TR)",Jeffrey Sapiro
ENGL 0930,A05 (11167),English Composition (3),M,"Sep 03 - Dec 08, 10:00-11:15 (TR)",Scott Crompton
ENGL 0930,A04 (11170),English Composition (3),M,"Sep 03 - Dec 08, 12:30-13:20 (MWF)",Natalie LoVetri
ENGL 0930,A03 (11168),English Composition (3),M,"Sep 03 - Dec 08, 11:30-12:20 (MWF)",Jeremy Strong
ENGL 0930,A07 (16256),English Composition (3),M,"Sep 03 - Dec 08, 11:30-12:45 (TR)",Scott Crompton
ENGL 0930,D01 (20417),English Composition (3),DE,Sep 03 - Dec 08,Lisa Dorcich
ENGL 0930,A01 (10030),English Composition (3),M,"Sep 03 - Dec 08, 09:30-10:20 (MWF)",Lisa Dorcich
ENGL 0940,G07 (20393),Writing About Literature (3),M,"Sep 03 - Dec 08, 10:00-11:15 (TR)",Stephanie Olson
ENGL 1200,A03 (10035),Representative Literary Works (Part A) (3),M,"Sep 03 - Dec 08, 10:00-11:15 (TR)",Pamela Perkins
ENGL 1200,A01 (10036),Representative Literary Works (Part A) (3),M,"Sep 03 - Dec 08, 10:00-11:15 (TR)",Glenn Clark
ENGL 1200,A05 (10034),Representative Literary Works (Part A) (3),M,"Sep 03 - Dec 08, 09:30-10:20 (MWF)",David Annandale
ENGL 1200,A06 (10038),Representative Literary Works (Part A) (3),M,"Sep 03 - Dec 08, 10:30-11:20 (MWF)",Jenifer Mohammed
ENGL 1200,D01 (10707),Representative Literary Works (Part A) (3),DE,Sep 03 - Dec 08,Jenifer Mohammed
ENGL 1200,A07 (10044),Representative Literary Works (Part A) (3),M,"Sep 03 - Dec 08, 13:30-14:20 (MWF)",Judith Owens
ENGL 1200,A04 (12464),Representative Literary Works (Part A) (3),M,"Sep 03 - Dec 08, 13:00-14:15 (TR)",Hee-Jung Joo
ENGL 1200,A08 (10037),Representative Literary Works (Part A) (3),M,"Sep 03 - Dec 08, 11:30-12:45 (TR)",Mark Libin
ENGL 1200,A09 (10043),Representative Literary Works (Part A) (3),M,"Sep 03 - Dec 08, 12:30-13:20 (MWF)",Dana Medoro
ENGL 1200,A11 (12690),Representative Literary Works (Part A) (3),M,"Sep 03 - Dec 08, 11:30-12:20 (MWF)",Michelle Faubert
ENGL 1340,A06 (23786),Introduction to Literary Analysis (3),M,"Sep 03 - Dec 08, 09:30-10:20 (MWF)",Jenifer Mohammed
ENGL 1340,A04 (23784),Introduction to Literary Analysis (3),M,"Sep 03 - Dec 08, 11:30-12:45 (TR)",James Horton
ENGL 1340,A01 (12691),Introduction to Literary Analysis (3),M,"Sep 03 - Dec 08, 10:00-11:15 (TR)",James Horton
ENGL 1340,A02 (17325),Introduction to Literary Analysis (3),M,"Sep 03 - Dec 08, 13:00-14:15 (TR)",Timothy Penner
ENGL 1340,A03 (23297),Introduction to Literary Analysis (3),M,"Sep 03 - Dec 08, 11:30-12:20 (MWF)",Lucas Tromly
ENGL 1340,A07 (23787),Introduction to Literary Analysis (3),M,"Sep 03 - Dec 08, 14:30-15:20 (MWF)",Jenifer Mohammed
ENGL 1340,A05 (23785),Introduction to Literary Analysis (3),M,"Sep 03 - Dec 08, 10:30-11:20 (MWF)",Timothy Penner
ENGL 1340,A08 (26219),Introduction to Literary Analysis (3),M,"Sep 03 - Dec 08, 12:30-13:20 (MWF)",Jenifer Mohammed
ENGL 1400,A07 (12750),Thematic Approaches to the Study of Literature (3),M,"Sep 03 - Dec 08, 14:30-15:45 (TR)",Jeffrey Sapiro
ENGL 1400,A03 (12470),Thematic Approaches to the Study of Literature (3),M,"Sep 03 - Dec 08, 13:30-14:20 (MWF)",Erin Weinberg
ENGL 1400,A05 (21612),Thematic Approaches to the Study of Literature (3),M,"Sep 03 - Dec 08, 08:30-09:45 (TR)",Jeffrey Sapiro
ENGL 1400,A02 (12469),Thematic Approaches to the Study of Literature (3),M,"Sep 03 - Dec 08, 11:30-12:20 (MWF)",Erin Weinberg
ENGL 1400,A06 (12749),Thematic Approaches to the Study of Literature (3),M,"Sep 03 - Dec 08, 11:30-12:45 (TR)",Jeffrey Sapiro
ENGL 1400,A01 (12468),Thematic Approaches to the Study of Literature (3),M,"Sep 03 - Dec 08, 09:30-10:20 (MWF)",Erin Weinberg
ENGL 1400,A04 (12747),Thematic Approaches to the Study of Literature (3),M,"Sep 03 - Dec 08, 10:30-11:20 (MWF)",Lisa Dorcich
ENGL 2070,A01 (26221),Literature of the Sixteenth Century (Part A) (3),M,"Sep 03 - Dec 08, 11:30-12:20 (MWF)",Judith Owens
ENGL 2170,A01 (26223),American Literature to 1900 (Part A) (3),M,"Sep 03 - Dec 08, 10:30-11:20 (MWF)",Dana Medoro
ENGL 2180,A01 (26224),American Literature since 1900 (Part A) (3),M,"Sep 03 - Dec 08, 10:00-11:15 (TR)",Hee-Jung Joo
ENGL 2270,A01 (26225),Canadian Literature (Part A) (3),M,"Sep 03 - Dec 08, 12:30-13:20 (MWF)",Lindsay Diehl
ENGL 2280,A01 (26226),Film and Literature (Part A) (3),M,"Sep 03 - Dec 08, 13:30-15:20 (M)",George Toles
ENGL 2280,A01 (26226),Film and Literature (Part A) (3),M,"Sep 03 - Dec 08, 13:30-15:55 (W)",George Toles
ENGL 2820,T05 (26344),Agatha Christie's Novels and Adaptations (3),M,"Sep 03 - Dec 08, 11:30-12:45 (TR)",Erin Weinberg
ENGL 2910,A01 (26229),Comics (3),M,"Sep 03 - Dec 08, 13:30-14:20 (MWF)",Lucas Tromly
ENGL 2920,T01 (26345),Beyond High Fantasy (3),M,"Sep 03 - Dec 08, 13:00-14:15 (TR)",Erin Keating
ENGL 3090,T03 (26230),Jacobean Drama (3),M,"Sep 03 - Dec 08, 13:00-14:15 (TR)",Glenn Clark
ENGL 3270,T06 (26231),Strange Things - Haunted Canada (3),M,"Sep 03 - Dec 08, 09:30-10:20 (MWF)",Alison Calder
ENGL 3630,T05 (26545),Ecocriticism (3),M,"Sep 03 - Dec 08, 11:30-12:45 (TR)",Jeremy Strong
ENGL 3820,T02 (26232),Representations of Identity and Struggle in Palestinian Literature (3),M,"Sep 03 - Dec 08, 10:00-11:15 (TR)",Mark Libin
ENGL 3920,T04 (26233),Indigenous Science- Fiction (3),M,"Sep 03 - Dec 08, 12:30-13:20 (MWF)",Warren Cariou
ENGL 4630,T49 (26234),Frankenstein's Monsters (3),M,"Sep 03 - Dec 08, 14:30-17:15 (W)",Michelle Faubert
ENGL 4630,T50 (26235),The Music Video (3),M,"Sep 03 - Dec 08, 14:30-17:15 (T)",Brenda Austin-Smith
ENGL 4630,T51 (26236),"Folklore, Fantasy, and History: Scotland's Imagined Pasts (3)",M,"Sep 03 - Dec 08, 14:30-17:15 (R)",Pamela Perkins
ENGL 7170,T04 (26237),The Music Video (3),M,"Sep 03 - Dec 08, 14:30-17:15 (T)",Brenda Austin-Smith
ENGL 7960,T06 (26238),Frankenstein's Monsters (3),M,"Sep 03 - Dec 08, 14:30-17:15 (W)",Michelle Faubert
ENGL 7980,T06 (26239),"Folklore, Fantasy, and History: Scotland's Imagined Pasts (3)",M,"Sep 03 - Dec 08, 14:30-17:15 (R)",Pamela Perkins
FILM 1290,A02 (10727),The Art of the Film 1 (3),M,"Sep 03 - Dec 08, 10:00-11:50 (R)",Jonah Corne
FILM 1290,A02 (10727),The Art of the Film 1 (3),M,"Sep 03 - Dec 08, 10:00-12:25 (T)",Jonah Corne
FILM 1290,A01 (10726),The Art of the Film 1 (3),M,"Sep 03 - Dec 08, 13:30-14:20 (MWF)",David Annandale
FILM 1290,A03 (10728),The Art of the Film 1 (3),M,"Sep 03 - Dec 08, 14:30-15:20 (MWF)",David Annandale
FILM 1310,A01 (11598),Film History (3),M,"Sep 03 - Dec 08, 09:30-11:20 (W)",George Toles
FILM 1310,A01 (11598),Film History (3),M,"Sep 03 - Dec 08, 09:30-11:55 (M)",George Toles
FILM 2250,T02 (26346),Agatha Christie's Novels and Adaptations (3),M,"Sep 03 - Dec 08, 11:30-12:45 (TR)",Erin Weinberg
FILM 2280,A01 (26227),Film and Literature (Part A) (3),M,"Sep 03 - Dec 08, 13:30-15:55 (W)",George Toles
FILM 2280,A01 (26227),Film and Literature (Part A) (3),M,"Sep 03 - Dec 08, 13:30-15:20 (M)",George Toles
FILM 2380,T01 (26241),French New Wave (3),M,"Sep 03 - Dec 08, 13:00-14:50 (T)",Jonah Corne
FILM 2380,T01 (26241),French New Wave (3),M,"Sep 03 - Dec 08, 13:00-15:25 (R)",Jonah Corne
FILM 2440,A01 (24929),Filmmaking (3),M,"Sep 03 - Dec 08, 18:00-20:45 (W)",Shereen Jerrett
FILM 3250,T21 (26242),The Monstrous Imagination (3),M,"Sep 03 - Dec 08, 11:30-12:20 (MWF)",David Annandale
THTR 1220,A01 (22391),Introduction to Theatre (Part A) (3),M,"Sep 03 - Dec 08, 13:00-14:50 (T)",William Kerr
THTR 1220,A02 (10745),Introduction to Theatre (Part A) (3),M,"Sep 03 - Dec 08, 14:30-16:20 (R)",Thomas Soares
THTR 1220,A02 (10745),Introduction to Theatre (Part A) (3),M,"Sep 03 - Dec 08, 14:30-16:20 (T)",Thomas Soares
THTR 1220,A03 (10746),Introduction to Theatre (Part A) (3),M,"Sep 03 - Dec 08, 14:30-16:20 (W)",Thomas Soares
THTR 1220,A03 (10746),Introduction to Theatre (Part A) (3),M,"Sep 03 - Dec 08, 14:30-16:20 (M)",Thomas Soares
THTR 1220,A01 (22391),Introduction to Theatre (Part A) (3),M,"Sep 03 - Dec 08, 13:00-14:50 (R)",William Kerr
THTR 2150,A01 (10747),Theatrical Techniques: Onstage (Part A) (3),M,"Sep 03 - Dec 08, 10:00-11:15 (TR)",Margaret Groome
THTR 2160,A01 (10748),Theatrical Techniques: Backstage (Part A) (3),M,"Sep 03 - Dec 08, 18:00-20:45 (M)",Karen Schellenberg
THTR 2600,T10 (26245),Playwriting (3),M,"Sep 03 - Dec 08, 11:30-12:45 (TR)",Werner Thiessen
THTR 3000,B02 (24682),The Shaughraun - A Melodrama (0),M,"Sep 03 - Dec 08, 17:00-21:00 (TWR)",William Kerr
THTR 3000,B01 (24681),The Shaughraun - A Melodrama (0),M,"Sep 03 - Dec 08, 13:30-15:20 (WF)",William Kerr
THTR 3000,T03 (26244),The Shaughraun - A Melodrama (3),M,"Sep 03 - Dec 08, 13:30-16:30 (M)",William Kerr
THTR 3610,T05 (26243),Jacobean Drama (3),M,"Sep 03 - Dec 08, 13:00-14:15 (TR)",Glenn Clark
FREN 1152,A05 (14708),Introductory French 1 (3),M,"Sep 03 - Dec 08, 10:00-11:15 (TR)",Krysteena Gadzala
FREN 1152,B01 (12460),Introductory French 1 (0),M,"Sep 03 - Dec 08, 11:30-12:20 (M)",Luke Liekum
FREN 1152,A02 (12454),Introductory French 1 (3),M,"Sep 03 - Dec 08, 10:30-11:20 (MWF)",Andrew Osborne
FREN 1152,B02 (12457),Introductory French 1 (0),M,"Sep 03 - Dec 08, 11:30-12:20 (T)",Bailey Watson
FREN 1152,B03 (12458),Introductory French 1 (0),M,"Sep 03 - Dec 08, 11:30-12:20 (W)",Luke Liekum
FREN 1152,B04 (12459),Introductory French 1 (0),M,"Sep 03 - Dec 08, 13:00-13:50 (R)",Elizabeth Gwinner
FREN 1152,B05 (14709),Introductory French 1 (0),M,"Sep 03 - Dec 08, 12:30-13:20 (F)",. Sagar
FREN 1152,A03 (12456),Introductory French 1 (3),M,"Sep 03 - Dec 08, 13:30-14:20 (MWF)",Andrew Osborne
FREN 1152,A01 (12453),Introductory French 1 (3),M,"Sep 03 - Dec 08, 09:30-10:20 (MWF)",Armelle St Martin
FREN 1152,A04 (12455),Introductory French 1 (3),M,"Sep 03 - Dec 08, 08:30-09:45 (TR)",Melanie Cure
FREN 1154,B01 (25887),Introductory French 2 (0),M,"Sep 03 - Dec 08, 10:30-11:20 (F)",Zachary Bahr
FREN 1154,A01 (25886),Introductory French 2 (3),M,"Sep 03 - Dec 08, 11:30-12:20 (MWF)",Janelle Hague
FREN 1192,A01 (24939),Français pour bilingues et francophones 1 (3),M,"Sep 03 - Dec 08, 09:30-10:20 (MWF)",Krysteena Gadzala
FREN 1192,A02 (25888),Français pour bilingues et francophones 1 (3),M,"Sep 03 - Dec 08, 10:00-11:15 (TR)",Dominique Laporte
FREN 1202,A01 (24941),Intermediate French 1 (3),M,"Sep 03 - Dec 08, 10:30-11:20 (MWF)",Etienne-Marie Lassi
FREN 1202,A02 (24942),Intermediate French 1 (3),M,"Sep 03 - Dec 08, 10:00-11:15 (TR)",Andrew Osborne
FREN 1252,A01 (11797),Français oral 1 (3),M,"Sep 03 - Dec 08, 13:00-14:15 (TR)",Irene Chassaing
FREN 2610,A01 (25889),Français oral 2 (A) (3),M,"Sep 03 - Dec 08, 10:00-11:15 (TR)",Irene Chassaing
FREN 2620,A01 (12461),Grammaire et lexique (A) (3),M,"Sep 03 - Dec 08, 12:30-13:20 (MWF)",Andrew Osborne
FREN 3830,T04 (25890),La littérature de voyage à l'ère médiatique (B) (3),M,"Sep 03 - Dec 08, 13:00-14:15 (TR)",Dominique Laporte
FREN 4610,T17 (25891),La littérature de voyage à l'ère médiatique (3),M,"Sep 03 - Dec 08, 13:00-14:15 (TR)",Dominique Laporte
FREN 7560,T10 (25892),La littérature de voyage à l'ère médiatique (3),M,"Sep 03 - Dec 08, 13:00-14:15 (TR)",Dominique Laporte
FSIE 2100,A01 (26319),Exploration of Contemporary French and Francophone Cultures (3),M,"Sep 03 - Dec 08, 11:30-12:20 (MWF)",Krysteena Gadzala
FSIE 2700,A01 (26320),Don Quixote in English and the Chivalric World (3),M,"Sep 03 - Dec 08, 12:30-13:20 (MWF)",Enrique Fernandez
ITLN 1080,A02 (16129),Introductory Italian (Part A) (3),M,"Sep 03 - Dec 08, 11:30-12:20 (MWF)",Paolo Matteucci
ITLN 1080,B01 (16130),Introductory Italian (Part A) (0),M,"Sep 03 - Dec 08, 10:30-11:20 (M)",Veronica Vecchione
ITLN 1080,B02 (16128),Introductory Italian (Part A) (0),M,"Sep 03 - Dec 08, 10:00-10:50 (R)",Veronica Vecchione
ITLN 1080,A01 (12462),Introductory Italian (Part A) (3),M,"Sep 03 - Dec 08, 11:30-12:45 (TR)",Paolo Matteucci
SPAN 1182,A02 (24958),Introductory Spanish 1 (3),M,"Sep 03 - Dec 08, 11:30-12:45 (TR)",Caterina Reitano
SPAN 1182,B01 (24960),Introductory Spanish 1 (0),M,"Sep 03 - Dec 08, 09:30-10:20 (W)",Eric Felico Perez
SPAN 1182,A03 (24959),Introductory Spanish 1 (3),M,"Sep 03 - Dec 08, 13:00-14:15 (TR)",Caterina Reitano
SPAN 1182,B02 (24961),Introductory Spanish 1 (0),M,"Sep 03 - Dec 08, 08:30-09:20 (T)",Jade De Michelis
SPAN 1182,B03 (24962),Introductory Spanish 1 (0),M,"Sep 03 - Dec 08, 11:30-12:20 (F)",Camila Hernandez Claros
SPAN 1182,A01 (24957),Introductory Spanish 1 (3),M,"Sep 03 - Dec 08, 10:30-11:20 (MWF)",Caterina Reitano
SPAN 1262,A01 (11716),Intermediate Spanish Grammar and Conversation 1 (3),M,"Sep 03 - Dec 08, 09:30-10:20 (MWF)",Caterina Reitano
SPAN 1262,B01 (21334),Intermediate Spanish Grammar and Conversation 1 (0),M,"Sep 03 - Dec 08, 08:30-09:20 (W)",Eric Felico Perez
SPAN 2550,A01 (25897),Advanced Spanish Composition (3),M,"Sep 03 - Dec 08, 11:30-12:20 (MWF)",Enrique Fernandez
SPAN 2560,A01 (25898),Advanced Spanish Conversation (3),M,"Sep 03 - Dec 08, 11:30-12:20 (MWF)",Enrique Fernandez
GRMN 1122,A02 (23583),Introductory German 1 (A) (3),M,"Sep 03 - Dec 08, 11:30-12:20 (MWF)",Karin James
GRMN 1122,B02 (23586),Introductory German 1 (A) (0),M,"Sep 03 - Dec 08, 11:30-12:20 (T)",TBA
GRMN 1122,B04 (23588),Introductory German 1 (A) (0),M,"Sep 03 - Dec 08, 10:30-11:20 (W)",TBA
GRMN 1122,B01 (23585),Introductory German 1 (A) (0),M,"Sep 03 - Dec 08, 13:30-14:20 (M)",TBA
GRMN 1122,A01 (23582),Introductory German 1 (A) (3),M,"Sep 03 - Dec 08, 09:30-10:20 (MWF)",Lars Richter
GRMN 1122,A03 (23584),Introductory German 1 (A) (3),M,"Sep 03 - Dec 08, 14:30-15:45 (TR)",Ilka Cudmore
GRMN 1300,A01 (25828),Masterpieces of German Literature in English Translation (C) (3),M,"Sep 03 - Dec 08, 12:30-13:20 (MWF)",Alexandra Heberger
GRMN 1310,A01 (25829),Love in German Culture in English Translation (C) (3),M,"Sep 03 - Dec 08, 10:30-11:20 (MWF)",Stephan Jaeger
GRMN 2102,A01 (23590),Intermediate German 1 (A) (3),M,"Sep 03 - Dec 08, 11:30-12:20 (MWF)",Lars Richter
GRMN 2480,T04 (25830),German Crime Fiction in German (B) (3),M,"Sep 03 - Dec 08, 09:30-10:20 (MWF)",Alexandra Heberger
GRMN 3202,A01 (23592),Advanced German 1 (A) (3),M,"Sep 03 - Dec 08, 13:30-14:20 (MWF)",Karin James
GRMN 3270,A01 (25832),Studies in Contemporary German Cinema (C) (3),M,"Sep 03 - Dec 08, 14:30-17:15 (W)",Lars Richter
GRMN 4570,A01 (25833),"Honours Thesis in German Studies (B,C) (3)",M,Sep 03 - Dec 08,Stephan Jaeger
GRMN 4670,T07 (25834),Studies in Contemporary German Cinema (C) (3),M,"Sep 03 - Dec 08, 14:30-17:15 (W)",Lars Richter
GRMN 6000,A01 (25664),Reading Language Test (0),M,Sep 03 - Dec 08,Alexandra Heberger
GRMN 7340,A01 (25835),Seminar in German Film and Media Studies (3),M,"Sep 03 - Dec 08, 14:30-17:15 (W)",Lars Richter
GRMN 7360,T01 (26726),Coming of Age Narratives in Contemporary German Culture (3),M,Sep 03 - Dec 08,Lars Richter
POL 1892,A01 (23599),Introductory Polish 1 (3),M,"Sep 03 - Dec 08, 09:30-10:20 (MWF)",Magdalena Blackmore
POL 1892,B01 (23600),Introductory Polish 1 (0),M,"Sep 03 - Dec 08, 08:30-09:20 (F)",TBA
POL 1900,A01 (25838),"Love, Heroes and Patriotism in Contemporary Poland (3)",M,"Sep 03 - Dec 08, 12:30-13:20 (MWF)",Magdalena Blackmore
POL 2892,A01 (24990),Intermediate Polish 1 (3),M,"Sep 03 - Dec 08, 13:30-14:20 (MWF)",Magdalena Blackmore
RUSN 1302,B01 (23602),Introductory Russian 1 (0),M,"Sep 03 - Dec 08, 14:30-15:20 (W)",TBA
RUSN 1302,B02 (23603),Introductory Russian 1 (0),M,"Sep 03 - Dec 08, 09:00-09:50 (R)",TBA
RUSN 1302,A01 (23601),Introductory Russian 1 (3),M,"Sep 03 - Dec 08, 10:30-11:20 (MWF)",Elena Baraban
RUSN 1400,A01 (25839),Masterpieces of Russian Literature in Translation (3),M,"Sep 03 - Dec 08, 12:30-13:20 (MWF)",Elena Baraban
RUSN 2812,A01 (23605),Intermediate Russian 1 (3),M,"Sep 03 - Dec 08, 09:30-10:20 (MWF)",Iryna Konstantiuk
RUSN 3100,A01 (25840),Advanced Russian Grammar and Conversation (3),M,"Sep 03 - Dec 08, 10:30-11:20 (MWF)",Tatiana Galetcaia
RUSN 3790,T01 (26694),Masterpieces of Russian Literature in English Translation (3),M,Sep 03 - Dec 08,Elena Baraban
UKRN 1312,B01 (23608),Introductory Ukrainian 1 (0),M,"Sep 03 - Dec 08, 09:30-10:20 (W)",TBA
UKRN 1312,A01 (23607),Introductory Ukrainian 1 (3),M,"Sep 03 - Dec 08, 10:30-11:20 (MWF)",Iryna Konstantiuk
UKRN 1312,B02 (23609),Introductory Ukrainian 1 (0),M,"Sep 03 - Dec 08, 08:30-09:20 (F)",TBA
UKRN 2600,T04 (25859),Ukrainian Folk & Magic Tale (3),M,"Sep 03 - Dec 08, 14:30-17:15 (M)",Iryna Konstantiuk
UKRN 2722,A01 (23611),Intermediate Ukrainian 1 (3),M,"Sep 03 - Dec 08, 12:30-13:20 (MWF)",Iryna Konstantiuk
UKRN 2780,A01 (25860),Ukrainian Culture from 1900 to the Present (3),M,"Sep 03 - Dec 08, 12:30-13:20 (MWF)",Oksana Dudko
GPE 1700,A01 (16054),Social Justice in the 21st Century: Global Political Economy and Environmental Change (3),M,"Sep 03 - Dec 08, 11:30-12:20 (MWF)",Jonah Olsen
GPE 2700,A01 (10755),Perspectives on Global Political Economy (3),M,"Sep 03 - Dec 08, 14:30-15:45 (TR)",Mark Hudson
GPE 4510,A01 (25908),Global Political Economy Field Placement Seminar (Part A) (1.5),M,"Sep 03 - Dec 08, 14:30-17:15 (W)",
GPE 4520,A01 (25910),Global Political Economy Field Placement (Part A) (3),M,Sep 03 - Dec 08,
GPE 4700,A01 (10756),Studies in Global Political Economy (Part A) (3),M,"Sep 03 - Dec 08, 14:30-17:15 (F)",Niall Harney
HIST 1200,D01 (13271),An Introduction to the History of Western Civilization (G) (Part A) (3),DE,Sep 03 - Dec 08,Marc-Andre Gagnon
HIST 1350,A02 (25800),An Introduction to the History of Western Civilization to 1500 (G) (3),M,"Sep 03 - Dec 08, 09:30-10:20 (MWF)",Dale Barbour
HIST 1350,A04 (25802),An Introduction to the History of Western Civilization to 1500 (G) (3),M,"Sep 03 - Dec 08, 10:30-11:20 (MWF)",Robert Penner
HIST 1350,A03 (25801),An Introduction to the History of Western Civilization to 1500 (G) (3),M,"Sep 03 - Dec 08, 10:00-11:15 (TR)",Lloyd Penner
HIST 1350,A01 (21449),An Introduction to the History of Western Civilization to 1500 (G) (3),M,"Sep 03 - Dec 08, 18:00-20:45 (W)",Jason Brown
HIST 1360,A02 (26166),An Introduction to the History of Western Civilization from 1500 (G) (3),M,"Sep 03 - Dec 08, 14:30-15:20 (MWF)",Dale Barbour
HIST 1360,A01 (15903),An Introduction to the History of Western Civilization from 1500 (G) (3),M,"Sep 03 - Dec 08, 11:30-12:45 (TR)",Dale Barbour
HIST 1370,A01 (12912),Modern World History: 1500-1800 (M) (3),M,"Sep 03 - Dec 08, 09:30-10:20 (MWF)",George Buri
HIST 1370,A02 (24812),Modern World History: 1500-1800 (M) (3),M,"Sep 03 - Dec 08, 14:30-15:45 (TR)",Dale Barbour
HIST 1380,A01 (12473),Modern World History: 1800-Present (M) (3),M,"Sep 03 - Dec 08, 13:30-14:20 (MWF)",Naomi Calnitsky
HIST 1390,A01 (24813),History of Colonial Canada: 1500-1885 (C) (3),M,"Sep 03 - Dec 08, 14:30-17:15 (T)",Adele Perry
HIST 1400,A01 (15905),History of the Canadian Nation since 1867 (C) (3),M,"Sep 03 - Dec 08, 11:30-12:20 (MWF)",Leonard Kuffert
HIST 1420,A01 (24849),Asian Civilizations to 1500 (B) (3),M,"Sep 03 - Dec 08, 08:30-09:45 (TR)",Adrian Thieret
HIST 2010,A01 (18987),Indigenous History in Canada (C) (Part A) (3),M,"Sep 03 - Dec 08, 14:30-17:15 (M)",
HIST 2010,A02 (25803),Indigenous History in Canada (C) (Part A) (3),M,"Sep 03 - Dec 08, 13:00-14:15 (TR)",Leah Morton
HIST 2230,A01 (22765),History of the United States from 1607 (A) (Part A) (3),M,"Sep 03 - Dec 08, 11:30-12:45 (TR)",George Buri
HIST 2240,A01 (25460),History of Antisemitism and the Holocaust (E) (Part A) (3),M,"Sep 03 - Dec 08, 18:00-20:45 (T)",Jody Perrun
HIST 2282,A01 (23906),Inventing Canada (C) (3),M,"Sep 03 - Dec 08, 10:00-11:15 (TR)",
HIST 2286,A01 (25804),Modern Canada (C) (3),M,"Sep 03 - Dec 08, 11:30-12:20 (MWF)",Esyllt Jones
HIST 2350,A01 (22766),Europe 1789-1870 (E) (3),M,"Sep 03 - Dec 08, 12:30-13:20 (MWF)",Robert Penner
HIST 2420,A01 (10139),The Medieval World (D) (Part A) (3),M,"Sep 03 - Dec 08, 09:30-10:20 (MWF)",Robert Penner
HIST 2500,A01 (23907),History of Africa (R) (Part A) (3),M,"Sep 03 - Dec 08, 10:00-11:15 (TR)",Joyce Chadya
HIST 2530,A01 (25805),History of the Modern Middle East (R) (3),M,"Sep 03 - Dec 08, 14:30-15:45 (TR)",Jennifer Dueck
HIST 2600,A01 (25806),Introduction to Ukraine (E) (3),M,"Sep 03 - Dec 08, 13:30-14:20 (MWF)",Nataliya Venger
HIST 2670,A01 (23909),History of Capitalism (M) (3),M,"Sep 03 - Dec 08, 11:30-12:20 (MWF)",George Buri
HIST 2730,A01 (14454),"Modern World History, 1914-1945: The 30 Years' Crisis (G, M) (3)",M,"Sep 03 - Dec 08, 13:00-14:15 (TR)",Mark Gabbert
HIST 3110,T06 (25808),The Road to Brexit: Britain and Europe since 1945 (E) (3),M,"Sep 03 - Dec 08, 11:30-12:20 (MWF)",Christopher Frank
HIST 3574,A01 (25809),Disease and Society in the Modern World (M) (3),M,"Sep 03 - Dec 08, 14:30-17:15 (M)",Esyllt Jones
HIST 3780,T05 (24827),Residential Schools in Canada (C) (3),M,"Sep 03 - Dec 08, 13:00-14:15 (TR)",
HIST 3830,A01 (25811),Histories of Israel and Palestine (R) (3),M,"Sep 03 - Dec 08, 11:30-12:45 (TR)",Jennifer Dueck
HIST 3990,T08 (25812),Reagan's America and Thatcher's Britain (G) (Part A) (3),M,"Sep 03 - Dec 08, 08:30-11:15 (R)",Sarah Elvins
HIST 4000,T50 (26587),The Cultural Cold War (G) (3),M,"Sep 03 - Dec 08, 14:30-17:15 (T)",Jorge Nallim
HIST 4000,T48 (25817),Transpacific Labour History (G) (3),M,"Sep 03 - Dec 08, 11:30-14:15 (W)",Jeong Kim
HIST 4000,T34 (25813),Indigenous Peoples and Archives (G) (3),M,"Sep 03 - Dec 08, 14:30-17:15 (R)",Gregory Bak
HIST 4000,T30 (25814),Social History of South Africa (G) (3),M,"Sep 03 - Dec 08, 14:30-17:15 (R)",Joyce Chadya
HIST 4000,T10 (25816),History of Broadcasting in the Anglophone World (G) (3),M,"Sep 03 - Dec 08, 14:30-17:15 (F)",Leonard Kuffert
HIST 4400,A01 (25818),Historical Method and Historiography (G) (Part A) (3),M,"Sep 03 - Dec 08, 11:30-14:15 (M)",Benjamin Baader
HIST 7110,A01 (21471),Advanced Historical Methodologies (Part A) (3),OC,"Sep 03 - Dec 08, 11:30-14:15 (R)",Janis Thiessen
HIST 7372,A01 (25819),History of Archiving and Archival Records (Part A) (3),M,"Sep 03 - Dec 08, 11:30-14:15 (F)",Gregory Bak
HIST 7772,T43 (25824),Transpacific Labour History (3),M,"Sep 03 - Dec 08, 11:30-14:15 (W)",Jeong Kim
HIST 7772,T29 (25821),Social History of South Africa (3),M,"Sep 03 - Dec 08, 14:30-17:15 (R)",Joyce Chadya
HIST 7772,T45 (26588),The Cultural Cold War (3),M,"Sep 03 - Dec 08, 14:30-17:15 (T)",Jorge Nallim
HIST 7772,T03 (25823),History of Broadcasting in the Anglophone World (3),M,"Sep 03 - Dec 08, 14:30-17:15 (F)",Leonard Kuffert
HIST 7772,T16 (25820),Indigenous Peoples and Archives (3),M,"Sep 03 - Dec 08, 14:30-17:15 (R)",Gregory Bak
HIST 7776,A01 (25633),Major Research Paper (0),M,Sep 03 - Dec 08,Gregory Bak
HIST 9070,T05 (26482),UW GHIST 7003 - History of South Africa (Part A) (3),OC,"Sep 03 - Dec 08, 16:00-17:15 (TR)",Eliakim Sibanda
HIST 9610,T02 (26481),UW GHIST 7517 - Advanced Studies in Canadian Social History (Part A) (3),OC,"Aug 05 - Dec 23, 13:00-16:00 (W)",Janis Thiessen
HIST 9672,T02 (26486),UW GHIST 7502 - Settler Colonialism (3),OC,"Aug 05 - Dec 23, 16:00-17:15 (TR)",Karen Froman
ICEL 1202,A01 (26321),Introductory Icelandic 1 (3),M,"Sep 03 - Dec 08, 09:30-10:20 (MWF)",Julian Christopher Mendoza
ICEL 1202,B01 (26340),Introductory Icelandic 1 (0),M,"Sep 03 - Dec 08, 08:30-09:20 (W)",Julian Christopher Mendoza
INDG 1200,A01 (22569),Indigenous Peoples in Canada (Part A) (3),M,"Sep 03 - Dec 08, 12:30-13:20 (MWF)",Honoure Black
INDG 1220,G07 (22988),"Indigenous Peoples in Canada, Part 1 (3)",M,"Sep 03 - Dec 08, 14:30-15:45 (TR)",Diedre Desmarais
INDG 1220,A04 (23988),"Indigenous Peoples in Canada, Part 1 (3)",M,"Sep 03 - Dec 08, 13:00-14:15 (TR)",Niigaanwewidam Sinclair
INDG 1220,D01 (22573),"Indigenous Peoples in Canada, Part 1 (3)",DE,Sep 03 - Dec 08,Lindsay Bacala
INDG 1220,D02 (22574),"Indigenous Peoples in Canada, Part 1 (3)",DE,Sep 03 - Dec 08,Krysta Alexson
INDG 1220,D06 (25913),"Indigenous Peoples in Canada, Part 1 (3)",DE,Sep 03 - Dec 08,Laura Forsythe
INDG 1220,D04 (24484),"Indigenous Peoples in Canada, Part 1 (3)",DE,Sep 03 - Dec 08,Arielle Garand
INDG 1220,D05 (25912),"Indigenous Peoples in Canada, Part 1 (3)",DE,Sep 03 - Dec 08,Honoure Black
INDG 1220,A03 (22572),"Indigenous Peoples in Canada, Part 1 (3)",M,"Sep 03 - Dec 08, 10:00-11:15 (TR)",Cary Miller
INDG 1220,D03 (23298),"Indigenous Peoples in Canada, Part 1 (3)",DE,Sep 03 - Dec 08,Lauren Petersen
INDG 1220,A02 (22571),"Indigenous Peoples in Canada, Part 1 (3)",M,"Sep 03 - Dec 08, 11:30-12:45 (TR)",
INDG 1220,A05 (25914),"Indigenous Peoples in Canada, Part 1 (3)",M,"Sep 03 - Dec 08, 10:30-11:20 (MWF)",Christopher Trott
INDG 1220,A01 (22570),"Indigenous Peoples in Canada, Part 1 (3)",M,"Sep 03 - Dec 08, 09:30-10:20 (MWF)",Elizabeth Spence
INDG 1240,D01 (22575),"Indigenous Peoples in Canada, Part 2 (3)",DE,Sep 03 - Dec 08,Honoure Black
INDG 1250,A02 (25501),Introductory Cree 1 (3),M,"Sep 03 - Dec 08, 20:00-20:50 (M)",Sharissa Neault
INDG 1250,A02 (25501),Introductory Cree 1 (3),M,"Sep 03 - Dec 08, 19:00-19:50 (M)",Sharissa Neault
INDG 1250,A02 (25501),Introductory Cree 1 (3),M,"Sep 03 - Dec 08, 18:00-18:50 (M)",Sharissa Neault
INDG 1252,A01 (25916),Introductory Cree 1 - Pass/Fail Option (3),M,"Sep 03 - Dec 08, 20:00-20:50 (M)",Sharissa Neault
INDG 1252,A01 (25916),Introductory Cree 1 - Pass/Fail Option (3),M,"Sep 03 - Dec 08, 18:00-18:50 (M)",Sharissa Neault
INDG 1252,A01 (25916),Introductory Cree 1 - Pass/Fail Option (3),M,"Sep 03 - Dec 08, 19:00-19:50 (M)",Sharissa Neault
INDG 1270,A01 (22697),Introductory Anishinaabemowin (Ojibwe) 1 (3),M,"Sep 03 - Dec 08, 10:00-11:15 (TR)",
INDG 1272,A01 (25915),Introductory Anishinaabemowin (Ojibwe) 1 - Pass/Fail Option (3),M,"Sep 03 - Dec 08, 10:00-11:15 (TR)",
INDG 2000,T02 (25312),Contemporary Indigenous Art History (3),M,"Sep 03 - Dec 08, 14:30-15:45 (TR)",
INDG 2012,A01 (22839),Indigenous History in Canada (Part A) (3),M,"Sep 03 - Dec 08, 14:30-17:15 (M)",
INDG 2012,A02 (26532),Indigenous History in Canada (Part A) (3),M,"Sep 03 - Dec 08, 13:00-14:15 (TR)",Leah Morton
INDG 2080,A01 (22985),Inuit Society and Culture (3),M,"Sep 03 - Dec 08, 09:30-10:20 (MWF)",Christopher Trott
INDG 2220,A01 (24809),Indigenous Societies and the Political Process (3),M,"Sep 03 - Dec 08, 13:00-14:15 (TR)",
INDG 2252,A01 (22838),Intermediate Cree 1 (3),M,"Sep 03 - Dec 08, 14:30-15:45 (TR)",Samuel Robinson
INDG 2252,B01 (24338),Intermediate Cree 1 (0),M,"Sep 03 - Dec 08, 16:00-16:50 (T)",Samuel Robinson
INDG 2262,B01 (26539),Intermediate Cree 1 - Pass/Fail Option (0),M,"Sep 03 - Dec 08, 16:00-16:50 (T)",Samuel Robinson
INDG 2262,A01 (26538),Intermediate Cree 1 - Pass/Fail Option (3),M,"Sep 03 - Dec 08, 14:30-15:45 (TR)",Samuel Robinson
INDG 2272,A01 (22702),Intermediate Anishinaabemowin (Ojibwe) 1 (3),M,"Sep 03 - Dec 08, 14:30-15:45 (TR)",Patricia Nadeau
INDG 2282,A01 (26542),Intermediate Anishinaabemowin (Ojibwe) 1 - Pass/Fail Option (3),M,"Sep 03 - Dec 08, 14:30-15:45 (TR)",Patricia Nadeau
INDG 2430,A01 (24810),Indigenous Women's Stories (3),M,"Sep 03 - Dec 08, 10:00-11:15 (TR)",
INDG 2530,A01 (26088),Introduction to Indigenous Theory (3),M,"Sep 03 - Dec 08, 11:30-12:45 (TR)",
INDG 2540,A01 (26246),Indigenous in the City (3),M,"Sep 03 - Dec 08, 14:30-17:15 (M)",Honoure Black
INDG 2630,A01 (26091),Indigenous Feminisms (3),M,"Sep 03 - Dec 08, 11:30-12:20 (MWF)",Shawna Ferris
INDG 3000,T03 (25340),"Perspectives on Indigenous Treaties: Protocols, Negotiations, and Treaty Agreements (3)",M,"Sep 03 - Dec 08, 13:00-14:15 (TR)",
INDG 3170,A01 (22707),Indigenous Peoples and Racism in Canada (3),M,"Sep 03 - Dec 08, 11:30-12:45 (TR)",Emma Larocque
INDG 3180,A01 (22708),Advanced Anishinaabemowin (Ojibwe) 1 (3),M,"Sep 03 - Dec 08, 19:00-21:45 (T)",Patricia Nadeau
INDG 3290,T01 (26720),Indigenous Lands Planning and Management (3),M,Sep 03 - Dec 08,
INDG 3310,A01 (26093),Canadian Law and Indigenous Peoples (3),M,"Sep 03 - Dec 08, 14:30-17:15 (T)",
INDG 3350,A01 (26094),Indigenous Organizations (Part A) (3),M,"Sep 03 - Dec 08, 08:30-11:15 (M)",
INDG 4300,T07 (26096),Indigenous Peoples and Archives (3),M,"Sep 03 - Dec 08, 14:30-17:15 (R)",
INDG 4300,T02 (22983),Issues in Colonization (3),M,"Sep 03 - Dec 08, 14:30-15:45 (TR)",Emma Larocque
INDG 4330,A01 (26098),Indigenous Aesthetics (3),M,"Sep 03 - Dec 08, 10:00-11:15 (TR)",Niigaanwewidam Sinclair
INDG 7220,T19 (26247),Indigenous Aesthetics (3),M,"Sep 03 - Dec 08, 10:00-11:15 (TR)",Niigaanwewidam Sinclair
INDG 7220,T20 (26097),Indigenous Peoples and Archives (3),M,"Sep 03 - Dec 08, 14:30-17:15 (R)",
INDG 7240,A01 (22984),Issues in Colonization (3),M,"Sep 03 - Dec 08, 14:30-15:45 (TR)",Emma Larocque
INDG 7280,T01 (22930),Colloquia Term 1 (1),M,Sep 03 - Dec 08,
INDG 7340,T01 (26338),Working with Story: Thinking through Creative Writing (3),M,"Sep 03 - Dec 08, 11:30-14:15 (W)",
ARA 1000,A01 (26307),Elementary Arabic (Part A) (3),M,"Sep 03 - Dec 08, 09:30-10:20 (MWF)",Rawia Azzahrawi
ARA 1000,B01 (26308),Elementary Arabic (Part A) (0),M,"Sep 03 - Dec 08, 12:30-13:20 (W)",Rawia Azzahrawi
JUD 3010,T01 (25034),"Movies, Music and Laughter: Yiddish Culture in North America (3)",M,"Sep 03 - Dec 08, 14:30-15:45 (TR)",Itai Zutra
YDSH 1220,A01 (25035),Yiddish (Part A) (3),M,"Sep 03 - Dec 08, 11:30-12:45 (TR)",Itai Zutra
LABR 1260,A01 (16156),Working for a Living (3),M,"Sep 03 - Dec 08, 11:30-12:45 (TR)",David Camfield
LABR 1290,A01 (12981),Labour Unions and Workers' Rights in Canada (3),M,"Sep 03 - Dec 08, 18:00-20:45 (T)",Christopher Dooley
LABR 2300,A01 (16158),"Workers, Employers and the State (3)",M,"Sep 03 - Dec 08, 18:00-20:45 (W)",
LABR 3060,A01 (21422),Workplace Health and Safety (3),M,"Sep 03 - Dec 08, 18:00-20:45 (T)",Adam King
LABR 3070,A01 (24775),Labour Relations and Occupational Health and Safety Law (3),M,"Sep 03 - Dec 08, 18:00-20:45 (M)",Adam King
LABR 3120,T04 (26117),"Capitalism, ""Socialism"" and Alternatives (3)",M,"Sep 03 - Dec 08, 16:00-17:15 (TR)",David Camfield
LABR 3140,A01 (23701),Pensions and Benefits (3),M,"Sep 03 - Dec 08, 18:00-20:45 (R)",Gwen Suprovich
LABR 4510,A01 (25695),Labour Studies Field Placement Seminar (Part A) (1.5),M,"Sep 03 - Dec 08, 14:30-17:15 (W)",
LABR 4520,A01 (25696),Labour Studies Field Placement (Part A) (3),M,Sep 03 - Dec 08,
LING 1000,A03 (24610),Introduction to Linguistics 1: Foundations of Language (3),M,"Sep 03 - Dec 08, 11:30-12:20 (MWF)",Olena Gordiyenko
LING 1000,A01 (21429),Introduction to Linguistics 1: Foundations of Language (3),M,"Sep 03 - Dec 08, 09:30-10:20 (MWF)",Olena Gordiyenko
LING 1000,A02 (23941),Introduction to Linguistics 1: Foundations of Language (3),M,"Sep 03 - Dec 08, 10:00-11:15 (TR)",Carmela Toews
LING 1010,A01 (24611),Introduction to Linguistics 2: Language in Context (3),M,"Sep 03 - Dec 08, 11:30-12:20 (MWF)",Tasheney Francis
LING 2100,A01 (21430),Phonetics and Phonology (3),M,"Sep 03 - Dec 08, 12:30-13:20 (MWF)",Ronald Russell
LING 2210,A01 (25776),Language and Gender (3),M,"Sep 03 - Dec 08, 09:30-10:20 (MWF)",Veronica Loureiro-Rodriguez
LING 2400,A01 (24612),Morphology and Syntax (3),M,"Sep 03 - Dec 08, 14:30-15:20 (MWF)",Olena Gordiyenko
LING 2870,A01 (24613),Neuroanatomy of Hearing and Speech (3),M,"Sep 03 - Dec 08, 13:30-14:20 (MWF)",Robert Hagiwara
LING 3110,A01 (24614),Phonological Analysis (3),M,"Sep 03 - Dec 08, 14:30-15:45 (MW)",Ronald Russell
LING 3130,A01 (25777),Acoustic Phonetics (3),M,"Sep 03 - Dec 08, 11:30-12:20 (MWF)",Robert Hagiwara
LING 3510,A01 (25778),Cognitive Semantics (3),M,"Sep 03 - Dec 08, 11:30-12:45 (TR)",Terence Janzen
LING 4220,A01 (24617),Sociolinguistic Theory (3),M,"Sep 03 - Dec 08, 13:00-14:15 (TR)",Nicole Rosen
LING 4410,A01 (25779),Syntactic Theory (3),M,"Sep 03 - Dec 08, 10:00-11:15 (TR)",William Oxford
LING 4920,T11 (25780),Topics in Intersubjectivity in Language and Interaction (3),M,"Sep 03 - Dec 08, 14:30-15:45 (TR)",Terence Janzen
LING 4940,T02 (26725),Phonetics and Phonology in a Multilingual Context (3),M,Sep 03 - Dec 08,Ronald Russell
LING 7630,A01 (25793),Syntax (3),M,"Sep 03 - Dec 08, 10:00-11:15 (TR)",William Oxford
LING 7680,A01 (25402),Sociolinguistics (3),M,"Sep 03 - Dec 08, 13:00-14:15 (TR)",Nicole Rosen
LING 7920,T39 (25781),Topics in Intersubjectivity in Language and Interaction (3),M,"Sep 03 - Dec 08, 14:30-15:45 (TR)",Terence Janzen
LING 7940,T03 (26605),Cognitive Semantics (3),M,Sep 03 - Dec 08,Terence Janzen
LING 7940,T05 (26667),Political Editorials and Stance (3),M,Sep 03 - Dec 08,Terence Janzen
PHIL 1200,A04 (11329),Introduction to Philosophy (Part A) (3),M,"Sep 03 - Dec 08, 11:30-12:45 (TR)",Patrick Walsh
PHIL 1200,A03 (10170),Introduction to Philosophy (Part A) (3),M,"Sep 03 - Dec 08, 11:30-12:20 (MWF)",Simone Mahrenholz
PHIL 1200,A02 (10169),Introduction to Philosophy (Part A) (3),M,"Sep 03 - Dec 08, 13:30-14:20 (MWF)",Carl Matheson
PHIL 1200,D01 (10735),Introduction to Philosophy (Part A) (3),DE,Sep 03 - Dec 08,Patrick Walsh
PHIL 1200,A01 (12108),Introduction to Philosophy (Part A) (3),M,"Sep 03 - Dec 08, 13:00-14:15 (TR)",Dimitrios Dentsoras
PHIL 1290,D01 (10736),Critical Thinking (3),DE,Sep 03 - Dec 08,
PHIL 1290,A05 (12752),Critical Thinking (3),M,"Sep 03 - Dec 08, 13:00-14:15 (TR)",Phillip Veldhuis
PHIL 1290,A04 (12751),Critical Thinking (3),M,"Sep 03 - Dec 08, 14:30-15:45 (TR)",Gerald Beaulieu
PHIL 1290,A03 (11330),Critical Thinking (3),M,"Sep 03 - Dec 08, 15:30-16:20 (MWF)",David Hampton
PHIL 1290,A01 (10174),Critical Thinking (3),M,"Sep 03 - Dec 08, 12:30-13:20 (MWF)",Patrick Walsh
PHIL 1290,A02 (10175),Critical Thinking (3),M,"Sep 03 - Dec 08, 14:30-15:20 (MWF)",David Hampton
PHIL 1300,D01 (23643),Introduction to Logic (3),DE,Sep 03 - Dec 08,Gregory Glatz
PHIL 1300,D02 (26632),Introduction to Logic (3),DE,Sep 03 - Dec 08,Adam Murray
PHIL 1300,A01 (19980),Introduction to Logic (3),M,"Sep 03 - Dec 08, 12:30-13:20 (MWF)",
PHIL 1520,A01 (24689),"Goodness, beauty, and justice (3)",M,"Sep 03 - Dec 08, 14:30-15:45 (TR)",Robert Leland
PHIL 2140,A01 (24600),Theory of Knowledge (3),M,"Sep 03 - Dec 08, 10:30-11:20 (MWF)",
PHIL 2170,T14 (25729),History of Analytic Philosophy (3),M,"Sep 03 - Dec 08, 09:30-10:20 (MWF)",Adam Murray
PHIL 2170,T18 (25730),Moral Responsibility (3),M,"Sep 03 - Dec 08, 14:30-15:45 (TR)",Eliza Wells
PHIL 2350,A01 (25731),History of Modern European Political Philosophy (3),M,"Sep 03 - Dec 08, 13:00-14:15 (TR)",Robert Leland
PHIL 2410,A01 (24603),Applied Ethics (3),M,"Sep 03 - Dec 08, 11:30-12:45 (TR)",Arthur Schafer
PHIL 2410,D01 (24604),Applied Ethics (3),DE,Sep 03 - Dec 08,Peter Denton
PHIL 2660,A01 (25732),Aristotle (3),M,"Sep 03 - Dec 08, 11:30-12:45 (TR)",Dimitrios Dentsoras
PHIL 2790,A01 (11917),Moral Philosophy (Part A) (3),M,"Sep 03 - Dec 08, 10:00-11:15 (TR)",Robert Shaver
PHIL 2830,A01 (23650),Business Ethics (3),M,"Sep 03 - Dec 08, 14:30-15:45 (TR)",Patrick Walsh
PHIL 2860,A01 (25733),Philosophy of Law (3),M,"Sep 03 - Dec 08, 09:30-10:20 (MWF)",Neil McArthur
PHIL 3760,T03 (25734),Topics in Normative Theory (3),M,"Sep 03 - Dec 08, 14:30-17:15 (W)",Robert Shaver
PHIL 3800,T02 (25735),History of the Continental-Analytic Distinction (3),M,"Sep 03 - Dec 08, 14:30-17:15 (M)",Simone Mahrenholz
PHIL 4460,T14 (25736),Coherentism (3),M,"Sep 03 - Dec 08, 14:30-17:15 (R)",
PHIL 4500,T03 (25737),Philosophy of TV (3),M,"Sep 03 - Dec 08, 14:30-17:15 (T)",Carl Matheson
PHIL 4610,T11 (26709),Issues in Normative Theory (3),M,Sep 03 - Dec 08,Robert Shaver
PHIL 7140,T07 (25739),Coherentism (3),M,"Sep 03 - Dec 08, 14:30-17:15 (R)",
PHIL 7140,T04 (25738),History of the Continental-Analytic Distinction (3),M,"Sep 03 - Dec 08, 14:30-17:15 (M)",Simone Mahrenholz
PHIL 7190,T17 (25740),Philosophy of TV (3),M,"Sep 03 - Dec 08, 14:30-17:15 (T)",Carl Matheson
PHIL 7200,T07 (25741),Topics in Normative Theory (3),M,"Sep 03 - Dec 08, 14:30-17:15 (W)",Robert Shaver
PHIL 7400,A01 (25681),Independent Research Paper 1 (0),M,Sep 03 - Dec 08,Carl Matheson
PHIL 7400,A02 (25684),Independent Research Paper 1 (0),M,Sep 03 - Dec 08,Robert Leland
PHIL 7410,A01 (25680),Independent Research Paper 2 (0),M,Sep 03 - Dec 08,Neil McArthur
PHIL 7410,A02 (25682),Independent Research Paper 2 (0),M,Sep 03 - Dec 08,Robert Leland
POLS 1502,D01 (25697),Introduction to Political Studies (3),DE,Sep 03 - Dec 08,Olga Skarlato
POLS 1502,B07 (17402),Introduction to Political Studies (0),M,"Sep 03 - Dec 08, 08:30-09:20 (F)",Betina Dahmer
POLS 1502,B06 (17401),Introduction to Political Studies (0),M,"Sep 03 - Dec 08, 10:30-11:20 (W)",Kabrelle Rondeau
POLS 1502,B05 (17400),Introduction to Political Studies (0),M,"Sep 03 - Dec 08, 09:30-10:20 (W)",Kabrelle Rondeau
POLS 1502,B04 (17399),Introduction to Political Studies (0),M,"Sep 03 - Dec 08, 08:30-09:20 (W)",Kabrelle Rondeau
POLS 1502,B03 (17398),Introduction to Political Studies (0),M,"Sep 03 - Dec 08, 10:30-11:20 (M)",Hannah Bowers
POLS 1502,B02 (17397),Introduction to Political Studies (0),M,"Sep 03 - Dec 08, 09:30-10:20 (M)",Hannah Bowers
POLS 1502,B01 (17396),Introduction to Political Studies (0),M,"Sep 03 - Dec 08, 08:30-09:20 (M)",Hannah Bowers
POLS 1502,B09 (17404),Introduction to Political Studies (0),M,"Sep 03 - Dec 08, 10:30-11:20 (F)",Betina Dahmer
POLS 1502,B08 (17403),Introduction to Political Studies (0),M,"Sep 03 - Dec 08, 09:30-10:20 (F)",Betina Dahmer
POLS 1502,A01 (17395),Introduction to Political Studies (3),M,"Sep 03 - Dec 08, 13:00-14:15 (TR)",Constance Macrae-Buchanan
POLS 2502,A01 (25698),Introduction to International Relations (3),M,"Sep 03 - Dec 08, 10:30-11:20 (MWF)",Robert Peeler
POLS 2602,A01 (25699),Introduction to Comparative Politics (3),M,"Sep 03 - Dec 08, 14:30-15:45 (TR)",Radhika Desai
POLS 2702,A01 (22463),Introduction to Canadian Politics (3),M,"Sep 03 - Dec 08, 13:00-14:15 (TR)",Royce Koop
POLS 2902,D01 (24804),How Government Works (3),DE,Sep 03 - Dec 08,Olga Skarlato
POLS 3140,T14 (25700),Politics and the Environment (3),M,"Sep 03 - Dec 08, 11:30-14:15 (T)",Bryce Offenberger
POLS 3310,A01 (25701),Pre-Modern Political Theory (3),M,"Sep 03 - Dec 08, 11:30-14:15 (R)",Sarah Hannan
POLS 3340,A01 (25702),Middle East Politics (3),M,"Sep 03 - Dec 08, 11:30-14:15 (F)",Tami Jacoby
POLS 3360,A01 (23730),Rights (3),M,"Sep 03 - Dec 08, 14:30-17:15 (T)",Sarah Hannan
POLS 3512,A01 (24877),Canadian Foreign and Defence Policy 1 (3),M,"Sep 03 - Dec 08, 14:30-17:15 (M)",Andrea Charron
POLS 3560,A01 (24879),Politics of International Law (3),M,"Sep 03 - Dec 08, 13:30-14:20 (MWF)",Robert Peeler
POLS 3590,A01 (24880),Intelligence and Espionage (3),M,"Sep 03 - Dec 08, 14:30-17:15 (R)",Bryce Offenberger
POLS 3780,A01 (25703),Canadian Elections and Voters (3),M,"Sep 03 - Dec 08, 11:30-14:15 (M)",Royce Koop
POLS 3810,A01 (25704),Introduction to Marxism (3),M,"Sep 03 - Dec 08, 08:30-11:15 (W)",Radhika Desai
POLS 3872,A01 (25705),Indigenous Governance (3),M,"Sep 03 - Dec 08, 14:30-17:15 (W)",Kiera Ladner
POLS 3940,A01 (25706),Canadian Public Policy (3),M,"Sep 03 - Dec 08, 11:30-14:15 (W)",
POLS 4160,T36 (25708),Conservatism (3),M,"Sep 03 - Dec 08, 11:30-14:15 (W)",Steven Lecce
POLS 4160,T23 (25257),Public Policy and the Family (3),M,"Sep 03 - Dec 08, 18:00-20:45 (T)",Susan Prentice
POLS 4640,A01 (25710),Comparative Indigenous Politics (3),M,"Sep 03 - Dec 08, 14:30-17:15 (T)",Kiera Ladner
POLS 4920,A01 (26444),Theories and Issues in Public Administration (3),M,"Sep 03 - Dec 08, 18:00-20:45 (R)",Emmet Collins
POLS 4930,A01 (18906),Public Policy Process and Issues (3),M,"Sep 03 - Dec 08, 18:00-20:45 (M)",Karine Levasseur
POLS 7100,A01 (20107),The Study of Politics (3),M,"Sep 03 - Dec 08, 11:30-14:15 (M)",Steven Lecce
POLS 7110,A02 (24552),Major Research Paper (0),M,Sep 03 - Dec 08,Tami Jacoby
POLS 7110,A03 (26715),Major Research Paper (0),M,Sep 03 - Dec 08,Andrea Charron
POLS 7130,A01 (26445),Theories and Issues in Public Administration (3),M,"Sep 03 - Dec 08, 18:00-20:45 (R)",Emmet Collins
POLS 7132,A01 (15944),Public Policy Process and Issues (3),M,"Sep 03 - Dec 08, 18:00-20:45 (M)",Karine Levasseur
POLS 7270,T31 (26559),Conservatism (3),M,"Sep 03 - Dec 08, 11:30-14:15 (W)",Steven Lecce
POLS 7270,T07 (25711),Comparative Indigenous Politics (3),M,"Sep 03 - Dec 08, 14:30-17:15 (T)",Kiera Ladner
POLS 7270,T17 (25258),Public Policy and the Family (3),M,"Sep 03 - Dec 08, 18:00-20:45 (T)",Susan Prentice
POLS 7800,K01 (22030),MPA Co-operative Education Term 1 (0),WKT,Sep 03 - Dec 08,TBA
POLS 7810,K01 (19775),MPA Co-operative Education Term 2 (0),WKT,Sep 03 - Dec 08,TBA
POLS 9260,A01 (19427),UW GPOL 7720 Governance and Administration (3),OC,"Aug 05 - Dec 23, 18:00-20:45 (W)",TBA
POLS 9606,T03 (26594),UW GPOL-7385 Local Public Administration (3),OC,"Sep 02 - Dec 02, 18:00-21:00 (M)",Aaron Moore
PSYC 1200,A12 (11298),Introduction to Psychology (Part A) (3),M,Sep 03 - Dec 08,Dawson Clary
PSYC 1200,A10 (10344),Introduction to Psychology (Part A) (3),M,"Sep 03 - Dec 08, 13:00-14:15 (T)",Dawson Clary
PSYC 1200,A03 (10341),Introduction to Psychology (Part A) (3),M,Sep 03 - Dec 08,Dawson Clary
PSYC 1200,A11 (10347),Introduction to Psychology (Part A) (3),M,"Sep 03 - Dec 08, 14:30-15:45 (TR)",Chace Laffin
PSYC 1200,A09 (10343),Introduction to Psychology (Part A) (3),M,Sep 03 - Dec 08,Dawson Clary
PSYC 1200,A10 (10344),Introduction to Psychology (Part A) (3),M,Sep 03 - Dec 08,Dawson Clary
PSYC 1200,A09 (10343),Introduction to Psychology (Part A) (3),M,"Sep 03 - Dec 08, 11:30-12:45 (T)",Dawson Clary
PSYC 1200,A05 (10345),Introduction to Psychology (Part A) (3),M,Sep 03 - Dec 08,Dawson Clary
PSYC 1200,A08 (10340),Introduction to Psychology (Part A) (3),M,Sep 03 - Dec 08,Dawson Clary
PSYC 1200,A07 (10339),Introduction to Psychology (Part A) (3),M,"Sep 03 - Dec 08, 08:30-09:45 (T)",Dawson Clary
PSYC 1200,A07 (10339),Introduction to Psychology (Part A) (3),M,Sep 03 - Dec 08,Dawson Clary
PSYC 1200,A05 (10345),Introduction to Psychology (Part A) (3),M,"Sep 03 - Dec 08, 14:30-15:20 (W)",Dawson Clary
PSYC 1200,A03 (10341),Introduction to Psychology (Part A) (3),M,"Sep 03 - Dec 08, 08:30-09:45 (R)",Dawson Clary
PSYC 1200,A08 (10340),Introduction to Psychology (Part A) (3),M,"Sep 03 - Dec 08, 11:30-12:45 (R)",Dawson Clary
PSYC 1200,A12 (11298),Introduction to Psychology (Part A) (3),M,"Sep 03 - Dec 08, 13:00-14:15 (R)",Dawson Clary
PSYC 1200,A02 (10338),Introduction to Psychology (Part A) (3),M,Sep 03 - Dec 08,Dawson Clary
PSYC 1200,A01 (10337),Introduction to Psychology (Part A) (3),M,"Sep 03 - Dec 08, 09:30-10:20 (MWF)",Chace Laffin
PSYC 1200,A02 (10338),Introduction to Psychology (Part A) (3),M,"Sep 03 - Dec 08, 14:30-15:20 (M)",Dawson Clary
PSYC 1200,D01 (10739),Introduction to Psychology (Part A) (3),DE,Sep 03 - Dec 08,Dawson Clary
PSYC 2250,A01 (10349),Introduction to Psychological Research (3),M,"Sep 03 - Dec 08, 09:30-10:20 (MWF)",Wan Wang
PSYC 2250,A02 (10350),Introduction to Psychological Research (3),M,"Sep 03 - Dec 08, 11:30-12:20 (MWF)",Wan Wang
PSYC 2250,B05 (10361),Introduction to Psychological Research (0),M,"Sep 03 - Dec 08, 14:30-17:15 (R)",Mohammad Soleyman Nejad
PSYC 2250,A03 (10354),Introduction to Psychological Research (3),M,"Sep 03 - Dec 08, 13:30-14:20 (MWF)",Mohammad Soleyman Nejad
PSYC 2250,B04 (10359),Introduction to Psychological Research (0),M,"Sep 03 - Dec 08, 08:30-11:15 (R)",Wan Wang
PSYC 2250,D01 (10740),Introduction to Psychological Research (3),DE,Sep 03 - Dec 08,Thomas Harrigan
PSYC 2250,B06 (10362),Introduction to Psychological Research (0),M,"Sep 03 - Dec 08, 17:30-20:15 (T)",Mohammad Soleyman Nejad
PSYC 2250,B01 (10356),Introduction to Psychological Research (0),M,"Sep 03 - Dec 08, 14:30-17:15 (M)",Wan Wang
PSYC 2250,B02 (10358),Introduction to Psychological Research (0),M,"Sep 03 - Dec 08, 08:30-11:15 (T)",Wan Wang
PSYC 2250,B03 (10360),Introduction to Psychological Research (0),M,"Sep 03 - Dec 08, 14:30-17:15 (T)",Wan Wang
PSYC 2260,D01 (20510),Introduction to Research Methods in Psychology (3),DE,Sep 03 - Dec 08,Johnson Li
PSYC 2290,D01 (10741),Child Development (3),DE,Sep 03 - Dec 08,SeyedehSana Fekrazad
PSYC 2290,A01 (12578),Child Development (3),M,"Sep 03 - Dec 08, 11:30-12:45 (TR)",Ryan Giuliano
PSYC 2360,A01 (12580),Brain and Behaviour (3),M,"Sep 03 - Dec 08, 10:00-11:15 (TR)",Jonathan Marotta
PSYC 2360,D01 (25866),Brain and Behaviour (3),DE,Sep 03 - Dec 08,Tammy Ivanco
PSYC 2380,D01 (16277),Psychology of Gender (3),DE,Sep 03 - Dec 08,Erin Dowling
PSYC 2440,D01 (10743),Behaviour Modification Principles (3),DE,Sep 03 - Dec 08,Jennifer Cook
PSYC 2440,A01 (11465),Behaviour Modification Principles (3),M,"Sep 03 - Dec 08, 10:30-11:20 (MWF)",Jennifer Cook
PSYC 2480,A01 (11913),Cognitive Processes (3),M,"Sep 03 - Dec 08, 11:30-12:45 (TR)",Randall Jamieson
PSYC 2480,D01 (24004),Cognitive Processes (3),DE,Sep 03 - Dec 08,Erin Dowling
PSYC 2490,D01 (12638),Abnormal Psychology (3),DE,Sep 03 - Dec 08,Sophie Robitaille
PSYC 2490,A01 (22555),Abnormal Psychology (3),M,"Sep 03 - Dec 08, 17:30-20:15 (M)",Lara Penner-Goeke
PSYC 2530,A01 (12499),Psychology of Personality (3),M,"Sep 03 - Dec 08, 13:00-14:15 (TR)",
PSYC 2530,D01 (12637),Psychology of Personality (3),DE,Sep 03 - Dec 08,
PSYC 2530,A02 (24005),Psychology of Personality (3),M,"Sep 03 - Dec 08, 09:30-10:20 (MWF)",Jocelyn Proulx
PSYC 2540,A01 (14638),Social Psychology (3),M,"Sep 03 - Dec 08, 11:30-12:20 (MWF)",Daniel Bailis
PSYC 2540,D01 (15278),Social Psychology (3),DE,Sep 03 - Dec 08,Dallas Murphy
PSYC 2660,D01 (13677),Sport Psychology (3),DE,Sep 03 - Dec 08,Lindsay Berard
PSYC 3130,A01 (24895),Introduction to Health Psychology (3),M,"Sep 03 - Dec 08, 08:30-09:45 (TR)",Ryan Giuliano
PSYC 3170,A01 (22735),Research in Cognitive Psychology (3),M,"Sep 03 - Dec 08, 11:30-12:45 (TR)",Nicholaus Brosowsky
PSYC 3200,A02 (24385),Thinking Critically About Psychological Research (3),M,"Sep 03 - Dec 08, 16:00-17:15 (TR)",Sunmee Kim
PSYC 3200,A01 (17269),Thinking Critically About Psychological Research (3),M,"Sep 03 - Dec 08, 13:00-14:15 (TR)",Michaela Bourque
PSYC 3310,A01 (12501),Adolescent Development (3),M,"Sep 03 - Dec 08, 10:00-11:15 (TR)",Melanie Glenwright
PSYC 3340,A02 (24386),Design and Analysis for Psychological Experiments (3),M,"Sep 03 - Dec 08, 17:30-20:15 (W)",Paul Kornman
PSYC 3340,A01 (11248),Design and Analysis for Psychological Experiments (3),M,"Sep 03 - Dec 08, 09:30-10:20 (MWF)",Paul Kornman
PSYC 3354,A01 (24055),Cognitive Neuroscience (3),M,"Sep 03 - Dec 08, 13:00-14:15 (TR)",Steven Greening
PSYC 3390,A01 (25867),Thinking (3),M,"Sep 03 - Dec 08, 10:00-11:15 (TR)",Randall Jamieson
PSYC 3520,A01 (19628),Independent Research in Psychology 1 (3),M,Sep 03 - Dec 08,Steven Greening
PSYC 3520,A04 (26553),Independent Research in Psychology 1 (3),M,Sep 03 - Dec 08,Danielle Gaucher
PSYC 3520,A05 (26601),Independent Research in Psychology 1 (3),M,Sep 03 - Dec 08,Alicia Nijdam-Jones
PSYC 3520,A07 (26724),Independent Research in Psychology 1 (3),M,Sep 03 - Dec 08,Tammy Ivanco
PSYC 3520,A02 (22091),Independent Research in Psychology 1 (3),M,Sep 03 - Dec 08,Steven Greening
PSYC 3520,A03 (22200),Independent Research in Psychology 1 (3),M,Sep 03 - Dec 08,Steven Greening
PSYC 3520,A06 (26699),Independent Research in Psychology 1 (3),M,Sep 03 - Dec 08,Leslie Roos
PSYC 4370,A01 (26489),Brain Plasticity (3),M,"Sep 03 - Dec 08, 14:30-15:45 (TR)",Tammy Ivanco
PSYC 4520,A01 (10372),Honours Research Seminar (Part A) (3),M,"Sep 03 - Dec 08, 10:00-11:15 (TR)",Daniel Bailis
PSYC 4520,A02 (10373),Honours Research Seminar (Part A) (3),M,"Sep 03 - Dec 08, 11:30-12:45 (TR)",Jessica Cameron
PSYC 4520,A03 (24898),Honours Research Seminar (Part A) (3),M,"Sep 03 - Dec 08, 13:00-14:15 (TR)",Melanie Glenwright
PSYC 4540,T52 (25874),"Indigenous Peoples' Mental Wellness: Introduction to Assessment, Diagnosis, Treatment and Research (3)",M,"Sep 03 - Dec 08, 08:30-11:15 (F)",Nicole Muir
PSYC 4540,T51 (25873),Technology and Human Development (3),M,"Sep 03 - Dec 08, 08:30-11:15 (W)",Shaylene Nancekivell
PSYC 4540,T56 (26452),The Impact of Trauma and Posttraumatic Stress Across the Lifespan (3),M,"Sep 03 - Dec 08, 08:30-11:15 (W)",Natalie Mota
PSYC 4540,T50 (25872),"Second Language Acquisition, Bilingualism, and Cultural Diversity (3)",M,"Sep 03 - Dec 08, 14:30-17:15 (M)",Ashley Chung Fat Yim
PSYC 4540,T40 (25871),Behavioural Assessment (3),M,"Sep 03 - Dec 08, 11:30-14:15 (W)",Toby Martin
PSYC 4540,T04 (24900),Applied Behaviour Analysis in Developmental Disabilities (3),M,"Sep 03 - Dec 08, 08:30-09:45 (TR)",Rasha Baruni
PSYC 4540,T30 (22742),The Science of Intuition (3),M,"Sep 03 - Dec 08, 11:30-14:15 (W)",Launa Leboe-Mcgowan
PSYC 4540,T33 (25870),Individual Organism Research Methodology (3),M,"Sep 03 - Dec 08, 08:30-11:15 (M)",Toby Martin
PSYC 4650,A01 (24904),The Self and Social Perception (3),M,"Sep 03 - Dec 08, 11:30-14:15 (M)",Jacqueline Vorauer
PSYC 7012,A01 (11601),"Ethics, History and Profession of School Psychology 1 (3)",M,"Sep 03 - Dec 08, 11:30-14:15 (R)",Gabriel Schnerch
PSYC 7022,A01 (11602),Psycho-educational Assessment and Measurement 1 (3),M,"Sep 03 - Dec 08, 08:30-11:15 (F)",Amanda McCleery
PSYC 7030,A01 (10375),Learning and Cognitive Impairment (3),M,"Sep 03 - Dec 08, 14:30-17:15 (T)",Richard Kruk
PSYC 7050,A01 (19391),Junior Practicum in School Psychology (Part A) (1.5),M,Sep 03 - Dec 08,Linda Sander
PSYC 7060,A01 (11319),Senior Practicum in School Psychology (Part A) (3),M,Sep 03 - Dec 08,Linda Sander
PSYC 7080,A01 (10376),Child/Youth Psychopathology (3),M,"Sep 03 - Dec 08, 08:30-11:15 (R)",Jennifer Theule
PSYC 7090,A01 (10377),Behavioural Assessment and Intervention in School Settings (3),M,"Sep 03 - Dec 08, 14:30-17:15 (W)",Gabriel Schnerch
PSYC 7120,A01 (11728),Consultation and Supervision (3),M,"Sep 03 - Dec 08, 11:30-14:15 (W)",Janine Montgomery
PSYC 7200,B01 (24341),Quantitative Methods in Psychology 1 (0),M,"Sep 03 - Dec 08, 14:30-17:15 (W)",Aurora Robert
PSYC 7200,A01 (11441),Quantitative Methods in Psychology 1 (3),M,"Sep 03 - Dec 08, 10:00-11:15 (TR)",Aurora Robert
PSYC 7260,A01 (11439),Case Conceptualization and Communication 1 (Part A) (0),M,"Sep 03 - Dec 08, 11:30-14:15 (M)",Corey Mackenzie
PSYC 7270,A01 (11603),Case Conceptualization and Communication 2 (Part A) (0),M,"Sep 03 - Dec 08, 11:30-14:15 (M)",Corey Mackenzie
PSYC 7300,A01 (24906),Applied Behavior Analysis in Developmental Disabilities (3),M,"Sep 03 - Dec 08, 08:30-09:45 (TR)",Rasha Baruni
PSYC 7310,T28 (22747),The Science of Intuition (3),M,"Sep 03 - Dec 08, 11:30-14:15 (W)",Launa Leboe-Mcgowan
PSYC 7310,T53 (26479),The Self and Social Perception (3),M,"Sep 03 - Dec 08, 11:30-14:15 (M)",Jacqueline Vorauer
PSYC 7310,T06 (25875),Brain Plasticity (3),M,"Sep 03 - Dec 08, 14:30-15:45 (TR)",Tammy Ivanco
PSYC 7310,T44 (25876),"Second Language Acquisition, Bilingualism, and Cultural Diversity (3)",M,"Sep 03 - Dec 08, 14:30-17:15 (M)",Ashley Chung Fat Yim
PSYC 7310,T45 (25877),Technology and Human Development (3),M,"Sep 03 - Dec 08, 08:30-11:15 (W)",Shaylene Nancekivell
PSYC 7310,T46 (25878),"Indigenous Peoples' Mental Wellness:  Introduction to Assessment, Diagnosis, Treatment & Research (3)",M,"Sep 03 - Dec 08, 08:30-11:15 (F)",Nicole Muir
PSYC 7310,T49 (26454),The Impact of Trauma and Posttraumatic Stress Across the Lifespan (3),M,"Sep 03 - Dec 08, 08:30-11:15 (W)",Natalie Mota
PSYC 7320,A01 (11440),Foundations of Evidence-Based Treatment (3),M,"Sep 03 - Dec 08, 14:30-17:15 (M)",Edward Johnson
PSYC 7520,A01 (20896),Ethics and Professional Issues in Clinical Psychology (3),M,"Sep 03 - Dec 08, 11:30-14:15 (R)",Gabriel Schnerch
PSYC 7550,A01 (12504),Intellectual and Cognitive Assessment (3),M,"Sep 03 - Dec 08, 08:30-11:15 (F)",Amanda McCleery
PSYC 7560,A01 (19361),Personality and Psychological Assessment (3),M,"Sep 03 - Dec 08, 08:30-11:15 (M)",Alicia Nijdam-Jones
PSYC 7700,A01 (24269),Problems in Psychological Research (3),M,Sep 03 - Dec 08,Johnson Li
PSYC 7780,A02 (25655),M.A. Thesis Proposal Development (0),M,Sep 03 - Dec 08,Renee El-Gabalawy
PSYC 7780,A01 (14286),M.A. Thesis Proposal Development (0),M,Sep 03 - Dec 08,Johnson Li
PSYC 7790,A02 (14050),Ph.D. Dissertation Proposal Development (0),M,Sep 03 - Dec 08,Alicia Nijdam-Jones
PSYC 7790,A01 (15459),Ph.D. Dissertation Proposal Development (0),M,Sep 03 - Dec 08,Jonathan Marotta
PSYC 7820,A01 (11914),Interventions I (3),M,"Sep 03 - Dec 08, 11:30-14:15 (T)",Sebastien North
PSYC 7910,A02 (26690),Clerkship-Practicum in Clinical Psychology (0),M,Sep 03 - Dec 08,Harold Wallbridge
PSYC 7910,A01 (14123),Clerkship-Practicum in Clinical Psychology (Part A) (0),M,Sep 03 - Dec 08,Harold Wallbridge
PSYC 7930,A02 (24523),Clerkship-Practicum in Clinical Psychology (0),M,Sep 03 - Dec 08,Harold Wallbridge
PSYC 7930,A01 (14127),Clerkship-Practicum in Clinical Psychology (Part A) (0),M,Sep 03 - Dec 08,Harold Wallbridge
PSYC 7940,A02 (25647),Clerkship-Practicum in Clinical Psychology (0),M,Sep 03 - Dec 08,Harold Wallbridge
PSYC 7940,A01 (23318),Clerkship-Practicum in Clinical Psychology (Part A) (0),M,Sep 03 - Dec 08,Harold Wallbridge
PSYC 7950,A02 (25646),Clerkship-Practicum in Clinical Psychology (Part A) (0),M,Sep 03 - Dec 08,Harold Wallbridge
PSYC 7950,A01 (25496),Clerkship-Practicum in Clinical Psychology (0),M,Sep 03 - Dec 08,Harold Wallbridge
PSYC 7980,A01 (13978),Internship in Clinical Psychology (Part A) (0),M,Sep 03 - Dec 08,Kristin Reynolds
PSYC 8080,A01 (11792),Case Conceptualization and Communication 3 (Part A) (1.5),M,"Sep 03 - Dec 08, 11:30-14:15 (M)",Corey Mackenzie
PSYC 8260,A01 (25880),Individual Organism Research Methodology (3),M,"Sep 03 - Dec 08, 08:30-11:15 (M)",Toby Martin
PSYC 8300,A01 (25881),Behavioural Assessment (3),M,"Sep 03 - Dec 08, 11:30-14:15 (W)",Toby Martin
PSYC 8430,A01 (21302),Cognitive Behaviour Therapy (3),M,"Sep 03 - Dec 08, 08:30-11:15 (W)",Corey Mackenzie
RLGN 1322,A01 (21368),Introduction to Eastern Religions (3),M,"Sep 03 - Dec 08, 14:30-15:45 (TR)",David Drewes
RLGN 1324,D01 (21369),Introduction to Western Religions (3),DE,Sep 03 - Dec 08,Trishia Goulet
RLGN 1410,A01 (21370),Death and Concepts of the Future (3),M,"Sep 03 - Dec 08, 12:30-13:20 (MWF)",Michael Caligiuri
RLGN 1424,A01 (24993),Religion and Sexuality (3),M,"Sep 03 - Dec 08, 10:00-11:15 (TR)",Justin Lewis
RLGN 2010,A01 (24995),Introduction to Hinduism (3),M,"Sep 03 - Dec 08, 11:30-12:45 (TR)",Ian Whicher
RLGN 2030,A01 (24025),Psychology and Religion (3),M,"Sep 03 - Dec 08, 14:30-15:45 (TR)",Mariya Shymchyshyn
RLGN 2036,A01 (25782),Introduction to Christianity (3),M,"Sep 03 - Dec 08, 10:30-11:20 (MWF)",Heather Barkman
RLGN 2060,A01 (25783),Religion and Violence (3),M,"Sep 03 - Dec 08, 13:00-14:15 (TR)",Michael Caligiuri
RLGN 2100,A01 (24027),Approaches to the Qur'an (3),M,"Sep 03 - Dec 08, 09:30-10:20 (MWF)",Maryam Mohammadrezayi
RLGN 2114,A01 (24998),"Monks, Mystics and Manuscripts in Medieval Christianity (3)",M,"Sep 03 - Dec 08, 11:30-12:20 (MWF)",Danielle Dubois
RLGN 2140,A01 (25784),Introduction to Judaism (3),M,"Sep 03 - Dec 08, 13:00-14:15 (TR)",Justin Lewis
RLGN 2222,A01 (25785),The Supernatural in Popular Culture (3),M,"Sep 03 - Dec 08, 14:30-15:45 (TR)",Trishia Goulet
RLGN 2680,A01 (22720),Women and Religion 1 (3),M,"Sep 03 - Dec 08, 10:00-11:15 (TR)",Trishia Goulet
RLGN 3102,A01 (25786),"Myth and Mythmaking: Narrative, Ideology, Scholarship (3)",M,"Sep 03 - Dec 08, 13:00-14:15 (TR)",Trishia Goulet
RLGN 3210,A01 (25787),Indian Philosophy (3),M,"Sep 03 - Dec 08, 14:30-15:45 (TR)",Ian Whicher
RLGN 3230,A01 (25788),"Gender, the Body, and Sexuality in Early Christianity (3)",M,"Sep 03 - Dec 08, 13:30-14:20 (MWF)",Heather Barkman
RLGN 4030,T01 (25491),Indian Philosophy (3),M,"Sep 03 - Dec 08, 14:30-15:45 (TR)",Ian Whicher
RLGN 4430,T04 (26342),"Gender, the Body, and Sexuality in Early Christianity (3)",M,"Sep 03 - Dec 08, 13:30-14:20 (MWF)",Heather Barkman
RLGN 4430,T33 (26341),"Myth and Mythmaking: Narrative, Ideology, Scholarship (3)",M,"Sep 03 - Dec 08, 13:00-14:15 (TR)",Trishia Goulet
RLGN 7130,A01 (25492),Seminar in Hinduism (3),M,"Sep 03 - Dec 08, 14:30-15:45 (TR)",Ian Whicher
RLGN 9370,T02 (26606),UW REL 4970 Mind & Body in East Asian Traditions (3),OC,"Sep 02 - Dec 20, 11:30-14:15 (W)",TBA
SOC 1000,A04 (21579),Introduction to Sociology (3),M,"Sep 03 - Dec 08, 14:30-15:20 (MWF)",Tiffany Hall
SOC 1000,A05 (21580),Introduction to Sociology (3),M,"Sep 03 - Dec 08, 15:30-16:20 (MWF)",Abdul-Bari Abdul-Karim
SOC 1000,A06 (21581),Introduction to Sociology (3),M,"Sep 03 - Dec 08, 09:30-10:20 (MWF)",
SOC 1000,A07 (21582),Introduction to Sociology (3),M,"Sep 03 - Dec 08, 11:30-12:20 (MWF)",Edward Klassen
SOC 1000,A12 (22568),Introduction to Sociology (3),M,"Sep 03 - Dec 08, 12:30-13:20 (MWF)",Edward Klassen
SOC 1000,A10 (21585),Introduction to Sociology (3),M,"Sep 03 - Dec 08, 14:30-15:45 (TR)",Md Bhuiyan
SOC 1000,A11 (21586),Introduction to Sociology (3),M,"Sep 03 - Dec 08, 13:00-14:15 (TR)",Dennis Hiebert
SOC 1000,D01 (24752),Introduction to Sociology (3),DE,Sep 03 - Dec 08,Kaitlyn Kuryk
SOC 1000,A03 (21578),Introduction to Sociology (3),M,"Sep 03 - Dec 08, 14:30-15:45 (TR)",Karen Kampen
SOC 1000,A08 (21583),Introduction to Sociology (3),M,"Sep 03 - Dec 08, 13:30-14:20 (MWF)",Jihad Othman
SOC 1000,A02 (21577),Introduction to Sociology (3),M,"Sep 03 - Dec 08, 11:30-12:45 (TR)",Karen Kampen
SOC 1000,A09 (21584),Introduction to Sociology (3),M,"Sep 03 - Dec 08, 10:30-11:20 (MWF)",Jeffery Biegun
SOC 1000,A01 (21575),Introduction to Sociology (3),M,"Sep 03 - Dec 08, 10:00-11:15 (TR)",Karen Kampen
SOC 2010,A01 (10591),Critical Issues in Sociology (3),M,"Sep 03 - Dec 08, 10:00-11:15 (TR)",Sonia Bookman
SOC 2220,A02 (24753),Sociological Theoretical Foundations (3),M,"Sep 03 - Dec 08, 10:30-11:20 (MWF)",Charles Axelrod
SOC 2292,A03 (21590),Understanding Social Research (3),M,"Sep 03 - Dec 08, 11:30-12:20 (MWF)",Jason Edgerton
SOC 2292,A02 (21589),Understanding Social Research (3),M,"Sep 03 - Dec 08, 10:30-11:20 (MWF)",Jason Edgerton
SOC 2292,A01 (21588),Understanding Social Research (3),M,"Sep 03 - Dec 08, 11:30-12:45 (TR)",Md Bhuiyan
SOC 2330,D01 (25306),Social Psychology in Sociological Perspective (3),DE,Sep 03 - Dec 08,Raymond Foui
SOC 2450,A01 (21591),Sociology of the Body (3),M,"Sep 03 - Dec 08, 11:30-12:20 (MWF)",
SOC 2460,A01 (25766),The Family (3),M,"Sep 03 - Dec 08, 11:30-12:45 (TR)",Valerie Hiebert
SOC 2490,A01 (18787),Sociology of Health and Illness (3),M,"Sep 03 - Dec 08, 13:30-14:20 (MWF)",
SOC 2510,A01 (19914),Criminology (3),M,"Sep 03 - Dec 08, 11:30-12:45 (TR)",Tandeep Sidhu
SOC 2510,A02 (11729),Criminology (3),M,"Sep 03 - Dec 08, 14:30-15:45 (TR)",Edward Cormier
SOC 2510,A03 (10622),Criminology (3),M,"Sep 03 - Dec 08, 10:30-11:20 (MWF)",Melanie Murchison
SOC 2510,A04 (22664),Criminology (3),M,"Sep 03 - Dec 08, 12:30-13:20 (MWF)",Melanie Murchison
SOC 2510,D01 (10792),Criminology (3),DE,Sep 03 - Dec 08,David Bowman
SOC 2610,A02 (23769),Sociology of Criminal Justice and Corrections (3),M,"Sep 03 - Dec 08, 14:30-15:20 (MWF)",Edward Klassen
SOC 2610,A01 (19917),Sociology of Criminal Justice and Corrections (3),M,"Sep 03 - Dec 08, 08:30-09:20 (MWF)",Edward Klassen
SOC 3100,A01 (23771),Practicum in Criminological/Sociological Research (Part A) (3),M,"Sep 03 - Dec 08, 14:30-15:45 (MW)",Edward Cormier
SOC 3380,A01 (22669),"Power, Politics and the Welfare State (3)",M,"Sep 03 - Dec 08, 11:30-12:45 (TR)",Mara Fridell
SOC 3410,A01 (25768),Critical Victimology (3),M,"Sep 03 - Dec 08, 16:00-17:15 (TR)",Emily Gerbrandt
SOC 3460,T12 (25855),"Capitalism, ""Socialism"" and Alternatives (3)",M,"Sep 03 - Dec 08, 16:00-17:15 (TR)",David Camfield
SOC 3580,A01 (24760),"Media, Culture and Society (3)",M,"Sep 03 - Dec 08, 12:30-13:20 (MWF)",
SOC 3660,A01 (25769),Sociology of Mental Disorder (3),M,"Sep 03 - Dec 08, 10:30-11:20 (MWF)",
SOC 3700,A01 (24761),Sociology of Law (3),M,"Sep 03 - Dec 08, 11:30-12:20 (MWF)",Melanie Murchison
SOC 3740,T04 (25771),Global Corruption (3),M,"Sep 03 - Dec 08, 13:00-14:15 (TR)",Joseph Asomah
SOC 3770,A01 (25772),"Women, Health and Medicine (3)",M,"Sep 03 - Dec 08, 09:30-10:20 (MWF)",Kaitlyn Kuryk
SOC 3830,A01 (24763),"Youth, Crime, and Society (3)",M,"Sep 03 - Dec 08, 10:00-11:15 (TR)",Joseph Asomah
SOC 4450,A01 (10645),Honours Seminar (Part A) (3),M,"Sep 03 - Dec 08, 14:30-17:15 (R)",Mara Fridell
SOC 4460,A01 (21597),Advanced Sociological Theory (3),M,"Sep 03 - Dec 08, 11:30-14:15 (T)",Charles Axelrod
SOC 4490,A01 (22674),Advanced Seminar in Criminology (3),M,"Sep 03 - Dec 08, 11:30-14:15 (W)",Jeremy Patzer
SOC 4580,A01 (24765),Social Research Methods (3),M,"Sep 03 - Dec 08, 11:30-14:15 (M)",Zhenxiang Chen
SOC 7160,T11 (25773),Environmental Sociology (3),M,"Sep 03 - Dec 08, 11:30-14:15 (R)",Mark Hudson
SOC 7390,A01 (25774),Survey Research Methods (3),M,"Sep 03 - Dec 08, 14:30-17:15 (T)",Lori Wilkinson
SOC 7450,T09 (25775),Law and Crises in the Post-Truth Era (3),M,"Sep 03 - Dec 08, 11:30-14:15 (W)",Jeremy Patzer
WOMN 1500,A02 (11605),Introduction to Women's and Gender Studies in the Humanities (3),M,"Sep 03 - Dec 08, 14:30-15:45 (TR)",Morgan Abbott
WOMN 1500,A01 (20523),Introduction to Women's and Gender Studies in the Humanities (3),M,"Sep 03 - Dec 08, 10:30-11:20 (MWF)",Morgan Abbott
WOMN 1600,D01 (11626),Introduction to Women's and Gender Studies in the Social Sciences (3),DE,Sep 03 - Dec 08,Lisa Bednar
WOMN 1600,A01 (11608),Introduction to Women's and Gender Studies in the Social Sciences (3),M,"Sep 03 - Dec 08, 09:30-10:20 (MWF)",Morgan Abbott
WOMN 1600,A02 (11607),Introduction to Women's and Gender Studies in the Social Sciences (3),M,"Sep 03 - Dec 08, 10:00-11:15 (TR)",Morgan Abbott
WOMN 2000,A01 (25794),Feminist Thought (3),M,"Sep 03 - Dec 08, 13:00-14:15 (TR)",
WOMN 2430,A01 (24778),Indigenous Women's Stories (3),M,"Sep 03 - Dec 08, 10:00-11:15 (TR)",
WOMN 2540,T25 (25797),Feminism and (Dis) ability Literature (3),M,"Sep 03 - Dec 08, 11:30-12:45 (TR)",Christine Stewart
WOMN 2610,A01 (25795),"Gender, Transport and Social Justice (3)",M,"Sep 03 - Dec 08, 11:30-12:45 (TR)",Elizabeth Millward
WOMN 2630,A01 (25796),Indigenous Feminisms (3),M,"Sep 03 - Dec 08, 11:30-12:20 (MWF)",Shawna Ferris
WOMN 3500,T06 (25799),"Dress Code: Women, Clothing and Gender (3)",M,"Sep 03 - Dec 08, 11:30-14:15 (W)",Lisa Bednar
WOMN 3500,T08 (25798),Women and the Military (3),M,"Sep 03 - Dec 08, 14:30-17:15 (R)",Elizabeth Millward
BIOL 1000,A01 (10226),Biology: Foundations of Life (3),M,"Sep 03 - Dec 08, 10:30-11:20 (MWF)",Diana Mlinar
BIOL 1000,D01 (19913),Biology: Foundations of Life (3),DE,Sep 03 - Dec 08,Michael Shaw
BIOL 1000,A04 (11557),Biology: Foundations of Life (3),M,Sep 03 - Dec 08,Elizabeth Hughes
BIOL 1000,A04 (11557),Biology: Foundations of Life (3),M,"Sep 03 - Dec 08, 11:30-12:20 (MWF)",Elizabeth Hughes
BIOL 1000,G07 (17979),Biology: Foundations of Life (3),M,"Sep 03 - Dec 08, 10:30-11:20 (MWF)",Emily McKinnon
BIOL 1010,A01 (12513),Biology: Biological Diversity and Interaction (3),M,"Sep 03 - Dec 08, 10:30-11:20 (MWF)",Reid Miller
BIOL 1010,D01 (10783),Biology: Biological Diversity and Interaction (3),DE,Sep 03 - Dec 08,Elizabeth Hughes
BIOL 1020,G07 (16548),Biology 1: Principles and Themes (3),M,"Sep 03 - Dec 08, 11:30-12:20 (MWF)",Emily McKinnon
BIOL 1020,B07 (10286),Biology 1: Principles and Themes (0),M,"Sep 03 - Dec 08, 19:00-21:50 (R)",Roniele Cordeiro
BIOL 1020,A01 (10234),Biology 1: Principles and Themes (3),M,"Sep 03 - Dec 08, 08:30-09:20 (MWF)",Jennifer Doering
BIOL 1020,B05 (10277),Biology 1: Principles and Themes (0),M,"Sep 03 - Dec 08, 08:30-11:20 (R)",Roniele Cordeiro
BIOL 1020,B04 (10274),Biology 1: Principles and Themes (0),M,"Sep 03 - Dec 08, 14:30-17:20 (W)",Roniele Cordeiro
BIOL 1020,A04 (10243),Biology 1: Principles and Themes (3),M,"Sep 03 - Dec 08, 13:30-14:20 (MWF)",Elizabeth Hughes
BIOL 1020,A03 (10239),Biology 1: Principles and Themes (3),M,"Sep 03 - Dec 08, 12:30-13:20 (MWF)",John Markham
BIOL 1020,B06 (10280),Biology 1: Principles and Themes (0),M,"Sep 03 - Dec 08, 14:30-17:20 (R)",Roniele Cordeiro
BIOL 1020,B08 (10292),Biology 1: Principles and Themes (0),M,"Sep 03 - Dec 08, 08:30-11:20 (F)",Roniele Cordeiro
BIOL 1020,A02 (10235),Biology 1: Principles and Themes (3),M,"Sep 03 - Dec 08, 09:30-10:20 (MWF)",Jennifer Doering
BIOL 1020,B09 (10298),Biology 1: Principles and Themes (0),M,"Sep 03 - Dec 08, 14:30-17:20 (F)",Roniele Cordeiro
BIOL 1020,B10 (10304),Biology 1: Principles and Themes (0),M,"Sep 03 - Dec 08, 14:30-17:20 (W)",Roniele Cordeiro
BIOL 1020,A05 (10241),Biology 1: Principles and Themes (3),M,"Sep 03 - Dec 08, 10:00-11:15 (TR)",Kevin Scott
BIOL 1020,A06 (10242),Biology 1: Principles and Themes (3),M,"Sep 03 - Dec 08, 11:30-12:45 (TR)",Olha Kushniryk
BIOL 1020,B02 (10262),Biology 1: Principles and Themes (0),M,"Sep 03 - Dec 08, 14:30-17:20 (T)",Roniele Cordeiro
BIOL 1020,B01 (10256),Biology 1: Principles and Themes (0),M,"Sep 03 - Dec 08, 08:30-11:20 (T)",Roniele Cordeiro
BIOL 1020,B03 (10268),Biology 1: Principles and Themes (0),M,"Sep 03 - Dec 08, 08:30-11:20 (W)",Roniele Cordeiro
BIOL 1410,B02 (23145),Anatomy of the Human Body (0),M,"Sep 03 - Dec 08, 08:30-10:20 (T)",Kristie Lester
BIOL 1410,B25 (11497),Anatomy of the Human Body (0),M,"Sep 03 - Dec 08, 08:30-10:20 (F)",Kristie Lester
BIOL 1410,B26 (23160),Anatomy of the Human Body (0),M,"Sep 03 - Dec 08, 08:30-10:20 (F)",Kristie Lester
BIOL 1410,B23 (11495),Anatomy of the Human Body (0),M,"Sep 03 - Dec 08, 16:00-17:50 (R)",Kristie Lester
BIOL 1410,B28 (23161),Anatomy of the Human Body (0),M,"Sep 03 - Dec 08, 11:00-12:50 (F)",Kristie Lester
BIOL 1410,B29 (11501),Anatomy of the Human Body (0),M,"Sep 03 - Dec 08, 13:30-15:20 (F)",Kristie Lester
BIOL 1410,B24 (23159),Anatomy of the Human Body (0),M,"Sep 03 - Dec 08, 16:00-17:50 (R)",Kristie Lester
BIOL 1410,B27 (11499),Anatomy of the Human Body (0),M,"Sep 03 - Dec 08, 11:00-12:50 (F)",Kristie Lester
BIOL 1410,B09 (11481),Anatomy of the Human Body (0),M,"Sep 03 - Dec 08, 08:30-10:20 (W)",Kristie Lester
BIOL 1410,B03 (11475),Anatomy of the Human Body (0),M,"Sep 03 - Dec 08, 11:00-12:50 (T)",Kristie Lester
BIOL 1410,B19 (11491),Anatomy of the Human Body (0),M,"Sep 03 - Dec 08, 11:00-12:50 (R)",Kristie Lester
BIOL 1410,B18 (23156),Anatomy of the Human Body (0),M,"Sep 03 - Dec 08, 08:30-10:20 (R)",Kristie Lester
BIOL 1410,B17 (11489),Anatomy of the Human Body (0),M,"Sep 03 - Dec 08, 08:30-10:20 (R)",Kristie Lester
BIOL 1410,B16 (23155),Anatomy of the Human Body (0),M,"Sep 03 - Dec 08, 16:00-17:50 (W)",Kristie Lester
BIOL 1410,B15 (11487),Anatomy of the Human Body (0),M,"Sep 03 - Dec 08, 16:00-17:50 (W)",Kristie Lester
BIOL 1410,B14 (23154),Anatomy of the Human Body (0),M,"Sep 03 - Dec 08, 13:30-15:20 (W)",Kristie Lester
BIOL 1410,B13 (11485),Anatomy of the Human Body (0),M,"Sep 03 - Dec 08, 13:30-15:20 (W)",Kristie Lester
BIOL 1410,B12 (23153),Anatomy of the Human Body (0),M,"Sep 03 - Dec 08, 11:00-12:50 (W)",Kristie Lester
BIOL 1410,B11 (11483),Anatomy of the Human Body (0),M,"Sep 03 - Dec 08, 11:00-12:50 (W)",Kristie Lester
BIOL 1410,B10 (23150),Anatomy of the Human Body (0),M,"Sep 03 - Dec 08, 08:30-10:20 (W)",Kristie Lester
BIOL 1410,B08 (23149),Anatomy of the Human Body (0),M,"Sep 03 - Dec 08, 16:00-17:50 (T)",Kristie Lester
BIOL 1410,B07 (11479),Anatomy of the Human Body (0),M,"Sep 03 - Dec 08, 16:00-17:50 (T)",Kristie Lester
BIOL 1410,B06 (23148),Anatomy of the Human Body (0),M,"Sep 03 - Dec 08, 13:30-15:20 (T)",Kristie Lester
BIOL 1410,B05 (11477),Anatomy of the Human Body (0),M,"Sep 03 - Dec 08, 13:30-15:20 (T)",Kristie Lester
BIOL 1410,B04 (23146),Anatomy of the Human Body (0),M,"Sep 03 - Dec 08, 11:00-12:50 (T)",Kristie Lester
BIOL 1410,B22 (23158),Anatomy of the Human Body (0),M,"Sep 03 - Dec 08, 13:30-15:20 (R)",Kristie Lester
BIOL 1410,B30 (23162),Anatomy of the Human Body (0),M,"Sep 03 - Dec 08, 13:30-15:20 (F)",Kristie Lester
BIOL 1410,B21 (11493),Anatomy of the Human Body (0),M,"Sep 03 - Dec 08, 13:30-15:20 (R)",Kristie Lester
BIOL 1410,B32 (23163),Anatomy of the Human Body (0),M,"Sep 03 - Dec 08, 16:00-17:50 (F)",Kristie Lester
BIOL 1410,A02 (11469),Anatomy of the Human Body (3),M,"Sep 03 - Dec 08, 14:30-15:45 (TR)",Olivia Lee
BIOL 1410,B31 (11746),Anatomy of the Human Body (0),M,"Sep 03 - Dec 08, 16:00-17:50 (F)",Kristie Lester
BIOL 1410,B33 (11748),Anatomy of the Human Body (0),M,"Sep 03 - Dec 08, 18:30-20:20 (T)",Kristie Lester
BIOL 1410,A05 (11472),Anatomy of the Human Body (3),M,"Sep 03 - Dec 08, 08:30-09:45 (TR)",Paul Messing
BIOL 1410,A06 (11745),Anatomy of the Human Body (3),M,"Sep 03 - Dec 08, 13:30-14:20 (MWF)",Paul Messing
BIOL 1410,A07 (11559),Anatomy of the Human Body (3),M,"Sep 03 - Dec 08, 09:30-10:20 (MWF)",Taylor Orchard
BIOL 1410,A03 (11470),Anatomy of the Human Body (3),M,"Sep 03 - Dec 08, 16:00-18:45 (W)",Kevin Campbell
BIOL 1410,B01 (11473),Anatomy of the Human Body (0),M,"Sep 03 - Dec 08, 08:30-10:20 (T)",Kristie Lester
BIOL 1410,A07 (11559),Anatomy of the Human Body (3),M,Sep 03 - Dec 08,Taylor Orchard
BIOL 1410,B34 (23164),Anatomy of the Human Body (0),M,"Sep 03 - Dec 08, 18:30-20:20 (T)",Kristie Lester
BIOL 1410,B35 (11750),Anatomy of the Human Body (0),M,"Sep 03 - Dec 08, 18:30-20:20 (R)",Kristie Lester
BIOL 1410,B36 (23165),Anatomy of the Human Body (0),M,"Sep 03 - Dec 08, 18:30-20:20 (R)",Kristie Lester
BIOL 1410,B50 (24078),Anatomy of the Human Body (0),M,"Sep 03 - Dec 08, 13:30-15:20 (F)",Kristie Lester
BIOL 1410,B20 (23157),Anatomy of the Human Body (0),M,"Sep 03 - Dec 08, 11:00-12:50 (R)",Kristie Lester
BIOL 1410,A01 (11468),Anatomy of the Human Body (3),M,"Sep 03 - Dec 08, 13:30-14:20 (MWF)",Cole Robson-Hyska
BIOL 1410,A04 (11471),Anatomy of the Human Body (3),M,"Sep 03 - Dec 08, 16:00-17:15 (TR)",Olivia Lee
BIOL 2200,B01 (11506),The Invertebrates (0),M,"Sep 03 - Dec 08, 14:30-17:25 (T)",Joy Stacey
BIOL 2200,B02 (11507),The Invertebrates (0),M,"Sep 03 - Dec 08, 14:30-17:25 (W)",Joy Stacey
BIOL 2200,B03 (11508),The Invertebrates (0),M,"Sep 03 - Dec 08, 14:30-17:25 (R)",Joy Stacey
BIOL 2200,A01 (11505),The Invertebrates (3),M,"Sep 03 - Dec 08, 11:30-12:20 (MWF)",Patricia Ramey-Balci
BIOL 2240,B02 (24627),The Non-Flowering Plants (0),M,"Sep 03 - Dec 08, 18:00-20:55 (W)",Carla Zelmer
BIOL 2240,A01 (24625),The Non-Flowering Plants (3),M,"Sep 03 - Dec 08, 10:00-11:15 (TR)",Carla Zelmer
BIOL 2240,B01 (24626),The Non-Flowering Plants (0),M,"Sep 03 - Dec 08, 14:30-17:25 (W)",Carla Zelmer
BIOL 2260,B03 (22551),Biology of Fungi and Lichens (0),M,"Sep 03 - Dec 08, 09:30-11:20 (R)",Ashley Klymiuk
BIOL 2260,A01 (11451),Biology of Fungi and Lichens (3),M,"Sep 03 - Dec 08, 11:30-12:45 (TR)",Ashley Klymiuk
BIOL 2260,B02 (22550),Biology of Fungi and Lichens (0),M,"Sep 03 - Dec 08, 09:30-11:20 (W)",Ashley Klymiuk
BIOL 2260,B01 (11696),Biology of Fungi and Lichens (0),M,"Sep 03 - Dec 08, 09:30-11:20 (T)",Ashley Klymiuk
BIOL 2300,B02 (25932),Principles of Ecology (0),M,"Sep 03 - Dec 08, 14:30-17:25 (T)",Cole Robson-Hyska
BIOL 2300,B03 (25933),Principles of Ecology (0),M,"Sep 03 - Dec 08, 14:30-17:25 (W)",Cole Robson-Hyska
BIOL 2300,B01 (25931),Principles of Ecology (0),M,"Sep 03 - Dec 08, 14:30-17:25 (M)",Cole Robson-Hyska
BIOL 2300,A01 (25930),Principles of Ecology (3),M,"Sep 03 - Dec 08, 10:30-11:20 (MWF)",Gail Davoren
BIOL 2390,A01 (16205),Introductory Ecology (3),M,"Sep 03 - Dec 08, 10:30-11:20 (MWF)",Kevin Scott
BIOL 2410,A01 (11504),Human Physiology 1 (3),M,"Sep 03 - Dec 08, 12:30-13:20 (MWF)",William Fry
BIOL 2470,A01 (25308),Introduction to Nervous Systems (3),M,"Sep 03 - Dec 08, 13:00-14:15 (TR)",Byron Van Nest
BIOL 2470,B01 (25309),Introduction to Nervous Systems (0),M,"Sep 03 - Dec 08, 08:30-11:20 (M)",Byron Van Nest
BIOL 2500,B01 (11453),Genetics 1 (0),M,"Sep 03 - Dec 08, 10:00-11:15 (T)",Tanzeela Ahmed
BIOL 2500,A01 (11452),Genetics 1 (3),M,"Sep 03 - Dec 08, 14:30-15:45 (TR)",Jennifer Doering
BIOL 2500,B02 (11454),Genetics 1 (0),M,"Sep 03 - Dec 08, 10:00-11:15 (R)",Tanzeela Ahmed
BIOL 2520,A01 (11503),Cell Biology (3),M,"Sep 03 - Dec 08, 10:30-11:20 (MWF)",Elizabeth Hughes
BIOL 2600,B02 (22308),Introduction to Computational Biology (0),M,"Sep 03 - Dec 08, 14:30-16:20 (R)",Olivia Wilkins
BIOL 2600,A01 (22306),Introduction to Computational Biology (3),M,"Sep 03 - Dec 08, 11:30-12:45 (TR)",Olivia Wilkins
BIOL 2600,B01 (22307),Introduction to Computational Biology (0),M,"Sep 03 - Dec 08, 14:30-16:20 (W)",Olivia Wilkins
BIOL 3100,B01 (23837),Skills in Biological Sciences (0),M,"Sep 03 - Dec 08, 14:30-17:15 (W)",Jane Waterman
BIOL 3100,A01 (11542),Skills in Biological Sciences (3),M,"Sep 03 - Dec 08, 10:00-11:15 (TR)",Jane Waterman
BIOL 3270,B01 (24624),Introductory Parasitology (0),M,"Sep 03 - Dec 08, 14:30-17:25 (R)",Jillian Detwiler
BIOL 3270,A01 (24623),Introductory Parasitology (3),M,"Sep 03 - Dec 08, 10:30-11:20 (MWF)",Jillian Detwiler
BIOL 3290,A01 (11457),Medicinal and Hallucinogenic Plants (3),M,"Sep 03 - Dec 08, 13:00-14:15 (TR)",Heather Flood
BIOL 3300,A01 (11455),Evolutionary Biology (3),M,"Sep 03 - Dec 08, 12:30-13:20 (MWF)",Colin Garroway
BIOL 3300,B01 (23202),Evolutionary Biology (0),M,"Sep 03 - Dec 08, 14:30-15:45 (W)",Colin Garroway
BIOL 3300,B02 (23203),Evolutionary Biology (0),M,"Sep 03 - Dec 08, 16:00-17:15 (W)",Colin Garroway
BIOL 3312,B01 (22289),Community Ecology (0),M,"Sep 13 - Sep 13, 06:30-19:30 (S)",John Markham
BIOL 3312,K01 (11458),Community Ecology (3),M,"Sep 03 - Dec 08, 11:30-12:20 (MWF)",John Markham
BIOL 3312,B02 (22290),Community Ecology (0),M,"Sep 20 - Sep 20, 06:30-19:30 (S)",John Markham
BIOL 3350,A01 (11751),Data Analysis in Ecology (3),M,"Sep 03 - Dec 08, 11:30-12:45 (TR)",James Roth
BIOL 3350,B01 (23389),Data Analysis in Ecology (0),M,"Sep 03 - Dec 08, 14:30-17:15 (R)",Claudio Muller
BIOL 3360,A01 (11509),Animal Behaviour (3),M,"Sep 03 - Dec 08, 12:30-13:20 (MWF)",Jane Waterman
BIOL 3370,B01 (25937),Limnology (0),M,"Sep 03 - Dec 08, 14:30-17:20 (M)",Cale Gushulak
BIOL 3370,A01 (25936),Limnology (3),M,"Sep 03 - Dec 08, 10:00-11:15 (TR)",Cale Gushulak
BIOL 3400,B02 (12516),Plant Physiology (0),M,"Sep 03 - Dec 08, 14:30-17:15 (T)",Sylvie Renault
BIOL 3400,A01 (12514),Plant Physiology (3),M,"Sep 03 - Dec 08, 12:30-13:20 (MWF)",Sylvie Renault
BIOL 3400,B01 (12515),Plant Physiology (0),M,"Sep 03 - Dec 08, 14:30-17:15 (M)",Sylvie Renault
BIOL 3470,B02 (21116),Environmental Physiology of Animals 1 (0),M,"Sep 03 - Dec 08, 14:30-17:25 (R)",Kevin Scott
BIOL 3470,A01 (11752),Environmental Physiology of Animals 1 (3),M,"Sep 03 - Dec 08, 13:30-14:20 (MWF)",Kenneth Jeffries
BIOL 3470,B01 (21115),Environmental Physiology of Animals 1 (0),M,"Sep 03 - Dec 08, 14:30-17:25 (W)",Kevin Scott
BIOL 3542,A01 (19923),Developmental Biology (3),M,"Sep 03 - Dec 08, 13:00-14:15 (TR)",Lei Xing
BIOL 4100,A01 (11463),Honours Thesis (Part A) (3),M,Sep 03 - Dec 08,Gail Davoren
BIOL 4220,A01 (11921),Marine Biodiversity (3),M,"Sep 03 - Dec 08, 11:30-12:45 (TR)",Gail Davoren
BIOL 4362,B01 (25935),Behavioural Ecology and Cognitive Ethology (0),M,"Sep 03 - Dec 08, 14:30-17:20 (R)",Fuat Balci
BIOL 4362,A01 (25934),Behavioural Ecology and Cognitive Ethology (3),M,"Sep 03 - Dec 08, 10:00-11:15 (TR)",Fuat Balci
BIOL 4542,A01 (17769),Genes and Development (3),M,"Sep 03 - Dec 08, 11:30-12:45 (TR)",Jeffrey Marcus
BIOL 4554,A01 (12131),Molecular Biology Techniques for Eukaryotes - DNA (3),M,"Sep 03 - Dec 08, 08:30-09:45 (TR)",Mark Belmonte
BIOL 4554,B01 (23841),Molecular Biology Techniques for Eukaryotes - DNA (0),M,"Sep 03 - Dec 08, 14:30-17:15 (T)",Mark Belmonte
BIOL 4890,T50 (26654),Advanced Plant Molecular Biology 1 (3),M,Sep 03 - Dec 08,Mark Belmonte
BIOL 4890,T39 (26678),Single Cell Sequencing Data Analysis (3),M,Sep 03 - Dec 08,Olivia Wilkins
BIOL 4890,T30 (26682),Neurophysiology Laboratory 1 (3),M,Sep 03 - Dec 08,William Fry
BIOL 7100,A01 (12520),Core Skills in Biological Sciences Research (3),M,"Sep 03 - Dec 08, 10:30-12:20 (M)",W Anderson
BIOL 7554,A01 (12133),Molecular Biology of Eukaryotes (DNA) (3),M,"Sep 03 - Dec 08, 08:30-09:45 (TR)",Mark Belmonte
BIOL 7554,B01 (23843),Molecular Biology of Eukaryotes (DNA) (0),M,"Sep 03 - Dec 08, 14:30-17:15 (T)",Mark Belmonte
BIOL 7600,T30 (24504),Plant Stress Physiology (3),M,"Sep 03 - Dec 08, 09:00-10:25 (F)",Sylvie Renault
BIOL 7600,T30 (24504),Plant Stress Physiology (3),M,Sep 03 - Dec 08,Sylvie Renault
BIOL 7600,T06 (23105),Analysis of Ecological Data (3),M,"Sep 03 - Dec 08, 11:30-12:45 (TR)",James Roth
BIOL 7600,B02 (26665),Behavioural Ecology and Cognitive Ethology (0),M,"Sep 03 - Dec 08, 14:30-17:20 (R)",Fuat Balci
BIOL 7600,T04 (26664),Behavioural Ecology and Cognitive Ethology (3),M,"Sep 03 - Dec 08, 10:00-11:15 (TR)",Fuat Balci
BIOL 7600,B01 (24520),Analysis of Ecological Data (0),M,"Sep 03 - Dec 08, 14:30-17:15 (R)",Claudio Muller
BIOL 7600,T26 (26558),The Potential Difference over the Crab Gill Epithelium (3),M,Sep 03 - Dec 08,Dirk Weihrauch
CHEM 1018,A01 (22311),Chemistry - The Central Science (3),M,"Sep 03 - Dec 08, 10:30-11:20 (MWF)",Angela Kuchison
CHEM 1100,A07 (21156),Introductory Chemistry 1: Atomic and Molecular Structure and Energetics (3),M,"Sep 03 - Dec 08, 14:30-15:45 (TR)",Hanan Awad
CHEM 1100,A06 (21155),Introductory Chemistry 1: Atomic and Molecular Structure and Energetics (3),M,"Sep 03 - Dec 08, 14:30-15:45 (MW)",Angela Kuchison
CHEM 1100,A05 (21154),Introductory Chemistry 1: Atomic and Molecular Structure and Energetics (3),M,"Sep 03 - Dec 08, 13:00-14:15 (TR)",David Herbert
CHEM 1100,A02 (21151),Introductory Chemistry 1: Atomic and Molecular Structure and Energetics (3),M,"Sep 03 - Dec 08, 11:30-12:45 (TR)",David Herbert
CHEM 1100,A04 (21153),Introductory Chemistry 1: Atomic and Molecular Structure and Energetics (3),M,"Sep 03 - Dec 08, 08:30-09:45 (TR)",Bahareh Taghavi Shahraki
CHEM 1100,A03 (21152),Introductory Chemistry 1: Atomic and Molecular Structure and Energetics (3),M,"Sep 03 - Dec 08, 10:30-11:20 (MWF)",James Xidos
CHEM 1100,A01 (21150),Introductory Chemistry 1: Atomic and Molecular Structure and Energetics (3),M,"Sep 03 - Dec 08, 13:30-14:20 (MWF)",James Xidos
CHEM 1110,A01 (21157),"Introductory Chemistry 2: Interaction, Reactivity, and Chemical Properties (3)",M,"Sep 03 - Dec 08, 13:00-14:15 (TR)",Katie Mitchell-Koch
CHEM 1110,A02 (21158),"Introductory Chemistry 2: Interaction, Reactivity, and Chemical Properties (3)",M,"Sep 03 - Dec 08, 10:30-11:20 (MWF)",Hans Schreckenbach
CHEM 1120,A05 (21176),Introduction to Chemistry Techniques (3),M,"Sep 03 - Dec 08, 14:30-17:20 (W)",Jeremy Mitchell-Koch
CHEM 1120,A06 (21177),Introduction to Chemistry Techniques (3),M,"Sep 03 - Dec 08, 08:30-11:20 (R)",Carl Bartels
CHEM 1120,A03 (21174),Introduction to Chemistry Techniques (3),M,"Sep 03 - Dec 08, 14:30-17:20 (T)",Jeremy Mitchell-Koch
CHEM 1120,A07 (21178),Introduction to Chemistry Techniques (3),M,"Sep 03 - Dec 08, 14:30-17:20 (R)",Carl Bartels
CHEM 1120,A02 (21173),Introduction to Chemistry Techniques (3),M,"Sep 03 - Dec 08, 08:30-11:20 (T)",Carl Bartels
CHEM 1120,A04 (21175),Introduction to Chemistry Techniques (3),M,"Sep 03 - Dec 08, 08:30-11:20 (W)",Carl Bartels
CHEM 1120,A09 (21180),Introduction to Chemistry Techniques (3),M,"Sep 03 - Dec 08, 14:30-17:20 (F)",Jeremy Mitchell-Koch
CHEM 1126,A03 (21186),Introduction to Chemistry Techniques for Engineering 2 (1.5),M,"Sep 03 - Sep 03,  (W)",Jeremy Mitchell-Koch
CHEM 1126,A03 (21186),Introduction to Chemistry Techniques for Engineering 2 (1.5),M,"Dec 05 - Dec 05, 14:30-17:20 (F)",Jeremy Mitchell-Koch
CHEM 1126,A02 (21185),Introduction to Chemistry Techniques for Engineering 2 (1.5),M,"Oct 08 - Oct 08, 14:30-17:20 (W)",Jeremy Mitchell-Koch
CHEM 1126,A02 (21185),Introduction to Chemistry Techniques for Engineering 2 (1.5),M,"Sep 24 - Sep 24, 14:30-17:20 (W)",Jeremy Mitchell-Koch
CHEM 1126,A02 (21185),Introduction to Chemistry Techniques for Engineering 2 (1.5),M,"Oct 22 - Oct 22, 14:30-17:20 (W)",Jeremy Mitchell-Koch
CHEM 1126,A02 (21185),Introduction to Chemistry Techniques for Engineering 2 (1.5),M,"Nov 05 - Nov 05, 14:30-17:20 (W)",Jeremy Mitchell-Koch
CHEM 1126,A02 (21185),Introduction to Chemistry Techniques for Engineering 2 (1.5),M,"Nov 19 - Nov 19, 14:30-17:20 (W)",Jeremy Mitchell-Koch
CHEM 1126,A02 (21185),Introduction to Chemistry Techniques for Engineering 2 (1.5),M,"Dec 03 - Dec 03, 14:30-17:20 (W)",Jeremy Mitchell-Koch
CHEM 1126,A02 (21185),Introduction to Chemistry Techniques for Engineering 2 (1.5),M,"Sep 03 - Sep 03,  (W)",Jeremy Mitchell-Koch
CHEM 1126,A01 (21184),Introduction to Chemistry Techniques for Engineering 2 (1.5),M,"Nov 17 - Nov 17, 14:30-17:20 (M)",Jeremy Mitchell-Koch
CHEM 1126,A01 (21184),Introduction to Chemistry Techniques for Engineering 2 (1.5),M,"Nov 03 - Nov 03, 14:30-17:20 (M)",Jeremy Mitchell-Koch
CHEM 1126,A01 (21184),Introduction to Chemistry Techniques for Engineering 2 (1.5),M,"Oct 20 - Oct 20, 14:30-17:20 (M)",Jeremy Mitchell-Koch
CHEM 1126,A03 (21186),Introduction to Chemistry Techniques for Engineering 2 (1.5),M,"Nov 07 - Nov 07, 14:30-17:20 (F)",Jeremy Mitchell-Koch
CHEM 1126,A01 (21184),Introduction to Chemistry Techniques for Engineering 2 (1.5),M,"Sep 03 - Sep 03,  (W)",Jeremy Mitchell-Koch
CHEM 1126,A01 (21184),Introduction to Chemistry Techniques for Engineering 2 (1.5),M,"Sep 22 - Sep 22, 14:30-17:20 (M)",Jeremy Mitchell-Koch
CHEM 1126,A03 (21186),Introduction to Chemistry Techniques for Engineering 2 (1.5),M,"Nov 21 - Nov 21, 14:30-17:20 (F)",Jeremy Mitchell-Koch
CHEM 1126,A01 (21184),Introduction to Chemistry Techniques for Engineering 2 (1.5),M,"Oct 06 - Oct 06, 14:30-17:20 (M)",Jeremy Mitchell-Koch
CHEM 1126,A03 (21186),Introduction to Chemistry Techniques for Engineering 2 (1.5),M,"Sep 26 - Sep 26, 14:30-17:20 (F)",Jeremy Mitchell-Koch
CHEM 1126,A03 (21186),Introduction to Chemistry Techniques for Engineering 2 (1.5),M,"Oct 10 - Oct 10, 14:30-17:20 (F)",Jeremy Mitchell-Koch
CHEM 1126,A03 (21186),Introduction to Chemistry Techniques for Engineering 2 (1.5),M,"Oct 24 - Oct 24, 14:30-17:20 (F)",Jeremy Mitchell-Koch
CHEM 1126,A03 (21186),Introduction to Chemistry Techniques for Engineering 2 (1.5),M,"Sep 19 - Sep 19, 14:30-17:20 (F)",Jeremy Mitchell-Koch
CHEM 1126,A01 (21184),Introduction to Chemistry Techniques for Engineering 2 (1.5),M,"Dec 01 - Dec 01, 14:30-17:20 (M)",Jeremy Mitchell-Koch
CHEM 1126,A01 (21184),Introduction to Chemistry Techniques for Engineering 2 (1.5),M,"Sep 15 - Sep 15, 14:30-17:20 (M)",Jeremy Mitchell-Koch
CHEM 1126,A02 (21185),Introduction to Chemistry Techniques for Engineering 2 (1.5),M,"Sep 17 - Sep 17, 14:30-17:20 (W)",Jeremy Mitchell-Koch
CHEM 2100,A01 (21159),Organic Chemistry 1: Foundations of Organic Chemistry (3),M,"Sep 03 - Dec 08, 11:30-12:20 (MWF)",John Sorensen
CHEM 2100,A02 (21160),Organic Chemistry 1: Foundations of Organic Chemistry (3),M,"Sep 03 - Dec 08, 13:30-14:20 (MWF)",Kevin McEleney
CHEM 2122,A01 (21125),Experimental Organic Chemistry (3),M,Sep 03 - Sep 05,Kevin McEleney
CHEM 2122,A02 (21126),Experimental Organic Chemistry (3),M,"Sep 22 - Dec 08, 14:30-17:20 (T)",Kevin McEleney
CHEM 2122,A02 (21126),Experimental Organic Chemistry (3),M,"Sep 08 - Sep 19, 14:30-17:20 (T)",Kevin McEleney
CHEM 2122,A02 (21126),Experimental Organic Chemistry (3),M,Sep 03 - Sep 05,Kevin McEleney
CHEM 2122,A01 (21125),Experimental Organic Chemistry (3),M,"Sep 08 - Sep 19, 14:30-17:20 (R)",Kevin McEleney
CHEM 2122,A04 (21128),Experimental Organic Chemistry (3),M,Sep 03 - Sep 05,Kevin McEleney
CHEM 2122,A04 (21128),Experimental Organic Chemistry (3),M,"Sep 08 - Sep 19, 14:30-17:20 (W)",Kevin McEleney
CHEM 2122,A04 (21128),Experimental Organic Chemistry (3),M,"Sep 22 - Dec 08, 14:30-17:20 (W)",Kevin McEleney
CHEM 2122,A01 (21125),Experimental Organic Chemistry (3),M,"Sep 22 - Dec 08, 14:30-17:20 (R)",Kevin McEleney
CHEM 2510,A01 (21161),Introduction to Analytical Chemistry (3),M,"Sep 03 - Dec 08, 10:00-11:15 (TR)",Jeremy Mitchell-Koch
CHEM 2600,A01 (21162),Physical Chemistry 1 (3),M,"Sep 03 - Dec 08, 09:30-10:20 (MWF)",Kathleen Gough
CHEM 2700,A02 (21164),Biochemistry 1: Biomolecules and an Introduction to Metabolic Energy (3),M,"Sep 03 - Dec 08, 11:30-12:45 (TR)",Diana Mlinar
CHEM 2700,A01 (21163),Biochemistry 1: Biomolecules and an Introduction to Metabolic Energy (3),M,"Sep 03 - Dec 08, 08:30-09:45 (TR)",Diana Mlinar
CHEM 2720,A04 (21138),Principles and Practices of the Modern Biochemistry Laboratory (3),M,"Sep 03 - Dec 08, 14:30-17:20 (R)",Ellert Nichols
CHEM 2720,A03 (21137),Principles and Practices of the Modern Biochemistry Laboratory (3),M,"Sep 03 - Dec 08, 14:30-17:20 (W)",Ellert Nichols
CHEM 2720,A02 (21136),Principles and Practices of the Modern Biochemistry Laboratory (3),M,"Sep 03 - Dec 08, 08:30-11:20 (W)",Ellert Nichols
CHEM 2720,A01 (21135),Principles and Practices of the Modern Biochemistry Laboratory (3),M,"Sep 03 - Dec 08, 14:30-17:20 (T)",Ellert Nichols
CHEM 2730,A01 (21167),Elements of Biochemistry 1 (3),M,"Sep 03 - Dec 08, 12:30-13:20 (MWF)",Diana Mlinar
CHEM 2740,A01 (21139),Introduction to the Biochemistry Laboratory (3),M,"Sep 03 - Dec 08, 08:30-11:20 (T)",Ellert Nichols
CHEM 3100,A01 (24705),Organic Chemistry 3: Advanced Organic Synthesis (3),M,"Sep 03 - Dec 08, 09:30-10:20 (MWF)",Joshua Walsh
CHEM 3300,A01 (21169),Inorganic Chemistry 2: Reactivity and Properties (3),M,"Sep 03 - Dec 08, 10:00-11:15 (TR)",Joey Lussier
CHEM 3320,A01 (21140),Inorganic Chemistry Laboratory (2),M,"Sep 03 - Dec 08, 14:30-17:25 (R)",Joey Lussier
CHEM 3500,A01 (21170),Instrumental Analysis (3),M,"Sep 03 - Dec 08, 10:30-11:20 (MWF)",Christian Kuss
CHEM 3520,A02 (21143),Instrumental Analysis Laboratory (2),M,"Sep 03 - Dec 08, 14:30-17:20 (T)",Gregg Tomy
CHEM 3520,A03 (21144),Instrumental Analysis Laboratory (2),M,"Sep 03 - Dec 08, 14:30-17:20 (W)",Gregg Tomy
CHEM 3700,A01 (21171),Biophysical Chemistry (3),M,"Sep 03 - Dec 08, 08:30-09:45 (TR)",Mazdak Khajehpour
CHEM 3820,A02 (21147),Integrated Chemistry Laboratory 1 (2),M,"Sep 03 - Dec 08, 14:30-17:20 (W)",Carl Bartels
CHEM 3820,A01 (21146),Integrated Chemistry Laboratory 1 (2),M,"Sep 03 - Dec 08, 14:30-17:20 (T)",Carl Bartels
CHEM 4360,A01 (11551),Signalling and Regulation of Gene Expression (3),M,"Sep 03 - Dec 08, 12:30-13:20 (MWF)",Joerg Stetefeld
CHEM 4610,A01 (13124),Advanced Chemical Techniques (Part A) (3),M,"Sep 03 - Dec 08, 14:30-15:45 (MW)",Kathleen Gough
CHEM 4670,A01 (26483),Drug Design and Drug Discovery (3),M,"Sep 03 - Dec 08, 08:30-09:45 (TR)",Frank Schweizer
CHEM 4710,A01 (10703),Research Project in Chemistry or Biochemistry (Part A) (3),M,Sep 03 - Dec 08,Christian Kuss
CHEM 4802,T04 (24706),"Persistent, Bioaccumulative and Toxic Chemicals in the Environment (3)",M,"Sep 03 - Dec 08, 08:30-09:45 (TR)",Gregg Tomy
CHEM 7450,T08 (26649),Essentials of Organic Chemistry (3),M,"Sep 03 - Dec 08, 13:00-14:15 (TR)",Joshua Walsh
CHEM 7450,T09 (26648),Organic Photocatalysis (3),M,"Sep 03 - Dec 08, 08:30-09:20 (MWF)",Rebecca Davis
CHEM 7450,T05 (26484),Advanced Drug Design and Drug Discovery (3),M,"Sep 03 - Dec 08, 08:30-09:45 (TR)",Frank Schweizer
CHEM 7520,T06 (26631),Essentials in Physical Chemistry (3),M,"Sep 03 - Dec 08, 11:30-12:45 (TR)",Katie Mitchell-Koch
CHEM 7700,T02 (24707),"Persistent, Bioaccumulative and Toxic Chemicals in the Environment (3)",M,"Sep 03 - Dec 08, 08:30-09:45 (TR)",Gregg Tomy
CHEM 7900,A01 (16726),Seminar in Current Research Issues in Chemistry (3),M,"Sep 03 - Dec 08, 10:00-11:15 (TR)",Sabine Kuss
COMP 1000,B01 (23402),Introductory Programming: Think Like a Computer (0),M,"Sep 03 - Dec 08, 10:30-11:20 (F)",Zachary Havens
COMP 1000,B02 (23403),Introductory Programming: Think Like a Computer (0),M,"Sep 03 - Dec 08, 11:30-12:20 (F)",Zachary Havens
COMP 1000,B03 (24648),Introductory Programming: Think Like a Computer (0),M,"Sep 03 - Dec 08, 12:30-13:20 (F)",Zachary Havens
COMP 1000,A01 (23401),Introductory Programming: Think Like a Computer (3),M,"Sep 03 - Dec 08, 11:30-12:45 (TR)",Zachary Havens
COMP 1002,A01 (23764),Introduction to Tools and Techniques in Computer Science 1 (1.5),M,"Sep 03 - Dec 08, 10:00-11:15 (T)",Franklin Bristow
COMP 1010,B02 (24639),Introductory Computer Science 1 (0),M,"Sep 03 - Dec 08, 08:30-09:45 (R)",
COMP 1010,A03 (24469),Introductory Computer Science 1 (3),M,"Sep 03 - Dec 08, 19:00-20:15 (TR)",Pouya Aghahoseini
COMP 1010,B03 (10129),Introductory Computer Science 1 (0),M,"Sep 03 - Dec 08, 10:00-11:15 (R)",
COMP 1010,B04 (10116),Introductory Computer Science 1 (0),M,"Sep 03 - Dec 08, 10:00-11:15 (R)",
COMP 1010,A02 (10112),Introductory Computer Science 1 (3),M,"Sep 03 - Dec 08, 09:30-10:20 (MWF)",Emanuel Wiens
COMP 1010,B05 (24471),Introductory Computer Science 1 (0),M,"Sep 03 - Dec 08, 10:00-11:15 (R)",
COMP 1010,B06 (10117),Introductory Computer Science 1 (0),M,"Sep 03 - Dec 08, 11:30-12:45 (R)",
COMP 1010,B07 (10119),Introductory Computer Science 1 (0),M,"Sep 03 - Dec 08, 11:30-12:45 (R)",
COMP 1010,B08 (24634),Introductory Computer Science 1 (0),M,"Sep 03 - Dec 08, 11:30-12:45 (R)",
COMP 1010,B09 (12792),Introductory Computer Science 1 (0),M,"Sep 03 - Dec 08, 13:00-14:15 (R)",
COMP 1010,B01 (12793),Introductory Computer Science 1 (0),M,"Sep 03 - Dec 08, 08:30-09:45 (R)",
COMP 1010,B10 (14100),Introductory Computer Science 1 (0),M,"Sep 03 - Dec 08, 13:00-14:15 (R)",
COMP 1010,A04 (10115),Introductory Computer Science 1 (3),M,"Sep 03 - Dec 08, 12:30-13:20 (MWF)",Devon Blewett
COMP 1010,B15 (10125),Introductory Computer Science 1 (0),M,"Sep 03 - Dec 08, 16:00-17:15 (R)",
COMP 1010,D01 (10784),Introductory Computer Science 1 (3),DE,Sep 03 - Dec 08,
COMP 1010,B12 (10122),Introductory Computer Science 1 (0),M,"Sep 03 - Dec 08, 14:30-15:45 (R)",
COMP 1010,A01 (23404),Introductory Computer Science 1 (3),M,"Sep 03 - Dec 08, 11:30-12:45 (TR)",Azadeh Tabiban
COMP 1010,B13 (10121),Introductory Computer Science 1 (0),M,"Sep 03 - Dec 08, 14:30-15:45 (R)",
COMP 1010,B19 (24470),Introductory Computer Science 1 (0),M,"Sep 03 - Dec 08, 17:30-18:45 (R)",
COMP 1010,B18 (10127),Introductory Computer Science 1 (0),M,"Sep 03 - Dec 08, 17:30-18:45 (R)",
COMP 1010,B17 (24638),Introductory Computer Science 1 (0),M,"Sep 03 - Dec 08, 16:00-17:15 (R)",
COMP 1010,B14 (24636),Introductory Computer Science 1 (0),M,"Sep 03 - Dec 08, 14:30-15:45 (R)",
COMP 1010,B16 (10126),Introductory Computer Science 1 (0),M,"Sep 03 - Dec 08, 16:00-17:15 (R)",
COMP 1010,B11 (24635),Introductory Computer Science 1 (0),M,"Sep 03 - Dec 08, 13:00-14:15 (R)",
COMP 1012,B01 (11761),Computer Programming for Scientists and Engineers (0),M,"Sep 03 - Dec 08, 09:30-10:20 (W)",Shaiful Chowdhury
COMP 1012,B16 (24642),Computer Programming for Scientists and Engineers (0),M,"Sep 03 - Dec 08, 17:00-17:50 (F)",Shaiful Chowdhury
COMP 1012,B03 (25579),Computer Programming for Scientists and Engineers (0),M,"Sep 03 - Dec 08, 10:30-11:20 (W)",Shaiful Chowdhury
COMP 1012,B10 (25582),Computer Programming for Scientists and Engineers (0),M,"Sep 03 - Dec 08, 17:00-17:50 (W)",Shaiful Chowdhury
COMP 1012,B04 (11763),Computer Programming for Scientists and Engineers (0),M,"Sep 03 - Dec 08, 11:30-12:20 (W)",Shaiful Chowdhury
COMP 1012,B14 (11769),Computer Programming for Scientists and Engineers (0),M,"Sep 03 - Dec 08, 11:30-12:20 (F)",Shaiful Chowdhury
COMP 1012,B05 (25580),Computer Programming for Scientists and Engineers (0),M,"Sep 03 - Dec 08, 11:30-12:20 (W)",Shaiful Chowdhury
COMP 1012,B06 (11766),Computer Programming for Scientists and Engineers (0),M,"Sep 03 - Dec 08, 13:30-14:20 (W)",Shaiful Chowdhury
COMP 1012,B13 (11768),Computer Programming for Scientists and Engineers (0),M,"Sep 03 - Dec 08, 10:30-11:20 (F)",Shaiful Chowdhury
COMP 1012,B07 (11764),Computer Programming for Scientists and Engineers (0),M,"Sep 03 - Dec 08, 14:30-15:20 (W)",Shaiful Chowdhury
COMP 1012,B08 (11765),Computer Programming for Scientists and Engineers (0),M,"Sep 03 - Dec 08, 16:00-16:50 (W)",Shaiful Chowdhury
COMP 1012,B12 (11767),Computer Programming for Scientists and Engineers (0),M,"Sep 03 - Dec 08, 09:30-10:20 (F)",Shaiful Chowdhury
COMP 1012,B11 (25578),Computer Programming for Scientists and Engineers (0),M,"Sep 03 - Dec 08, 17:00-17:50 (W)",Shaiful Chowdhury
COMP 1012,B15 (24643),Computer Programming for Scientists and Engineers (0),M,"Sep 03 - Dec 08, 14:30-15:20 (F)",Shaiful Chowdhury
COMP 1012,B09 (25581),Computer Programming for Scientists and Engineers (0),M,"Sep 03 - Dec 08, 16:00-16:50 (W)",Shaiful Chowdhury
COMP 1012,B02 (11762),Computer Programming for Scientists and Engineers (0),M,"Sep 03 - Dec 08, 10:30-11:20 (W)",Shaiful Chowdhury
COMP 1012,A01 (11759),Computer Programming for Scientists and Engineers (3),M,"Sep 03 - Dec 08, 08:30-09:45 (TR)",Connor Hryhoruk
COMP 1012,A03 (25577),Computer Programming for Scientists and Engineers (3),M,"Sep 03 - Dec 08, 19:00-19:50 (MWF)",Joshua Hernandez
COMP 1012,A02 (11760),Computer Programming for Scientists and Engineers (3),M,"Sep 03 - Dec 08, 12:30-13:20 (MWF)",Shaiful Chowdhury
COMP 1020,B05 (26434),Introductory Computer Science 2 (0),M,"Sep 03 - Dec 08, 17:30-18:45 (R)",Jessica Watson
COMP 1020,B04 (26433),Introductory Computer Science 2 (0),M,"Sep 03 - Dec 08, 16:00-17:15 (R)",Jessica Watson
COMP 1020,B03 (26432),Introductory Computer Science 2 (0),M,"Sep 03 - Dec 08, 14:30-15:45 (R)",Jessica Watson
COMP 1020,B02 (26431),Introductory Computer Science 2 (0),M,"Sep 03 - Dec 08, 13:00-14:15 (R)",Jessica Watson
COMP 1020,A01 (25295),Introductory Computer Science 2 (3),M,"Sep 03 - Dec 08, 13:30-14:20 (MWF)",Jessica Watson
COMP 1020,B01 (26430),Introductory Computer Science 2 (0),M,"Sep 03 - Dec 08, 11:30-12:45 (R)",Jessica Watson
COMP 1500,A01 (25841),Computing: Ideas and Innovation (3),M,"Sep 03 - Dec 08, 11:30-12:20 (MWF)",Leqi Zhu
COMP 1600,A01 (25842),Navigating Your Digital World (3),M,"Sep 03 - Dec 08, 10:30-11:20 (MWF)",Christina Penner
COMP 2002,A01 (24644),Tools and Techniques in Computer Science 1 (1.5),M,"Sep 03 - Dec 08, 14:30-15:45 (M)",John Braico
COMP 2080,A01 (23405),Algorithms: Design and Implementation (3),M,"Sep 03 - Dec 08, 11:30-12:20 (MWF)",Jennifer Vaughan
COMP 2140,A02 (12117),Data Structures: Analysis and Implementation (3),M,"Sep 03 - Dec 08, 13:30-14:20 (MWF)",Avery Miller
COMP 2140,A01 (10153),Data Structures: Analysis and Implementation (3),M,"Sep 03 - Dec 08, 14:30-15:45 (TR)",Jennifer Vaughan
COMP 2150,A01 (25843),Object Orientation (3),M,"Sep 03 - Dec 08, 10:00-11:15 (TR)",John Anderson
COMP 2280,A01 (25844),Introduction to Computer Systems (3),M,"Sep 03 - Dec 08, 13:30-14:20 (MWF)",Noman Mohammed
COMP 2400,A02 (25845),Programming Paradigms (3),M,"Sep 03 - Dec 08, 11:30-12:45 (TR)",John Braico
COMP 2400,A01 (25846),Programming Paradigms (3),M,"Sep 03 - Dec 08, 11:30-12:20 (MWF)",Daniel Rea
COMP 2450,A02 (25848),Software Development 1 (3),M,"Sep 03 - Dec 08, 10:00-11:15 (TR)",Patrick Dubois
COMP 2450,A01 (25847),Software Development 1 (3),M,"Sep 03 - Dec 08, 09:30-10:20 (MWF)",Franklin Bristow
COMP 3010,A02 (23408),Distributed Computing (3),M,"Sep 03 - Dec 08, 11:30-12:45 (TR)",Timothy Zapp
COMP 3010,A01 (23407),Distributed Computing (3),M,"Sep 03 - Dec 08, 10:00-11:15 (TR)",Zachary Havens
COMP 3020,A02 (14072),Human-Computer Interaction 1 (3),M,"Sep 03 - Dec 08, 09:30-10:20 (MWF)",Andrea Bunt
COMP 3020,A01 (10186),Human-Computer Interaction 1 (3),M,"Sep 03 - Dec 08, 11:30-12:20 (MWF)",James Young
COMP 3030,A01 (10187),Automata Theory and Formal Languages (3),M,"Sep 03 - Dec 08, 13:30-14:20 (MWF)",Stephane Durocher
COMP 3190,A01 (10190),Introduction to Artificial Intelligence (3),M,"Sep 03 - Dec 08, 10:30-11:20 (MWF)",John Anderson
COMP 3360,A01 (25850),Machine Learning Concepts and Usage (3),M,"Sep 03 - Dec 08, 14:30-15:45 (TR)",Timothy Zapp
COMP 3360,A02 (25849),Machine Learning Concepts and Usage (3),M,"Sep 03 - Dec 08, 12:30-13:20 (MWF)",Christopher Henry
COMP 3380,A01 (24824),Databases Concepts and Usage (3),M,"Sep 03 - Dec 08, 14:30-15:45 (TR)",Adam Pazdor
COMP 3380,A02 (15304),Databases Concepts and Usage (3),M,"Sep 03 - Dec 08, 08:30-09:45 (TR)",
COMP 4060,T06 (25851),Advanced Processor Design and Implementation (3),M,"Sep 03 - Dec 08, 14:30-15:45 (MW)",David Gerhard
COMP 4062,T16 (26310),Human-AI Interaction (3),M,"Sep 03 - Dec 08, 13:00-14:15 (MW)",Houda El Mimouni
COMP 4062,T11 (25901),Deep Learning (3),M,"Sep 03 - Dec 08, 09:30-10:20 (MWF)",Sadaf Salehkalaibar
COMP 4062,T09 (25899),Advanced Data Mining (3),M,"Sep 03 - Dec 08, 11:30-12:45 (TR)",Carson Leung
COMP 4062,T10 (25900),Natural Language Processing (3),M,"Sep 03 - Dec 08, 14:30-15:45 (TR)",Tristan Miller
COMP 4140,A01 (10213),Introduction to Cryptography and Cryptosystems (3),M,"Sep 03 - Dec 08, 09:30-10:20 (MWF)",Pakching Li
COMP 4350,A01 (23409),Software Engineering 2 (3),M,"Sep 03 - Dec 08, 14:30-15:45 (TR)",Lauren Himbeault
COMP 4510,A01 (11128),Introduction to Parallel Computation (3),M,"Sep 03 - Dec 08, 10:30-11:20 (MWF)",Parimala Thulasiraman
COMP 4522,A01 (23411),Honours Project (6),M,Sep 03 - Dec 08,Michael Zapp
COMP 4522,A02 (24498),Honours Project (Part A) (3),M,Sep 03 - Dec 08,Michael Zapp
COMP 4550,A01 (23410),Real-Time Systems (3),M,"Sep 03 - Dec 08, 12:30-13:20 (MWF)",Michael Zapp
COMP 4620,A02 (23400),Professional Practice in Computer Science (3),M,"Sep 03 - Dec 08, 16:00-17:15 (TR)",Patrick Dubois
COMP 4620,A01 (23399),Professional Practice in Computer Science (3),M,"Sep 03 - Dec 08, 10:00-11:15 (TR)",Christina Penner
COMP 4620,B01 (24647),Professional Practice in Computer Science (0),M,"Sep 03 - Dec 08, 14:30-15:45 (T)",Christina Penner
COMP 4710,A01 (10224),Introduction to Data Mining (3),M,"Sep 03 - Dec 08, 10:00-11:15 (TR)",Carson Leung
COMP 4820,A01 (23767),Bioinformatics (3),M,"Sep 03 - Dec 08, 11:30-12:45 (TR)",Olivier Tremblay-Savard
COMP 7210,A01 (22046),Research Methodologies (3),M,"Sep 03 - Dec 08, 10:00-11:15 (TR)",Ruppa Thulasiram
COMP 7720,T01 (25893),Approximation Algorithms (3),M,"Sep 03 - Dec 08, 10:30-11:45 (MW)",Pakching Li
COMP 7860,T01 (25852),Advanced Processor Design and Implementation (3),M,"Sep 03 - Dec 08, 14:30-15:45 (MW)",David Gerhard
COMP 7920,T07 (26309),Human-AI Interaction (3),M,"Sep 03 - Dec 08, 13:00-14:15 (MW)",Houda El Mimouni
COMP 7944,A01 (25894),Advanced Data Mining (3),M,"Sep 03 - Dec 08, 11:30-12:45 (TR)",Carson Leung
COMP 7950,T02 (25895),Natural Language Processing (3),M,"Sep 03 - Dec 08, 14:30-15:45 (TR)",Tristan Miller
COMP 7950,T05 (25896),Deep Learning (3),M,"Sep 03 - Dec 08, 09:30-10:20 (MWF)",Sadaf Salehkalaibar
MATH 1010,B01 (13153),Applied Finite Mathematics (0),M,"Sep 03 - Dec 08, 15:30-16:20 (F)",Quoc Hoang Vu
MATH 1010,B02 (15848),Applied Finite Mathematics (0),M,"Sep 03 - Dec 08, 15:30-16:20 (F)",Solomon Mensah
MATH 1010,B06 (25920),Applied Finite Mathematics (0),M,"Sep 03 - Dec 08, 15:30-16:20 (F)",Prabhjot Kaur
MATH 1010,B04 (15855),Applied Finite Mathematics (0),M,"Sep 03 - Dec 08, 15:30-16:20 (F)",Leanne Von Giese
MATH 1010,B05 (15856),Applied Finite Mathematics (0),M,"Sep 03 - Dec 08, 15:30-16:20 (F)",Keira Pasveer
MATH 1010,B03 (15849),Applied Finite Mathematics (0),M,"Sep 03 - Dec 08, 15:30-16:20 (F)",Ramin Hamzehei
MATH 1010,A02 (25919),Applied Finite Mathematics (3),M,"Sep 03 - Dec 08, 10:30-11:20 (MWF)",Michelle Davidson
MATH 1010,D01 (22316),Applied Finite Mathematics (3),DE,Sep 03 - Dec 08,Farzaneh Jannat
MATH 1010,A01 (10395),Applied Finite Mathematics (3),M,"Sep 03 - Dec 08, 12:30-13:20 (MWF)",Xinli Wang
MATH 1018,B02 (23214),Pre-Calculus in Practice (0),M,"Sep 03 - Dec 08, 08:30-09:45 (TR)",Arash Arabkhalaj
MATH 1018,A01 (21253),Pre-Calculus in Practice (3),M,"Sep 03 - Dec 08, 09:30-10:20 (MWF)",Mahsa Nasrollahishirazi
MATH 1018,B04 (23281),Pre-Calculus in Practice (0),M,"Sep 03 - Dec 08, 08:30-09:45 (TR)",Adriana-Stefania Ciupeanu
MATH 1018,A02 (23279),Pre-Calculus in Practice (3),M,"Sep 03 - Dec 08, 12:30-13:20 (MWF)",Jesse Hulse
MATH 1018,B05 (21255),Pre-Calculus in Practice (0),M,"Sep 03 - Dec 08, 10:00-11:15 (TR)",Adriana-Stefania Ciupeanu
MATH 1018,B03 (23280),Pre-Calculus in Practice (0),M,"Sep 03 - Dec 08, 08:30-09:45 (TR)",Darya Forooghi
MATH 1018,B06 (24416),Pre-Calculus in Practice (0),M,"Sep 03 - Dec 08, 10:00-11:15 (TR)",Sueda Senturk Avci
MATH 1018,B01 (21254),Pre-Calculus in Practice (0),M,"Sep 03 - Dec 08, 08:30-09:45 (TR)",Jamiu Aliyu
MATH 1020,A01 (10400),Mathematics in Art (3),M,"Sep 03 - Dec 08, 13:00-14:15 (TR)",Angel Barría Comicheo
MATH 1020,A02 (13078),Mathematics in Art (3),M,"Sep 03 - Dec 08, 08:30-09:45 (TR)",Angel Barría Comicheo
MATH 1020,A03 (21957),Mathematics in Art (3),M,Sep 03 - Dec 08,Michelle Davidson
MATH 1020,A03 (21957),Mathematics in Art (3),M,"Sep 03 - Dec 08, 13:00-14:15 (TR)",Michelle Davidson
MATH 1080,B01 (17230),Fundamentals of Mathematical Reasoning (0),M,"Sep 03 - Dec 08, 08:30-09:20 (W)",Solomon Mensah
MATH 1080,A01 (17229),Fundamentals of Mathematical Reasoning (3),M,"Sep 03 - Dec 08, 13:30-14:20 (MWF)",Jamie De Jong
MATH 1080,B02 (17232),Fundamentals of Mathematical Reasoning (0),M,"Sep 03 - Dec 08, 11:30-12:20 (W)",Marzieh Roshani
MATH 1210,A02 (10405),Techniques of Classical and Linear Algebra (3),M,"Sep 03 - Dec 08, 13:30-14:20 (MWF)",Kirill Kopotun
MATH 1210,B10 (12574),Techniques of Classical and Linear Algebra (0),M,"Sep 03 - Dec 08, 10:30-11:20 (W)",Makenna Coldwell
MATH 1210,A03 (11776),Techniques of Classical and Linear Algebra (3),M,"Sep 03 - Dec 08, 12:30-13:20 (MWF)",Kirill Kopotun
MATH 1210,B12 (12576),Techniques of Classical and Linear Algebra (0),M,"Sep 03 - Dec 08, 16:30-17:20 (W)",Duy Kha Tran
MATH 1210,B02 (11865),Techniques of Classical and Linear Algebra (0),M,"Sep 03 - Dec 08, 10:30-11:20 (F)",Heet Shailesh Patel
MATH 1210,B01 (11522),Techniques of Classical and Linear Algebra (0),M,"Sep 03 - Dec 08, 08:30-09:20 (F)",Mohammad Amin Obohat
MATH 1210,B11 (12575),Techniques of Classical and Linear Algebra (0),M,"Sep 03 - Dec 08, 13:30-14:20 (W)",Liuqing Yang
MATH 1210,B13 (26613),Techniques of Classical and Linear Algebra (0),M,"Sep 03 - Dec 08, 14:30-15:20 (F)",Lei Shi
MATH 1210,A01 (11518),Techniques of Classical and Linear Algebra (3),M,"Sep 03 - Dec 08, 09:30-10:20 (MWF)",Nicholas Harland
MATH 1210,B07 (11866),Techniques of Classical and Linear Algebra (0),M,"Sep 03 - Dec 08, 10:30-11:20 (M)",Ramin Hamzehei
MATH 1210,B08 (11867),Techniques of Classical and Linear Algebra (0),M,"Sep 03 - Dec 08, 11:30-12:20 (M)",Ramin Hamzehei
MATH 1210,B04 (11521),Techniques of Classical and Linear Algebra (0),M,"Sep 03 - Dec 08, 14:30-15:20 (F)",Fatemeh Karimi
MATH 1210,B09 (12410),Techniques of Classical and Linear Algebra (0),M,"Sep 03 - Dec 08, 08:30-09:20 (W)",Makenna Coldwell
MATH 1210,B03 (11523),Techniques of Classical and Linear Algebra (0),M,"Sep 03 - Dec 08, 13:30-14:20 (F)",Smit Kamleshbhai Lad
MATH 1210,B06 (10800),Techniques of Classical and Linear Algebra (0),M,"Sep 03 - Dec 08, 08:30-09:20 (M)",Makenna Coldwell
MATH 1210,B05 (10799),Techniques of Classical and Linear Algebra (0),M,"Sep 03 - Dec 08, 08:30-09:20 (M)",Mohammad Amin Obohat
MATH 1230,B02 (13167),Differential Calculus (0),M,"Sep 03 - Dec 08, 10:30-11:20 (F)",Prabhjot Kaur
MATH 1230,A01 (13163),Differential Calculus (3),M,"Sep 03 - Dec 08, 12:30-13:20 (MWF)",Leo Butler
MATH 1230,B01 (13165),Differential Calculus (0),M,"Sep 03 - Dec 08, 08:30-09:20 (F)",Heet Shailesh Patel
MATH 1240,B06 (17224),Elementary Discrete Mathematics (0),M,"Sep 03 - Dec 08, 13:30-14:20 (W)",Maxwell Wiebe
MATH 1240,B08 (19632),Elementary Discrete Mathematics (0),M,"Sep 03 - Dec 08, 14:30-15:20 (W)",Maxwell Wiebe
MATH 1240,B13 (24728),Elementary Discrete Mathematics (0),M,"Sep 03 - Dec 08, 16:00-16:50 (R)",Gabriel Ogulu
MATH 1240,A04 (24727),Elementary Discrete Mathematics (3),M,"Sep 03 - Dec 08, 13:30-14:20 (MWF)",Andrii Arman
MATH 1240,B01 (13169),Elementary Discrete Mathematics (0),M,"Sep 03 - Dec 08, 11:30-12:20 (W)",Berkant Cünnük
MATH 1240,B11 (15861),Elementary Discrete Mathematics (0),M,"Sep 03 - Dec 08, 08:30-09:20 (R)",Joshua Beaudin
MATH 1240,B05 (15859),Elementary Discrete Mathematics (0),M,"Sep 03 - Dec 08, 13:30-14:20 (W)",Graeme Henrickson
MATH 1240,B02 (15858),Elementary Discrete Mathematics (0),M,"Sep 03 - Dec 08, 11:30-12:20 (W)",Graeme Henrickson
MATH 1240,B15 (24730),Elementary Discrete Mathematics (0),M,"Sep 03 - Dec 08, 16:00-16:50 (R)",Duy Kha Tran
MATH 1240,A03 (17228),Elementary Discrete Mathematics (3),M,"Sep 03 - Dec 08, 13:00-14:15 (TR)",Andrii Arman
MATH 1240,A01 (15857),Elementary Discrete Mathematics (3),M,"Sep 03 - Dec 08, 10:00-11:15 (TR)",Karen Gunderson
MATH 1240,B03 (15860),Elementary Discrete Mathematics (0),M,"Sep 03 - Dec 08, 11:30-12:20 (W)",Marshall Kaatz
MATH 1240,B16 (24731),Elementary Discrete Mathematics (0),M,"Sep 03 - Dec 08, 16:00-16:50 (R)",Keira Pasveer
MATH 1240,A02 (13168),Elementary Discrete Mathematics (3),M,"Sep 03 - Dec 08, 08:30-09:20 (MWF)",Robert Craigen
MATH 1240,B09 (17225),Elementary Discrete Mathematics (0),M,"Sep 03 - Dec 08, 14:30-15:20 (W)",Joshua Beaudin
MATH 1240,B10 (13172),Elementary Discrete Mathematics (0),M,"Sep 03 - Dec 08, 08:30-09:20 (R)",Eddrick Stewart Higginson
MATH 1240,B12 (17226),Elementary Discrete Mathematics (0),M,"Sep 03 - Dec 08, 08:30-09:20 (R)",Berkant Cünnük
MATH 1240,B14 (24729),Elementary Discrete Mathematics (0),M,"Sep 03 - Dec 08, 16:00-16:50 (R)",Abhinav Jain
MATH 1240,B04 (13170),Elementary Discrete Mathematics (0),M,"Sep 03 - Dec 08, 13:30-14:20 (W)",Mohammad Amin Obohat
MATH 1240,B07 (13171),Elementary Discrete Mathematics (0),M,"Sep 03 - Dec 08, 14:30-15:20 (W)",Marshall Kaatz
MATH 1300,B09 (10414),Vector Geometry and Linear Algebra (0),M,"Sep 03 - Dec 08, 16:30-17:20 (M)",Alireza Sharifi
MATH 1300,B02 (10410),Vector Geometry and Linear Algebra (0),M,"Sep 03 - Dec 08, 10:30-11:20 (M)",Fern Haraldson
MATH 1300,B05 (10420),Vector Geometry and Linear Algebra (0),M,"Sep 03 - Dec 08, 13:30-14:20 (M)",. Sagar
MATH 1300,B04 (10425),Vector Geometry and Linear Algebra (0),M,"Sep 03 - Dec 08, 13:30-14:20 (M)",Solomon Mensah
MATH 1300,B10 (10415),Vector Geometry and Linear Algebra (0),M,"Sep 03 - Dec 08, 08:30-09:20 (F)",. Sagar
MATH 1300,B03 (10411),Vector Geometry and Linear Algebra (0),M,"Sep 03 - Dec 08, 12:30-13:20 (M)",Faith Loewen
MATH 1300,A01 (21229),Vector Geometry and Linear Algebra (3),M,"Sep 03 - Dec 08, 09:30-10:20 (MWF)",Raphael Clouatre
MATH 1300,B11 (10416),Vector Geometry and Linear Algebra (0),M,"Sep 03 - Dec 08, 08:30-09:20 (F)",Qui Pham
MATH 1300,B06 (10412),Vector Geometry and Linear Algebra (0),M,"Sep 03 - Dec 08, 14:30-15:20 (M)",Fern Haraldson
MATH 1300,B07 (10421),Vector Geometry and Linear Algebra (0),M,"Sep 03 - Dec 08, 14:30-15:20 (M)",Alireza Sharifi
MATH 1300,B08 (10419),Vector Geometry and Linear Algebra (0),M,"Sep 03 - Dec 08, 16:30-17:20 (M)",Gabriel Ogulu
MATH 1300,B12 (10417),Vector Geometry and Linear Algebra (0),M,"Sep 03 - Dec 08, 10:30-11:20 (F)",Alireza Sharifi
MATH 1300,B16 (17233),Vector Geometry and Linear Algebra (0),M,"Sep 03 - Dec 08, 13:30-14:20 (F)",Liuqing Yang
MATH 1300,A03 (10423),Vector Geometry and Linear Algebra (3),M,"Sep 03 - Dec 08, 11:30-12:20 (MWF)",Raphael Clouatre
MATH 1300,B13 (17235),Vector Geometry and Linear Algebra (0),M,"Sep 03 - Dec 08, 10:30-11:20 (F)",Marzieh Roshani
MATH 1300,A04 (10418),Vector Geometry and Linear Algebra (3),M,"Sep 03 - Dec 08, 11:30-12:45 (TR)",Xinli Wang
MATH 1300,B17 (17236),Vector Geometry and Linear Algebra (0),M,"Sep 03 - Dec 08, 13:30-14:20 (F)",Gabriel Ogulu
MATH 1300,A02 (10413),Vector Geometry and Linear Algebra (3),M,"Sep 03 - Dec 08, 08:30-09:45 (TR)",Stephanie Portet
MATH 1300,B14 (13161),Vector Geometry and Linear Algebra (0),M,"Sep 03 - Dec 08, 12:30-13:20 (F)",Godahena Kankanamge Ashan De Silva
MATH 1300,B01 (10409),Vector Geometry and Linear Algebra (0),M,"Sep 03 - Dec 08, 08:30-09:20 (M)",Amir Bani Saeed
MATH 1300,B15 (10422),Vector Geometry and Linear Algebra (0),M,"Sep 03 - Dec 08, 12:30-13:20 (F)",Lihini Kankanamge
MATH 1300,B18 (10424),Vector Geometry and Linear Algebra (0),M,"Sep 03 - Dec 08, 14:30-15:20 (F)",Abhinav Jain
MATH 1300,D01 (22317),Vector Geometry and Linear Algebra (3),DE,Sep 03 - Dec 08,Nicholas Harland
MATH 1500,B18 (10445),Introduction to Calculus (0),M,"Sep 03 - Dec 08, 14:30-15:45 (R)",Jamiu Aliyu
MATH 1500,B04 (12715),Introduction to Calculus (0),M,"Sep 03 - Dec 08, 08:30-09:45 (T)",Faith Loewen
MATH 1500,B08 (11875),Introduction to Calculus (0),M,"Sep 03 - Dec 08, 14:30-15:45 (T)",Serena Werbowesky
MATH 1500,B17 (10443),Introduction to Calculus (0),M,"Sep 03 - Dec 08, 14:30-15:45 (R)",Soolim Kim
MATH 1500,B20 (10444),Introduction to Calculus (0),M,"Sep 03 - Dec 08, 16:00-17:15 (R)",Alexander Stephens
MATH 1500,B21 (10446),Introduction to Calculus (0),M,"Sep 03 - Dec 08, 16:00-17:15 (R)",Fern Haraldson
MATH 1500,B19 (12577),Introduction to Calculus (0),M,"Sep 03 - Dec 08, 16:00-17:15 (R)",Fatemeh Karimi
MATH 1500,B27 (10449),Introduction to Calculus (0),M,"Sep 03 - Dec 08, 08:30-09:45 (F)",Ramin Hamzehei
MATH 1500,B26 (11874),Introduction to Calculus (0),M,"Sep 03 - Dec 08, 08:30-09:45 (F)",Leanne Von Giese
MATH 1500,B28 (11877),Introduction to Calculus (0),M,"Sep 03 - Dec 08, 10:00-11:15 (F)",Faith Loewen
MATH 1500,B29 (10450),Introduction to Calculus (0),M,"Sep 03 - Dec 08, 10:00-11:15 (F)",Ramin Hamzehei
MATH 1500,B30 (10451),Introduction to Calculus (0),M,"Sep 03 - Dec 08, 11:30-12:45 (F)",Faith Loewen
MATH 1500,B05 (19636),Introduction to Calculus (0),M,"Sep 03 - Dec 08, 08:30-09:45 (T)",Solomon Mensah
MATH 1500,B35 (19635),Introduction to Calculus (0),M,"Sep 03 - Dec 08, 14:30-15:45 (F)",Fern Haraldson
MATH 1500,B31 (10452),Introduction to Calculus (0),M,"Sep 03 - Dec 08, 13:00-14:15 (F)",Ramin Hamzehei
MATH 1500,B32 (10447),Introduction to Calculus (0),M,"Sep 03 - Dec 08, 14:30-15:45 (F)",Hamidreza Shirnejad
MATH 1500,B33 (10448),Introduction to Calculus (0),M,"Sep 03 - Dec 08, 14:30-15:45 (F)",Tianshu Gu
MATH 1500,B34 (19634),Introduction to Calculus (0),M,"Sep 03 - Dec 08, 14:30-15:45 (F)",Berkant Cünnük
MATH 1500,B06 (10440),Introduction to Calculus (0),M,"Sep 03 - Dec 08, 14:30-15:45 (T)",Jamiu Aliyu
MATH 1500,B07 (10441),Introduction to Calculus (0),M,"Sep 03 - Dec 08, 14:30-15:45 (T)",Michael Astwood
MATH 1500,B22 (10453),Introduction to Calculus (0),M,"Sep 03 - Dec 08, 19:00-20:15 (R)",Justin Dale G Batin
MATH 1500,B16 (10436),Introduction to Calculus (0),M,"Sep 03 - Dec 08, 14:30-15:45 (R)",Michael Astwood
MATH 1500,A01 (10428),Introduction to Calculus (3),M,"Sep 03 - Dec 08, 10:30-11:20 (MWF)",Xinli Wang
MATH 1500,B02 (10439),Introduction to Calculus (0),M,"Sep 03 - Dec 08, 08:30-09:45 (T)",Maximilian Tornes
MATH 1500,A08 (12712),Introduction to Calculus (3),M,"Sep 03 - Dec 08, 08:30-09:20 (MWF)",Yong Zhang
MATH 1500,A07 (11873),Introduction to Calculus (3),M,"Sep 03 - Dec 08, 10:00-11:15 (TR)",Jamie De Jong
MATH 1500,A06 (21230),Introduction to Calculus (3),M,"Sep 03 - Dec 08, 19:00-21:45 (T)",Jaydeep Chipalkatti
MATH 1500,A05 (10432),Introduction to Calculus (3),M,"Sep 03 - Dec 08, 11:30-12:45 (TR)",Jamie De Jong
MATH 1500,A03 (10430),Introduction to Calculus (3),M,"Sep 03 - Dec 08, 11:30-12:20 (MWF)",Jaydeep Chipalkatti
MATH 1500,B12 (10434),Introduction to Calculus (0),M,"Sep 03 - Dec 08, 08:30-09:45 (R)",Maximilian Tornes
MATH 1500,B01 (10437),Introduction to Calculus (0),M,"Sep 03 - Dec 08, 08:30-09:45 (T)",Ramin Hamzehei
MATH 1500,B13 (10435),Introduction to Calculus (0),M,"Sep 03 - Dec 08, 08:30-09:45 (R)",Tianshu Gu
MATH 1500,B14 (12714),Introduction to Calculus (0),M,"Sep 03 - Dec 08, 08:30-09:45 (R)",Alexander Stephens
MATH 1500,B10 (10442),Introduction to Calculus (0),M,"Sep 03 - Dec 08, 16:00-17:15 (T)",Narek Veranyan
MATH 1500,B09 (10438),Introduction to Calculus (0),M,"Sep 03 - Dec 08, 16:00-17:15 (T)",Eddrick Stewart Higginson
MATH 1500,A02 (10429),Introduction to Calculus (3),M,"Sep 03 - Dec 08, 09:30-10:20 (MWF)",Liliana Menjivar Lopez
MATH 1500,D01 (22318),Introduction to Calculus (3),DE,Sep 03 - Dec 08,Derek Krepski
MATH 1500,B15 (12716),Introduction to Calculus (0),M,"Sep 03 - Dec 08, 08:30-09:45 (R)",Faith Loewen
MATH 1500,B03 (12713),Introduction to Calculus (0),M,"Sep 03 - Dec 08, 08:30-09:45 (T)",Abhinav Jain
MATH 1500,B11 (11876),Introduction to Calculus (0),M,"Sep 03 - Dec 08, 16:00-17:15 (T)",Jamiu Aliyu
MATH 1510,B04 (10462),Applied Calculus 1 (0),M,"Sep 03 - Dec 08, 14:30-15:20 (T)",Jayathunga Imalka Lakmali Jayathunga
MATH 1510,A02 (10458),Applied Calculus 1 (3),M,"Sep 03 - Dec 08, 13:00-14:15 (TR)",Christopher Heggerud
MATH 1510,B01 (10460),Applied Calculus 1 (0),M,"Sep 03 - Dec 08, 08:30-09:20 (T)",Mohammad Amin Obohat
MATH 1510,B02 (10459),Applied Calculus 1 (0),M,"Sep 03 - Dec 08, 08:30-09:20 (T)",Jayathunga Imalka Lakmali Jayathunga
MATH 1510,B05 (11806),Applied Calculus 1 (0),M,"Sep 03 - Dec 08, 08:30-09:20 (W)",Heet Shailesh Patel
MATH 1510,B06 (11807),Applied Calculus 1 (0),M,"Sep 03 - Dec 08, 08:30-09:20 (W)",James Rafael Ramos
MATH 1510,B07 (11808),Applied Calculus 1 (0),M,"Sep 03 - Dec 08, 12:30-13:20 (W)",Prabhjot Kaur
MATH 1510,B03 (11809),Applied Calculus 1 (0),M,"Sep 03 - Dec 08, 14:30-15:20 (T)",Darya Forooghi
MATH 1510,B08 (12606),Applied Calculus 1 (0),M,"Sep 03 - Dec 08, 16:30-17:20 (W)",Darya Forooghi
MATH 1510,A01 (10457),Applied Calculus 1 (3),M,"Sep 03 - Dec 08, 08:30-09:20 (MWF)",Michael Szestopalow
MATH 1524,B08 (23479),Mathematics for Management and Social Sciences (0),M,"Sep 03 - Dec 08, 14:30-15:45 (F)",Romina Mazhari Ravesh
MATH 1524,B07 (23478),Mathematics for Management and Social Sciences (0),M,"Sep 03 - Dec 08, 14:30-15:45 (F)",Lihini Kankanamge
MATH 1524,B10 (24155),Mathematics for Management and Social Sciences (0),M,"Sep 03 - Dec 08, 16:00-17:15 (T)",Heet Shailesh Patel
MATH 1524,B09 (24154),Mathematics for Management and Social Sciences (0),M,"Sep 03 - Dec 08, 16:00-17:15 (T)",Abhinav Jain
MATH 1524,B11 (24156),Mathematics for Management and Social Sciences (0),M,"Sep 03 - Dec 08, 16:00-17:15 (T)",Darya Forooghi
MATH 1524,B12 (24157),Mathematics for Management and Social Sciences (0),M,"Sep 03 - Dec 08, 16:00-17:15 (T)",Fatemeh Karimi
MATH 1524,A03 (24153),Mathematics for Management and Social Sciences (3),M,"Sep 03 - Dec 08, 14:30-15:45 (TR)",Michael Szestopalow
MATH 1524,B06 (23477),Mathematics for Management and Social Sciences (0),M,"Sep 03 - Dec 08, 14:30-15:45 (W)",Chung Hoi Luong
MATH 1524,A01 (23470),Mathematics for Management and Social Sciences (3),M,"Sep 03 - Dec 08, 12:30-13:20 (MWF)",Michael Szestopalow
MATH 1524,B05 (23476),Mathematics for Management and Social Sciences (0),M,"Sep 03 - Dec 08, 14:30-15:45 (W)",Adriana-Stefania Ciupeanu
MATH 1524,A02 (23471),Mathematics for Management and Social Sciences (3),M,"Sep 03 - Dec 08, 13:00-14:15 (TR)",Qing Zhang
MATH 1524,B04 (23475),Mathematics for Management and Social Sciences (0),M,"Sep 03 - Dec 08, 14:30-15:45 (W)",Lihini Kankanamge
MATH 1524,B02 (23473),Mathematics for Management and Social Sciences (0),M,"Sep 03 - Dec 08, 14:30-15:45 (M)",Quoc Hoang Vu
MATH 1524,B01 (23472),Mathematics for Management and Social Sciences (0),M,"Sep 03 - Dec 08, 14:30-15:45 (M)",Lei Shi
MATH 1524,B03 (23474),Mathematics for Management and Social Sciences (0),M,"Sep 03 - Dec 08, 14:30-15:45 (M)",Amir Bani Saeed
MATH 1700,B10 (12609),Calculus 2 (0),M,"Sep 03 - Dec 08, 14:30-15:20 (R)",Sueda Senturk Avci
MATH 1700,B11 (23481),Calculus 2 (0),M,"Sep 03 - Dec 08, 14:30-15:20 (R)",Faith Loewen
MATH 1700,B06 (12610),Calculus 2 (0),M,"Sep 03 - Dec 08, 10:30-11:20 (W)",Quoc Hoang Vu
MATH 1700,A04 (17255),Calculus 2 (3),M,"Sep 03 - Dec 08, 12:30-13:20 (MWF)",Eric Schippers
MATH 1700,A03 (13079),Calculus 2 (3),M,"Sep 03 - Dec 08, 09:30-10:20 (MWF)",Varvara Shepelska
MATH 1700,A02 (10473),Calculus 2 (3),M,"Sep 03 - Dec 08, 10:00-11:15 (TR)",Varvara Shepelska
MATH 1700,A01 (23480),Calculus 2 (3),M,"Sep 03 - Dec 08, 08:30-09:20 (MWF)",Eric Schippers
MATH 1700,B12 (23482),Calculus 2 (0),M,"Sep 03 - Dec 08, 14:30-15:20 (R)",David Doerksen
MATH 1700,B02 (10474),Calculus 2 (0),M,"Sep 03 - Dec 08, 14:30-15:20 (T)",Abhinav Jain
MATH 1700,B01 (10475),Calculus 2 (0),M,"Sep 03 - Dec 08, 14:30-15:20 (T)",Sueda Senturk Avci
MATH 1700,B03 (10476),Calculus 2 (0),M,"Sep 03 - Dec 08, 14:30-15:20 (T)",Anmolpreet Singh
MATH 1700,B09 (11014),Calculus 2 (0),M,"Sep 03 - Dec 08, 14:30-15:20 (R)",Makenna Coldwell
MATH 1700,B05 (11011),Calculus 2 (0),M,"Sep 03 - Dec 08, 08:30-09:20 (W)",Mohammad Amin Obohat
MATH 1700,B07 (21402),Calculus 2 (0),M,"Sep 03 - Dec 08, 13:30-14:20 (W)",Varvara Shepelska
MATH 1700,B04 (21247),Calculus 2 (0),M,"Sep 03 - Dec 08, 14:30-15:20 (T)",David Doerksen
MATH 1700,B08 (11013),Calculus 2 (0),M,"Sep 03 - Dec 08, 16:30-17:20 (W)",Quoc Hoang Vu
MATH 2030,B02 (14705),Combinatorics 1 (0),M,"Sep 03 - Dec 08, 14:30-15:20 (W)",Gabriel Hamm
MATH 2030,A01 (13173),Combinatorics 1 (3),M,"Sep 03 - Dec 08, 12:30-13:20 (MWF)",Robert Craigen
MATH 2030,B01 (13174),Combinatorics 1 (0),M,"Sep 03 - Dec 08, 14:30-15:20 (W)",Berkant Cünnük
MATH 2080,A01 (13177),Introduction to Analysis (3),M,"Sep 03 - Dec 08, 10:30-11:20 (MWF)",Yong Zhang
MATH 2080,B01 (13178),Introduction to Analysis (0),M,"Sep 03 - Dec 08, 16:00-16:50 (R)",Hamidreza Shirnejad
MATH 2080,B02 (13179),Introduction to Analysis (0),M,"Sep 03 - Dec 08, 16:00-16:50 (R)",Gabriel Hamm
MATH 2090,B01 (13181),Linear Algebra 2 (0),M,"Sep 03 - Dec 08, 08:30-09:20 (M)",Gabriel Hamm
MATH 2090,A01 (13180),Linear Algebra 2 (3),M,"Sep 03 - Dec 08, 10:00-11:15 (TR)",Stephanie Portet
MATH 2090,B02 (18472),Linear Algebra 2 (0),M,"Sep 03 - Dec 08, 08:30-09:20 (M)",Godahena Kankanamge Ashan De Silva
MATH 2090,B03 (13182),Linear Algebra 2 (0),M,"Sep 03 - Dec 08, 15:30-16:20 (M)",Junyu Lu
MATH 2090,B04 (13183),Linear Algebra 2 (0),M,"Sep 03 - Dec 08, 15:30-16:20 (M)",Joshua Beaudin
MATH 2130,B01 (23852),Engineering Mathematical Analysis 1 (0),M,"Sep 03 - Dec 08, 11:30-12:45 (T)",Michelle Davidson
MATH 2130,B02 (23853),Engineering Mathematical Analysis 1 (0),M,"Sep 03 - Dec 08, 11:30-12:45 (T)",Donald Trim
MATH 2130,A02 (11519),Engineering Mathematical Analysis 1 (3),M,"Sep 03 - Dec 08, 08:30-09:45 (TR)",Donald Trim
MATH 2130,A01 (11174),Engineering Mathematical Analysis 1 (3),M,"Sep 03 - Dec 08, 08:30-09:20 (MWF)",Michelle Davidson
MATH 2132,B02 (25922),Engineering Mathematical Analysis 2 (0),M,"Sep 03 - Dec 08, 11:30-12:45 (R)",TBA
MATH 2132,A02 (25921),Engineering Mathematical Analysis 2 (3),M,"Sep 03 - Dec 08, 08:30-09:45 (TR)",Andrii Arman
MATH 2132,A01 (11175),Engineering Mathematical Analysis 2 (3),M,"Sep 03 - Dec 08, 08:30-09:20 (MWF)",Nicholas Harland
MATH 2132,B01 (23854),Engineering Mathematical Analysis 2 (0),M,"Sep 03 - Dec 08, 11:30-12:45 (R)",TBA
MATH 2160,A01 (13188),Numerical Analysis 1 (3),M,"Sep 03 - Dec 08, 08:30-09:45 (TR)",
MATH 2160,B01 (13189),Numerical Analysis 1 (0),M,"Sep 03 - Dec 08, 15:30-16:20 (W)",Junyu Lu
MATH 2160,B02 (13190),Numerical Analysis 1 (0),M,"Sep 03 - Dec 08, 16:30-17:20 (W)",Junyu Lu
MATH 2720,A01 (10482),Multivariable Calculus (3),M,"Sep 03 - Dec 08, 10:30-11:20 (MWF)",Qing Zhang
MATH 2720,B01 (23855),Multivariable Calculus (0),M,"Sep 03 - Dec 08, 16:30-17:20 (F)",Qui Pham
MATH 2740,B02 (18498),Mathematics of Data Science (0),M,"Sep 03 - Dec 08, 09:30-10:20 (W)",Adam Wieler
MATH 2740,A01 (18496),Mathematics of Data Science (3),M,"Sep 03 - Dec 08, 11:30-12:45 (TR)",Julien Arino
MATH 2740,B04 (26614),Mathematics of Data Science (0),M,"Sep 03 - Dec 08, 08:30-09:20 (W)",Abhinav Jain
MATH 2740,B03 (18499),Mathematics of Data Science (0),M,"Sep 03 - Dec 08, 11:30-12:20 (W)",Mohammad Amin Obohat
MATH 2740,B01 (18497),Mathematics of Data Science (0),M,"Sep 03 - Dec 08, 08:30-09:20 (W)",Adriana-Stefania Ciupeanu
MATH 3132,B01 (23857),Engineering Mathematical Analysis 3 (0),M,"Sep 03 - Dec 08, 11:30-12:45 (R)",Donald Trim
MATH 3132,A01 (11176),Engineering Mathematical Analysis 3 (3),M,"Sep 03 - Dec 08, 08:30-09:20 (MWF)",Donald Trim
MATH 3320,A01 (13192),Algebra 2 (3),M,"Sep 03 - Dec 08, 11:30-12:45 (TR)",Susan Cooper
MATH 3360,A01 (13193),Combinatorics 2 (3),M,"Sep 03 - Dec 08, 13:00-14:15 (TR)",Margherita Ferrari
MATH 3390,A01 (13195),Introduction to Topology (3),M,"Sep 03 - Dec 08, 10:00-11:15 (TR)",Adam Clay
MATH 3440,A01 (13196),Ordinary Differential Equations (3),M,"Sep 03 - Dec 08, 14:30-15:45 (MW)",Richard Slevinsky
MATH 3474,A01 (25923),Real Analysis 2 (3),M,"Sep 03 - Dec 08, 11:30-12:20 (MWF)",Varvara Shepelska
MATH 3610,A01 (19960),Introduction to Mathematical Modelling (3),M,"Sep 03 - Dec 08, 13:00-14:15 (TR)",
MATH 4260,A01 (13199),Abstract Measure Theory (3),M,"Sep 03 - Dec 08, 16:00-17:15 (TR)",Yong Zhang
MATH 4290,A01 (25924),Complex Analysis 2 (3),M,"Sep 03 - Dec 08, 14:30-15:45 (TR)",Eric Schippers
MATH 4370,A01 (13200),Linear Algebra and Matrix Analysis (3),M,"Sep 03 - Dec 08, 10:00-11:15 (TR)",Julien Arino
MATH 4470,A01 (25926),Rings and Modules (3),M,"Sep 03 - Dec 08, 11:30-12:45 (TR)",Yang Zhang
MATH 4920,T18 (26449),Combinatorial Commutative Algebra (3),M,"Sep 03 - Dec 08, 13:00-14:15 (TR)",Susan Cooper
MATH 4920,T03 (23217),Undergraduate Research Projects (3),M,Sep 03 - Dec 08,Margherita Ferrari
MATH 4920,T07 (26593),Orderable Groups (3),M,Sep 03 - Dec 08,Adam Clay
MATH 7260,A01 (15867),Abstract Measure Theory (3),M,"Sep 03 - Dec 08, 16:00-17:15 (TR)",Yong Zhang
MATH 7290,A01 (25925),Complex Analysis 2 (3),M,"Sep 03 - Dec 08, 14:30-15:45 (TR)",Eric Schippers
MATH 7370,A01 (15450),Linear Algebra and Matrix Analysis (3),M,"Sep 03 - Dec 08, 10:00-11:15 (TR)",Julien Arino
MATH 7470,A01 (25927),Rings and Modules (3),M,"Sep 03 - Dec 08, 11:30-12:45 (TR)",Yang Zhang
MATH 8210,T04 (26592),Introduction to Discrete Mathematical Biology (3),M,Sep 03 - Dec 08,Margherita Ferrari
MATH 8210,T05 (26653),Graph Limits and Flag Algebras (3),M,Sep 03 - Dec 08,Karen Gunderson
MATH 8410,T03 (26696),Advanced Spectral Methods for PDEs (3),M,Sep 03 - Dec 08,Shiu Lui
MATH 8510,T02 (26462),Combinatorial Commutative Algebra (3),M,"Sep 03 - Dec 08, 13:00-14:15 (TR)",Susan Cooper
MBIO 1010,B04 (20666),Microbiology I (0),M,"Sep 03 - Dec 08, 08:30-11:25 (F)",Christopher Rathgeber
MBIO 1010,B03 (11613),Microbiology I (0),M,"Sep 03 - Dec 08, 14:30-17:25 (R)",Christopher Rathgeber
MBIO 1010,B02 (11612),Microbiology I (0),M,"Sep 03 - Dec 08, 08:30-11:25 (R)",Christopher Rathgeber
MBIO 1010,B01 (11611),Microbiology I (0),M,"Sep 03 - Dec 08, 14:30-17:25 (W)",Christopher Rathgeber
MBIO 1010,A02 (11757),Microbiology I (3),M,"Sep 03 - Dec 08, 12:30-13:20 (MWF)",Ivan Oresnik
MBIO 1010,B99 (11615),Microbiology I (0),M,Sep 03 - Dec 08,Christopher Rathgeber
MBIO 1010,A01 (11610),Microbiology I (3),M,"Sep 03 - Dec 08, 10:00-11:15 (TR)",Diana Mlinar
MBIO 1220,A01 (10523),Essentials of Microbiology (3),M,"Sep 03 - Dec 08, 10:00-11:15 (TR)",Miguel Uyaguari Diaz
MBIO 1220,A03 (22962),Essentials of Microbiology (3),M,"Sep 03 - Dec 08, 08:30-09:45 (TR)",Madison Egan
MBIO 1220,A04 (24391),Essentials of Microbiology (3),M,"Sep 03 - Dec 08, 14:30-15:45 (TR)",Madison Egan
MBIO 1220,D01 (10780),Essentials of Microbiology (3),DE,Sep 03 - Dec 08,Christopher Rathgeber
MBIO 1220,A02 (19422),Essentials of Microbiology (3),M,"Sep 03 - Dec 08, 08:30-09:45 (TR)",Elizabeth Hughes
MBIO 2700,A01 (21165),Biochemistry 1: Biomolecules and an Introduction to Metabolic Energy (3),M,"Sep 03 - Dec 08, 08:30-09:45 (TR)",Diana Mlinar
MBIO 2700,A02 (21166),Biochemistry 1: Biomolecules and an Introduction to Metabolic Energy (3),M,"Sep 03 - Dec 08, 11:30-12:45 (TR)",Diana Mlinar
MBIO 2730,A01 (21168),Elements of Biochemistry 1 (3),M,"Sep 03 - Dec 08, 12:30-13:20 (MWF)",Diana Mlinar
MBIO 3010,A01 (10545),Mechanisms of Microbial Disease (3),M,"Sep 03 - Dec 08, 13:30-14:20 (MWF)",Ayush Kumar
MBIO 3032,A01 (21194),Microbiology III: Physiology and Metabolism (3),M,"Sep 03 - Dec 08, 12:30-13:20 (MWF)",Sean Booth
MBIO 3282,A01 (21195),Microbial Communities (3),M,"Sep 03 - Dec 08, 08:30-09:20 (MWF)",Vladimir Yurkov
MBIO 3410,A01 (10546),Molecular Biology (3),M,"Sep 03 - Dec 08, 10:00-11:15 (TR)",Marike Palmer
MBIO 3460,B01 (10549),Membrane and Cellular Biochemistry (0),M,"Sep 03 - Dec 08, 14:30-17:15 (T)",Damien Rivers
MBIO 3460,A01 (10548),Membrane and Cellular Biochemistry (3),M,"Sep 03 - Dec 08, 09:30-10:20 (MWF)",Gerd Prehna
MBIO 3600,A01 (21197),Molecular Microbiology Techniques (3),M,"Sep 03 - Dec 08, 14:30-17:25 (MW)",Madison Egan
MBIO 3700,A02 (21201),Experimental Microbiology Laboratory (3),M,"Sep 03 - Dec 08, 14:30-17:25 (T)",Christopher Rathgeber
MBIO 4442,A01 (22394),Research in Systems Microbiology (3),M,"Sep 03 - Dec 08, 13:30-14:20 (MWF)",Silvia Cardona
MBIO 4442,B01 (23858),Research in Systems Microbiology (0),M,"Sep 03 - Dec 08, 14:30-15:45 (M)",Marike Palmer
MBIO 4480,B99 (23538),Microbes in our Environment (0),M,Sep 03 - Dec 08,Damien Rivers
MBIO 4480,B01 (23537),Microbes in our Environment (0),M,"Sep 03 - Dec 08, 14:30-17:25 (R)",Damien Rivers
MBIO 4480,A01 (23536),Microbes in our Environment (3),M,"Sep 03 - Dec 08, 12:30-13:20 (MWF)",Matthew Bakker
MBIO 4530,A01 (10708),Project in Microbiology (Part A) (3),M,Sep 03 - Dec 08,Ivan Oresnik
MBIO 4540,A01 (10709),Biological Energy Transduction (3),M,"Sep 03 - Dec 08, 11:30-12:45 (TR)",Richard Sparling
MBIO 4602,A01 (17624),Molecular Genetics of Prokaryotes - Lectures (3),M,"Sep 03 - Dec 08, 11:30-12:20 (MWF)",Ann Brassinga
MBIO 4612,A01 (17623),Molecular Genetics of Eukaryotes - Lectures (3),M,"Sep 03 - Dec 08, 10:00-11:15 (TR)",Jaanus Suurvaeli
MBIO 4700,A01 (19894),Computational Molecular Microbiology (3),M,"Sep 03 - Dec 08, 08:30-09:45 (TR)",Georg Hausner
MBIO 7010,A01 (10771),Graduate Seminar in Microbiology 1 (Part A) (1.5),M,"Sep 03 - Dec 08, 14:30-16:20 (TR)",Marike Palmer
MBIO 7020,A01 (10772),Graduate Seminar in Microbiology 2 (Part A) (1.5),M,"Sep 03 - Dec 08, 14:30-16:20 (TR)",Ann Brassinga
MBIO 7040,A01 (11520),Graduate Microbiology (Part A) (1.5),M,"Sep 03 - Dec 08, 11:30-13:20 (MWF)",Matthew Bakker
MBIO 7050,A01 (17148),Environmental Microbiology (Part A) (1.5),M,Sep 03 - Dec 08,Georg Hausner
MBIO 7060,A01 (18563),Microbial Interactions (Part A) (1.5),M,Sep 03 - Dec 08,Georg Hausner
MBIO 7070,A01 (19671),Bioprocessing (Part A) (1.5),M,Sep 03 - Dec 08,Georg Hausner
MBIO 7100,A01 (18564),Advanced Concepts in Molecular Biology (Part A) (1.5),M,Sep 03 - Dec 08,Georg Hausner
MBIO 7160,T01 (26721),Lipidomics in Diatoms and Other Algae (3),M,Sep 03 - Dec 08,Richard Sparling
ASTR 1810,B04 (23627),Introduction to Astronomy: The Magnificent Universe (0),M,"Oct 07 - Oct 07, 14:30-17:15 (T)",Danielle Pahud
ASTR 1810,B04 (23627),Introduction to Astronomy: The Magnificent Universe (0),M,"Oct 21 - Oct 21, 14:30-17:15 (T)",Danielle Pahud
ASTR 1810,B04 (23627),Introduction to Astronomy: The Magnificent Universe (0),M,"Nov 04 - Nov 04, 14:30-17:15 (T)",Danielle Pahud
ASTR 1810,B04 (23627),Introduction to Astronomy: The Magnificent Universe (0),M,"Sep 09 - Sep 09, 14:30-17:15 (T)",Danielle Pahud
ASTR 1810,B04 (23627),Introduction to Astronomy: The Magnificent Universe (0),M,"Nov 25 - Nov 25, 14:30-17:15 (T)",Danielle Pahud
ASTR 1810,B04 (23627),Introduction to Astronomy: The Magnificent Universe (0),M,"Dec 02 - Dec 02, 14:30-17:15 (T)",Danielle Pahud
ASTR 1810,B03 (22337),Introduction to Astronomy: The Magnificent Universe (0),M,"Sep 16 - Sep 16, 14:30-17:15 (T)",Danielle Pahud
ASTR 1810,B03 (22337),Introduction to Astronomy: The Magnificent Universe (0),M,"Sep 09 - Sep 09, 14:30-17:15 (T)",Danielle Pahud
ASTR 1810,B03 (22337),Introduction to Astronomy: The Magnificent Universe (0),M,"Oct 14 - Oct 14, 14:30-17:15 (T)",Danielle Pahud
ASTR 1810,B02 (23626),Introduction to Astronomy: The Magnificent Universe (0),M,"Nov 04 - Nov 04, 08:30-11:15 (T)",Danielle Pahud
ASTR 1810,B03 (22337),Introduction to Astronomy: The Magnificent Universe (0),M,"Dec 02 - Dec 02, 14:30-17:15 (T)",Danielle Pahud
ASTR 1810,B03 (22337),Introduction to Astronomy: The Magnificent Universe (0),M,"Nov 18 - Nov 18, 14:30-17:15 (T)",Danielle Pahud
ASTR 1810,B03 (22337),Introduction to Astronomy: The Magnificent Universe (0),M,"Oct 28 - Oct 28, 14:30-17:15 (T)",Danielle Pahud
ASTR 1810,B02 (23626),Introduction to Astronomy: The Magnificent Universe (0),M,"Nov 25 - Nov 25, 08:30-11:15 (T)",Danielle Pahud
ASTR 1810,B02 (23626),Introduction to Astronomy: The Magnificent Universe (0),M,"Oct 21 - Oct 21, 08:30-11:15 (T)",Danielle Pahud
ASTR 1810,B02 (23626),Introduction to Astronomy: The Magnificent Universe (0),M,"Oct 07 - Oct 07, 08:30-11:15 (T)",Danielle Pahud
ASTR 1810,B02 (23626),Introduction to Astronomy: The Magnificent Universe (0),M,"Sep 23 - Sep 23, 08:30-11:15 (T)",Danielle Pahud
ASTR 1810,B04 (23627),Introduction to Astronomy: The Magnificent Universe (0),M,"Sep 23 - Sep 23, 14:30-17:15 (T)",Danielle Pahud
ASTR 1810,B03 (22337),Introduction to Astronomy: The Magnificent Universe (0),M,"Oct 07 - Oct 07, 14:30-17:15 (T)",Danielle Pahud
ASTR 1810,B05 (22338),Introduction to Astronomy: The Magnificent Universe (0),M,"Sep 18 - Sep 18, 08:30-11:15 (R)",Danielle Pahud
ASTR 1810,B08 (23629),Introduction to Astronomy: The Magnificent Universe (0),M,"Oct 23 - Oct 23, 14:30-17:15 (R)",Danielle Pahud
ASTR 1810,B05 (22338),Introduction to Astronomy: The Magnificent Universe (0),M,"Oct 16 - Oct 16, 08:30-11:15 (R)",Danielle Pahud
ASTR 1810,B02 (23626),Introduction to Astronomy: The Magnificent Universe (0),M,"Sep 09 - Sep 09, 08:30-11:15 (T)",Danielle Pahud
ASTR 1810,K01 (22334),Introduction to Astronomy: The Magnificent Universe (3),M,"Sep 03 - Dec 08, 10:30-11:20 (MWF)",Jason Fiege
ASTR 1810,B08 (23629),Introduction to Astronomy: The Magnificent Universe (0),M,"Nov 06 - Nov 06, 14:30-17:15 (R)",Danielle Pahud
ASTR 1810,B08 (23629),Introduction to Astronomy: The Magnificent Universe (0),M,"Dec 04 - Dec 04, 14:30-17:15 (R)",Danielle Pahud
ASTR 1810,B08 (23629),Introduction to Astronomy: The Magnificent Universe (0),M,"Oct 09 - Oct 09, 14:30-17:15 (R)",Danielle Pahud
ASTR 1810,B08 (23629),Introduction to Astronomy: The Magnificent Universe (0),M,"Sep 11 - Sep 11, 14:30-17:15 (R)",Danielle Pahud
ASTR 1810,B08 (23629),Introduction to Astronomy: The Magnificent Universe (0),M,"Sep 25 - Sep 25, 14:30-17:15 (R)",Danielle Pahud
ASTR 1810,B08 (23629),Introduction to Astronomy: The Magnificent Universe (0),M,"Nov 27 - Nov 27, 14:30-17:15 (R)",Danielle Pahud
ASTR 1810,B07 (22339),Introduction to Astronomy: The Magnificent Universe (0),M,"Dec 04 - Dec 04, 14:30-17:15 (R)",Danielle Pahud
ASTR 1810,B07 (22339),Introduction to Astronomy: The Magnificent Universe (0),M,"Sep 11 - Sep 11, 14:30-17:15 (R)",Danielle Pahud
ASTR 1810,B07 (22339),Introduction to Astronomy: The Magnificent Universe (0),M,"Sep 18 - Sep 18, 14:30-17:15 (R)",Danielle Pahud
ASTR 1810,B07 (22339),Introduction to Astronomy: The Magnificent Universe (0),M,"Oct 02 - Oct 02, 14:30-17:15 (R)",Danielle Pahud
ASTR 1810,B07 (22339),Introduction to Astronomy: The Magnificent Universe (0),M,"Oct 16 - Oct 16, 14:30-17:15 (R)",Danielle Pahud
ASTR 1810,B07 (22339),Introduction to Astronomy: The Magnificent Universe (0),M,"Oct 30 - Oct 30, 14:30-17:15 (R)",Danielle Pahud
ASTR 1810,B07 (22339),Introduction to Astronomy: The Magnificent Universe (0),M,"Nov 20 - Nov 20, 14:30-17:15 (R)",Danielle Pahud
ASTR 1810,B05 (22338),Introduction to Astronomy: The Magnificent Universe (0),M,"Nov 20 - Nov 20, 08:30-11:15 (R)",Danielle Pahud
ASTR 1810,B05 (22338),Introduction to Astronomy: The Magnificent Universe (0),M,"Oct 30 - Oct 30, 08:30-11:15 (R)",Danielle Pahud
ASTR 1810,B05 (22338),Introduction to Astronomy: The Magnificent Universe (0),M,"Oct 02 - Oct 02, 08:30-11:15 (R)",Danielle Pahud
ASTR 1810,B05 (22338),Introduction to Astronomy: The Magnificent Universe (0),M,"Dec 04 - Dec 04, 08:30-11:15 (R)",Danielle Pahud
ASTR 1810,B05 (22338),Introduction to Astronomy: The Magnificent Universe (0),M,"Sep 11 - Sep 11, 08:30-11:15 (R)",Danielle Pahud
ASTR 1810,B02 (23626),Introduction to Astronomy: The Magnificent Universe (0),M,"Dec 02 - Dec 02, 08:30-11:15 (T)",Danielle Pahud
ASTR 1810,B01 (22335),Introduction to Astronomy: The Magnificent Universe (0),M,"Dec 02 - Dec 02, 08:30-11:15 (T)",Danielle Pahud
ASTR 1810,B01 (22335),Introduction to Astronomy: The Magnificent Universe (0),M,"Oct 28 - Oct 28, 08:30-11:15 (T)",Danielle Pahud
ASTR 1810,B01 (22335),Introduction to Astronomy: The Magnificent Universe (0),M,"Sep 09 - Sep 09, 08:30-11:15 (T)",Danielle Pahud
ASTR 1810,B01 (22335),Introduction to Astronomy: The Magnificent Universe (0),M,"Nov 18 - Nov 18, 08:30-11:15 (T)",Danielle Pahud
ASTR 1810,B01 (22335),Introduction to Astronomy: The Magnificent Universe (0),M,"Sep 16 - Sep 16, 08:30-11:15 (T)",Danielle Pahud
ASTR 1810,B01 (22335),Introduction to Astronomy: The Magnificent Universe (0),M,"Oct 07 - Oct 07, 08:30-11:15 (T)",Danielle Pahud
ASTR 1810,B01 (22335),Introduction to Astronomy: The Magnificent Universe (0),M,"Oct 14 - Oct 14, 08:30-11:15 (T)",Danielle Pahud
ASTR 2000,A01 (17162),Foundations of Astrophysics (3),M,"Sep 03 - Dec 08, 13:30-14:20 (MWF)",Jason Fiege
ASTR 3070,B01 (23859),Observational Astronomy Project (0),M,"Sep 03 - Dec 08, 19:00-21:45 (R)",Tyrone Woods
ASTR 3070,A01 (18574),Observational Astronomy Project (3),M,"Sep 03 - Dec 08, 16:00-17:15 (TR)",Tyrone Woods
ASTR 3180,A01 (20369),Stars (3),M,"Sep 03 - Dec 08, 13:00-14:15 (TR)",Jason Fiege
PHYS 1018,A01 (21323),The Mechanics of Nature (3),M,"Sep 03 - Dec 08, 11:30-12:45 (TR)",Andriy Yamchuk
PHYS 1020,B03 (10326),General Physics 1 (0),M,"Sep 03 - Dec 08, 11:30-14:20 (T)",Ruth Cameron
PHYS 1020,A02 (10335),General Physics 1 (3),M,"Sep 03 - Dec 08, 11:30-12:20 (MWF)",Khodr Shamseddine
PHYS 1020,B99 (12694),General Physics 1 (0),M,Sep 03 - Dec 08,Ruth Cameron
PHYS 1020,B09 (10333),General Physics 1 (0),M,"Sep 03 - Dec 08, 14:30-17:25 (R)",Ruth Cameron
PHYS 1020,B04 (10327),General Physics 1 (0),M,"Sep 03 - Dec 08, 14:30-17:25 (T)",Ruth Cameron
PHYS 1020,B08 (10332),General Physics 1 (0),M,"Sep 03 - Dec 08, 11:30-14:20 (R)",Ruth Cameron
PHYS 1020,A03 (10336),General Physics 1 (3),M,"Sep 03 - Dec 08, 14:30-15:45 (MW)",Prem Basnet
PHYS 1020,B02 (10325),General Physics 1 (0),M,"Sep 03 - Dec 08, 08:30-11:25 (T)",Ruth Cameron
PHYS 1020,B01 (12706),General Physics 1 (0),M,"Sep 03 - Dec 08, 14:30-17:25 (M)",Ruth Cameron
PHYS 1020,A01 (10334),General Physics 1 (3),M,"Sep 03 - Dec 08, 08:30-09:20 (MWF)",Juliette Mammei
PHYS 1020,B05 (10329),General Physics 1 (0),M,"Sep 03 - Dec 08, 11:30-14:20 (W)",Ruth Cameron
PHYS 1020,B06 (10330),General Physics 1 (0),M,"Sep 03 - Dec 08, 14:30-17:25 (W)",Ruth Cameron
PHYS 1020,B07 (10331),General Physics 1 (0),M,"Sep 03 - Dec 08, 08:30-11:25 (R)",Ruth Cameron
PHYS 1050,B04 (10355),Physics 1: Mechanics (0),M,"Sep 03 - Dec 08, 14:30-17:25 (W)",Ruth Cameron
PHYS 1050,B02 (10352),Physics 1: Mechanics (0),M,"Sep 03 - Dec 08, 08:30-11:25 (T)",Ruth Cameron
PHYS 1050,B01 (10351),Physics 1: Mechanics (0),M,"Sep 03 - Dec 08, 14:30-17:25 (M)",Ruth Cameron
PHYS 1050,B99 (12695),Physics 1: Mechanics (0),M,Sep 03 - Dec 08,Ruth Cameron
PHYS 1050,A01 (10364),Physics 1: Mechanics (3),M,"Sep 03 - Dec 08, 09:30-10:20 (MWF)",Jason Bland
PHYS 1050,B05 (12707),Physics 1: Mechanics (0),M,"Sep 03 - Dec 08, 08:30-11:25 (R)",Ruth Cameron
PHYS 1050,B06 (10357),Physics 1: Mechanics (0),M,"Sep 03 - Dec 08, 14:30-17:25 (R)",Ruth Cameron
PHYS 1050,B07 (26576),Physics 1: Mechanics (0),M,"Sep 03 - Dec 08, 11:30-14:25 (W)",Ruth Cameron
PHYS 1050,A03 (10367),Physics 1: Mechanics (3),M,"Sep 03 - Dec 08, 13:30-14:20 (MWF)",Andreas Shalchi Toussi
PHYS 1050,B03 (10353),Physics 1: Mechanics (0),M,"Sep 03 - Dec 08, 14:30-17:25 (T)",Ruth Cameron
PHYS 1070,A01 (14741),Physics 2: Waves and Modern Physics (3),M,"Sep 03 - Dec 08, 13:30-14:20 (MWF)",Savino Longo
PHYS 1070,B99 (15490),Physics 2: Waves and Modern Physics (0),M,Sep 03 - Dec 08,Ruth Cameron
PHYS 1070,B01 (14742),Physics 2: Waves and Modern Physics (0),M,"Sep 03 - Dec 08, 08:30-11:25 (M)",Ruth Cameron
PHYS 2260,A01 (10386),Optics (3),M,"Sep 03 - Dec 08, 11:30-12:20 (MWF)",Jacob Burgess
PHYS 2260,B02 (23615),Optics (0),M,"Sep 03 - Dec 08, 14:30-17:25 (T)",Jacob Burgess
PHYS 2260,B01 (23614),Optics (0),M,"Sep 03 - Dec 08, 14:30-17:25 (M)",Jacob Burgess
PHYS 2272,A01 (22352),Physics for Medicine & Biology (3),M,"Sep 03 - Dec 08, 12:30-13:20 (MWF)",Roy Roshko
PHYS 2496,A01 (19977),Mathematical Physics 1 (3),M,"Sep 03 - Dec 08, 08:30-09:45 (TR)",Kyle Shiells
PHYS 2496,B01 (25691),Mathematical Physics 1 (0),M,"Sep 03 - Dec 08, 11:30-12:45 (R)",Kyle Shiells
PHYS 2600,B01 (21321),Electromagnetic Field Theory (0),M,"Sep 10 - Sep 10, 14:30-17:15 (W)",Juliette Mammei
PHYS 2600,B01 (21321),Electromagnetic Field Theory (0),M,"Nov 26 - Nov 26, 14:30-17:15 (W)",Juliette Mammei
PHYS 2600,A01 (10389),Electromagnetic Field Theory (3),M,"Sep 03 - Dec 08, 13:00-14:15 (TR)",Juliette Mammei
PHYS 2600,B01 (21321),Electromagnetic Field Theory (0),M,"Oct 22 - Oct 22, 14:30-17:15 (W)",Juliette Mammei
PHYS 2600,B01 (21321),Electromagnetic Field Theory (0),M,"Nov 05 - Nov 05, 14:30-17:15 (W)",Juliette Mammei
PHYS 2600,B02 (23616),Electromagnetic Field Theory (0),M,"Oct 29 - Oct 29, 14:30-17:15 (W)",Juliette Mammei
PHYS 2600,B02 (23616),Electromagnetic Field Theory (0),M,"Oct 15 - Oct 15, 14:30-17:15 (W)",Juliette Mammei
PHYS 2600,B02 (23616),Electromagnetic Field Theory (0),M,"Sep 17 - Sep 17, 14:30-17:15 (W)",Juliette Mammei
PHYS 2600,B02 (23616),Electromagnetic Field Theory (0),M,"Dec 03 - Dec 03, 14:30-17:15 (W)",Juliette Mammei
PHYS 2600,B02 (23616),Electromagnetic Field Theory (0),M,"Nov 19 - Nov 19, 14:30-17:15 (W)",Juliette Mammei
PHYS 2600,B01 (21321),Electromagnetic Field Theory (0),M,"Oct 08 - Oct 08, 14:30-17:15 (W)",Juliette Mammei
PHYS 2600,B02 (23616),Electromagnetic Field Theory (0),M,"Oct 01 - Oct 01, 14:30-17:15 (W)",Juliette Mammei
PHYS 2600,B01 (21321),Electromagnetic Field Theory (0),M,"Sep 24 - Sep 24, 14:30-17:15 (W)",Juliette Mammei
PHYS 3430,A01 (10391),Honours Physics Laboratory (Part A) (3),M,"Sep 03 - Dec 08, 14:30-17:15 (TR)",Canming Hu
PHYS 3496,A01 (23618),Mathematical Physics 2 (3),M,"Sep 03 - Dec 08, 11:30-12:45 (TR)",Khodr Shamseddine
PHYS 3500,B01 (26160),"Design, Prototyping and Fabrication for the 21st Century Scientist (0)",M,"Sep 03 - Dec 08, 10:00-11:15 (TR)",Wouter Deconinck
PHYS 3500,A01 (26159),"Design, Prototyping and Fabrication for the 21st Century Scientist (3)",M,"Sep 03 - Dec 08, 08:30-09:45 (TR)",Wouter Deconinck
PHYS 3650,A01 (10392),Classical Mechanics 2 (3),M,"Sep 03 - Dec 08, 10:00-11:15 (TR)",Jacob Burgess
PHYS 4010,A01 (25961),General Relativity and Gravitation (3),M,"Sep 03 - Dec 08, 09:30-10:20 (MWF)",Andreas Shalchi Toussi
PHYS 4300,T06 (24698),Particle Accelerators: Theory and Operation (3),M,"Sep 03 - Dec 08, 11:30-12:45 (TR)",
PHYS 4386,A01 (17168),Quantum Mechanics 3 (3),M,"Sep 03 - Dec 08, 08:30-09:20 (MWF)",Peter Blunden
PHYS 4400,A01 (21326),Linear Systems for Imaging (3),M,"Sep 03 - Dec 08, 10:30-11:20 (MWF)",
PHYS 4646,A01 (25963),Electro - and Magnetodynamics and Special Relativity (3),M,"Sep 03 - Dec 08, 13:30-14:20 (MWF)",Michael Gericke
PHYS 4676,A01 (12701),Honours Thesis - Proposal and Preparation (3),M,Sep 03 - Dec 08,Ruth Cameron
PHYS 4680,A01 (17170),Statistical Mechanics (3),M,"Sep 03 - Dec 08, 10:00-11:15 (TR)",Roy Roshko
PHYS 7010,A01 (25962),General Relativity 1: A Relativistic Theory of Gravity (3),M,"Sep 03 - Dec 08, 09:30-10:20 (MWF)",Andreas Shalchi Toussi
PHYS 7380,A01 (25965),Radiation Biology (3),M,Sep 03 - Dec 08,Eric Van Uytven
PHYS 7400,A01 (21327),Linear Systems for Imaging (3),M,"Sep 03 - Dec 08, 10:30-11:20 (MWF)",
PHYS 7440,T65 (26660),Observational Astronomy (3),M,"Sep 03 - Dec 08, 16:00-17:15 (TR)",Tyrone Woods
PHYS 7440,T25 (24699),Particle Accelerators: Theory and Operation (3),M,"Sep 03 - Dec 08, 11:30-12:45 (TR)",
PHYS 7440,T63 (26573),Foundations of Medical Physics (3),M,Sep 03 - Dec 08,Stephen Pistorius
PHYS 7440,T64 (26608),The Inflationary Universe (3),M,Sep 03 - Dec 08,Evan McDonough
PHYS 7440,T27 (26161),"Design, Prototyping and Fabrication for the 21st Century Scientist (3)",M,"Sep 03 - Dec 08, 08:30-09:45 (TR)",Wouter Deconinck
PHYS 7440,T03 (26712),Quantum Field Theory (3),M,Sep 03 - Dec 08,Gerald Gwinner
PHYS 7440,T13 (25561),Mathematical Physics (3),M,Sep 03 - Dec 08,Peter Blunden
PHYS 7440,B02 (26661),Observational Astronomy (0),M,"Sep 03 - Dec 08, 19:00-21:45 (R)",Tyrone Woods
PHYS 7440,B01 (26162),"Design, Prototyping and Fabrication for the 21st Century Scientist (0)",M,"Sep 03 - Dec 08, 10:00-11:15 (TR)",Wouter Deconinck
PHYS 7560,A01 (25964),Relativistic Quantum Mechanics (3),M,Sep 03 - Dec 08,Michael Gericke
DATA 3010,A01 (22726),Data Science with Real World Data Sets (3),M,"Sep 03 - Dec 08, 14:30-15:45 (TR)",Timothy Zapp
DATA 3010,B01 (22727),Data Science with Real World Data Sets (0),M,"Sep 03 - Dec 08, 12:30-13:20 (W)",TBA
DATA 4010,A01 (23511),Data Science Capstone Project (Part A) (3),M,"Sep 03 - Dec 08, 14:30-15:45 (MW)",Margherita Ferrari
SCI 1000,D02 (26589),Land-based Education for Two-eyed Seeing in Indigenous and Western Science (3),DE,Sep 03 - Dec 08,Shirley Thompson
SCI 1000,T01 (21340),Scientific Method and Beyond (3),M,"Sep 03 - Dec 08, 10:00-11:15 (TR)",Carrie Selin
SCI 3980,K08 (19797),Co-operative Education Work Term 1 (0),WKT,Sep 03 - Dec 08,Lisa Wise
SCI 3980,K11 (19805),Co-operative Education Work Term 1 (0),WKT,Sep 03 - Dec 08,Riyalyn Timpog
SCI 3980,K07 (19793),Co-operative Education Work Term 1 (0),WKT,Sep 03 - Dec 08,Riyalyn Timpog
SCI 3980,K12 (19809),Co-operative Education Work Term 1 (0),WKT,Sep 03 - Dec 08,Riyalyn Timpog
SCI 3980,K06 (19789),Co-operative Education Work Term 1 (0),WKT,Sep 03 - Dec 08,Riyalyn Timpog
SCI 3980,K05 (19785),Co-operative Education Work Term 1 (0),WKT,Sep 03 - Dec 08,Riyalyn Timpog
SCI 3980,K13 (19813),Co-operative Education Work Term 1 (0),WKT,Sep 03 - Dec 08,Geoffrey Anderson
SCI 3980,K10 (19801),Co-operative Education Work Term 1 (0),WKT,Sep 03 - Dec 08,Riyalyn Timpog
SCI 3980,K02 (18590),Co-operative Education Work Term 1 (0),WKT,Sep 03 - Dec 08,Geoffrey Anderson
SCI 3980,K01 (18589),Co-operative Education Work Term 1 (0),WKT,Sep 03 - Dec 08,Geoffrey Anderson
SCI 3980,K14 (21344),Co-operative Education Work Term 1 (0),WKT,Sep 03 - Dec 08,Geoffrey Anderson
SCI 3980,K04 (19781),Co-operative Education Work Term 1 (0),WKT,Sep 03 - Dec 08,Riyalyn Timpog
SCI 3990,K08 (19798),Co-operative Education Work Term 2 (0),WKT,Sep 03 - Dec 08,Lisa Wise
SCI 3990,K01 (19280),Co-operative Education Work Term 2 (0),WKT,Sep 03 - Dec 08,Geoffrey Anderson
SCI 3990,K11 (19806),Co-operative Education Work Term 2 (0),WKT,Sep 03 - Dec 08,Riyalyn Timpog
SCI 3990,K07 (19794),Co-operative Education Work Term 2 (0),WKT,Sep 03 - Dec 08,Riyalyn Timpog
SCI 3990,K14 (21345),Co-operative Education Work Term 2 (0),WKT,Sep 03 - Dec 08,Geoffrey Anderson
SCI 3990,K10 (19802),Co-operative Education Work Term 2 (0),WKT,Sep 03 - Dec 08,Riyalyn Timpog
SCI 3990,K02 (19281),Co-operative Education Work Term 2 (0),WKT,Sep 03 - Dec 08,Geoffrey Anderson
SCI 3990,K12 (19810),Co-operative Education Work Term 2 (0),WKT,Sep 03 - Dec 08,Riyalyn Timpog
SCI 3990,K05 (19786),Co-operative Education Work Term 2 (0),WKT,Sep 03 - Dec 08,Riyalyn Timpog
SCI 3990,K13 (19814),Co-operative Education Work Term 2 (0),WKT,Sep 03 - Dec 08,Geoffrey Anderson
SCI 3990,K06 (19790),Co-operative Education Work Term 2 (0),WKT,Sep 03 - Dec 08,Riyalyn Timpog
SCI 3990,K04 (19782),Co-operative Education Work Term 2 (0),WKT,Sep 03 - Dec 08,Riyalyn Timpog
SCI 4980,K14 (21346),Co-operative Education Work Term 3 (0),WKT,Sep 03 - Dec 08,Geoffrey Anderson
SCI 4980,K12 (19811),Co-operative Education Work Term 3 (0),WKT,Sep 03 - Dec 08,Riyalyn Timpog
SCI 4980,K13 (19815),Co-operative Education Work Term 3 (0),WKT,Sep 03 - Dec 08,Geoffrey Anderson
SCI 4980,K10 (19803),Co-operative Education Work Term 3 (0),WKT,Sep 03 - Dec 08,Riyalyn Timpog
SCI 4980,K11 (19807),Co-operative Education Work Term 3 (0),WKT,Sep 03 - Dec 08,Riyalyn Timpog
SCI 4980,K08 (19799),Co-operative Education Work Term 3 (0),WKT,Sep 03 - Dec 08,Lisa Wise
SCI 4980,K02 (19375),Co-operative Education Work Term 3 (0),WKT,Sep 03 - Dec 08,Geoffrey Anderson
SCI 4980,K04 (19783),Co-operative Education Work Term 3 (0),WKT,Sep 03 - Dec 08,Riyalyn Timpog
SCI 4980,K05 (19787),Co-operative Education Work Term 3 (0),WKT,Sep 03 - Dec 08,Riyalyn Timpog
SCI 4980,K06 (19791),Co-operative Education Work Term 3 (0),WKT,Sep 03 - Dec 08,Riyalyn Timpog
SCI 4980,K01 (19282),Co-operative Education Work Term 3 (0),WKT,Sep 03 - Dec 08,Geoffrey Anderson
SCI 4980,K07 (19795),Co-operative Education Work Term 3 (0),WKT,Sep 03 - Dec 08,Riyalyn Timpog
SCI 4990,K06 (19792),Co-operative Education Work Term 4 (0),WKT,Sep 03 - Dec 08,Riyalyn Timpog
SCI 4990,K11 (19808),Co-operative Education Work Term 4 (0),WKT,Sep 03 - Dec 08,Riyalyn Timpog
SCI 4990,K14 (21347),Co-operative Education Work Term 4 (0),WKT,Sep 03 - Dec 08,Geoffrey Anderson
SCI 4990,K10 (19804),Co-operative Education Work Term 4 (0),WKT,Sep 03 - Dec 08,Riyalyn Timpog
SCI 4990,K13 (19816),Co-operative Education Work Term 4 (0),WKT,Sep 03 - Dec 08,Geoffrey Anderson
SCI 4990,K01 (19817),Co-operative Education Work Term 4 (0),WKT,Sep 03 - Dec 08,Geoffrey Anderson
SCI 4990,K07 (19796),Co-operative Education Work Term 4 (0),WKT,Sep 03 - Dec 08,Riyalyn Timpog
SCI 4990,K04 (19784),Co-operative Education Work Term 4 (0),WKT,Sep 03 - Dec 08,Riyalyn Timpog
SCI 4990,K12 (19812),Co-operative Education Work Term 4 (0),WKT,Sep 03 - Dec 08,Riyalyn Timpog
SCI 4990,K05 (19788),Co-operative Education Work Term 4 (0),WKT,Sep 03 - Dec 08,Riyalyn Timpog
SCI 4990,K02 (19283),Co-operative Education Work Term 4 (0),WKT,Sep 03 - Dec 08,Geoffrey Anderson
SCI 4990,K08 (19800),Co-operative Education Work Term 4 (0),WKT,Sep 03 - Dec 08,Lisa Wise
STAT 1000,B09 (22435),Basic Statistical Analysis 1 (0),M,"Sep 03 - Dec 08, 15:30-16:20 (M)",Gayathri Subasinghe
STAT 1000,B14 (15978),Basic Statistical Analysis 1 (0),M,"Sep 03 - Dec 08, 14:30-15:20 (T)",Bryce Jorgenson
STAT 1000,B13 (22436),Basic Statistical Analysis 1 (0),M,"Sep 03 - Dec 08, 14:30-15:20 (T)",Sloane Walker
STAT 1000,B12 (15977),Basic Statistical Analysis 1 (0),M,"Sep 03 - Dec 08, 08:30-09:20 (T)",Liam Elson
STAT 1000,B11 (15976),Basic Statistical Analysis 1 (0),M,"Sep 03 - Dec 08, 08:30-09:20 (T)",Nguyen Xuan Thien Lu
STAT 1000,B10 (15974),Basic Statistical Analysis 1 (0),M,"Sep 03 - Dec 08, 16:30-17:20 (M)",Carolyn Wang
STAT 1000,B04 (22434),Basic Statistical Analysis 1 (0),M,"Sep 03 - Dec 08, 14:30-15:20 (M)",Sloane Walker
STAT 1000,B07 (16002),Basic Statistical Analysis 1 (0),M,"Sep 03 - Dec 08, 15:30-16:20 (M)",Le An Lac
STAT 1000,B06 (15973),Basic Statistical Analysis 1 (0),M,"Sep 03 - Dec 08, 14:30-15:20 (M)",Junghee Han
STAT 1000,B05 (15972),Basic Statistical Analysis 1 (0),M,"Sep 03 - Dec 08, 14:30-15:20 (M)",Shalini Kaushalya Jayanetti Arachchi
STAT 1000,B03 (15970),Basic Statistical Analysis 1 (0),M,"Sep 03 - Dec 08, 14:30-15:20 (M)",Le An Lac
STAT 1000,B15 (16007),Basic Statistical Analysis 1 (0),M,"Sep 03 - Dec 08, 14:30-15:20 (T)",Maeryn Rempel
STAT 1000,B08 (16010),Basic Statistical Analysis 1 (0),M,"Sep 03 - Dec 08, 15:30-16:20 (M)",Shalini Kaushalya Jayanetti Arachchi
STAT 1000,B16 (15981),Basic Statistical Analysis 1 (0),M,"Sep 03 - Dec 08, 14:30-15:20 (T)",Mary Kristin Rosfel Lozano
STAT 1000,B25 (16004),Basic Statistical Analysis 1 (0),M,"Sep 03 - Dec 08, 14:30-15:20 (W)",Ashleigh Veronica Sanchez
STAT 1000,B18 (15997),Basic Statistical Analysis 1 (0),M,"Sep 03 - Dec 08, 15:30-16:20 (T)",Maeryn Rempel
STAT 1000,B19 (15998),Basic Statistical Analysis 1 (0),M,"Sep 03 - Dec 08, 15:30-16:20 (T)",Funmilola Taiwo
STAT 1000,B20 (22437),Basic Statistical Analysis 1 (0),M,"Sep 03 - Dec 08, 15:30-16:20 (T)",Jason Daniel James
STAT 1000,B21 (16003),Basic Statistical Analysis 1 (0),M,"Sep 03 - Dec 08, 16:30-17:20 (T)",Carolyn Wang
STAT 1000,B22 (15999),Basic Statistical Analysis 1 (0),M,"Sep 03 - Dec 08, 08:30-09:20 (W)",Guanhong Xiao
STAT 1000,B23 (16000),Basic Statistical Analysis 1 (0),M,"Sep 03 - Dec 08, 14:30-15:20 (W)",Keenan Gowdar
STAT 1000,B24 (15979),Basic Statistical Analysis 1 (0),M,"Sep 03 - Dec 08, 14:30-15:20 (W)",Guanhong Xiao
STAT 1000,B26 (16005),Basic Statistical Analysis 1 (0),M,"Sep 03 - Dec 08, 14:30-15:20 (W)",Bryce Jorgenson
STAT 1000,B27 (16006),Basic Statistical Analysis 1 (0),M,"Sep 03 - Dec 08, 14:30-15:20 (W)",Leanne Von Giese
STAT 1000,B28 (16008),Basic Statistical Analysis 1 (0),M,"Sep 03 - Dec 08, 15:30-16:20 (W)",Guanhong Xiao
STAT 1000,B29 (16011),Basic Statistical Analysis 1 (0),M,"Sep 03 - Dec 08, 15:30-16:20 (W)",Oluwasemilore Adegoroye
STAT 1000,B30 (16012),Basic Statistical Analysis 1 (0),M,"Sep 03 - Dec 08, 15:30-16:20 (W)",Funmilola Taiwo
STAT 1000,D01 (10732),Basic Statistical Analysis 1 (3),DE,Sep 03 - Dec 08,Xiaoke Qin
STAT 1000,B17 (15982),Basic Statistical Analysis 1 (0),M,"Sep 03 - Dec 08, 14:30-15:20 (T)",Yushu Shao
STAT 1000,B02 (15969),Basic Statistical Analysis 1 (0),M,"Sep 03 - Dec 08, 14:30-15:20 (M)",Gayathri Subasinghe
STAT 1000,A07 (10094),Basic Statistical Analysis 1 (3),M,"Sep 03 - Dec 08, 13:00-14:15 (TR)",Carrie Madden
STAT 1000,A01 (21202),Basic Statistical Analysis 1 (3),M,"Sep 03 - Dec 08, 08:30-09:20 (MWF)",Balage Don Harshani De Silva
STAT 1000,A05 (10090),Basic Statistical Analysis 1 (3),M,"Sep 03 - Dec 08, 11:30-12:20 (MWF)",Tessa Reimer
STAT 1000,A06 (10097),Basic Statistical Analysis 1 (3),M,"Sep 03 - Dec 08, 13:30-14:20 (MWF)",Andrew Morris
STAT 1000,A02 (10091),Basic Statistical Analysis 1 (3),M,"Sep 03 - Dec 08, 09:30-10:20 (MWF)",Andrew Morris
STAT 1000,B01 (15966),Basic Statistical Analysis 1 (0),M,"Sep 03 - Dec 08, 08:30-09:20 (M)",Shalini Kaushalya Jayanetti Arachchi
STAT 1000,A03 (10092),Basic Statistical Analysis 1 (3),M,"Sep 03 - Dec 08, 10:00-11:15 (TR)",Carrie Madden
STAT 1150,B09 (24460),Introduction to Statistics and Computing (0),M,"Sep 03 - Dec 08, 10:30-11:20 (T)",Sonja Friesen
STAT 1150,B07 (23460),Introduction to Statistics and Computing (0),M,"Sep 03 - Dec 08, 08:30-09:20 (T)",Balage Don Harshani De Silva
STAT 1150,B05 (23458),Introduction to Statistics and Computing (0),M,"Sep 03 - Dec 08, 09:30-10:20 (W)",Adam Kupiak
STAT 1150,B08 (23461),Introduction to Statistics and Computing (0),M,"Sep 03 - Dec 08, 09:30-10:20 (T)",Balage Don Harshani De Silva
STAT 1150,B04 (16022),Introduction to Statistics and Computing (0),M,"Sep 03 - Dec 08, 08:30-09:20 (W)",Chloë Galenzoski
STAT 1150,A02 (23457),Introduction to Statistics and Computing (3),M,"Sep 03 - Dec 08, 11:30-12:20 (MWF)",Aleeza Gerstein
STAT 1150,B03 (16021),Introduction to Statistics and Computing (0),M,"Sep 03 - Dec 08, 15:30-16:20 (T)",Marie-Jeanne Leblanc
STAT 1150,B06 (23459),Introduction to Statistics and Computing (0),M,"Sep 03 - Dec 08, 10:30-11:20 (W)",Kyle Offenloch
STAT 1150,B02 (16018),Introduction to Statistics and Computing (0),M,"Sep 03 - Dec 08, 14:30-15:20 (T)",Heshani Mendis
STAT 1150,B10 (24461),Introduction to Statistics and Computing (0),M,"Sep 03 - Dec 08, 13:30-14:20 (W)",Marie-Jeanne Leblanc
STAT 1150,B11 (24462),Introduction to Statistics and Computing (0),M,"Sep 03 - Dec 08, 14:30-15:20 (W)",Nayanthi Karunanayake
STAT 1150,B12 (24464),Introduction to Statistics and Computing (0),M,"Sep 03 - Dec 08, 15:30-16:20 (W)",Nayanthi Karunanayake
STAT 1150,A01 (16016),Introduction to Statistics and Computing (3),M,"Sep 03 - Dec 08, 10:00-11:15 (TR)",Andrew Morris
STAT 1150,B01 (22433),Introduction to Statistics and Computing (0),M,"Sep 03 - Dec 08, 13:30-14:20 (T)",Heshani Mendis
STAT 2000,B10 (16032),Basic Statistical Analysis 2 (0),M,"Sep 03 - Dec 08, 14:30-15:20 (F)",
STAT 2000,B08 (16030),Basic Statistical Analysis 2 (0),M,"Sep 03 - Dec 08, 14:30-15:20 (F)",Thimani Dananjana Ranathungage
STAT 2000,B11 (24454),Basic Statistical Analysis 2 (0),M,"Sep 03 - Dec 08, 14:30-15:20 (F)",Heshani Mendis
STAT 2000,B12 (24455),Basic Statistical Analysis 2 (0),M,"Sep 03 - Dec 08, 15:30-16:20 (F)",Thimani Dananjana Ranathungage
STAT 2000,A02 (10098),Basic Statistical Analysis 2 (3),M,"Sep 03 - Dec 08, 11:30-12:45 (TR)",Carrie Madden
STAT 2000,B07 (18517),Basic Statistical Analysis 2 (0),M,"Sep 03 - Dec 08, 08:30-09:20 (F)",
STAT 2000,A01 (10099),Basic Statistical Analysis 2 (3),M,"Sep 03 - Dec 08, 10:30-11:20 (MWF)",Tessa Reimer
STAT 2000,B06 (16027),Basic Statistical Analysis 2 (0),M,"Sep 03 - Dec 08, 16:30-17:20 (R)",
STAT 2000,B01 (16024),Basic Statistical Analysis 2 (0),M,"Sep 03 - Dec 08, 08:30-09:20 (R)",Mohammad Alamgir Chowdhury
STAT 2000,B09 (16031),Basic Statistical Analysis 2 (0),M,"Sep 03 - Dec 08, 14:30-15:20 (F)",Wewalage Fernando
STAT 2000,B05 (16028),Basic Statistical Analysis 2 (0),M,"Sep 03 - Dec 08, 15:30-16:20 (R)",Simon Dueck
STAT 2000,A03 (24453),Basic Statistical Analysis 2 (3),M,"Sep 03 - Dec 08, 09:30-10:20 (MWF)",Avanthi Moragammana Gedara
STAT 2000,B02 (16025),Basic Statistical Analysis 2 (0),M,"Sep 03 - Dec 08, 14:30-15:20 (R)",Klara Gagnon
STAT 2000,B04 (16026),Basic Statistical Analysis 2 (0),M,"Sep 03 - Dec 08, 14:30-15:20 (R)",Simon Dueck
STAT 2000,B03 (16029),Basic Statistical Analysis 2 (0),M,"Sep 03 - Dec 08, 14:30-15:20 (R)",Spencer Brule
STAT 2150,B06 (25554),Statistics and Computing (0),M,"Sep 03 - Dec 08, 10:30-11:20 (R)",Goyumi Kumarasiri
STAT 2150,A01 (17120),Statistics and Computing (3),M,"Sep 03 - Dec 08, 12:30-13:20 (MWF)",Nayanthi Karunanayake
STAT 2150,B01 (17123),Statistics and Computing (0),M,"Sep 03 - Dec 08, 13:30-14:20 (R)",R. R. W. G. B. Madhawa Hulangamuwa
STAT 2150,B02 (17124),Statistics and Computing (0),M,"Sep 03 - Dec 08, 14:30-15:20 (R)",Sonja Friesen
STAT 2150,B05 (25553),Statistics and Computing (0),M,"Sep 03 - Dec 08, 09:30-10:20 (R)",Goyumi Kumarasiri
STAT 2150,B03 (17122),Statistics and Computing (0),M,"Sep 03 - Dec 08, 09:30-10:20 (F)",Adambarage De Alwis
STAT 2150,B04 (24440),Statistics and Computing (0),M,"Sep 03 - Dec 08, 10:30-11:20 (F)",Adambarage De Alwis
STAT 2150,B07 (25555),Statistics and Computing (0),M,"Sep 03 - Dec 08, 13:30-14:20 (F)",Caway Xiong
STAT 2150,B08 (25882),Statistics and Computing (0),M,"Sep 03 - Dec 08, 14:30-15:20 (F)",R. R. W. G. B. Madhawa Hulangamuwa
STAT 2150,A02 (25552),Statistics and Computing (3),M,"Sep 03 - Dec 08, 13:00-14:15 (TR)",Wenmin Zhang
STAT 2220,A01 (10100),Contemporary Statistics for Engineers (3),M,"Sep 03 - Dec 08, 11:30-12:20 (MWF)",Guanhong Xiao
STAT 2220,B01 (23835),Contemporary Statistics for Engineers (0),M,"Sep 03 - Dec 08, 08:30-09:45 (R)",Tessa Reimer
STAT 2300,A01 (22430),Principles of Data Collection (3),M,"Sep 03 - Dec 08, 10:30-11:20 (MWF)",Hina Shaheen
STAT 2400,B01 (23820),Introduction to Probability 1 (0),M,"Sep 03 - Dec 08, 14:30-15:45 (W)",Callum Lehingrat
STAT 2400,A01 (11189),Introduction to Probability 1 (3),M,"Sep 03 - Dec 08, 09:30-10:20 (MWF)",Marcus Hlady
STAT 2800,B01 (23821),Introduction to Probability 2 (0),M,"Sep 03 - Dec 08, 14:30-15:45 (M)",Qiao Tang
STAT 2800,A01 (19996),Introduction to Probability 2 (3),M,"Sep 03 - Dec 08, 09:30-10:20 (MWF)",
STAT 3000,A01 (11515),Applied Linear Statistical Models (3),M,"Sep 03 - Dec 08, 08:30-09:45 (TR)",Jenna Tichon
STAT 3100,B01 (23822),Introduction to Statistical Inference (0),M,"Sep 03 - Dec 08, 14:30-15:45 (W)",Noah Regnander Farrell
STAT 3100,A01 (19997),Introduction to Statistical Inference (3),M,"Sep 03 - Dec 08, 08:30-09:45 (TR)",Xiaoting Li
STAT 3150,A01 (19998),Statistical Computing (3),M,"Sep 03 - Dec 08, 08:30-09:20 (MWF)",Sumeet Kalia
STAT 3380,A01 (25883),Introduction to Nonparametric Statistics (3),M,"Sep 03 - Dec 08, 13:00-14:15 (TR)",Andrew Morris
STAT 3450,A01 (19999),Linear Models (3),M,"Sep 03 - Dec 08, 11:30-12:45 (TR)",Saumendranath Mandal
STAT 4100,A01 (11517),Statistical Inference (3),M,"Sep 03 - Dec 08, 08:30-09:45 (TR)",Yuliya Martsynyuk
STAT 4100,B01 (23823),Statistical Inference (0),M,"Sep 03 - Dec 08, 16:30-18:00 (T)",Jervis Gallanosa
STAT 4150,A01 (21204),Bayesian Analysis and Computing (3),M,"Sep 03 - Dec 08, 11:30-12:20 (MWF)",Palavinnage Muthukumarana
STAT 4150,B01 (21205),Bayesian Analysis and Computing (0),M,"Sep 03 - Dec 08, 14:30-15:45 (M)",Nayanthi Karunanayake
STAT 4170,A01 (24687),Lifetime Data Analysis (3),M,"Sep 03 - Dec 08, 13:00-14:15 (TR)",Kevin McGregor
STAT 4910,B01 (25885),Statistical Natural Language Processing (0),M,"Sep 03 - Dec 08, 09:00-10:15 (M)",
STAT 4910,T01 (25884),Statistical Natural Language Processing (3),M,"Sep 03 - Dec 08, 13:30-14:20 (MWF)",Lei Ding
STAT 4950,A01 (23465),Honours Thesis in Statistics (Part A) (3),M,"Sep 03 - Dec 08, 10:00-11:15 (TR)",Alexandre Leblanc
STAT 7080,A01 (24688),Advanced Statistical Inference (3),M,"Sep 03 - Dec 08, 10:00-11:15 (TR)",Mohammad Jafari Jozani
STAT 7240,T02 (24686),Advanced Lifetime Data Analysis (3),M,"Sep 03 - Dec 08, 13:00-14:15 (TR)",Kevin McGregor
STAT 7250,B01 (26474),Statistical Natural Language Processing (0),M,"Sep 03 - Dec 08, 09:00-10:15 (M)",
STAT 7250,T02 (26475),Statistical Natural Language Processing (3),M,"Sep 03 - Dec 08, 13:30-14:20 (MWF)",Lei Ding
STAT 7270,B01 (24690),Bayesian Inference (0),M,"Sep 03 - Dec 08, 14:30-15:45 (M)",TBA
STAT 7270,A01 (21206),Bayesian Inference (3),M,"Sep 03 - Dec 08, 11:30-12:20 (MWF)",Palavinnage Muthukumarana
STAT 7320,A01 (14753),Research Project in Statistics (3),M,Sep 03 - Dec 08,Palavinnage Muthukumarana
ENG 7800,K01 (25480),Biosystems M.Eng. Co-op/IIP Work Term (0),WKT,Sep 03 - Dec 08,Ramanathan Sri Ranjan
CIVL 2800,A01 (10598),Solid Mechanics 1 (4),M,"Sep 03 - Dec 08, 09:30-10:20 (MWF)",Huma Khalid
CIVL 2800,A01 (10598),Solid Mechanics 1 (4),M,"Sep 03 - Dec 08, 14:30-17:15 (W)",Huma Khalid
CIVL 2830,A01 (11209),Graphics for Civil Engineers (2),M,"Sep 03 - Dec 08, 14:30-17:15 (T)",Christopher Laing
CIVL 2830,A02 (11210),Graphics for Civil Engineers (2),M,"Sep 03 - Dec 08, 14:30-17:15 (R)",Christopher Laing
CIVL 2840,A01 (11206),Civil Engineering Geomatics (3),M,"Sep 03 - Dec 08, 10:00-11:20 (T)",James Bartz
CIVL 2840,B02 (11208),Civil Engineering Geomatics (0),M,"Sep 03 - Dec 08, 14:30-17:15 (R)",James Bartz
CIVL 2840,B01 (11207),Civil Engineering Geomatics (0),M,"Sep 03 - Dec 08, 14:30-17:15 (T)",James Bartz
CIVL 3690,A01 (10632),Environmental Engineering Analysis (4),M,"Sep 03 - Dec 08, 13:00-14:15 (TR)",Chengjin Wang
CIVL 3690,B02 (10634),Environmental Engineering Analysis (0),M,"Sep 03 - Dec 08, 14:30-17:15 (R)",Chengjin Wang
CIVL 3690,B01 (10633),Environmental Engineering Analysis (0),M,"Sep 03 - Dec 08, 14:30-17:15 (T)",Chengjin Wang
CIVL 3710,A01 (11625),Finite Element Analysis (4),M,"Sep 03 - Dec 08, 10:00-11:20 (R)",Young Cha
CIVL 3710,A01 (11625),Finite Element Analysis (4),M,"Sep 03 - Dec 08, 08:30-09:45 (TR)",Young Cha
CIVL 3730,A01 (10635),Geotechnical Materials and Analysis (4),M,"Sep 03 - Dec 08, 10:00-11:20 (T)",Marolo Alfaro
CIVL 3730,A01 (10635),Geotechnical Materials and Analysis (4),M,"Sep 03 - Dec 08, 13:30-14:20 (MWF)",Marolo Alfaro
CIVL 3750,K01 (25497),Hydrology (4),M,"Sep 03 - Dec 08, 14:30-16:20 (F)",Masoud Asadzadeh
CIVL 3750,K01 (25497),Hydrology (4),M,"Sep 03 - Dec 08, 10:30-11:20 (MWF)",Masoud Asadzadeh
CIVL 3760,A01 (10637),Structural Analysis (4),M,"Sep 03 - Dec 08, 10:00-11:20 (R)",Dagmar Svecova
CIVL 3760,A01 (10637),Structural Analysis (4),M,"Sep 03 - Dec 08, 08:30-09:45 (TR)",Dagmar Svecova
CIVL 3790,A01 (10638),Fundamentals of Transportation and Traffic Engineering (4),M,"Sep 03 - Dec 08, 14:30-16:20 (M)",Babak Mehran
CIVL 3790,A01 (10638),Fundamentals of Transportation and Traffic Engineering (4),M,"Sep 03 - Dec 08, 09:30-10:20 (MWF)",Babak Mehran
CIVL 4022,A01 (26200),Design of Concrete Mixtures (4),M,"Sep 03 - Dec 08, 14:30-16:20 (F)",Mohamed Bassuoni
CIVL 4022,A01 (26200),Design of Concrete Mixtures (4),M,"Sep 03 - Dec 08, 11:30-12:45 (TR)",Mohamed Bassuoni
CIVL 4130,A01 (26201),Solid Waste Management (4),M,"Sep 03 - Dec 08, 11:30-12:45 (TR)",Chengjin Wang
CIVL 4130,A01 (26201),Solid Waste Management (4),M,"Sep 03 - Dec 08, 14:30-16:20 (F)",Chengjin Wang
CIVL 4220,A01 (10640),Geotechnical Design (4),M,"Sep 03 - Dec 08, 09:30-10:20 (MWF)",James Bartz
CIVL 4220,A01 (10640),Geotechnical Design (4),M,"Sep 03 - Dec 08, 14:30-16:20 (M)",James Bartz
CIVL 4250,A01 (26198),Ground Water Hydrology (4),M,"Sep 03 - Dec 08, 16:00-17:20 (T)",James Blatz
CIVL 4250,A01 (26198),Ground Water Hydrology (4),M,"Sep 03 - Dec 08, 08:30-09:20 (MWF)",James Blatz
CIVL 4332,A01 (16148),Civil Engineering Thesis Project (4),M,Sep 03 - Dec 08,Jonathan Regehr
CIVL 4380,A01 (11624),Infrastructure Engineering and Construction Management (4),M,"Sep 03 - Dec 08, 14:30-15:50 (T)",Gursans Guven Isin
CIVL 4380,A01 (11624),Infrastructure Engineering and Construction Management (4),M,"Sep 03 - Dec 08, 11:30-12:20 (MWF)",Gursans Guven Isin
CIVL 4390,A01 (10663),Reinforced Concrete Structures (4),M,"Sep 03 - Dec 08, 14:30-16:20 (W)",Ehab El-Salakawy
CIVL 4390,A01 (10663),Reinforced Concrete Structures (4),M,"Sep 03 - Dec 08, 10:30-11:20 (MWF)",Ehab El-Salakawy
CIVL 4400,A01 (10672),Transportation Engineering Design (4),M,"Sep 03 - Dec 08, 10:00-11:20 (T)",Jonathan Regehr
CIVL 4400,A01 (10672),Transportation Engineering Design (4),M,"Sep 03 - Dec 08, 13:30-14:20 (MWF)",Jonathan Regehr
CIVL 4412,A01 (26202),Design & Operation of Public Transportation Systems (4),M,"Sep 03 - Dec 08, 12:30-13:20 (MWF)",Babak Mehran
CIVL 4412,A01 (26202),Design & Operation of Public Transportation Systems (4),M,"Sep 03 - Dec 08, 14:30-15:50 (R)",Babak Mehran
CIVL 4470,A01 (26262),Watershed Processes (4),M,"Sep 03 - Dec 08, 12:30-13:20 (MWF)",Masoud Asadzadeh
CIVL 4470,A01 (26262),Watershed Processes (4),M,"Sep 03 - Dec 08, 14:30-15:50 (R)",Masoud Asadzadeh
CIVL 7350,T17 (26549),Advanced Deep Learning for Structural Health Monitoring (3),M,Sep 03 - Dec 08,Young Cha
CIVL 7350,T16 (26548),Construction Planning and Simulation (3),M,"Sep 03 - Dec 08, 09:30-12:20 (T)",Gursans Guven Isin
CIVL 7350,T14 (26547),Nonlinear Analysis of Structural Frames (3),M,"Sep 03 - Dec 08, 10:00-13:00 (T)",Graziano Fiorillo
CIVL 7430,T03 (26550),Risk Management in Geotechnical Engineering (3),M,"Sep 03 - Dec 08, 08:30-11:30 (T)",James Blatz
CIVL 7658,A01 (26551),Computational Hydraulics (3),M,"Sep 03 - Dec 08, 08:30-10:00 (TR)",Karen Dow
CIVL 7740,T05 (26524),Hydroclimatology for Water Resources Management (3),M,"Sep 03 - Dec 08, 09:00-12:00 (M)",Donghoon Lee
CIVL 7778,A01 (26552),Durability of Concrete (3),M,"Sep 03 - Dec 08, 11:00-14:00 (M)",Mohamed Bassuoni
CIVL 7790,A01 (26554),Pavement Evaluation and Performance (3),M,"Sep 03 - Dec 08, 13:00-16:00 (W)",Ahmed Shalaby
CIVL 7930,A02 (26557),Theory of Waste Treatment (3),M,Sep 03 - Dec 08,Qiuyan Yuan
BME 7000,A01 (12813),Biomedical Engineering Seminar (0),OC,"Sep 03 - Dec 08, 16:00-17:00 (R)",Ke Peng
BME 7022,A01 (16947),Biomedical Instrumentation (2),M,"Sep 03 - Dec 08, 11:30-12:45 (TR)",Ke Peng
BME 7026,A01 (19472),Basics of Biological Signal Analysis (2),M,"Sep 03 - Dec 08, 10:00-11:15 (TR)",Ke Peng
BME 7040,A01 (26702),Biomedical Ethics (0),M,Sep 03 - Dec 08,Bertram Unger
ECE 2220,B03 (10917),Digital Logic Systems (0),M,"Sep 03 - Dec 08, 14:30-17:15 (R)",Douglas Buchanan
ECE 2220,B04 (11884),Digital Logic Systems (0),M,"Sep 03 - Dec 08, 14:30-17:15 (F)",Douglas Buchanan
ECE 2220,B01 (10912),Digital Logic Systems (0),M,"Sep 03 - Dec 08, 11:30-14:15 (W)",Douglas Buchanan
ECE 2220,B02 (10916),Digital Logic Systems (0),M,"Sep 03 - Dec 08, 14:30-17:15 (W)",Douglas Buchanan
ECE 2220,A01 (10911),Digital Logic Systems (5),M,"Sep 03 - Dec 08, 09:30-10:20 (MWF)",Douglas Buchanan
ECE 2262,A01 (11269),Electric Circuits (4),M,"Sep 03 - Dec 08, 13:00-14:15 (T)",Shaahin Filizadeh
ECE 2262,B01 (11270),Electric Circuits (0),M,"Nov 24 - Nov 24, 14:30-17:15 (M)",Shaahin Filizadeh
ECE 2262,B01 (11270),Electric Circuits (0),M,"Sep 22 - Sep 22, 14:30-17:15 (M)",Shaahin Filizadeh
ECE 2262,B01 (11270),Electric Circuits (0),M,"Oct 06 - Oct 06, 14:30-17:15 (M)",Shaahin Filizadeh
ECE 2262,B01 (11270),Electric Circuits (0),M,"Oct 20 - Oct 20, 14:30-17:15 (M)",Shaahin Filizadeh
ECE 2262,B01 (11270),Electric Circuits (0),M,"Nov 03 - Nov 03, 14:30-17:15 (M)",Shaahin Filizadeh
ECE 2262,B03 (11272),Electric Circuits (0),M,"Nov 26 - Nov 26, 14:30-17:15 (W)",Shaahin Filizadeh
ECE 2262,B03 (11272),Electric Circuits (0),M,"Nov 05 - Nov 05, 14:30-17:15 (W)",Shaahin Filizadeh
ECE 2262,B03 (11272),Electric Circuits (0),M,"Sep 24 - Sep 24, 14:30-17:15 (W)",Shaahin Filizadeh
ECE 2262,B03 (11272),Electric Circuits (0),M,"Oct 08 - Oct 08, 14:30-17:15 (W)",Shaahin Filizadeh
ECE 2262,B03 (11272),Electric Circuits (0),M,"Oct 22 - Oct 22, 14:30-17:15 (W)",Shaahin Filizadeh
ECE 2262,B04 (25856),Electric Circuits (0),M,"Sep 25 - Sep 25, 14:30-17:30 (R)",Shaahin Filizadeh
ECE 2262,B04 (25856),Electric Circuits (0),M,"Oct 09 - Oct 09, 14:30-17:30 (R)",Shaahin Filizadeh
ECE 2262,B04 (25856),Electric Circuits (0),M,"Oct 23 - Oct 23, 14:30-17:30 (R)",Shaahin Filizadeh
ECE 2262,A01 (11269),Electric Circuits (4),M,"Sep 03 - Dec 08, 10:00-11:15 (TR)",Shaahin Filizadeh
ECE 2262,B04 (25856),Electric Circuits (0),M,"Nov 06 - Nov 06, 14:30-17:30 (R)",Shaahin Filizadeh
ECE 2262,B02 (11271),Electric Circuits (0),M,"Nov 25 - Nov 25, 14:30-17:15 (T)",Shaahin Filizadeh
ECE 2262,B02 (11271),Electric Circuits (0),M,"Oct 21 - Oct 21, 14:30-17:15 (T)",Shaahin Filizadeh
ECE 2262,B02 (11271),Electric Circuits (0),M,"Nov 04 - Nov 04, 14:30-17:15 (T)",Shaahin Filizadeh
ECE 2262,B02 (11271),Electric Circuits (0),M,"Sep 23 - Sep 23, 14:30-17:15 (T)",Shaahin Filizadeh
ECE 2262,B02 (11271),Electric Circuits (0),M,"Oct 07 - Oct 07, 14:30-17:15 (T)",Shaahin Filizadeh
ECE 2262,B04 (25856),Electric Circuits (0),M,"Nov 27 - Nov 27, 14:30-17:30 (R)",Shaahin Filizadeh
ECE 3400,B01 (25210),Engineering Algorithms 2 (0),M,"Oct 08 - Oct 08, 14:30-17:30 (W)",Sherif Sherif
ECE 3400,B01 (25210),Engineering Algorithms 2 (0),M,"Nov 05 - Nov 05, 14:30-17:30 (W)",Sherif Sherif
ECE 3400,B01 (25210),Engineering Algorithms 2 (0),M,"Nov 26 - Nov 26, 14:30-17:30 (W)",Sherif Sherif
ECE 3400,B02 (25857),Engineering Algorithms 2 (0),M,"Sep 25 - Sep 25, 14:30-17:30 (R)",Sherif Sherif
ECE 3400,B02 (25857),Engineering Algorithms 2 (0),M,"Oct 09 - Oct 09, 14:30-17:30 (R)",Sherif Sherif
ECE 3400,B02 (25857),Engineering Algorithms 2 (0),M,"Oct 23 - Oct 23, 14:30-17:30 (R)",Sherif Sherif
ECE 3400,B02 (25857),Engineering Algorithms 2 (0),M,"Nov 06 - Nov 06, 14:30-17:30 (R)",Sherif Sherif
ECE 3400,A01 (25209),Engineering Algorithms 2 (4),M,"Sep 03 - Dec 08, 13:30-14:20 (MWF)",Sherif Sherif
ECE 3400,B01 (25210),Engineering Algorithms 2 (0),M,"Sep 24 - Sep 24, 14:30-17:30 (W)",Sherif Sherif
ECE 3400,B02 (25857),Engineering Algorithms 2 (0),M,"Nov 27 - Nov 27, 14:30-17:30 (R)",Sherif Sherif
ECE 3400,B01 (25210),Engineering Algorithms 2 (0),M,"Oct 22 - Oct 22, 14:30-17:30 (W)",Sherif Sherif
ECE 3580,B02 (11536),Foundations of Electromagnetics (0),M,"Oct 07 - Oct 07, 14:30-17:15 (T)",Elham Salimi
ECE 3580,B02 (11536),Foundations of Electromagnetics (0),M,"Oct 21 - Oct 21, 14:30-17:15 (T)",Elham Salimi
ECE 3580,B02 (11536),Foundations of Electromagnetics (0),M,"Nov 04 - Nov 04, 14:30-17:15 (T)",Elham Salimi
ECE 3580,B02 (11536),Foundations of Electromagnetics (0),M,"Nov 25 - Nov 25, 14:30-17:15 (T)",Elham Salimi
ECE 3580,B02 (11536),Foundations of Electromagnetics (0),M,"Sep 23 - Sep 23, 14:30-17:15 (T)",Elham Salimi
ECE 3580,B01 (11535),Foundations of Electromagnetics (0),M,"Oct 06 - Oct 06, 14:30-17:15 (M)",Elham Salimi
ECE 3580,B01 (11535),Foundations of Electromagnetics (0),M,"Nov 24 - Nov 24, 14:30-17:15 (M)",Elham Salimi
ECE 3580,B01 (11535),Foundations of Electromagnetics (0),M,"Oct 20 - Oct 20, 14:30-17:15 (M)",Elham Salimi
ECE 3580,A01 (11534),Foundations of Electromagnetics (4),M,"Sep 03 - Dec 08, 13:30-14:20 (W)",Elham Salimi
ECE 3580,A01 (11534),Foundations of Electromagnetics (4),M,"Sep 03 - Dec 08, 10:00-11:15 (TR)",Elham Salimi
ECE 3580,B01 (11535),Foundations of Electromagnetics (0),M,"Sep 22 - Sep 22, 14:30-17:15 (M)",Elham Salimi
ECE 3580,B01 (11535),Foundations of Electromagnetics (0),M,"Nov 03 - Nov 03, 14:30-17:15 (M)",Elham Salimi
ECE 3670,B01 (24943),Electronics 3E (0),M,"Nov 19 - Nov 19, 14:30-17:30 (W)",Behzad Kordi
ECE 3670,B02 (10922),Electronics 3E (0),M,"Dec 04 - Dec 04, 14:30-17:30 (R)",Behzad Kordi
ECE 3670,B04 (26604),Electronics 3E (0),M,"Dec 04 - Dec 04, 11:30-14:15 (R)",Behzad Kordi
ECE 3670,B03 (11925),Electronics 3E (0),M,"Oct 17 - Oct 17, 14:30-17:30 (F)",Behzad Kordi
ECE 3670,B02 (10922),Electronics 3E (0),M,"Oct 30 - Oct 30, 14:30-17:30 (R)",Behzad Kordi
ECE 3670,B03 (11925),Electronics 3E (0),M,"Oct 03 - Oct 03, 14:30-17:30 (F)",Behzad Kordi
ECE 3670,B03 (11925),Electronics 3E (0),M,"Sep 19 - Sep 19, 14:30-17:30 (F)",Behzad Kordi
ECE 3670,B03 (11925),Electronics 3E (0),M,"Oct 31 - Oct 31, 14:30-17:30 (F)",Behzad Kordi
ECE 3670,B03 (11925),Electronics 3E (0),M,"Dec 05 - Dec 05, 14:30-17:30 (F)",Behzad Kordi
ECE 3670,B03 (11925),Electronics 3E (0),M,"Nov 21 - Nov 21, 14:30-17:30 (F)",Behzad Kordi
ECE 3670,B02 (10922),Electronics 3E (0),M,"Oct 02 - Oct 02, 14:30-17:30 (R)",Behzad Kordi
ECE 3670,B02 (10922),Electronics 3E (0),M,"Oct 16 - Oct 16, 14:30-17:30 (R)",Behzad Kordi
ECE 3670,B02 (10922),Electronics 3E (0),M,"Nov 20 - Nov 20, 14:30-17:30 (R)",Behzad Kordi
ECE 3670,B01 (24943),Electronics 3E (0),M,"Dec 03 - Dec 03, 14:30-17:30 (W)",Behzad Kordi
ECE 3670,B01 (24943),Electronics 3E (0),M,"Oct 29 - Oct 29, 14:30-17:30 (W)",Behzad Kordi
ECE 3670,B01 (24943),Electronics 3E (0),M,"Oct 15 - Oct 15, 14:30-17:30 (W)",Behzad Kordi
ECE 3670,B01 (24943),Electronics 3E (0),M,"Oct 01 - Oct 01, 14:30-17:30 (W)",Behzad Kordi
ECE 3670,B01 (24943),Electronics 3E (0),M,"Sep 17 - Sep 17, 14:30-17:30 (W)",Behzad Kordi
ECE 3670,A01 (10918),Electronics 3E (4),M,"Sep 03 - Dec 08, 10:30-11:20 (MWF)",Behzad Kordi
ECE 3670,B04 (26604),Electronics 3E (0),M,"Sep 18 - Sep 18, 11:30-14:15 (R)",Behzad Kordi
ECE 3670,B02 (10922),Electronics 3E (0),M,"Sep 18 - Sep 18, 14:30-17:30 (R)",Behzad Kordi
ECE 3670,B04 (26604),Electronics 3E (0),M,"Oct 16 - Oct 16, 11:30-14:15 (R)",Behzad Kordi
ECE 3670,B04 (26604),Electronics 3E (0),M,"Oct 02 - Oct 02, 11:30-14:15 (R)",Behzad Kordi
ECE 3670,B04 (26604),Electronics 3E (0),M,"Oct 30 - Oct 30, 11:30-14:15 (R)",Behzad Kordi
ECE 3670,B04 (26604),Electronics 3E (0),M,"Nov 20 - Nov 20, 11:30-14:15 (R)",Behzad Kordi
ECE 3720,B02 (10943),Electric Power and Machines (0),M,"Sep 18 - Sep 18, 14:30-17:30 (R)",Udaya Annakkage
ECE 3720,B02 (10943),Electric Power and Machines (0),M,"Oct 02 - Oct 02, 14:30-17:30 (R)",Udaya Annakkage
ECE 3720,A01 (10941),Electric Power and Machines (4),M,"Sep 03 - Dec 08, 09:30-10:20 (MWF)",Udaya Annakkage
ECE 3720,B02 (10943),Electric Power and Machines (0),M,"Oct 16 - Oct 16, 14:30-17:30 (R)",Udaya Annakkage
ECE 3720,B02 (10943),Electric Power and Machines (0),M,"Nov 20 - Nov 20, 14:30-17:30 (R)",Udaya Annakkage
ECE 3720,B02 (10943),Electric Power and Machines (0),M,"Oct 30 - Oct 30, 14:30-17:30 (R)",Udaya Annakkage
ECE 3720,B03 (10944),Electric Power and Machines (0),M,"Oct 31 - Oct 31, 14:30-17:30 (F)",Udaya Annakkage
ECE 3720,B03 (10944),Electric Power and Machines (0),M,"Nov 21 - Nov 21, 14:30-17:30 (F)",Udaya Annakkage
ECE 3720,B03 (10944),Electric Power and Machines (0),M,"Oct 17 - Oct 17, 14:30-17:30 (F)",Udaya Annakkage
ECE 3720,B03 (10944),Electric Power and Machines (0),M,"Sep 19 - Sep 19, 14:30-17:30 (F)",Udaya Annakkage
ECE 3720,B03 (10944),Electric Power and Machines (0),M,"Oct 03 - Oct 03, 14:30-17:30 (F)",Udaya Annakkage
ECE 3720,B01 (10942),Electric Power and Machines (0),M,"Nov 19 - Nov 19, 14:30-17:30 (W)",Udaya Annakkage
ECE 3720,B01 (10942),Electric Power and Machines (0),M,"Oct 29 - Oct 29, 14:30-17:30 (W)",Udaya Annakkage
ECE 3720,B01 (10942),Electric Power and Machines (0),M,"Oct 01 - Oct 01, 14:30-17:30 (W)",Udaya Annakkage
ECE 3720,B01 (10942),Electric Power and Machines (0),M,"Oct 15 - Oct 15, 14:30-17:30 (W)",Udaya Annakkage
ECE 3720,B01 (10942),Electric Power and Machines (0),M,"Sep 17 - Sep 17, 14:30-17:30 (W)",Udaya Annakkage
ECE 3740,B01 (10947),Systems Engineering Principles 1 (0),M,"Sep 17 - Sep 17, 14:30-17:15 (W)",Kenneth Ferens
ECE 3740,B01 (10947),Systems Engineering Principles 1 (0),M,"Oct 01 - Oct 01, 14:30-17:15 (W)",Kenneth Ferens
ECE 3740,B01 (10947),Systems Engineering Principles 1 (0),M,"Nov 19 - Nov 19, 14:30-17:15 (W)",Kenneth Ferens
ECE 3740,B02 (14687),Systems Engineering Principles 1 (0),M,"Oct 02 - Oct 02, 14:30-17:15 (R)",Kenneth Ferens
ECE 3740,A01 (10946),Systems Engineering Principles 1 (4),M,"Sep 03 - Dec 08, 09:30-10:20 (MWF)",Kenneth Ferens
ECE 3740,B02 (14687),Systems Engineering Principles 1 (0),M,"Sep 18 - Sep 18, 14:30-17:15 (R)",Kenneth Ferens
ECE 3740,B02 (14687),Systems Engineering Principles 1 (0),M,"Oct 16 - Oct 16, 14:30-17:15 (R)",Kenneth Ferens
ECE 3740,B02 (14687),Systems Engineering Principles 1 (0),M,"Oct 30 - Oct 30, 14:30-17:15 (R)",Kenneth Ferens
ECE 3740,B02 (14687),Systems Engineering Principles 1 (0),M,"Nov 20 - Nov 20, 14:30-17:15 (R)",Kenneth Ferens
ECE 3740,B01 (10947),Systems Engineering Principles 1 (0),M,"Oct 15 - Oct 15, 14:30-17:15 (W)",Kenneth Ferens
ECE 3740,B01 (10947),Systems Engineering Principles 1 (0),M,"Oct 29 - Oct 29, 14:30-17:15 (W)",Kenneth Ferens
ECE 3780,B01 (11632),Signal Processing 1 (0),M,"Oct 29 - Oct 29, 14:30-17:15 (W)",Miroslaw Pawlak
ECE 3780,B01 (11632),Signal Processing 1 (0),M,"Oct 15 - Oct 15, 14:30-17:15 (W)",Miroslaw Pawlak
ECE 3780,B01 (11632),Signal Processing 1 (0),M,"Oct 01 - Oct 01, 14:30-17:15 (W)",Miroslaw Pawlak
ECE 3780,B01 (11632),Signal Processing 1 (0),M,"Sep 17 - Sep 17, 14:30-17:15 (W)",Miroslaw Pawlak
ECE 3780,B03 (24944),Signal Processing 1 (0),M,"Oct 03 - Oct 03, 14:30-17:15 (F)",Miroslaw Pawlak
ECE 3780,B03 (24944),Signal Processing 1 (0),M,"Oct 17 - Oct 17, 14:30-17:15 (F)",Miroslaw Pawlak
ECE 3780,B01 (11632),Signal Processing 1 (0),M,"Nov 19 - Nov 19, 14:30-17:15 (W)",Miroslaw Pawlak
ECE 3780,B03 (24944),Signal Processing 1 (0),M,"Sep 19 - Sep 19, 14:30-17:15 (F)",Miroslaw Pawlak
ECE 3780,B03 (24944),Signal Processing 1 (0),M,"Nov 21 - Nov 21, 14:30-17:15 (F)",Miroslaw Pawlak
ECE 3780,A01 (11631),Signal Processing 1 (4),M,"Sep 03 - Dec 08, 08:30-09:20 (MWF)",Miroslaw Pawlak
ECE 3780,B03 (24944),Signal Processing 1 (0),M,"Oct 31 - Oct 31, 14:30-17:15 (F)",Miroslaw Pawlak
ECE 3780,B02 (11633),Signal Processing 1 (0),M,"Oct 02 - Oct 02, 11:30-14:15 (R)",Miroslaw Pawlak
ECE 3780,B02 (11633),Signal Processing 1 (0),M,"Sep 18 - Sep 18, 11:30-14:15 (R)",Miroslaw Pawlak
ECE 3780,B02 (11633),Signal Processing 1 (0),M,"Oct 16 - Oct 16, 11:30-14:15 (R)",Miroslaw Pawlak
ECE 3780,B02 (11633),Signal Processing 1 (0),M,"Oct 30 - Oct 30, 11:30-14:15 (R)",Miroslaw Pawlak
ECE 3780,B02 (11633),Signal Processing 1 (0),M,"Nov 20 - Nov 20, 11:30-14:15 (R)",Miroslaw Pawlak
ECE 4150,B01 (10949),Control Systems (0),M,"Nov 25 - Nov 25, 14:30-17:15 (T)",Caniggia Castro Diniz Viana
ECE 4150,B04 (10952),Control Systems (0),M,"Sep 18 - Sep 18, 14:30-17:15 (R)",Caniggia Castro Diniz Viana
ECE 4150,B02 (10950),Control Systems (0),M,"Sep 25 - Sep 25, 14:30-17:15 (R)",Caniggia Castro Diniz Viana
ECE 4150,B02 (10950),Control Systems (0),M,"Oct 09 - Oct 09, 14:30-17:15 (R)",Caniggia Castro Diniz Viana
ECE 4150,B02 (10950),Control Systems (0),M,"Nov 06 - Nov 06, 14:30-17:15 (R)",Caniggia Castro Diniz Viana
ECE 4150,A01 (10948),Control Systems (4),M,"Sep 03 - Dec 08, 13:30-14:20 (MWF)",Caniggia Castro Diniz Viana
ECE 4150,B02 (10950),Control Systems (0),M,"Oct 23 - Oct 23, 14:30-17:15 (R)",Caniggia Castro Diniz Viana
ECE 4150,B02 (10950),Control Systems (0),M,"Nov 27 - Nov 27, 14:30-17:15 (R)",Caniggia Castro Diniz Viana
ECE 4150,B04 (10952),Control Systems (0),M,"Oct 02 - Oct 02, 14:30-17:15 (R)",Caniggia Castro Diniz Viana
ECE 4150,B01 (10949),Control Systems (0),M,"Oct 07 - Oct 07, 14:30-17:15 (T)",Caniggia Castro Diniz Viana
ECE 4150,B01 (10949),Control Systems (0),M,"Sep 23 - Sep 23, 14:30-17:15 (T)",Caniggia Castro Diniz Viana
ECE 4150,B04 (10952),Control Systems (0),M,"Oct 16 - Oct 16, 14:30-17:15 (R)",Caniggia Castro Diniz Viana
ECE 4150,B01 (10949),Control Systems (0),M,"Oct 21 - Oct 21, 14:30-17:15 (T)",Caniggia Castro Diniz Viana
ECE 4150,B01 (10949),Control Systems (0),M,"Nov 04 - Nov 04, 14:30-17:15 (T)",Caniggia Castro Diniz Viana
ECE 4150,B04 (10952),Control Systems (0),M,"Nov 20 - Nov 20, 14:30-17:15 (R)",Caniggia Castro Diniz Viana
ECE 4150,B04 (10952),Control Systems (0),M,"Oct 30 - Oct 30, 14:30-17:15 (R)",Caniggia Castro Diniz Viana
ECE 4240,B02 (10955),Microprocessor Interfacing (0),M,"Oct 07 - Oct 07, 14:30-17:15 (T)",Dean McNeill
ECE 4240,B01 (10954),Microprocessor Interfacing (0),M,"Sep 22 - Sep 22, 14:30-17:15 (M)",Dean McNeill
ECE 4240,B01 (10954),Microprocessor Interfacing (0),M,"Oct 06 - Oct 06, 14:30-17:15 (M)",Dean McNeill
ECE 4240,A01 (10953),Microprocessor Interfacing (4),M,"Sep 03 - Dec 08, 12:30-13:20 (MWF)",Dean McNeill
ECE 4240,B02 (10955),Microprocessor Interfacing (0),M,"Nov 25 - Nov 25, 14:30-17:15 (T)",Dean McNeill
ECE 4240,B01 (10954),Microprocessor Interfacing (0),M,"Oct 20 - Oct 20, 14:30-17:15 (M)",Dean McNeill
ECE 4240,B01 (10954),Microprocessor Interfacing (0),M,"Nov 03 - Nov 03, 14:30-17:15 (M)",Dean McNeill
ECE 4240,B01 (10954),Microprocessor Interfacing (0),M,"Nov 24 - Nov 24, 14:30-17:15 (M)",Dean McNeill
ECE 4240,B02 (10955),Microprocessor Interfacing (0),M,"Nov 04 - Nov 04, 14:30-17:15 (T)",Dean McNeill
ECE 4240,B02 (10955),Microprocessor Interfacing (0),M,"Oct 21 - Oct 21, 14:30-17:15 (T)",Dean McNeill
ECE 4240,B02 (10955),Microprocessor Interfacing (0),M,"Sep 23 - Sep 23, 14:30-17:15 (T)",Dean McNeill
ECE 4260,B02 (14886),Communications Systems (0),M,"Nov 05 - Nov 05, 14:30-17:30 (W)",Pradeepa Yahampath
ECE 4260,B02 (14886),Communications Systems (0),M,"Nov 26 - Nov 26, 14:30-17:30 (W)",Pradeepa Yahampath
ECE 4260,B02 (14886),Communications Systems (0),M,"Sep 24 - Sep 24, 14:30-17:30 (W)",Pradeepa Yahampath
ECE 4260,B02 (14886),Communications Systems (0),M,"Oct 08 - Oct 08, 14:30-17:30 (W)",Pradeepa Yahampath
ECE 4260,B02 (14886),Communications Systems (0),M,"Oct 22 - Oct 22, 14:30-17:30 (W)",Pradeepa Yahampath
ECE 4260,B01 (14885),Communications Systems (0),M,"Oct 20 - Oct 20, 14:30-17:30 (M)",Pradeepa Yahampath
ECE 4260,B01 (14885),Communications Systems (0),M,"Nov 24 - Nov 24, 14:30-17:30 (M)",Pradeepa Yahampath
ECE 4260,B01 (14885),Communications Systems (0),M,"Nov 03 - Nov 03, 14:30-17:30 (M)",Pradeepa Yahampath
ECE 4260,B01 (14885),Communications Systems (0),M,"Oct 06 - Oct 06, 14:30-17:30 (M)",Pradeepa Yahampath
ECE 4260,B01 (14885),Communications Systems (0),M,"Sep 22 - Sep 22, 14:30-17:30 (M)",Pradeepa Yahampath
ECE 4260,A01 (14884),Communications Systems (4),M,"Sep 03 - Dec 08, 08:30-09:45 (TR)",Pradeepa Yahampath
ECE 4270,B01 (17308),Antennas (0),M,"Oct 01 - Oct 01, 14:30-17:15 (W)",Puyan Mojabi
ECE 4270,B01 (17308),Antennas (0),M,"Sep 17 - Sep 17, 14:30-17:15 (W)",Puyan Mojabi
ECE 4270,A01 (17307),Antennas (4),M,"Sep 03 - Dec 08, 10:30-11:20 (MWF)",Puyan Mojabi
ECE 4270,B02 (17309),Antennas (0),M,"Nov 20 - Nov 20, 14:30-17:15 (R)",Puyan Mojabi
ECE 4270,B02 (17309),Antennas (0),M,"Sep 18 - Sep 18, 14:30-17:15 (R)",Puyan Mojabi
ECE 4270,B02 (17309),Antennas (0),M,"Oct 02 - Oct 02, 14:30-17:15 (R)",Puyan Mojabi
ECE 4270,B02 (17309),Antennas (0),M,"Oct 16 - Oct 16, 14:30-17:15 (R)",Puyan Mojabi
ECE 4270,B02 (17309),Antennas (0),M,"Oct 30 - Oct 30, 14:30-17:15 (R)",Puyan Mojabi
ECE 4270,B01 (17308),Antennas (0),M,"Oct 15 - Oct 15, 14:30-17:15 (W)",Puyan Mojabi
ECE 4270,B01 (17308),Antennas (0),M,"Oct 29 - Oct 29, 14:30-17:15 (W)",Puyan Mojabi
ECE 4270,B01 (17308),Antennas (0),M,"Nov 19 - Nov 19, 14:30-17:15 (W)",Puyan Mojabi
ECE 4290,B01 (13936),Microwave Engineering (0),M,"Nov 04 - Nov 04, 14:30-17:15 (T)",Dustin Isleifson
ECE 4290,B01 (13936),Microwave Engineering (0),M,"Nov 25 - Nov 25, 14:30-17:15 (T)",Dustin Isleifson
ECE 4290,B02 (11991),Microwave Engineering (0),M,"Sep 25 - Sep 25, 14:30-17:15 (R)",Dustin Isleifson
ECE 4290,B01 (13936),Microwave Engineering (0),M,"Oct 07 - Oct 07, 14:30-17:15 (T)",Dustin Isleifson
ECE 4290,B01 (13936),Microwave Engineering (0),M,"Sep 23 - Sep 23, 14:30-17:15 (T)",Dustin Isleifson
ECE 4290,A01 (10957),Microwave Engineering (4),M,"Sep 03 - Dec 08, 10:00-11:15 (TR)",Dustin Isleifson
ECE 4290,B02 (11991),Microwave Engineering (0),M,"Oct 09 - Oct 09, 14:30-17:15 (R)",Dustin Isleifson
ECE 4290,B02 (11991),Microwave Engineering (0),M,"Oct 23 - Oct 23, 14:30-17:15 (R)",Dustin Isleifson
ECE 4290,B02 (11991),Microwave Engineering (0),M,"Nov 06 - Nov 06, 14:30-17:15 (R)",Dustin Isleifson
ECE 4290,B02 (11991),Microwave Engineering (0),M,"Nov 27 - Nov 27, 14:30-17:15 (R)",Dustin Isleifson
ECE 4290,B01 (13936),Microwave Engineering (0),M,"Oct 21 - Oct 21, 14:30-17:15 (T)",Dustin Isleifson
ECE 4300,A01 (16248),Electrical Energy Systems 1 (4),M,"Sep 03 - Dec 08, 12:30-13:20 (MWF)",Athula Rajapakse
ECE 4300,B02 (16250),Electrical Energy Systems 1 (0),M,"Oct 23 - Oct 23, 14:30-17:15 (R)",Athula Rajapakse
ECE 4300,B01 (16249),Electrical Energy Systems 1 (0),M,"Nov 26 - Nov 26, 14:30-17:20 (W)",Athula Rajapakse
ECE 4300,B02 (16250),Electrical Energy Systems 1 (0),M,"Nov 06 - Nov 06, 14:30-17:15 (R)",Athula Rajapakse
ECE 4300,B02 (16250),Electrical Energy Systems 1 (0),M,"Nov 27 - Nov 27, 14:30-17:15 (R)",Athula Rajapakse
ECE 4300,B02 (16250),Electrical Energy Systems 1 (0),M,"Sep 25 - Sep 25, 14:30-17:15 (R)",Athula Rajapakse
ECE 4300,B02 (16250),Electrical Energy Systems 1 (0),M,"Oct 09 - Oct 09, 14:30-17:15 (R)",Athula Rajapakse
ECE 4300,B01 (16249),Electrical Energy Systems 1 (0),M,"Oct 08 - Oct 08, 14:30-17:20 (W)",Athula Rajapakse
ECE 4300,B01 (16249),Electrical Energy Systems 1 (0),M,"Oct 22 - Oct 22, 14:30-17:20 (W)",Athula Rajapakse
ECE 4300,B01 (16249),Electrical Energy Systems 1 (0),M,"Nov 05 - Nov 05, 14:30-17:20 (W)",Athula Rajapakse
ECE 4300,B01 (16249),Electrical Energy Systems 1 (0),M,"Sep 24 - Sep 24, 14:30-17:20 (W)",Athula Rajapakse
ECE 4370,B03 (11358),Power Electronics (0),M,"Oct 09 - Oct 09, 14:30-17:15 (R)",Aniruddha Gole
ECE 4370,B03 (11358),Power Electronics (0),M,"Nov 27 - Nov 27, 14:30-17:15 (R)",Aniruddha Gole
ECE 4370,B03 (11358),Power Electronics (0),M,"Sep 25 - Sep 25, 14:30-17:15 (R)",Aniruddha Gole
ECE 4370,B02 (11396),Power Electronics (0),M,"Oct 22 - Oct 22, 14:30-17:15 (W)",Aniruddha Gole
ECE 4370,B02 (11396),Power Electronics (0),M,"Nov 26 - Nov 26, 14:30-17:15 (W)",Aniruddha Gole
ECE 4370,B02 (11396),Power Electronics (0),M,"Nov 05 - Nov 05, 14:30-17:15 (W)",Aniruddha Gole
ECE 4370,B02 (11396),Power Electronics (0),M,"Oct 08 - Oct 08, 14:30-17:15 (W)",Aniruddha Gole
ECE 4370,B02 (11396),Power Electronics (0),M,"Sep 24 - Sep 24, 14:30-17:15 (W)",Aniruddha Gole
ECE 4370,B03 (11358),Power Electronics (0),M,"Oct 23 - Oct 23, 14:30-17:15 (R)",Aniruddha Gole
ECE 4370,B01 (11359),Power Electronics (0),M,"Sep 23 - Sep 23, 14:30-17:15 (T)",Aniruddha Gole
ECE 4370,A01 (11357),Power Electronics (4),M,"Sep 03 - Dec 08, 11:30-12:20 (MWF)",Aniruddha Gole
ECE 4370,B01 (11359),Power Electronics (0),M,"Nov 04 - Nov 04, 14:30-17:15 (T)",Aniruddha Gole
ECE 4370,B01 (11359),Power Electronics (0),M,"Nov 25 - Nov 25, 14:30-17:15 (T)",Aniruddha Gole
ECE 4370,B01 (11359),Power Electronics (0),M,"Oct 21 - Oct 21, 14:30-17:15 (T)",Aniruddha Gole
ECE 4370,B01 (11359),Power Electronics (0),M,"Oct 07 - Oct 07, 14:30-17:15 (T)",Aniruddha Gole
ECE 4370,B03 (11358),Power Electronics (0),M,"Nov 06 - Nov 06, 14:30-17:15 (R)",Aniruddha Gole
ECE 4390,B01 (25864),Engineering Computations 4E (0),M,"Sep 22 - Sep 22, 14:30-17:20 (M)",Joe LoVetri
ECE 4390,B01 (25864),Engineering Computations 4E (0),M,"Oct 06 - Oct 06, 14:30-17:20 (M)",Joe LoVetri
ECE 4390,B01 (25864),Engineering Computations 4E (0),M,"Oct 20 - Oct 20, 14:30-17:20 (M)",Joe LoVetri
ECE 4390,B01 (25864),Engineering Computations 4E (0),M,"Nov 24 - Nov 24, 14:30-17:20 (M)",Joe LoVetri
ECE 4390,A01 (25863),Engineering Computations 4E (4),M,"Sep 03 - Dec 08, 11:30-12:45 (TR)",Joe LoVetri
ECE 4390,B01 (25864),Engineering Computations 4E (0),M,"Nov 03 - Nov 03, 14:30-17:20 (M)",Joe LoVetri
ECE 4430,B01 (25862),Design of RF Devices and Wireless Systems (0),M,"Oct 16 - Oct 16, 14:30-17:15 (R)",Gregory Bridges
ECE 4430,A01 (25861),Design of RF Devices and Wireless Systems (4),M,"Sep 03 - Dec 08, 12:30-13:20 (MWF)",Gregory Bridges
ECE 4430,B01 (25862),Design of RF Devices and Wireless Systems (0),M,"Nov 20 - Nov 20, 14:30-17:15 (R)",Gregory Bridges
ECE 4430,B01 (25862),Design of RF Devices and Wireless Systems (0),M,"Oct 30 - Oct 30, 14:30-17:15 (R)",Gregory Bridges
ECE 4430,B01 (25862),Design of RF Devices and Wireless Systems (0),M,"Sep 18 - Sep 18, 14:30-17:15 (R)",Gregory Bridges
ECE 4430,B01 (25862),Design of RF Devices and Wireless Systems (0),M,"Oct 02 - Oct 02, 14:30-17:15 (R)",Gregory Bridges
ECE 4450,B01 (22402),Applied Computational Intelligence (0),M,"Nov 25 - Nov 25, 14:30-17:15 (T)",Ahmed Ashraf
ECE 4450,A01 (19314),Applied Computational Intelligence (4),M,"Sep 03 - Dec 08, 13:00-14:15 (TR)",Ahmed Ashraf
ECE 4450,B01 (22402),Applied Computational Intelligence (0),M,"Oct 21 - Oct 21, 14:30-17:15 (T)",Ahmed Ashraf
ECE 4450,B01 (22402),Applied Computational Intelligence (0),M,"Oct 07 - Oct 07, 14:30-17:15 (T)",Ahmed Ashraf
ECE 4450,B01 (22402),Applied Computational Intelligence (0),M,"Sep 23 - Sep 23, 14:30-17:15 (T)",Ahmed Ashraf
ECE 4450,B01 (22402),Applied Computational Intelligence (0),M,"Nov 04 - Nov 04, 14:30-17:15 (T)",Ahmed Ashraf
ECE 4530,A01 (17195),Parallel Processing (4),M,"Sep 03 - Dec 08, 10:00-11:15 (TR)",Vladimir Okhmatovski
ECE 4530,B01 (17196),Parallel Processing (0),M,"Nov 19 - Nov 19, 14:30-17:15 (W)",Vladimir Okhmatovski
ECE 4530,B01 (17196),Parallel Processing (0),M,"Oct 29 - Oct 29, 14:30-17:15 (W)",Vladimir Okhmatovski
ECE 4530,B01 (17196),Parallel Processing (0),M,"Oct 15 - Oct 15, 14:30-17:15 (W)",Vladimir Okhmatovski
ECE 4530,B01 (17196),Parallel Processing (0),M,"Oct 01 - Oct 01, 14:30-17:15 (W)",Vladimir Okhmatovski
ECE 4530,B02 (24197),Parallel Processing (0),M,"Nov 20 - Nov 20, 14:30-17:15 (R)",Vladimir Okhmatovski
ECE 4530,B02 (24197),Parallel Processing (0),M,"Oct 16 - Oct 16, 14:30-17:15 (R)",Vladimir Okhmatovski
ECE 4530,B02 (24197),Parallel Processing (0),M,"Oct 02 - Oct 02, 14:30-17:15 (R)",Vladimir Okhmatovski
ECE 4530,B02 (24197),Parallel Processing (0),M,"Sep 18 - Sep 18, 14:30-17:15 (R)",Vladimir Okhmatovski
ECE 4530,B01 (17196),Parallel Processing (0),M,"Sep 17 - Sep 17, 14:30-17:15 (W)",Vladimir Okhmatovski
ECE 4530,B02 (24197),Parallel Processing (0),M,"Oct 30 - Oct 30, 14:30-17:15 (R)",Vladimir Okhmatovski
ECE 4560,A01 (24947),Modern Computing Systems (4),M,"Sep 03 - Dec 08, 10:30-11:20 (MWF)",
ECE 4560,B01 (24949),Modern Computing Systems (0),M,"Nov 06 - Nov 06, 14:30-17:15 (R)",
ECE 4560,B01 (24949),Modern Computing Systems (0),M,"Nov 27 - Nov 27, 14:30-17:15 (R)",
ECE 4560,B01 (24949),Modern Computing Systems (0),M,"Sep 25 - Sep 25, 14:30-17:15 (R)",
ECE 4560,B01 (24949),Modern Computing Systems (0),M,"Oct 09 - Oct 09, 14:30-17:15 (R)",
ECE 4560,B01 (24949),Modern Computing Systems (0),M,"Oct 23 - Oct 23, 14:30-17:15 (R)",
ECE 4580,B01 (12136),Optoelectronics (0),M,"Oct 20 - Oct 20, 14:30-17:15 (M)",Arkadij Major
ECE 4580,B01 (12136),Optoelectronics (0),M,"Oct 06 - Oct 06, 14:30-17:15 (M)",Arkadij Major
ECE 4580,A01 (12122),Optoelectronics (4),M,"Sep 03 - Dec 08, 13:00-14:15 (TR)",Arkadij Major
ECE 4580,B01 (12136),Optoelectronics (0),M,"Nov 24 - Nov 24, 14:30-17:15 (M)",Arkadij Major
ECE 4580,B01 (12136),Optoelectronics (0),M,"Sep 22 - Sep 22, 14:30-17:15 (M)",Arkadij Major
ECE 4580,B01 (12136),Optoelectronics (0),M,"Nov 03 - Nov 03, 14:30-17:15 (M)",Arkadij Major
ECE 4600,A01 (10959),Group Design Project (Part A) (3),M,"Sep 03 - Dec 08, 14:30-17:15 (F)",Derek Oliver
ECE 4610,B01 (11990),Biomedical Instrumentation and Signal Processing (0),M,"Nov 25 - Nov 25, 14:30-17:15 (T)",Ke Peng
ECE 4610,B01 (11990),Biomedical Instrumentation and Signal Processing (0),M,"Sep 23 - Sep 23, 14:30-17:15 (T)",Ke Peng
ECE 4610,B01 (11990),Biomedical Instrumentation and Signal Processing (0),M,"Oct 07 - Oct 07, 14:30-17:15 (T)",Ke Peng
ECE 4610,B01 (11990),Biomedical Instrumentation and Signal Processing (0),M,"Oct 21 - Oct 21, 14:30-17:15 (T)",Ke Peng
ECE 4610,B01 (11990),Biomedical Instrumentation and Signal Processing (0),M,"Nov 04 - Nov 04, 14:30-17:15 (T)",Ke Peng
ECE 4610,A01 (11264),Biomedical Instrumentation and Signal Processing (4),M,"Sep 03 - Dec 08, 11:30-12:45 (TR)",Ke Peng
ECE 4860,T05 (24954),Stochastic Processes (4),M,"Sep 03 - Dec 08, 09:30-10:20 (MWF)",Faouzi Bellili
ECE 4860,B02 (17206),Stochastic Processes (0),M,"Nov 24 - Nov 24, 14:30-17:15 (M)",Faouzi Bellili
ECE 4860,B02 (17206),Stochastic Processes (0),M,"Oct 06 - Oct 06, 14:30-17:15 (M)",Faouzi Bellili
ECE 4860,B02 (17206),Stochastic Processes (0),M,"Nov 03 - Nov 03, 14:30-17:15 (M)",Faouzi Bellili
ECE 4860,B02 (17206),Stochastic Processes (0),M,"Oct 20 - Oct 20, 14:30-17:15 (M)",Faouzi Bellili
ECE 4860,B02 (17206),Stochastic Processes (0),M,"Sep 22 - Sep 22, 14:30-17:15 (M)",Faouzi Bellili
ECE 7310,A01 (26562),Power Systems Transients Simulation (3),M,"Sep 03 - Dec 08, 17:30-20:30 (T)",Aniruddha Gole
ECE 7440,T62 (26493),Modern Control of Power Electronics (3),M,"Sep 03 - Dec 08, 09:00-12:00 (F)",Ngai Ho
ECE 7440,T47 (26565),Time-Scale Analysis (3),M,Sep 03 - Dec 08,Sherif Sherif
ECE 7440,T72 (24917),Error Control Codes (3),M,"Sep 03 - Dec 08, 14:30-16:00 (MW)",Faouzi Bellili
ECE 7440,T37 (19535),Optoelectronics (3),M,"Sep 03 - Dec 08, 13:00-14:15 (TR)",Arkadij Major
ECE 7440,T45 (26628),RF Devices and Wireless Systems (3),M,"Sep 03 - Dec 08, 12:30-13:20 (MWF)",Gregory Bridges
ECE 7440,T31 (26495),Microwave Materials Measurement Techniques (3),M,Sep 03 - Dec 08,Gregory Bridges
ECE 7650,T38 (20384),Parallel Processing (3),M,"Sep 03 - Dec 08, 10:00-11:15 (TR)",Vladimir Okhmatovski
ECE 7650,T26 (25519),Advanced Wireless Communication (3),M,"Sep 03 - Dec 08, 11:00-12:15 (MW)",Amine Mezghani
ECE 7650,T15 (16735),Applied Computational Intelligence (3),M,"Sep 03 - Dec 08, 13:30-14:20 (MWF)",Kenneth Ferens
ECE 7810,A01 (26494),Solution of Fields by Numerical Methods (3),M,"Sep 03 - Dec 08, 11:30-12:45 (TR)",Joe LoVetri
ENG 1430,A01 (10890),Design in Engineering (3),M,"Sep 03 - Dec 08, 13:00-14:15 (TR)",Ella Morris
ENG 1430,B02 (23939),Design in Engineering (0),M,"Sep 03 - Dec 08, 14:30-17:15 (T)",Ella Morris
ENG 1430,B01 (23938),Design in Engineering (0),M,"Sep 03 - Dec 08, 08:30-11:15 (W)",Ella Morris
ENG 1440,A01 (10778),Introduction to Statics (3),M,"Sep 03 - Dec 08, 14:30-17:20 (F)",Graziano Fiorillo
ENG 1440,A01 (10778),Introduction to Statics (3),M,"Sep 03 - Dec 08, 11:30-12:20 (MWF)",Graziano Fiorillo
ENG 1440,A02 (10779),Introduction to Statics (3),M,"Sep 03 - Dec 08, 14:30-17:20 (R)",Shawn Clark
ENG 1440,A02 (10779),Introduction to Statics (3),M,"Sep 03 - Dec 08, 11:30-12:45 (TR)",Shawn Clark
ENG 1440,A03 (11799),Introduction to Statics (3),M,"Sep 03 - Dec 08, 14:30-17:20 (F)",Huma Khalid
ENG 1440,A03 (11799),Introduction to Statics (3),M,"Sep 03 - Dec 08, 11:30-12:20 (MWF)",Huma Khalid
ENG 1450,A02 (11202),Introduction to Electrical and Computer Engineering (3),M,"Sep 03 - Dec 08, 13:00-14:15 (TR)",Amine Mezghani
ENG 1450,B03 (11203),Introduction to Electrical and Computer Engineering (0),M,"Sep 03 - Dec 08, 14:30-17:20 (F)",Amine Mezghani
ENG 1450,B02 (11002),Introduction to Electrical and Computer Engineering (0),M,"Sep 03 - Dec 08, 14:30-17:20 (R)",Amine Mezghani
ENG 1450,A01 (11000),Introduction to Electrical and Computer Engineering (3),M,"Sep 03 - Dec 08, 12:30-13:20 (MWF)",Amirmasoud Amirkabiri
ENG 1450,B01 (11001),Introduction to Electrical and Computer Engineering (0),M,"Sep 03 - Dec 08, 14:30-17:20 (W)",Amine Mezghani
ENG 1460,A01 (10758),Introduction to Thermal Sciences (3),M,"Sep 03 - Dec 08, 14:30-17:20 (W)",Meghan Guyot
ENG 1460,A01 (10758),Introduction to Thermal Sciences (3),M,"Sep 03 - Dec 08, 10:00-11:15 (TR)",Meghan Guyot
ENG 1460,A02 (10759),Introduction to Thermal Sciences (3),M,"Sep 03 - Dec 08, 13:30-14:20 (MWF)",Syed Zaidi
ENG 1460,A02 (10759),Introduction to Thermal Sciences (3),M,"Sep 03 - Dec 08, 14:30-17:20 (F)",Syed Zaidi
ENG 2040,A01 (13823),"Engineering Communication: Strategies, Practice and Design (3)",M,"Sep 03 - Dec 08, 14:30-17:15 (W)",Kimberli Vankosh
ENG 2040,A01 (13823),"Engineering Communication: Strategies, Practice and Design (3)",M,"Sep 03 - Dec 08, 12:30-13:20 (F)",Kimberli Vankosh
ENG 2040,A02 (20422),"Engineering Communication: Strategies, Practice and Design (3)",M,"Sep 03 - Dec 08, 12:30-13:20 (W)",Aidan Topping
ENG 2040,A02 (20422),"Engineering Communication: Strategies, Practice and Design (3)",M,"Sep 03 - Dec 08, 14:30-17:15 (M)",Aidan Topping
ENG 3000,A02 (16150),Engineering Economics (3),M,"Sep 03 - Dec 08, 13:30-14:20 (MWF)",Giuseppe Grande
ENG 3000,A01 (16149),Engineering Economics (3),M,"Sep 03 - Dec 08, 13:00-14:20 (TR)",Farhoud Delijani
ENG 3020,A01 (17753),"Technology, Society and the Future (3)",M,"Sep 03 - Dec 08, 12:30-13:20 (MWF)",Farhoud Delijani
ENG 4110,A01 (16220),Operational Excellence (4),M,"Sep 03 - Dec 08, 18:00-20:50 (T)",Vern Campbell
ENG 4110,A01 (16220),Operational Excellence (4),M,"Sep 03 - Dec 08, 18:00-19:50 (W)",Vern Campbell
ENG 4800,K04 (12158),Co-operative Work 1-Mechanical Engineering (1),WKT,Sep 03 - Dec 08,Sean O'Brien
ENG 4800,K01 (12156),Co-operative Work 1-Biosystems Engineering (1),WKT,Sep 03 - Dec 08,Ramanathan Sri Ranjan
ENG 4800,K05 (12159),Co-operative Work 1-IEEQ (1),WKT,Sep 03 - Dec 08,TBA
ENG 4800,K03 (12157),Co-operative Work 1-Electrical and Computer Engineering (1),WKT,Sep 03 - Dec 08,Dean McNeill
ENG 4800,K02 (14022),Co-operative Work 1-Civil Engineering (1),WKT,Sep 03 - Dec 08,Jonathan Regehr
ENG 4810,K03 (12162),Co-operative Work 2-Electrical and Computer Engineering (1),WKT,Sep 03 - Dec 08,Dean McNeill
ENG 4810,K04 (12163),Co-operative Work 2-Mechanical Engineering (1),WKT,Sep 03 - Dec 08,Sean O'Brien
ENG 4810,K02 (12161),Co-operative Work 2-Civil Engineering (1),WKT,Sep 03 - Dec 08,Jonathan Regehr
ENG 4810,K01 (12160),Co-operative Work 2-Biosystems Engineering (1),WKT,Sep 03 - Dec 08,Ramanathan Sri Ranjan
ENG 4820,K02 (12231),Co-operative Work 3-Civil Engineering (1),WKT,Sep 03 - Dec 08,Jonathan Regehr
ENG 4820,K01 (15438),Co-operative Work 3-Biosystems Engineering (1),WKT,Sep 03 - Dec 08,Ramanathan Sri Ranjan
ENG 4820,K03 (14023),Co-operative Work 3-Electrical and Computer Engineering (1),WKT,Sep 03 - Dec 08,Dean McNeill
ENG 4820,K04 (12233),Co-operative Work 3-Mechanical Engineering (1),WKT,Sep 03 - Dec 08,Sean O'Brien
ENG 4830,K01 (15439),Co-operative Work 4-Biosystems Engineering (1),WKT,Sep 03 - Dec 08,Ramanathan Sri Ranjan
ENG 4830,K04 (12288),Co-operative Work 4-Mechanical Engineering (1),WKT,Sep 03 - Dec 08,Sean O'Brien
ENG 4830,K02 (14024),Co-operative Work 4-Civil Engineering (1),WKT,Sep 03 - Dec 08,Jonathan Regehr
ENG 4830,K03 (15440),Co-operative Work 4-Electrical and Computer Engineering (1),WKT,Sep 03 - Dec 08,Dean McNeill
ENG 4840,K02 (15442),Co-operative Work 5-Civil Engineering (1),WKT,Sep 03 - Dec 08,Jonathan Regehr
ENG 4840,K03 (15443),Co-operative Work 5-Electrical and Computer Engineering (1),WKT,Sep 03 - Dec 08,Dean McNeill
ENG 4840,K01 (15441),Co-operative Work 5-Biosystems Engineering (1),WKT,Sep 03 - Dec 08,Ramanathan Sri Ranjan
ENG 4840,K04 (15444),Co-operative Work 5-Mechanical Engineering (1),WKT,Sep 03 - Dec 08,Sean O'Brien
ENG 7020,T01 (26590),Topics in Engineering Education Practice: Fluid Mechanics Through Wahkohtowin (3),M,Sep 03 - Dec 08,
ENG 7040,A01 (20952),Foundations of Engineering Education Research (3),M,Sep 03 - Dec 08,
ENG 7510,A01 (17856),Operational Excellence (3),M,"Sep 03 - Dec 08, 18:00-19:50 (W)",Vern Campbell
ENG 7510,A01 (17856),Operational Excellence (3),M,"Sep 03 - Dec 08, 18:00-20:50 (T)",Vern Campbell
MECG 7160,A01 (23191),Convective Heat Transfer (3),M,"Sep 03 - Dec 08, 13:00-16:00 (F)",Bingchen Wang
MECG 7170,A01 (26419),Radiation (3),M,"Sep 03 - Dec 08, 12:00-13:20 (TR)",Cameron Verwey
MECG 7350,T02 (26420),Atomistic Materials Modeling and Simulation (3),M,"Sep 03 - Dec 08, 14:00-16:30 (W)",Chuang Deng
MECG 7380,A01 (19332),Electron Microscopy of Materials (3),M,"Sep 03 - Dec 08, 09:30-12:30 (M)",Guozhen Zhu
MECG 7410,A01 (24111),Theory of Turbulence (3),M,"Sep 03 - Dec 08, 09:00-11:15 (T)",Mark Tachie
MECG 7780,T24 (24124),Advanced Tissue Engineering (3),M,"Sep 03 - Dec 08, 10:00-12:50 (F)",Mengqiu Xing
MECG 7780,T05 (26417),Impact Mechanics (3),M,"Sep 03 - Dec 08, 11:30-12:45 (TR)",Igor Telichev
MECG 7780,T27 (26418),Biological and Mechanical Design of Bone Scaffolds (3),M,"Sep 03 - Dec 08, 13:00-16:30 (M)",Yunhua Luo
MECG 7780,T28 (26421),Engineering Data Analytic (3),M,"Sep 03 - Dec 08, 10:00-13:00 (W)",Yuejian Chen
MECG 7840,A01 (19335),Systems Modelling and Simulation (3),M,"Sep 03 - Dec 08, 14:00-16:55 (T)",Qingjin Peng
MECG 7850,A01 (19334),Applied Finite Element Method (3),M,"Sep 03 - Dec 08, 11:30-14:15 (R)",Yunhua Luo
MECG 7890,A01 (15385),M.Sc. Graduate Research Seminar (1),M,"Sep 03 - Dec 08, 16:00-18:00 (M)",Igor Telichev
MECG 7900,A01 (15384),Ph.D. Graduate Research Seminar (1),M,"Sep 03 - Dec 08, 16:00-18:00 (M)",Igor Telichev
MECH 2112,A01 (17655),Fundamentals of Mechanical and Computer Aided Design (5),M,"Sep 03 - Dec 08, 17:30-19:30 (R)",Nishant Balakrishnan
MECH 2112,B02 (17658),Fundamentals of Mechanical and Computer Aided Design (0),M,"Sep 03 - Dec 08, 14:30-17:20 (W)",Nishant Balakrishnan
MECH 2112,A01 (17655),Fundamentals of Mechanical and Computer Aided Design (5),M,"Sep 03 - Dec 08, 10:00-11:15 (TR)",Nishant Balakrishnan
MECH 2112,B01 (17657),Fundamentals of Mechanical and Computer Aided Design (0),M,"Sep 03 - Dec 08, 14:30-17:20 (M)",Nishant Balakrishnan
MECH 2150,A01 (16226),Mechanical Engineering Modelling and Numerical Methods (4),M,"Sep 03 - Dec 08, 14:30-16:20 (R)",Meghan Guyot
MECH 2150,A01 (16226),Mechanical Engineering Modelling and Numerical Methods (4),M,"Sep 03 - Dec 08, 12:30-14:20 (M)",Meghan Guyot
MECH 2150,A01 (16226),Mechanical Engineering Modelling and Numerical Methods (4),M,"Sep 03 - Dec 08, 11:30-12:20 (MWF)",Meghan Guyot
MECH 2202,B01 (11544),Thermodynamics (0),M,"Sep 03 - Dec 08, 14:30-17:25 (M)",Madjid Birouk
MECH 2202,B03 (11546),Thermodynamics (0),M,"Sep 03 - Dec 08, 14:30-17:25 (R)",Madjid Birouk
MECH 2202,A01 (11543),Thermodynamics (4),M,"Sep 03 - Dec 08, 12:30-14:20 (W)",Madjid Birouk
MECH 2202,B02 (11545),Thermodynamics (0),M,"Sep 03 - Dec 08, 14:30-17:25 (W)",Madjid Birouk
MECH 2202,A01 (11543),Thermodynamics (4),M,"Sep 03 - Dec 08, 10:30-11:20 (MWF)",Madjid Birouk
MECH 2222,B02 (11549),Mechanics of Materials (0),M,"Sep 03 - Dec 08, 14:30-17:25 (F)",Yuejian Chen
MECH 2222,B01 (11548),Mechanics of Materials (0),M,"Sep 03 - Dec 08, 14:30-17:25 (T)",Yuejian Chen
MECH 2222,A01 (11547),Mechanics of Materials (4),M,"Sep 03 - Dec 08, 10:00-11:15 (TR)",Yuejian Chen
MECH 2222,A01 (11547),Mechanics of Materials (4),M,"Sep 03 - Dec 08, 12:30-14:20 (M)",Yuejian Chen
MECH 2262,B01 (11862),Fundamentals of Fluid Mechanics (0),M,"Sep 03 - Dec 08, 14:30-17:25 (M)",Mark Tachie
MECH 2262,A01 (11817),Fundamentals of Fluid Mechanics (4),M,"Sep 03 - Dec 08, 09:30-10:20 (MWF)",Mark Tachie
MECH 2262,B02 (11863),Fundamentals of Fluid Mechanics (0),M,"Sep 03 - Dec 08, 14:30-17:25 (T)",Mark Tachie
MECH 2262,A01 (11817),Fundamentals of Fluid Mechanics (4),M,"Sep 03 - Dec 08, 11:30-13:20 (T)",Mark Tachie
MECH 2272,B02 (11821),Engineering Materials 1 (0),M,"Sep 03 - Dec 08, 14:30-17:25 (F)",Olanrewaju Ojo
MECH 2272,B01 (11820),Engineering Materials 1 (0),M,"Sep 03 - Dec 08, 14:30-17:25 (W)",Olanrewaju Ojo
MECH 2272,A01 (11818),Engineering Materials 1 (4),M,"Sep 03 - Dec 08, 10:30-11:20 (MWF)",Olanrewaju Ojo
MECH 3170,A01 (16780),Project Management (4),M,"Sep 03 - Dec 08, 12:30-14:20 (F)",Kathryn Atamanchuk
MECH 3170,A01 (16780),Project Management (4),M,"Sep 03 - Dec 08, 08:30-09:50 (TR)",Kathryn Atamanchuk
MECH 3212,A01 (26261),Electromechanical System Design (4),M,"Sep 03 - Dec 08, 09:30-10:20 (MWF)",Nishant Balakrishnan
MECH 3212,B02 (26488),Electromechanical System Design (0),M,"Sep 03 - Dec 08, 14:30-17:20 (F)",Nishant Balakrishnan
MECH 3212,B01 (26487),Electromechanical System Design (0),M,"Sep 03 - Dec 08, 14:30-17:20 (T)",Nishant Balakrishnan
MECH 3420,A01 (11641),Vibrations and Acoustics (4),M,"Sep 03 - Dec 08, 09:30-10:20 (MWF)",Syed Zaidi
MECH 3420,A01 (11641),Vibrations and Acoustics (4),M,"Sep 03 - Dec 08, 14:30-17:15 (W)",Syed Zaidi
MECH 3430,A01 (13249),Measurements and Control (4),M,"Sep 03 - Dec 08, 14:30-17:15 (M)",Sean O'Brien
MECH 3430,B02 (13251),Measurements and Control (0),M,"Sep 03 - Dec 08, 14:30-17:15 (F)",Sean O'Brien
MECH 3430,A01 (13249),Measurements and Control (4),M,"Sep 03 - Dec 08, 11:30-12:20 (MWF)",Sean O'Brien
MECH 3430,B01 (13250),Measurements and Control (0),M,"Sep 03 - Dec 08, 14:30-17:15 (W)",Sean O'Brien
MECH 3460,A01 (11642),Heat Transfer (4),M,"Sep 03 - Dec 08, 14:30-16:20 (T)",Bingchen Wang
MECH 3460,A01 (11642),Heat Transfer (4),M,"Sep 03 - Dec 08, 13:00-14:15 (TR)",Bingchen Wang
MECH 3482,A01 (11643),Kinematics and Dynamics (4),M,"Sep 03 - Dec 08, 10:00-11:15 (TR)",Igor Telichev
MECH 3482,A01 (11643),Kinematics and Dynamics (4),M,"Sep 03 - Dec 08, 14:30-17:15 (F)",Igor Telichev
MECH 3492,A01 (12402),Fluid Mechanics and Applications (4),M,"Sep 03 - Dec 08, 10:30-11:20 (MWF)",Bingchen Wang
MECH 3492,A01 (12402),Fluid Mechanics and Applications (4),M,"Sep 03 - Dec 08, 14:30-16:20 (W)",Bingchen Wang
MECH 3502,A01 (11550),Stress Analysis and Design (4),M,"Sep 03 - Dec 08, 14:30-16:20 (M)",Paul Labossiere
MECH 3502,A01 (11550),Stress Analysis and Design (4),M,"Sep 03 - Dec 08, 11:30-12:20 (MWF)",Paul Labossiere
MECH 3520,A01 (24081),Aerodynamics (4),M,"Sep 03 - Dec 08, 14:30-16:20 (T)",Philip Ferguson
MECH 3520,A01 (24081),Aerodynamics (4),M,"Sep 03 - Dec 08, 08:30-09:45 (TR)",Philip Ferguson
MECH 3542,B02 (11646),Engineering Materials 2 (0),M,"Nov 18 - Nov 18, 14:30-17:15 (T)",Raghavan Jayaraman
MECH 3542,B03 (11650),Engineering Materials 2 (0),M,"Sep 11 - Sep 11, 14:30-17:15 (R)",Raghavan Jayaraman
MECH 3542,B03 (11650),Engineering Materials 2 (0),M,"Oct 23 - Oct 23, 14:30-17:15 (R)",Raghavan Jayaraman
MECH 3542,B03 (11650),Engineering Materials 2 (0),M,"Oct 09 - Oct 09, 14:30-17:15 (R)",Raghavan Jayaraman
MECH 3542,B02 (11646),Engineering Materials 2 (0),M,"Sep 16 - Sep 16, 14:30-17:15 (T)",Raghavan Jayaraman
MECH 3542,B02 (11646),Engineering Materials 2 (0),M,"Sep 30 - Sep 30, 14:30-17:15 (T)",Raghavan Jayaraman
MECH 3542,B02 (11646),Engineering Materials 2 (0),M,"Oct 14 - Oct 14, 14:30-17:15 (T)",Raghavan Jayaraman
MECH 3542,B02 (11646),Engineering Materials 2 (0),M,"Oct 28 - Oct 28, 14:30-17:15 (T)",Raghavan Jayaraman
MECH 3542,B04 (11665),Engineering Materials 2 (0),M,"Sep 18 - Sep 18, 14:30-17:15 (R)",Raghavan Jayaraman
MECH 3542,B03 (11650),Engineering Materials 2 (0),M,"Sep 25 - Sep 25, 14:30-17:15 (R)",Raghavan Jayaraman
MECH 3542,B01 (11645),Engineering Materials 2 (0),M,"Sep 09 - Sep 09, 14:30-17:15 (T)",Raghavan Jayaraman
MECH 3542,B01 (11645),Engineering Materials 2 (0),M,"Sep 23 - Sep 23, 14:30-17:15 (T)",Raghavan Jayaraman
MECH 3542,B01 (11645),Engineering Materials 2 (0),M,"Oct 21 - Oct 21, 14:30-17:15 (T)",Raghavan Jayaraman
MECH 3542,B01 (11645),Engineering Materials 2 (0),M,"Oct 07 - Oct 07, 14:30-17:15 (T)",Raghavan Jayaraman
MECH 3542,B01 (11645),Engineering Materials 2 (0),M,"Nov 04 - Nov 04, 14:30-17:15 (T)",Raghavan Jayaraman
MECH 3542,B04 (11665),Engineering Materials 2 (0),M,"Oct 02 - Oct 02, 14:30-17:15 (R)",Raghavan Jayaraman
MECH 3542,A01 (11644),Engineering Materials 2 (4),M,"Sep 03 - Dec 08, 12:30-14:20 (M)",Raghavan Jayaraman
MECH 3542,A01 (11644),Engineering Materials 2 (4),M,"Sep 03 - Dec 08, 13:00-14:15 (TR)",Raghavan Jayaraman
MECH 3542,B04 (11665),Engineering Materials 2 (0),M,"Oct 16 - Oct 16, 14:30-17:15 (R)",Raghavan Jayaraman
MECH 3542,B03 (11650),Engineering Materials 2 (0),M,"Nov 06 - Nov 06, 14:30-17:15 (R)",Raghavan Jayaraman
MECH 3542,B04 (11665),Engineering Materials 2 (0),M,"Oct 30 - Oct 30, 14:30-17:15 (R)",Raghavan Jayaraman
MECH 3542,B04 (11665),Engineering Materials 2 (0),M,"Nov 20 - Nov 20, 14:30-17:15 (R)",Raghavan Jayaraman
MECH 3550,A01 (26259),Robotics and Numerical Control (4),M,"Sep 03 - Dec 08, 11:30-12:20 (MWF)",Jie Wang
MECH 3550,A01 (26259),Robotics and Numerical Control (4),M,"Sep 03 - Dec 08, 14:30-17:20 (F)",Jie Wang
MECH 3582,A01 (12145),Manufacturing Planning and Quality Control (4),M,"Sep 03 - Dec 08, 14:30-17:15 (W)",Qingjin Peng
MECH 3582,A01 (12145),Manufacturing Planning and Quality Control (4),M,"Sep 03 - Dec 08, 09:30-10:20 (MWF)",Qingjin Peng
MECH 3652,A01 (17659),Machine Design (4),M,"Sep 03 - Dec 08, 13:30-14:20 (MWF)",Paul Labossiere
MECH 3652,A01 (17659),Machine Design (4),M,"Sep 03 - Dec 08, 14:30-17:15 (F)",Paul Labossiere
MECH 3982,B10 (24086),ME Labs in Solid Mechanics (0),M,"Sep 03 - Dec 08, 16:00-17:20 (F)",Sean O'Brien
MECH 3982,B02 (17664),Mechanical Laboratories in Solid Mechanics (0),M,"Sep 03 - Dec 08, 14:30-15:50 (T)",Sean O'Brien
MECH 3982,B03 (17665),Mechanical Laboratories in Solid Mechanics (0),M,"Sep 03 - Dec 08, 08:30-09:50 (R)",Sean O'Brien
MECH 3982,B07 (24083),ME Labs in Solid Mechanics (0),M,"Sep 03 - Dec 08, 16:00-17:20 (T)",Sean O'Brien
MECH 3982,B08 (24084),ME Lab in Solid Mechanics (0),M,"Sep 03 - Dec 08, 10:00-11:20 (R)",Sean O'Brien
MECH 3982,B05 (17667),Mechanical Laboratories in Solid Mechanics (0),M,"Sep 03 - Dec 08, 14:30-15:50 (F)",Sean O'Brien
MECH 3982,B04 (17666),Mechanical Laboratories in Solid Mechanics (0),M,"Sep 03 - Dec 08, 14:30-15:50 (R)",Sean O'Brien
MECH 3982,A01 (17662),Mechanical Laboratories in Solid Mechanics (2),M,"Sep 03 - Dec 08, 11:30-12:45 (TR)",Sean O'Brien
MECH 3982,B06 (24082),ME Labs in Solid Mechanics (0),M,"Sep 03 - Dec 08, 10:00-11:20 (T)",Sean O'Brien
MECH 3982,B09 (24085),ME Labs in Solid Mechanics (0),M,"Sep 03 - Dec 08, 16:00-17:20 (R)",Sean O'Brien
MECH 3982,B01 (17663),Mechanical Laboratories in Solid Mechanics (0),M,"Sep 03 - Dec 08, 08:30-09:50 (T)",Sean O'Brien
MECH 4162,A02 (25616),Thesis (Part A) (3),M,"Sep 03 - Dec 08, 17:30-18:20 (T)",Mark Tachie
MECH 4200,A01 (25128),Gas Turbine Propulsion Systems (4),M,"Sep 03 - Dec 08, 14:30-17:15 (R)",Madjid Birouk
MECH 4200,A01 (25128),Gas Turbine Propulsion Systems (4),M,"Sep 03 - Dec 08, 11:30-12:45 (TR)",Madjid Birouk
MECH 4292,A01 (26254),IC Engines (4),M,"Sep 03 - Dec 08, 08:30-09:20 (MWF)",Vijay Chatoorgoon
MECH 4292,A01 (26254),IC Engines (4),M,"Sep 03 - Dec 08, 14:30-16:20 (M)",Vijay Chatoorgoon
MECH 4322,T11 (26255),Vibration Based Condition Monitoring (4),M,"Sep 03 - Dec 08, 14:30-16:20 (T)",Nan Wu
MECH 4322,T11 (26255),Vibration Based Condition Monitoring (4),M,"Sep 03 - Dec 08, 12:30-13:20 (MWF)",Nan Wu
MECH 4322,T08 (26256),Reliability Engineering (4),M,"Sep 03 - Dec 08, 14:30-16:20 (M)",Xihui Liang
MECH 4322,T08 (26256),Reliability Engineering (4),M,"Sep 03 - Dec 08, 08:30-09:20 (MWF)",Xihui Liang
MECH 4330,T05 (16235),Computer Integrated Manufacturing and Automation 1 (4),M,"Sep 03 - Dec 08, 14:30-17:20 (R)",Nishant Balakrishnan
MECH 4330,T05 (16235),Computer Integrated Manufacturing and Automation 1 (4),M,"Sep 03 - Dec 08, 11:30-12:20 (MWF)",Nishant Balakrishnan
MECH 4350,T01 (25130),Properties and Applications of Nanomaterials (4),M,"Sep 03 - Dec 08, 14:30-16:20 (T)",Chuang Deng
MECH 4350,T01 (25130),Properties and Applications of Nanomaterials (4),M,"Sep 03 - Dec 08, 13:00-14:15 (TR)",Chuang Deng
MECH 4412,A01 (18616),"Heating, Ventilation and Air Conditioning (4)",M,"Sep 03 - Dec 08, 13:00-14:15 (TR)",Meghan Guyot
MECH 4412,A01 (18616),"Heating, Ventilation and Air Conditioning (4)",M,"Sep 03 - Dec 08, 14:30-16:20 (F)",Meghan Guyot
MECH 4482,A01 (26257),Applied Aerospace Instrumentation (4),M,"Sep 03 - Dec 08, 11:30-12:20 (MWF)",Syed Zaidi
MECH 4482,A01 (26257),Applied Aerospace Instrumentation (4),M,"Sep 03 - Dec 08, 14:30-16:20 (M)",Syed Zaidi
MECH 4510,A01 (25134),Fundamentals of Finite Element Analysis (4),M,"Sep 03 - Dec 08, 13:00-14:15 (TR)",Yunhua Luo
MECH 4510,A01 (25134),Fundamentals of Finite Element Analysis (4),M,"Sep 03 - Dec 08, 14:30-17:15 (R)",Yunhua Luo
MECH 4694,A01 (26260),Advanced Topics in Heat Transfer (4),M,"Sep 03 - Dec 08, 13:30-14:20 (MWF)",Cameron Verwey
MECH 4694,A01 (26260),Advanced Topics in Heat Transfer (4),M,"Sep 03 - Dec 08, 14:30-16:20 (M)",Cameron Verwey
MECH 4822,A01 (26258),"Heat Transfer in Fluid Flow
Heat Transfer in Fluid Flow
Heat Transfer in Fluid Flow (4)",M,"Sep 03 - Dec 08, 09:30-10:20 (MWF)",Scott Ormiston
MECH 4822,A01 (26258),"Heat Transfer in Fluid Flow
Heat Transfer in Fluid Flow
Heat Transfer in Fluid Flow (4)",M,"Sep 03 - Dec 08, 14:30-16:20 (W)",Scott Ormiston
MECH 4860,A01 (10885),Engineering Design (5),M,"Sep 03 - Dec 08, 10:30-11:20 (MWF)",Paul Labossiere
MECH 4860,A01 (10885),Engineering Design (5),M,"Sep 03 - Dec 08, 10:00-11:15 (TR)",Paul Labossiere
MECH 4870,A01 (18609),Fracture and Failure of Engineering Materials (4),M,"Sep 03 - Dec 08, 13:30-14:20 (MWF)",Guozhen Zhu
MECH 4870,A01 (18609),Fracture and Failure of Engineering Materials (4),M,"Sep 03 - Dec 08, 14:30-16:20 (F)",Guozhen Zhu
BGEN 2000,A01 (21729),Medical Cell Biology (3),M,"Sep 03 - Dec 08, 09:30-10:20 (MWF)",Jeffrey Wigle
BGEN 2010,A01 (21910),Applied Nutrition for Pharmacy Practice (2),B,Aug 25 - Dec 01,Francis Amara
BGEN 3010,A01 (21834),Genetics in Biomedicine (3),M,"Sep 03 - Dec 08, 10:30-11:20 (MWF)",David Merz
BGEN 3022,A01 (18084),Introduction to Human Genetics A (3),M,"Sep 03 - Dec 08, 11:30-12:45 (TR)",David Merz
BGEN 4010,A01 (10855),Project Course in Human Genetics (Part A) (3),B,Sep 03 - Dec 08,David Merz
BGEN 7000,A01 (11313),Research Seminar M.Sc. (Part A) (0.5),B,"Sep 03 - Dec 08, 12:00-13:00 (W)",James Davie
BGEN 7000,A02 (13556),Research Seminar M.Sc (1),B,"Sep 03 - Dec 08, 12:00-13:00 (W)",James Davie
BGEN 7020,A01 (16711),Proteins (3),B,Sep 03 - Dec 08,Rajinder Bhullar
BGEN 7090,A01 (16660),Principles & Practice of Human Genetics (3),B,"Sep 03 - Dec 08, 09:00-11:50 (T)",Meaghan Jones
BGEN 7142,A01 (16664),Clinical Genetics 1 (3),B,"Aug 05 - Dec 23, 09:00-12:00 (M)",Kristin Gambin
BGEN 7160,A01 (17730),Theories & Practice of Genetic Counselling (3),B,"Aug 05 - Dec 23, 13:00-16:00 (M)",Jessica Hartley
BGEN 7200,T01 (10865),"Regulatory mechanisms in epigenetics, cell death pathways, and protein homeostasis (3)",B,"Aug 05 - Dec 23,  (M)",Mojgan Rastegar
BGEN 7270,A01 (16663),Introduction to Genetic Counselling Clinic Rotation (Part A) (2),B,"Aug 05 - Dec 23, 13:30-16:30 (W)",Jessica Hartley
BGEN 7280,A01 (17731),Advanced Genetic Counselling Clinical Rotation (Part A) (2),B,"Aug 05 - Dec 23, 12:00-13:30 (R)",Jessica Hartley
BGEN 8000,A01 (11312),Research Seminar Ph.D. (Part A) (0.5),B,"Sep 03 - Dec 08, 12:00-13:00 (W)",James Davie
BGEN 8000,A02 (12788),Research Seminar Ph.D (1),B,"Sep 03 - Dec 08, 12:00-13:00 (W)",James Davie
IMED 7170,A01 (13951),Medical Genetics (3),B,"Sep 03 - Dec 08, 13:00-14:15 (M)",David Merz
IMED 7170,A01 (13951),Medical Genetics (3),B,"Sep 03 - Dec 08, 13:00-14:15 (F)",David Merz
CHSC 3002,A01 (26167),Addictions in the Family (3),M,"Sep 03 - Dec 08, 10:00-11:15 (TR)",Tamara Taillieu
CHSC 6810,A01 (20213),Biostatistics for Clinicians (3),B,"Sep 03 - Dec 08, 17:00-19:50 (T)",Shivalingappa Halli
CHSC 7200,A01 (21191),"Current Concepts in Global Health: Populations, Policies and Programs (3)",B,"Sep 04 - Dec 04, 09:00-11:50 (R)",Andrea Blanchard
CHSC 7212,A01 (23916),"Gender, Health, and Social Theory (3)",B,"Sep 10 - Dec 03, 13:00-15:00 (W)",Robert Lorway
CHSC 7212,A01 (23916),"Gender, Health, and Social Theory (3)",B,"Sep 03 - Sep 03, 13:00-15:00 (W)",Robert Lorway
CHSC 7212,A01 (23916),"Gender, Health, and Social Theory (3)",B,"Sep 05 - Dec 05, 12:00-14:20 (F)",Robert Lorway
CHSC 7300,A01 (11846),Health Policy and Planning (3),B,"Sep 03 - Dec 08, 09:00-11:50 (M)",Sandor Demeter
CHSC 7390,A01 (18082),Health Promotion (3),B,"Sep 08 - Dec 08, 13:00-15:50 (M)",Leigh McClarty
CHSC 7500,A01 (11309),Core Concepts in Public Health (3),B,"Sep 03 - Dec 08, 09:00-11:50 (T)",Brenda Elias
CHSC 7520,A01 (11010),Principles of Epidemiology (3),B,"Sep 03 - Dec 08, 09:00-11:50 (W)",Souradet Shaw
CHSC 7580,A01 (20864),Public Health Field Placement (0),B,Sep 03 - Dec 08,Karen Duncan
CHSC 7710,A01 (11852),Social Aspects of Aging (3),M,"Sep 03 - Dec 08, 13:00-15:45 (R)",Kerstin Roger
CHSC 7730,A01 (11858),Topics in Health Services Research (Part A) (1.5),B,"Sep 03 - Dec 08, 09:00-11:50 (F)",Malcolm Doupe
CHSC 7738,A01 (18101),Qualitative Research Methods in Community Health Sciences (3),B,"Sep 03 - Dec 08, 13:00-15:45 (T)",Kerstin Roger
CHSC 7810,A01 (12349),Biostatistics for the Health and Human Sciences (3),B,"Sep 03 - Dec 08, 16:00-18:00 (R)",Tamara Taillieu
CHSC 7810,A01 (12349),Biostatistics for the Health and Human Sciences (3),B,"Sep 03 - Dec 08, 13:00-15:50 (W)",Tamara Taillieu
CHSC 7820,A01 (11853),Biostatistics for Community Health Sciences (3),B,"Sep 03 - Dec 08, 10:00-13:00 (R)",Robert Balshaw
CHSC 7820,A01 (11853),Biostatistics for Community Health Sciences (3),B,"Sep 03 - Dec 08, 14:00-15:30 (R)",Robert Balshaw
CHSC 7850,A01 (21196),Advanced Biostatistical Methods for Hierarchical and Longitudinal Data (3),B,"Sep 03 - Dec 08, 13:00-16:00 (T)",Depeng Jiang
CHSC 7860,A01 (11854),Methods and Concepts for Community Health Sciences (3),B,"Sep 03 - Dec 08, 09:30-12:20 (T)",Amani Hamad
CHSC 7870,A01 (21198),Health Survey Research Methods (3),B,"Sep 08 - Dec 08, 13:00-15:50 (M)",Brenda Elias
CHSC 8600,A01 (11855),Senior seminar in Community Health Sciences (3),B,"Sep 03 - Dec 08, 09:30-12:20 (T)",Christine Kelly
FMLY 1000,G01 (13083),Families in Contemporary Canadian Society (3),M,"Sep 03 - Dec 08, 08:30-11:20 (T)",Punam Mehta
FMLY 1000,G02 (13276),Families in Contemporary Canadian Society (3),DE,Sep 03 - Dec 08,Punam Mehta
FMLY 1010,G03 (21101),Human Development in the Family (3),M,"Sep 03 - Dec 08, 18:00-21:00 (R)",Jamie Pfau
FMLY 1012,G01 (13080),Introduction to Social Development (3),M,"Sep 03 - Dec 08, 16:30-17:45 (MW)",Rumel Halder
FMLY 1012,G02 (13277),Introduction to Social Development (3),DE,Sep 03 - Dec 08,Oleksandr Kondrashov
FMLY 1420,G01 (13088),Family Management Principles (3),M,"Sep 03 - Dec 08, 18:00-21:00 (R)",Jacqueline Lemaire
FMLY 2012,G01 (13278),"Development, Conflict, and Displacement (3)",DE,Sep 03 - Dec 08,Punam Mehta
FMLY 2400,G01 (13085),Family Financial Health (3),M,"Sep 03 - Dec 08, 11:30-12:45 (TR)",Lisa Bednar
FMLY 2500,G01 (13087),Diversity and Families (3),M,"Sep 03 - Dec 08, 14:30-17:15 (T)",Chelsea Jalloh
FMLY 2600,G01 (13279),Foundations of Childhood Developmental Health (3),DE,Sep 03 - Dec 08,Erika Skaftfeld
FMLY 2800,G01 (13066),Family Violence (3),M,"Sep 03 - Dec 08, 14:30-17:15 (M)",Douglas Brownridge
FMLY 3240,G02 (25628),Families in Later Years (3),M,"Sep 03 - Dec 08, 14:30-17:15 (R)",Barbara Borges E Jesus Chieregati
FMLY 3780,G01 (14433),Introduction to the Development of Programs for Children and Families (3),M,"Sep 03 - Dec 08, 11:30-12:45 (TR)",Punam Mehta
FMLY 3802,G01 (14431),Intimate Partner Violence (3),M,"Sep 03 - Dec 08, 14:30-17:15 (T)",Douglas Brownridge
FMLY 4300,G02 (13095),Field Experience Part A (3),M,Sep 03 - Dec 08,Andrew Hatala
FMLY 4300,G02 (13095),Field Experience Part A (3),M,"Sep 03 - Dec 08, 10:30-12:20 (M)",Andrew Hatala
ANAT 1030,A01 (10930),Human Anatomy (3),B,"Sep 02 - Dec 08, 15:30-17:30 (R)",Yantian Li
ANAT 1030,A01 (10930),Human Anatomy (3),B,"Sep 02 - Dec 08, 15:00-17:30 (T)",Yantian Li
ANAT 4010,A01 (23041),Human Embryology (3),M,"Sep 03 - Dec 08, 09:30-10:20 (MWF)",Alexa Hryniuk
ANAT 7012,A01 (23205),Advanced Level Human Brain Imaging Methods (1.5),B,"Oct 16 - Dec 02, 11:00-13:00 (T)",Ji Ko
ANAT 7012,A01 (23205),Advanced Level Human Brain Imaging Methods (1.5),B,"Oct 16 - Dec 02, 11:00-12:00 (R)",Ji Ko
ANAT 7060,A02 (10931),Advanced Human Macroscopic (Gross) Anatomy (Part A) (6),B,"Aug 05 - Dec 23, 13:00-17:00 (MR)",Aleksandra Glogowska
ANAT 7322,A01 (25526),Ultrastructural Anatomy of the Cell (3),B,"Aug 05 - Dec 23, 10:00-11:30 (WF)",Saeid Ghavami
ANAT 7380,A01 (20576),Human Development (Embryology) (3),B,Sep 03 - Dec 08,Alexa Hryniuk
ANAT 7468,A01 (24365),Human Histology: Basic Tissues and Organ Systems (3),B,"Aug 05 - Dec 23, 09:00-11:00 (TR)",Benjamin Lindsey
ANAT 7478,A01 (24366),Human Gross Anatomy: Musculoskeletal (3),B,"Aug 05 - Dec 23, 13:00-15:00 (WF)",Jason Peeler
IMED 7004,A01 (23206),Human Brain Imaging Methods (1.5),B,"Sep 04 - Oct 14, 11:00-12:00 (R)",TBA
IMED 7004,A01 (23206),Human Brain Imaging Methods (1.5),B,"Sep 04 - Oct 14, 11:00-13:00 (T)",TBA
IMMU 7000,A01 (24009),Science Communication: Foundations & writing methodologies (3),B,"Sep 03 - Dec 08, 11:00-14:00 (W)",Jean-Eric Ghia
IMMU 7070,A01 (10846),Introductory Immunology (3),B,"Aug 05 - Dec 23, 09:30-11:30 (MR)",Cedric Tremblay
IMMU 7090,A01 (24010),Selected Topics in Immunology (3),B,Aug 05 - Dec 23,Soussi Gounni
MMIC 7012,A01 (24006),Fundamental Virology (3),B,"Sep 03 - Dec 08, 13:30-16:30 (R)",Xiao-Jian Yao
MMIC 7040,A01 (18457),Clinical Bacteriology (Part A) (3),B,"Sep 03 - Dec 08, 08:45-11:00 (W)",Philippe Lagace-Wiens
MMIC 7050,A01 (10936),Microbial Pathogenicity (Part A) (3),B,"Aug 05 - Dec 23, 13:00-16:00 (T)",Denice Bay
MMIC 7160,A01 (18458),Molecular Basis of Antibiotic Action (3),B,"Sep 03 - Dec 08, 08:45-12:00 (F)",George Zhanel
MMIC 7160,A01 (18458),Molecular Basis of Antibiotic Action (3),B,Sep 03 - Dec 08,George Zhanel
MMIC 7160,A01 (18458),Molecular Basis of Antibiotic Action (3),B,"Sep 03 - Dec 08, 13:00-16:00 (F)",George Zhanel
MMIC 7170,A01 (18424),Molecular Biology of Animal Viruses (3),B,Sep 03 - Dec 08,Kevin Coombs
MMIC 7190,A01 (16300),Readings in Infectious Diseases (3),B,Sep 03 - Dec 08,Marissa Becker
UGME 1000,A01 (11241),Year 1 Medicine (0),B,"Aug 25 - Dec 19,  (MTWRF)",Sally Longstaffe
UGME 2000,A01 (11242),Year 2 Medicine (0),B,"Aug 25 - Dec 19,  (MTWRF)",Sally Longstaffe
UGME 3000,A01 (11243),Year 3 Medicine (0),B,"Aug 25 - Dec 19, 13:00-14:50 (R)",Sally Longstaffe
UGME 4000,A01 (11244),Year 4 Medicine (0),B,"Aug 25 - Dec 19,  (MTWRF)",Sally Longstaffe
UGME 4990,A01 (11245),Clinical Clerkship (0),B,Aug 25 - Dec 19,Sally Longstaffe
IMED 7092,A01 (18099),Cell Biology A Introductory (3),B,"Sep 03 - Dec 08, 09:00-11:00 (MW)",
IMED 7300,A01 (11416),"Microscopy, Optics, Imaging and Analysis in Health Research (3)",B,"Nov 24 - Dec 28, 08:30-16:30 (MTWRF)",Sabine Mai
PAEP 7000,A01 (11413),Physiology and Pathophysiology for Physician Assistants (3),B,"Oct 06 - Dec 05, 10:00-12:00 (F)",Adrian West
PAEP 7000,A01 (11413),Physiology and Pathophysiology for Physician Assistants (3),B,"Oct 06 - Dec 05, 13:00-14:55 (W)",Adrian West
PAEP 7000,A01 (11413),Physiology and Pathophysiology for Physician Assistants (3),B,"Oct 06 - Dec 05, 10:30-12:30 (T)",Adrian West
PAEP 7010,A01 (11414),Human Anatomy for Physician Assistants (3),B,"Sep 02 - Dec 05, 13:30-16:30 (TR)",Alexa Hryniuk
PAEP 7030,A01 (11415),Professional Studies of Physician Assistants (3),B,"Sep 02 - Dec 05, 08:30-10:25 (MW)",Rebecca Mueller
PAEP 7042,A01 (11587),Biochemistry for Physician Assistants (1),B,"Sep 02 - Oct 03, 10:30-12:30 (T)",Francis Amara
PAEP 7042,A01 (11587),Biochemistry for Physician Assistants (1),B,"Sep 02 - Oct 03, 13:00-14:55 (W)",Francis Amara
PAEP 7042,A01 (11587),Biochemistry for Physician Assistants (1),B,"Sep 02 - Oct 03, 10:00-12:00 (F)",Francis Amara
PAEP 7045,A01 (12253),Research and Clinical Practice for Physician Assistants (1),B,"Sep 02 - Dec 05, 10:30-12:00 (M)",Deni Pirnat
PAEP 7052,A01 (11586),Patient Assessment for Physician Assistants I (2),B,"Sep 02 - Dec 05, 15:00-16:00 (W)",Jennifer Forbes
PAEP 7052,A01 (11586),Patient Assessment for Physician Assistants I (2),B,"Sep 02 - Dec 05, 13:00-16:00 (M)",Jennifer Forbes
PAEP 7084,A01 (18148),Microbiology & Infectious Diseases for Physician Assistants (1),B,"Oct 01 - Dec 05, 10:30-12:00 (W)",Amila Heendeniya Vidanaral
PAEP 7202,A01 (11871),Family Medicine for Physician Assistants (6),B,Aug 18 - Dec 19,Rebecca Mueller
PAEP 7204,A01 (17087),Clinical Elective for Physician Assistants I (1.5),B,Aug 18 - Dec 19,Rebecca Mueller
PAEP 7206,A01 (17091),Clinical Elective for Physician Assistants II (1.5),B,Aug 18 - Dec 19,Rebecca Mueller
PAEP 7206,A02 (24555),CLIN ELEC FOR P.A. II (1.5),B,Aug 05 - Dec 23,Rebecca Mueller
PAEP 7210,A01 (11692),Clinical Internal Medicine for Physician Assistants (3),B,Aug 18 - Dec 19,Rebecca Mueller
PAEP 7220,A01 (11688),Clinical Surgery for Physician Assistants (3),B,Aug 18 - Dec 19,Rebecca Mueller
PAEP 7240,A01 (11694),Clinical Pediatrics for Physician Assistants (3),B,Aug 18 - Dec 19,Rebecca Mueller
PAEP 7240,A02 (15746),Clinical Pediatrics for Physician Assistants (3),B,Aug 05 - Dec 23,Rebecca Mueller
PAEP 7250,A01 (11691),Clinical Psychiatry for Physician Assistants (3),B,Aug 18 - Dec 19,Rebecca Mueller
PAEP 7260,A01 (11693),Community Health for Physician Assistants (3),B,Aug 05 - Dec 23,Rebecca Mueller
PAEP 7270,A01 (11687),Clinical Emergency Medicine for Physician Assistants (3),B,Aug 18 - Dec 19,Rebecca Mueller
PAEP 7280,A01 (11689),Clinical Obstetrics and Gynecology for Physician Assistants (3),B,Aug 18 - Dec 19,Rebecca Mueller
PAEP 7300,A02 (24556),COMP ASSESS OF CLIN SKILLS (0),B,Aug 18 - Dec 19,Rebecca Mueller
IMED 7212,A01 (16293),Introduction to the Mechanisms of Disease (3),B,"Sep 03 - Dec 08, 09:30-11:30 (MW)",
PEDS 7010,A01 (25521),Introduction to Biostatistics in Child Health Research (3),B,"Sep 03 - Oct 01, 09:00-15:00 (TWRF)",Jennifer Protudjer
PEDS 7020,A01 (25522),Introduction to Research Methods (3),B,"Oct 02 - Oct 15, 09:30-12:00 (TR)",Jennifer Protudjer
PEDS 7020,A01 (25522),Introduction to Research Methods (3),B,"Oct 17 - Dec 05, 09:30-12:00 (TR)",Jennifer Protudjer
PEDS 7020,A01 (25522),Introduction to Research Methods (3),B,"Dec 05 - Dec 05, 09:30-12:00 (F)",Jennifer Protudjer
PEDS 7030,A01 (25537),"Equity, Diversity and Inclusion for Professionals (0)",B,"Sep 22 - Sep 26, 09:00-11:00 (M)",Jacqueline Gruber
PEDS 7040,A01 (25538),Introduction to a Clinical Environment (0),OC,Sep 03 - Dec 23,Jennifer Protudjer
PEDS 7080,A01 (25540),Indigenous Child Health (0),B,"Oct 08 - Oct 14, 13:00-16:00 (W)",Wanda Phillips-Beck
PEDS 7130,A01 (24587),Multidisciplinary Immersion in Clinical Research (1.5),OC,Sep 03 - Dec 23,Jennifer Protudjer
PEDS 7150,A01 (24589),Multidisciplinary Immersion in Basic Sciences (1.5),B,Sep 03 - Dec 23,Jennifer Protudjer
PEDS 7160,A01 (24590),Multidisciplinary Immersion in Population Health (1.5),B,Sep 03 - Dec 23,Jennifer Protudjer
PEDS 7170,A01 (24591),Multidisciplinary Immersion in Practice and Policy (1.5),B,Sep 03 - Dec 23,Jennifer Protudjer
PHAC 2100,A01 (10804),Pharmacology (Part A) (3),B,"Sep 02 - Dec 08, 08:30-10:20 (MW)",Jillian Stobart
PHAC 3000,A01 (21188),Foundations of Pharmacology (3),M,"Sep 03 - Dec 08, 09:30-10:20 (MWF)",Sachin Katyal
PHAC 4030,A01 (11384),Drugs in Human Disease I (3),M,"Sep 03 - Dec 08, 08:30-09:45 (TR)",Christopher Anderson
PHAC 7136,A01 (19484),General Pharmacology (3),B,"Sep 03 - Dec 08, 08:30-11:30 (F)",Tiina Kauppinen
PHAC 7136,A01 (19484),General Pharmacology (3),B,"Sep 03 - Dec 08, 08:30-10:30 (M)",Tiina Kauppinen
PHAC 7180,T05 (16417),Recent Advances in Pharmacology Fall 2025 (3),B,Sep 03 - Dec 08,Paul Fernyhough
PHAC 7222,A01 (14853),Molecular Pharmacology 2 (3),B,"Sep 03 - Dec 08, 14:00-16:00 (W)",Jun-Feng Wang
PHAC 7230,A01 (12034),Fundamental in Pharmacology for Health Care I (3),B,"Sep 03 - Dec 08, 08:30-10:25 (TR)",Gordon Glazner
PHGY 1030,D01 (23994),Fundamentals of Medical Physiology (Part A) - Online Section (3),DE,Sep 03 - Dec 08,Adrian West
PHGY 1030,A01 (21124),Fundamentals of Medical Physiology (Part A) (3),M,"Sep 03 - Dec 08, 13:00-14:15 (TR)",Adrian West
PHGY 5002,A01 (21892),Respiratory Physiology and Pathophysiology (3),B,"Aug 05 - Dec 23, 09:00-12:00 (TR)",Andrew Halayko
PHGY 5004,A01 (21900),Cardiovascular Physiology and Pathophysiology (3),B,"Aug 05 - Dec 23, 09:00-12:00 (TR)",Ian Dixon
PHGY 5010,A01 (21906),Cell Biology A Introductory (3),B,"Sep 03 - Dec 08, 09:00-12:00 (MW)",
PHGY 5012,K01 (21894),Laboratory Physiology and Pathophysiology (Part A) (6),B,Sep 03 - Dec 08,TBA
PHGY 7190,A01 (16307),Research Topics in Physiology (3),B,Sep 03 - Dec 08,TBA
PHGY 7252,A01 (12641),Respiratory Physiology & Pathophysiology (1.5),B,"Sep 04 - Oct 21, 09:00-11:00 (TR)",Andrew Halayko
PHGY 7360,A01 (16413),Trends in Cardiovascular Sciences (Part A) (1.5),B,"Sep 03 - Dec 08, 11:00-12:00 (W)",Sanjiv Dhingra
PHGY 7390,A01 (26572),Gene Therapy (3),M,"Sep 03 - Dec 08, 13:00-15:00 (TR)",Lorrie Kirshenbaum
SURG 7012,A01 (19512),Major Course in Surgical Problems (Part A) (1.5),B,"Sep 03 - Dec 08, 08:00-09:00 (W)",TBA
SURG 7022,A01 (19513),Specialty Rounds in Surgical Problems (Part A) (1.5),B,"Sep 03 - Dec 08,  (MWF)",TBA
SURG 7030,A01 (19514),Advance Surgery: Subspecialty Rounds (Part A) (1.5),B,Sep 03 - Dec 08,TBA
ACC 1100,B01 (18487),Introductory Financial Accounting (0),M,"Sep 03 - Dec 08, 10:00-11:15 (F)",Le Nhu Quynh Mai
ACC 1100,A04 (10063),Introductory Financial Accounting (3),M,"Sep 03 - Dec 08, 16:00-17:15 (TR)",Lingyi Zheng
ACC 1100,A05 (21189),Introductory Financial Accounting (3),M,"Sep 03 - Dec 08, 18:00-20:45 (T)",Calvin Loi
ACC 1100,B02 (18488),Introductory Financial Accounting (0),M,"Sep 03 - Dec 08, 10:00-11:15 (F)",Kenichiro May
ACC 1100,D01 (11798),Introductory Financial Accounting (3),DE,Sep 03 - Dec 08,Mingzhi Liu
ACC 1100,B04 (18490),Introductory Financial Accounting (0),M,"Sep 03 - Dec 08, 11:30-12:45 (F)",Kenichiro May
ACC 1100,B05 (18527),Introductory Financial Accounting (0),M,"Sep 03 - Dec 08, 13:00-14:15 (F)",Owen Unrau
ACC 1100,D01 (11798),Introductory Financial Accounting (3),DE,Sep 03 - Dec 08,Mingzhi Liu
ACC 1100,B03 (18489),Introductory Financial Accounting (0),M,"Sep 03 - Dec 08, 11:30-12:45 (F)",Le Nhu Quynh Mai
ACC 1100,A02 (10061),Introductory Financial Accounting (3),M,"Sep 03 - Dec 08, 16:00-17:15 (MW)",Changqiu Yu
ACC 1100,A03 (10062),Introductory Financial Accounting (3),M,"Sep 03 - Dec 08, 11:30-12:45 (TR)",Ying Zhang
ACC 1100,A01 (11794),Introductory Financial Accounting (3),M,"Sep 03 - Dec 08, 14:30-15:45 (MW)",Changqiu Yu
ACC 1110,B01 (18491),Introductory Managerial Accounting (0),M,"Sep 03 - Dec 08, 11:30-12:45 (F)",Alexander Elyk
ACC 1110,D01 (12588),Introductory Managerial Accounting (3),DE,Sep 03 - Dec 08,
ACC 1110,A01 (10047),Introductory Managerial Accounting (3),M,"Sep 03 - Dec 08, 10:00-11:15 (MW)",
ACC 1110,B02 (18492),Introductory Managerial Accounting (0),M,"Sep 03 - Dec 08, 13:00-14:15 (F)",Alexander Elyk
ACC 1110,A02 (24708),Introductory Managerial Accounting (3),M,"Sep 03 - Dec 08, 11:30-12:45 (MW)",
ACC 3010,A02 (25530),Data Analytics in Accounting (3),M,"Sep 03 - Dec 08, 09:00-11:45 (F)",
ACC 3010,A01 (22954),Data Analytics in Accounting (3),M,"Sep 03 - Dec 08, 18:00-20:45 (R)",
ACC 3040,A01 (15967),Cost Accounting (3),M,"Sep 03 - Dec 08, 10:00-11:15 (MW)",Muhammad Kabir
ACC 3040,A02 (10059),Cost Accounting (3),M,"Sep 03 - Dec 08, 11:30-12:45 (MW)",Muhammad Kabir
ACC 3080,A01 (16408),Canadian Income Taxation (3),M,"Sep 03 - Dec 08, 18:00-20:45 (R)",Lingyi Zheng
ACC 3080,A01 (16408),Canadian Income Taxation (3),M,"Sep 03 - Dec 08, 18:00-19:15 (W)",Lingyi Zheng
ACC 3110,A02 (24101),Intermediate Accounting -Assets (3),M,"Sep 03 - Dec 08, 11:30-12:45 (TR)",Mingzhi Liu
ACC 3110,A01 (24100),Intermediate Accounting -Assets (3),M,"Sep 03 - Dec 08, 10:00-11:15 (TR)",Mingzhi Liu
ACC 3120,A02 (24442),Intermediate Accounting- Equities (3),M,"Sep 03 - Dec 08, 11:30-12:45 (MW)",Changqiu Yu
ACC 3120,A01 (24102),Intermediate Accounting- Equities (3),M,"Sep 03 - Dec 08, 10:00-11:15 (MW)",Changqiu Yu
ACC 3130,A01 (24103),Advanced Financial Accounting (3),M,"Sep 03 - Dec 08, 14:30-15:45 (MW)",
ACC 3130,A02 (25905),Advanced Financial Accounting (3),M,"Sep 03 - Dec 08, 16:00-17:15 (MW)",
ACC 3530,A01 (23412),Accounting Information Systems (3),M,"Sep 03 - Dec 08, 18:00-20:45 (T)",Ying Zhang
ACC 4030,A01 (10086),Accounting Theory (3),M,"Sep 03 - Dec 08, 18:00-20:45 (R)",Ainsley Donald
ACC 7010,A01 (24062),Accounting Fundamentals (3),M,"Sep 11 - Nov 27, 18:15-21:30 (R)",Muhammad Kabir
ACC 7010,G01 (24063),Accounting Fundamentals (3),M,"Sep 11 - Nov 27, 18:15-21:30 (R)",Muhammad Kabir
FIN 1010,D01 (26296),Introduction to Personal Finance (3),DE,Sep 03 - Dec 08,Xiaofan Zheng
FIN 2010,D01 (23416),Introduction to Finance (3),DE,Sep 03 - Dec 08,David Stangeland
FIN 2010,A01 (23413),Introduction to Finance (3),M,"Sep 03 - Dec 08, 13:00-14:15 (TR)",David Stangeland
FIN 2010,D01 (23416),Introduction to Finance (3),DE,Sep 03 - Dec 08,David Stangeland
FIN 2010,A01 (23413),Introduction to Finance (3),M,"Sep 03 - Dec 08, 13:00-14:15 (F)",David Stangeland
FIN 2010,A02 (23414),Introduction to Finance (3),M,"Sep 03 - Dec 08, 14:30-15:45 (MW)",XINGYU CHEN
FIN 2010,A02 (23414),Introduction to Finance (3),M,"Sep 03 - Dec 08, 14:30-15:45 (F)",XINGYU CHEN
FIN 2010,A03 (23415),Introduction to Finance (3),M,"Sep 03 - Dec 08, 10:00-11:15 (MW)",Zhihao Huang
FIN 2010,A03 (23415),Introduction to Finance (3),M,"Sep 03 - Dec 08, 10:00-11:15 (F)",Zhihao Huang
FIN 2420,A01 (22955),Financial Risk Management (3),M,"Sep 03 - Dec 08, 08:30-09:45 (TR)",Li Yu
FIN 3240,A01 (25909),Entrepreneurial Finance (3),M,"Sep 03 - Dec 08, 18:00-20:45 (M)",Yuying Sun
FIN 3410,A01 (10065),Investments (3),M,"Sep 03 - Dec 08, 11:30-12:45 (MW)",Xin Tong
FIN 3450,A02 (14031),International Finance (3),M,"Sep 03 - Dec 08, 13:00-14:15 (MW)",Jianning Huang
FIN 3480,A01 (10084),Corporate Finance Theory and Practice (3),M,"Sep 03 - Dec 08, 16:00-17:15 (MW)",Jianning Huang
FIN 4250,A01 (22805),Behavioral Finance (3),M,"Sep 03 - Dec 08, 13:00-14:15 (TR)",Chi Liao
FIN 4400,A02 (10087),Financial Management Practices (3),M,"Sep 03 - Dec 08, 11:30-12:45 (MW)",Shiu-Yik Au
FIN 4400,A01 (12052),Financial Management Practices (3),M,"Sep 03 - Dec 08, 10:00-11:15 (MW)",Shiu-Yik Au
FIN 7000,A01 (16589),Managerial Economics (1.5),M,"Aug 24 - Aug 24, 09:00-13:45 (U)",David Stangeland
FIN 7000,A01 (16589),Managerial Economics (1.5),M,"Aug 22 - Aug 22, 13:15-17:30 (F)",David Stangeland
FIN 7000,A01 (16589),Managerial Economics (1.5),M,"Aug 29 - Aug 31, 13:15-17:30 (F)",David Stangeland
FIN 7000,G01 (14406),Managerial Economics (1.5),M,"Aug 31 - Aug 31, 09:00-13:45 (U)",David Stangeland
FIN 7000,G01 (14406),Managerial Economics (1.5),M,"Aug 24 - Aug 24, 09:00-13:45 (U)",David Stangeland
FIN 7000,G01 (14406),Managerial Economics (1.5),M,"Aug 22 - Aug 22, 13:15-17:30 (F)",David Stangeland
FIN 7000,A01 (16589),Managerial Economics (1.5),M,"Aug 31 - Aug 31, 09:00-13:45 (U)",David Stangeland
FIN 7000,G01 (14406),Managerial Economics (1.5),M,"Aug 29 - Aug 29, 13:15-17:30 (F)",David Stangeland
FIN 7020,A01 (15529),Corporate Finance (3),M,"Sep 09 - Dec 02, 18:15-21:30 (T)",David Stangeland
FIN 7020,G01 (14407),Corporate Finance (3),M,"Sep 09 - Dec 02, 18:15-21:30 (T)",David Stangeland
FIN 7180,G01 (23109),Behavioural Finance (3),M,"Sep 03 - Dec 08, 13:00-14:15 (TR)",Chi Liao
FIN 7180,A01 (23108),Behavioural Finance (3),M,"Sep 03 - Dec 08, 13:00-14:15 (TR)",Chi Liao
FIN 7700,A01 (25149),Financial Economics (3),M,"Sep 03 - Dec 08, 09:30-12:30 (M)",Lei Lu
FIN 7714,A01 (25903),Advanced Financial Theory (3),M,"Sep 03 - Dec 08, 13:30-16:30 (M)",Lei Lu
MIS 3510,A01 (10085),Systems Analysis and Design (3),M,"Sep 03 - Dec 08, 14:30-15:45 (TR)",Mahdi Abouei
MIS 3520,A01 (12066),Data Communications and Networking (3),M,"Sep 03 - Dec 08, 10:00-11:15 (TR)",Byron Wright
MIS 5120,G01 (16551),Spreadsheet Skills for Management (1),OC,Aug 05 - Dec 23,Byron Wright
MIS 5120,A01 (16608),Spreadsheet Skills for Management (1),OC,Aug 05 - Dec 23,Byron Wright
ACT 2120,A01 (10001),Interest Theory (3),M,"Sep 03 - Dec 08, 11:30-12:45 (MW)",Jeffrey Pai
ACT 2210,A02 (16788),Introduction to Risk Management (3),M,"Sep 03 - Dec 08, 16:00-18:45 (M)",Jeffrey Pai
ACT 3130,A01 (13108),Actuarial Models 1 (3),M,"Sep 03 - Dec 08, 13:00-14:15 (MW)",Jeffrey Pai
ACT 3230,A01 (14775),Actuarial Models 2 (3),M,"Sep 03 - Dec 08, 11:30-12:45 (TR)",Yumin Wang
ACT 3340,A01 (13109),Valuations for Actuarial Practice (3),M,"Sep 03 - Dec 08, 14:30-15:45 (TR)",Yumin Wang
ACT 4020,A01 (17425),Short Term Actuarial Mathematics I (3),M,"Sep 03 - Dec 08, 13:00-14:15 (TR)",Xuemiao Hao
ACT 4040,A01 (23417),Time Series and Statistical Learning in Actuarial Science (3),M,"Sep 03 - Dec 08, 10:00-11:15 (TR)",Xikui Wang
ENTR 2020,A02 (24716),Starting a New Business (3),M,"Sep 03 - Dec 08, 14:30-17:15 (W)",Wenlong Yuan
ENTR 2020,A01 (24715),Starting a New Business (3),M,"Sep 03 - Dec 08, 14:30-17:15 (M)",Wenlong Yuan
ENTR 2030,A05 (25929),Introduction to Entrepreneurship: Business and Social Perspectives (3),M,"Sep 03 - Dec 08, 13:00-14:15 (TR)",Junyon Im
ENTR 2030,A02 (22347),Introduction to Entrepreneurship (3),M,"Sep 03 - Dec 08, 14:30-15:45 (MW)",Xiumei Li
ENTR 2030,A03 (24737),Introduction to Entrepreneurship: Business and Social Perspectives (3),M,"Sep 03 - Dec 08, 11:30-12:45 (TR)",Junyon Im
ENTR 2030,A04 (24741),Introduction to Entrepreneurship: Business and Social Perspectives (3),M,"Sep 03 - Dec 08, 11:30-12:45 (MW)",Xiumei Li
ENTR 2030,A01 (18505),Introduction to Entrepreneurship (3),M,"Sep 03 - Dec 08, 13:00-14:15 (MW)",Xiumei Li
ENTR 3100,A01 (17649),Small Business Management (3),M,"Sep 03 - Dec 08, 14:30-17:15 (M)",Arjun Odedra
ENTR 4100,A01 (20065),New Venture Analysis (3),M,"Sep 03 - Dec 08, 14:30-17:15 (T)",Maria Proenca
GMGT 1000,A01 (23442),Writing Skills for Business (1.5),M,"Sep 03 - Dec 08, 14:30-15:45 (W)",Janine Jeanson
GMGT 1000,A02 (24110),Writing Skills for Business (1.5),M,"Sep 03 - Dec 08, 14:30-15:45 (M)",Janet Eisbrenner
GMGT 1000,A03 (25556),Writing Skills for Business (1.5),M,"Sep 03 - Dec 08, 16:00-17:15 (T)",Janet Eisbrenner
GMGT 1000,A05 (26599),Writing Skills for Business (1.5),M,"Sep 03 - Dec 08, 13:00-14:15 (M)",Christina Albi
GMGT 1000,A04 (26581),Writing Skills for Business (1.5),M,"Sep 03 - Dec 08, 16:00-17:15 (R)",Maryam Razzaq
GMGT 1010,A05 (11859),Business and Society (3),M,"Sep 03 - Dec 08, 10:00-11:15 (MW)",Alok Dua
GMGT 1010,A06 (12745),Business and Society (3),M,"Sep 03 - Dec 08, 13:00-14:15 (TR)",Howard Harmatz
GMGT 1010,A01 (11772),Business and Society (3),M,"Sep 03 - Dec 08, 08:30-09:45 (MW)",Farzana Islam
GMGT 1010,A07 (18514),Business and Society (3),M,"Sep 03 - Dec 08, 18:15-21:00 (T)",Harsha Blumer
GMGT 1010,A08 (24079),Business and Society (3),M,"Sep 03 - Dec 08, 14:30-15:45 (MW)",Farzana Islam
GMGT 1010,A09 (24080),Business and Society (3),M,"Sep 03 - Dec 08, 11:30-12:45 (TR)",Farhan Islam
GMGT 1010,A11 (25575),Business and Society (3),M,"Sep 03 - Dec 08, 14:30-15:45 (MW)",Alok Dua
GMGT 1010,A03 (11778),Business and Society (3),M,"Sep 03 - Dec 08, 13:00-14:15 (TR)",Sean Macdonald
GMGT 1010,A04 (11779),Business and Society (3),M,"Sep 03 - Dec 08, 11:30-12:45 (MW)",Thomas Restiaux
GMGT 1010,A02 (11777),Business and Society (3),M,"Sep 03 - Dec 08, 14:30-15:45 (TR)",Howard Harmatz
GMGT 2010,A03 (11782),Business Communications (3),M,"Sep 03 - Dec 08, 08:30-09:45 (TR)",Rakesh Mittoo
GMGT 2010,A04 (11783),Business Communications (3),M,"Sep 03 - Dec 08, 10:00-11:15 (TR)",Rakesh Mittoo
GMGT 2010,A01 (11780),Business Communications (3),M,"Sep 03 - Dec 08, 08:30-09:45 (MW)",Rakesh Mittoo
GMGT 2010,A02 (11781),Business Communications (3),M,"Sep 03 - Dec 08, 13:00-14:15 (MW)",Rakesh Mittoo
GMGT 2060,A01 (11785),Management and Organizational Theory (3),M,"Sep 03 - Dec 08, 11:30-12:45 (MW)",Sean Macdonald
GMGT 2070,A02 (10011),Introduction to Organizational Behaviour (3),M,"Sep 03 - Dec 08, 11:30-12:45 (MW)",Raymond Lee
GMGT 2070,A01 (23430),Introduction to Organizational Behaviour (3),M,"Sep 03 - Dec 08, 10:00-12:45 (M)",Wei Wang
GMGT 2070,A03 (10012),Introduction to Organizational Behaviour (3),M,"Sep 03 - Dec 08, 13:00-14:15 (F)",Raymond Lee
GMGT 2070,A03 (10012),Introduction to Organizational Behaviour (3),M,"Sep 03 - Dec 08, 13:00-14:15 (MW)",Raymond Lee
GMGT 2070,A01 (23430),Introduction to Organizational Behaviour (3),M,"Sep 03 - Dec 08, 10:00-11:15 (F)",Wei Wang
GMGT 2070,A02 (10011),Introduction to Organizational Behaviour (3),M,"Sep 03 - Dec 08, 11:30-12:45 (F)",Raymond Lee
GMGT 2070,A04 (23439),Introduction to Organizational Behaviour (3),M,"Sep 03 - Dec 08, 13:00-14:15 (F)",Farhan Islam
GMGT 2070,A06 (24742),Introduction to Organizational Behaviour (3),M,"Sep 03 - Dec 08, 08:30-09:45 (MW)",Janet Eisbrenner
GMGT 2070,A06 (24742),Introduction to Organizational Behaviour (3),M,"Sep 03 - Dec 08, 08:30-09:45 (F)",Janet Eisbrenner
GMGT 2070,A05 (23440),Introduction to Organizational Behaviour (3),M,"Sep 03 - Dec 08, 14:30-15:45 (F)",Farhan Islam
GMGT 2070,A05 (23440),Introduction to Organizational Behaviour (3),M,"Sep 03 - Dec 08, 14:30-15:45 (TR)",Farhan Islam
GMGT 2070,A04 (23439),Introduction to Organizational Behaviour (3),M,"Sep 03 - Dec 08, 13:00-14:15 (TR)",Farhan Islam
GMGT 3010,A01 (13111),Management Decision-Making (3),M,"Sep 03 - Dec 08, 13:00-14:15 (MW)",Leslie Crombie
GMGT 3300,A01 (10029),Business Law (3),M,"Sep 03 - Dec 08, 08:30-09:45 (MW)",Ian Restall
GMGT 3300,A03 (12686),Business Law (3),M,"Sep 03 - Dec 08, 10:00-11:15 (MW)",Ian Restall
GMGT 3300,A02 (10033),Business Law (3),M,"Sep 03 - Dec 08, 16:00-17:15 (MW)",John Harrison
GMGT 4010,A04 (10042),Strategic Management (3),M,"Sep 03 - Dec 08, 10:00-11:15 (MW)",Jie Yang
GMGT 4010,A05 (17132),Strategic Management (3),M,"Sep 03 - Dec 08, 14:30-17:15 (R)",Alok Dua
GMGT 4010,A06 (24714),Strategic Management (3),M,"Sep 03 - Dec 08, 14:30-15:45 (MW)",Jie Yang
GMGT 4010,A02 (10039),Strategic Management (3),M,"Sep 03 - Dec 08, 11:30-12:45 (MW)",Jie Yang
GMGT 4010,A03 (10041),Strategic Management (3),M,"Sep 03 - Dec 08, 14:30-17:15 (W)",
GMGT 4010,A01 (23441),Strategic Management (3),M,"Sep 03 - Dec 08, 14:30-17:15 (T)",Pouyan Tabasi Nejad
GMGT 7200,G01 (12523),Critical and Creative Thinking (1.5),M,"Aug 21 - Sep 04, 18:15-21:30 (TR)",Howard Harmatz
GMGT 7200,A01 (26451),Critical and Creative Thinking (1.5),M,"Aug 21 - Sep 04, 18:15-21:30 (TR)",Howard Harmatz
GMGT 7210,G01 (20118),Strategy (3),M,"Sep 15 - Dec 01, 18:15-21:30 (M)",Rong Zeng
GMGT 7220,A01 (21563),Managing People in Organizations (3),M,"Sep 15 - Dec 01, 18:15-21:30 (M)",Luke Neville
GMGT 7220,G01 (12526),Managing People in Organizations (3),M,"Sep 15 - Dec 01, 18:15-21:30 (M)",Luke Neville
GMGT 7230,A01 (26491),Negotiations (3),M,"Sep 17 - Nov 26, 18:15-21:30 (W)",Luke Neville
GMGT 7230,G01 (26492),Negotiations (3),M,"Sep 17 - Nov 26, 18:15-21:30 (W)",Luke Neville
GMGT 7350,G10 (20530),Business Analysis and Strategy Development (3),M,"Sep 07 - Sep 07, 13:00-21:00 (U)",Judith Jayasuriya
GMGT 7350,A10 (26518),Business Analysis and Strategy Development (3),M,"Sep 09 - Sep 09, 18:15-22:30 (T)",Judith Jayasuriya
GMGT 7350,A10 (26518),Business Analysis and Strategy Development (3),M,"Aug 27 - Aug 27, 18:15-22:30 (W)",Judith Jayasuriya
GMGT 7350,A10 (26518),Business Analysis and Strategy Development (3),M,"Aug 28 - Aug 28, 18:15-22:30 (R)",Judith Jayasuriya
GMGT 7350,A10 (26518),Business Analysis and Strategy Development (3),M,"Sep 04 - Sep 04, 18:15-22:30 (R)",Judith Jayasuriya
GMGT 7350,A10 (26518),Business Analysis and Strategy Development (3),M,"Sep 11 - Sep 11, 18:15-22:30 (R)",Judith Jayasuriya
GMGT 7350,G10 (20530),Business Analysis and Strategy Development (3),M,"Sep 04 - Sep 04, 18:15-22:30 (R)",Judith Jayasuriya
GMGT 7350,A10 (26518),Business Analysis and Strategy Development (3),M,"Sep 02 - Sep 02, 18:15-22:30 (T)",Judith Jayasuriya
GMGT 7350,A12 (26519),Business Case Competitions (Part A) (1.5),M,Aug 05 - Dec 23,Judith Jayasuriya
GMGT 7350,G12 (24342),Business Case Competitions (Part A) (1.5),M,Aug 05 - Dec 23,Judith Jayasuriya
GMGT 7350,G05 (20528),Managing for Sustainable Development (3),M,"Sep 12 - Sep 13, 08:30-15:30 (FS)",Nathan Greidanus
GMGT 7350,G02 (11628),Business Venture Analysis (3),M,"Oct 19 - Oct 19, 09:00-12:00 (U)",Zhenyu Wu
GMGT 7350,G02 (11628),Business Venture Analysis (3),M,"Sep 21 - Sep 21, 09:00-12:00 (U)",Zhenyu Wu
GMGT 7350,G02 (11628),Business Venture Analysis (3),M,"Oct 17 - Oct 18, 09:00-16:00 (FS)",Zhenyu Wu
GMGT 7350,G02 (11628),Business Venture Analysis (3),M,"Sep 19 - Sep 20, 09:00-16:00 (FS)",Zhenyu Wu
GMGT 7350,A02 (26500),Business Venture Analysis (3),M,"Sep 19 - Sep 20, 09:00-16:00 (FS)",Zhenyu Wu
GMGT 7350,A02 (26500),Business Venture Analysis (3),M,"Oct 19 - Oct 19, 09:00-12:00 (U)",Zhenyu Wu
GMGT 7350,A10 (26518),Business Analysis and Strategy Development (3),M,"Aug 26 - Aug 26, 18:15-22:30 (T)",Judith Jayasuriya
GMGT 7350,A10 (26518),Business Analysis and Strategy Development (3),M,"Sep 06 - Sep 06, 09:00-17:00 (S)",Judith Jayasuriya
GMGT 7350,G10 (20530),Business Analysis and Strategy Development (3),M,"Aug 26 - Aug 26, 18:15-22:30 (T)",Judith Jayasuriya
GMGT 7350,G10 (20530),Business Analysis and Strategy Development (3),M,"Sep 02 - Sep 02, 18:15-22:30 (T)",Judith Jayasuriya
GMGT 7350,A05 (26507),Managing for Sustainable Development (3),M,"Nov 07 - Nov 07, 08:30-15:30 (F)",Nathan Greidanus
GMGT 7350,A05 (26507),Managing for Sustainable Development (3),M,"Oct 03 - Oct 04, 08:30-15:30 (FS)",Nathan Greidanus
GMGT 7350,A05 (26507),Managing for Sustainable Development (3),M,"Sep 12 - Sep 13, 08:30-15:30 (FS)",Nathan Greidanus
GMGT 7350,G10 (20530),Business Analysis and Strategy Development (3),M,"Sep 06 - Sep 06, 09:00-17:00 (S)",Judith Jayasuriya
GMGT 7350,A10 (26518),Business Analysis and Strategy Development (3),M,"Sep 07 - Sep 07, 13:00-21:00 (U)",Judith Jayasuriya
GMGT 7350,G10 (20530),Business Analysis and Strategy Development (3),M,"Sep 11 - Sep 11, 18:15-22:30 (R)",Judith Jayasuriya
GMGT 7350,G10 (20530),Business Analysis and Strategy Development (3),M,"Aug 27 - Aug 27, 18:15-22:30 (W)",Judith Jayasuriya
GMGT 7350,G10 (20530),Business Analysis and Strategy Development (3),M,"Sep 09 - Sep 09, 18:15-22:30 (T)",Judith Jayasuriya
GMGT 7350,A02 (26500),Business Venture Analysis (3),M,"Sep 21 - Sep 21, 09:00-12:00 (U)",Zhenyu Wu
GMGT 7350,G05 (20528),Managing for Sustainable Development (3),M,"Nov 07 - Nov 07, 08:30-15:30 (F)",Nathan Greidanus
GMGT 7350,A02 (26500),Business Venture Analysis (3),M,"Oct 17 - Oct 18, 09:00-16:00 (FS)",Zhenyu Wu
GMGT 7350,G10 (20530),Business Analysis and Strategy Development (3),M,"Aug 28 - Aug 28, 18:15-22:30 (R)",Judith Jayasuriya
GMGT 7350,G05 (20528),Managing for Sustainable Development (3),M,"Oct 03 - Oct 04, 08:30-15:30 (FS)",Nathan Greidanus
GMGT 7410,A01 (26149),Doctoral Seminar in Organizational Behaviour (3),M,"Sep 03 - Dec 08, 09:00-11:45 (W)",Jae Kim
GMGT 7530,T27 (26150),Doctoral Seminar on Leadership and Business Ethics (3),M,"Sep 03 - Dec 08, 14:30-17:15 (M)",Wei Wang
HRIR 2440,A03 (10027),Human Resource Management (3),M,"Sep 03 - Dec 08, 08:30-09:45 (MW)",Sean Macdonald
HRIR 2440,A06 (14003),Human Resource Management (3),M,"Sep 03 - Dec 08, 08:30-09:45 (TR)",Alok Dua
HRIR 2440,A01 (10024),Human Resource Management (3),M,"Sep 03 - Dec 08, 11:30-14:15 (R)",Jieying Chen
HRIR 2440,A05 (12746),Human Resource Management (3),M,"Sep 03 - Dec 08, 18:15-21:00 (R)",Jieying Chen
HRIR 2440,A04 (26669),Human Resource Management (3),M,"Sep 03 - Dec 08, 18:00-20:45 (M)",Janet Eisbrenner
HRIR 2440,A02 (10025),Human Resource Management (3),M,"Sep 03 - Dec 08, 14:30-17:15 (R)",Jieying Chen
HRIR 3450,A01 (11810),Labour and Employment Relations (3),M,"Sep 03 - Dec 08, 13:00-14:15 (MW)",Alok Dua
HRIR 4520,A01 (11004),Comparative Industrial Relations and Human Resource Management (3),M,"Sep 03 - Dec 08, 13:00-14:15 (TR)",Janet Eisbrenner
SGMT 2200,A01 (23989),Global Management (3),M,"Sep 03 - Dec 08, 08:30-11:15 (M)",Cheng Li
SGMT 2200,A02 (23990),Global Management (3),M,"Sep 03 - Dec 08, 12:00-14:45 (M)",Cheng Li
SGMT 2200,A03 (23991),Global Management (3),M,"Sep 03 - Dec 08, 15:30-18:15 (M)",Cheng Li
SGMT 3070,A01 (25928),Current Issues in Strategy and Global Management (3),M,"Sep 03 - Dec 08, 14:30-17:15 (M)",Rong Zeng
IDM 1010,A04 (23446),Communication for Career Management (1.5),M,"Sep 03 - Dec 08, 14:30-15:45 (W)",Charlotte Vis Van Heemst
IDM 1010,A02 (23444),Communication for Career Management (1.5),M,"Sep 03 - Dec 08, 16:00-17:15 (W)",Charlotte Vis Van Heemst
IDM 1010,A05 (24104),Communication for Career Management (1.5),M,"Sep 03 - Dec 08, 14:30-15:45 (T)",Kelly Mahoney
IDM 1010,A06 (24105),Communication for Career Management (1.5),M,"Sep 03 - Dec 08, 14:30-15:45 (R)",Kelly Mahoney
IDM 1010,A07 (25938),Communication for Career Management (1.5),M,"Sep 03 - Dec 08, 16:00-17:15 (R)",Olawole Luro
IDM 1010,A03 (23445),Communication for Career Management (1.5),M,"Sep 03 - Dec 08, 14:30-15:45 (M)",Yvanne Caballero
IDM 1010,A01 (23443),Communication for Career Management (1.5),M,"Sep 03 - Dec 08, 16:00-17:15 (M)",Maryam Razzaq
IDM 1020,A05 (25939),Data Software for Business (1.5),M,"Sep 03 - Dec 08, 08:30-09:45 (T)",Byron Wright
IDM 1020,A01 (23447),Data Software for Business (1.5),M,"Sep 03 - Dec 08, 13:00-14:15 (T)",Byron Wright
IDM 1020,A02 (23448),Data Software for Business (1.5),M,"Sep 03 - Dec 08, 11:30-12:45 (T)",Byron Wright
IDM 1020,A04 (23450),Data Software for Business (1.5),M,"Sep 03 - Dec 08, 11:30-12:45 (R)",Byron Wright
IDM 1020,A03 (23449),Data Software for Business (1.5),M,"Sep 03 - Dec 08, 13:00-14:15 (R)",Byron Wright
IDM 2010,B01 (24787),Indigenous Peoples and Canadian Business (0),M,"Oct 03 - Oct 03, 14:30-16:30 (F)",TBA
IDM 2010,B01 (24787),Indigenous Peoples and Canadian Business (0),M,"Nov 21 - Nov 21, 14:30-16:30 (F)",TBA
IDM 2010,B01 (24787),Indigenous Peoples and Canadian Business (0),M,"Dec 05 - Dec 05, 14:30-16:30 (F)",TBA
IDM 2010,A04 (24786),Indigenous Peoples and Canadian Business (3),M,"Sep 03 - Dec 08, 14:30-15:45 (TR)",Peter Pomart
IDM 2010,B01 (24787),Indigenous Peoples and Canadian Business (0),M,"Sep 19 - Sep 19, 14:30-16:30 (F)",TBA
IDM 2010,A03 (24785),Indigenous Peoples and Canadian Business (3),M,"Sep 03 - Dec 08, 13:00-14:15 (TR)",Jamie O'Neill
IDM 2010,B01 (24787),Indigenous Peoples and Canadian Business (0),M,"Oct 17 - Oct 17, 14:30-16:30 (F)",TBA
IDM 2010,B01 (24787),Indigenous Peoples and Canadian Business (0),M,"Oct 31 - Oct 31, 14:30-16:30 (F)",TBA
IDM 2010,A02 (24784),Indigenous Peoples and Canadian Business (3),M,"Sep 03 - Dec 08, 13:00-14:15 (MW)",Peter Pomart
IDM 2010,A01 (24067),Indigenous Peoples and Canadian Business (3),M,"Sep 03 - Dec 08, 11:30-12:45 (MW)",Peter Pomart
IDM 2020,A03 (24106),Introduction to Business Analytics (3),M,"Sep 03 - Dec 08, 16:00-17:15 (MW)",Farhan Islam
IDM 2020,A01 (23451),Introduction to Business Analytics (3),M,"Sep 03 - Dec 08, 10:00-12:45 (W)",Mahdi Abouei
IDM 2020,A02 (23452),Introduction to Business Analytics (3),M,"Sep 03 - Dec 08, 13:00-15:45 (W)",Mahdi Abouei
IDM 2020,A04 (24107),Introduction to Business Analytics (3),M,"Sep 03 - Dec 08, 16:00-17:15 (TR)",Farhan Islam
IDM 2020,A05 (26301),Introduction to Business Analytics (3),M,"Sep 03 - Dec 08, 18:00-19:15 (MW)",Ademola Alayande
IDM 2982,K01 (14113),Co-op Work Term 1 (1),WKT,Sep 03 - Dec 08,Sean Macdonald
IDM 3010,A03 (25942),Sustainable Business (3),M,"Sep 03 - Dec 08, 14:30-15:45 (TR)",Savanna Vagianos
IDM 3010,A02 (24788),Sustainable Business (3),M,"Sep 03 - Dec 08, 13:00-14:15 (TR)",Savanna Vagianos
IDM 3010,A01 (23453),Sustainable Business (3),M,"Sep 03 - Dec 08, 11:30-12:45 (TR)",Bruno Dyck
IDM 3982,K01 (11933),Co-op Work Term 2 (1),WKT,Sep 03 - Dec 08,Sean Macdonald
IDM 4050,T19 (20721),Business Case Analysis and Competitions (3),M,"Nov 19 - Nov 19, 18:00-21:30 (W)",Judith Jayasuriya
IDM 4050,T19 (20721),Business Case Analysis and Competitions (3),M,"Nov 05 - Nov 05, 18:00-21:30 (W)",Judith Jayasuriya
IDM 4050,T19 (20721),Business Case Analysis and Competitions (3),M,"Oct 15 - Oct 22, 18:00-21:30 (W)",Judith Jayasuriya
IDM 4050,T19 (20721),Business Case Analysis and Competitions (3),M,"Nov 26 - Dec 03, 15:00-21:30 (W)",Judith Jayasuriya
IDM 4050,T19 (20721),Business Case Analysis and Competitions (3),M,"Sep 10 - Oct 03, 18:00-21:30 (W)",Judith Jayasuriya
IDM 4050,T18 (24108),Applied Business Consulting (3),M,"Sep 03 - Dec 08, 16:00-18:15 (W)",Howard Harmatz
IDM 4982,K01 (12400),Co-op Work Term 3 (1),WKT,Sep 03 - Dec 08,Sean Macdonald
IDM 4992,K01 (26737),Co-op Work Term 4 (1),WKT,Sep 03 - Dec 08,Sean Macdonald
IDM 5120,G01 (20907),Career Development Seminar (1),M,"Nov 28 - Nov 28, 08:30-12:30 (F)",Juan Sarmiento Cancino
IDM 5120,G01 (20907),Career Development Seminar (1),M,"Sep 26 - Sep 26, 08:30-12:30 (F)",Juan Sarmiento Cancino
IDM 5120,A01 (18765),Career Development Seminar (1),M,"Oct 24 - Oct 24, 08:30-12:30 (F)",Juan Sarmiento Cancino
IDM 5120,A01 (18765),Career Development Seminar (1),M,"Sep 26 - Sep 26, 08:30-12:30 (F)",Juan Sarmiento Cancino
IDM 5120,G02 (26535),Career Development Seminar (1),M,"Oct 24 - Oct 24, 08:30-12:30 (F)",Juan Sarmiento Cancino
IDM 5120,G02 (26535),Career Development Seminar (1),M,"Sep 26 - Sep 26, 08:30-12:30 (F)",Juan Sarmiento Cancino
IDM 5120,A01 (18765),Career Development Seminar (1),M,"Nov 28 - Nov 28, 08:30-12:30 (F)",Juan Sarmiento Cancino
IDM 5120,G01 (20907),Career Development Seminar (1),M,"Oct 24 - Oct 24, 08:30-12:30 (F)",Juan Sarmiento Cancino
IDM 5120,G02 (26535),Career Development Seminar (1),M,"Nov 28 - Nov 28, 08:30-12:30 (F)",Juan Sarmiento Cancino
IDM 7000,G02 (26529),Leadership and Practical Ethics (1.5),M,"Nov 29 - Nov 29, 08:45-13:30 (S)",Norie Cunningham
IDM 7000,G02 (26529),Leadership and Practical Ethics (1.5),M,"Nov 01 - Nov 01, 08:45-13:30 (S)",Norie Cunningham
IDM 7000,A02 (26591),Leadership and Practical Ethics (1.5),M,"Nov 29 - Nov 29, 08:45-13:30 (S)",Norie Cunningham
IDM 7000,G01 (26148),Leadership and Practical Ethics (1.5),M,"Sep 27 - Sep 27, 08:45-13:30 (S)",Audrey Gordon
IDM 7000,G02 (26529),Leadership and Practical Ethics (1.5),M,"Sep 27 - Sep 27, 08:45-13:30 (S)",Norie Cunningham
IDM 7000,G01 (26148),Leadership and Practical Ethics (1.5),M,"Nov 29 - Nov 29, 08:45-13:30 (S)",Audrey Gordon
IDM 7000,A02 (26591),Leadership and Practical Ethics (1.5),M,"Nov 01 - Nov 01, 08:45-13:30 (S)",Norie Cunningham
IDM 7000,A02 (26591),Leadership and Practical Ethics (1.5),M,"Sep 27 - Sep 27, 08:45-13:30 (S)",Norie Cunningham
IDM 7000,A01 (26147),Leadership and Practical Ethics (1.5),M,"Nov 01 - Nov 01, 08:45-13:30 (S)",Audrey Gordon
IDM 7000,G01 (26148),Leadership and Practical Ethics (1.5),M,"Nov 01 - Nov 01, 08:45-13:30 (S)",Audrey Gordon
IDM 7000,A01 (26147),Leadership and Practical Ethics (1.5),M,"Sep 27 - Sep 27, 08:45-13:30 (S)",Audrey Gordon
IDM 7000,A01 (26147),Leadership and Practical Ethics (1.5),M,"Nov 29 - Nov 29, 08:45-13:30 (S)",Audrey Gordon
IDM 7090,G22 (26460),Industry Projects (3),M,Aug 05 - Dec 23,Amy Oliver
IDM 7130,G01 (12529),Contemporary Themes in Business (1.5),M,"Oct 24 - Oct 26, 08:45-14:45 (UFS)",Rajesh Manchanda
IDM 7130,A01 (26521),Contemporary Themes in Business (1.5),M,"Oct 24 - Oct 26, 08:45-14:45 (UFS)",Rajesh Manchanda
IDM 7140,G01 (23117),Co-op for Professional Graduate Programs (3),WKT,Aug 05 - Dec 23,Sean Macdonald
IDM 7140,K01 (23116),Co-op for Professional Graduate Programs (3),WKT,Aug 05 - Dec 23,Sean Macdonald
PHDM 7140,A03 (26671),MANAGEMENT RESEARCH PROJECT 1 (0),M,Sep 03 - Dec 08,Namita Bhatnagar
PHDM 7140,A06 (26615),MANAGEMENT RESEARCH PROJECT 1 (0),M,Sep 03 - Dec 08,Namita Bhatnagar
PHDM 7140,A42 (25524),MANAGEMENT RESEARCH PROJECT 1 (0),M,Sep 03 - Dec 08,Nathan Greidanus
PHDM 7140,A04 (26673),MANAGEMENT RESEARCH PROJECT 1 (0),M,Sep 03 - Dec 08,Luke Neville
PHDM 7140,A05 (26556),MANAGEMENT RESEARCH PROJECT 1 (0),M,Sep 03 - Dec 08,Sri Kamatham
PHDM 7140,A41 (25523),MANAGEMENT RESEARCH PROJECT 1 (0),M,Sep 03 - Dec 08,Nathan Greidanus
PHDM 7150,A04 (26602),MANAGEMENT RESEARCH PROJECT 2 (0),M,Sep 03 - Dec 08,Paul Larson
PHDM 7150,A38 (24466),MANAGEMENT RESEARCH PROJECT 2 (0),M,Sep 03 - Dec 08,
PHDM 7150,A05 (26675),MANAGEMENT RESEARCH PROJECT 2 (0),M,Sep 03 - Dec 08,Nathan Greidanus
PHDM 7150,A06 (26672),MANAGEMENT RESEARCH PROJECT 2 (0),M,Sep 09 - Dec 08,Luke Neville
PHDM 7150,A07 (26674),MANAGEMENT RESEARCH PROJECT 2 (0),M,Sep 03 - Dec 08,Nathan Greidanus
MKT 2210,A01 (10002),Fundamentals of Marketing (3),M,"Sep 03 - Dec 08, 10:00-11:15 (MW)",Marcio Coelho
MKT 2210,A07 (16219),Fundamentals of Marketing (3),M,"Sep 03 - Dec 08, 08:30-09:45 (TR)",Edvaldo Neiva Rocha Filho
MKT 2210,A06 (10008),Fundamentals of Marketing (3),M,"Sep 03 - Dec 08, 11:30-12:45 (TR)",Clayton Harapiak
MKT 2210,A05 (10007),Fundamentals of Marketing (3),M,"Sep 03 - Dec 08, 14:30-15:45 (TR)",David Suderman
MKT 2210,D01 (13832),Fundamentals of Marketing (3),DE,Sep 03 - Dec 08,Rajesh Manchanda
MKT 2210,A02 (10003),Fundamentals of Marketing (3),M,"Sep 03 - Dec 08, 08:30-09:45 (MW)",Stella Oyeniran
MKT 3220,A02 (10018),Marketing Research (3),M,"Sep 03 - Dec 08, 11:30-12:45 (TR)",Sri Kamatham
MKT 3220,A01 (20150),Marketing Research (3),M,"Sep 03 - Dec 08, 10:00-11:15 (TR)",Sri Kamatham
MKT 3230,A01 (10019),Consumer Behaviour (3),M,"Sep 03 - Dec 08, 16:00-17:15 (MW)",Sijie Sun
MKT 3230,A03 (10021),Consumer Behaviour (3),M,"Sep 03 - Dec 08, 13:00-14:15 (MW)",Marcio Coelho
MKT 3230,A02 (10020),Consumer Behaviour (3),M,"Sep 03 - Dec 08, 08:30-09:45 (MW)",Marcio Coelho
MKT 3246,A01 (17426),Sustainability Marketing (3),M,"Sep 03 - Dec 08, 10:00-11:15 (MW)",Rajesh Manchanda
MKT 3246,A02 (17427),Sustainability Marketing (3),M,"Sep 03 - Dec 08, 11:30-12:45 (MW)",Rajesh Manchanda
MKT 3248,A01 (18759),Digital Marketing (3),M,"Sep 03 - Dec 08, 13:00-14:15 (TR)",Sri Kamatham
MKT 3248,A02 (25967),Digital Marketing (3),M,"Sep 03 - Dec 08, 14:30-15:45 (TR)",Sri Kamatham
MKT 3300,A01 (10022),International Marketing (3),M,"Sep 03 - Dec 08, 11:30-12:45 (TR)",Meng Zhang
MKT 3300,A02 (12323),International Marketing (3),M,"Sep 03 - Dec 08, 13:00-14:15 (TR)",Meng Zhang
MKT 3390,A02 (20740),Integrated Marketing Communications (3),M,"Sep 03 - Dec 08, 14:30-15:45 (MW)",Meng Zhang
MKT 3390,A01 (24757),Integrated Marketing Communications (3),M,"Sep 03 - Dec 08, 13:00-14:15 (MW)",Meng Zhang
MKT 4210,A02 (10028),Strategic Marketing (3),M,"Sep 03 - Dec 08, 18:00-20:45 (T)",Clayton Harapiak
MKT 4210,A01 (10026),Strategic Marketing (3),M,"Sep 03 - Dec 08, 18:00-20:45 (W)",Rohan Shanker
MKT 4270,A01 (24758),Sales Management (3),M,"Sep 03 - Dec 08, 10:00-11:15 (TR)",David Suderman
MKT 7010,A01 (26522),Marketing Management (3),M,"Sep 15 - Dec 01, 18:15-21:30 (M)",Sijie Sun
MKT 7010,G01 (13838),Marketing Management (3),M,"Sep 15 - Dec 01, 18:15-21:30 (M)",Sijie Sun
MKT 7080,G04 (23563),Cultural Brand Management (3),M,"Sep 18 - Nov 27, 18:15-21:30 (R)",Rohan Shanker
MKT 7080,G07 (24840),Digital Marketing (3),M,"Sep 17 - Dec 03, 18:15-21:30 (W)",Sri Kamatham
MKT 7100,A01 (25978),Readings in Marketing (3),M,"Sep 03 - Dec 08, 13:00-16:00 (F)",Sri Kamatham
MSCI 2150,A04 (10048),Introduction to Management Sciences (3),M,"Sep 03 - Dec 08, 11:30-12:45 (MW)",Yuvraj Gajpal
MSCI 2150,A02 (10049),Introduction to Management Sciences (3),M,"Sep 03 - Dec 08, 13:00-14:15 (MW)",Yuvraj Gajpal
MSCI 2150,A03 (10050),Introduction to Management Sciences (3),M,"Sep 03 - Dec 08, 16:00-17:15 (TR)",Srimantoorao Appadoo
SCM 1000,A01 (24160),Introduction to Project Management (1.5),M,"Sep 03 - Dec 08, 10:00-11:15 (M)",Maryna Klymchuk
SCM 1000,A02 (24161),Introduction to Project Management (1.5),M,"Sep 03 - Dec 08, 10:00-11:15 (W)",Maryna Klymchuk
SCM 1000,A03 (25458),Introduction to Project Management (1.5),M,"Sep 03 - Dec 08, 18:00-19:15 (M)",Maryna Klymchuk
SCM 1000,A04 (25459),Introduction to Project Management (1.5),M,"Sep 03 - Dec 08, 18:00-19:15 (W)",Maryna Klymchuk
SCM 1000,A05 (25968),Introduction to Project Management (1.5),M,"Sep 03 - Dec 08, 17:30-18:45 (T)",Maryna Klymchuk
SCM 1000,A06 (25969),Introduction to Project Management (1.5),M,"Sep 03 - Dec 08, 17:30-18:45 (R)",Maryna Klymchuk
SCM 2160,A04 (13115),Operations Management (3),M,"Sep 03 - Dec 08, 14:30-15:45 (TR)",Minelle Eneas Da Silva
SCM 2160,A01 (11786),Operations Management (3),M,"Sep 03 - Dec 08, 18:00-19:15 (MW)",Mohammad Eslami
SCM 2160,A03 (11788),Operations Management (3),M,"Sep 03 - Dec 08, 11:30-12:45 (TR)",Minelle Eneas Da Silva
SCM 2160,A02 (11787),Operations Management (3),M,"Sep 03 - Dec 08, 10:00-11:15 (MW)",Mohammad Eslami
SCM 2160,A05 (24769),Operations Management (3),M,"Sep 03 - Dec 08, 16:00-17:15 (MW)",Mohammad Eslami
SCM 2210,A01 (10051),Transportation Principles (3),M,"Sep 03 - Dec 08, 13:00-14:15 (TR)",Barry Prentice
SCM 2210,A02 (10052),Transportation Principles (3),M,"Sep 03 - Dec 08, 14:30-15:45 (TR)",Barry Prentice
SCM 2230,A02 (11538),Introduction to Supply Chain Management (3),M,"Sep 03 - Dec 08, 10:00-11:15 (MW)",Mani Venkatesh
SCM 2230,A01 (10053),Introduction to Supply Chain Management (3),M,"Sep 03 - Dec 08, 11:30-12:45 (TR)",Javad Feiz Abadi
SCM 2240,A01 (11793),Purchasing and Supply Management (3),M,"Sep 03 - Dec 08, 16:00-17:15 (MW)",Allan Amundsen
SCM 3230,A01 (20078),Global Supply Chains (3),M,"Sep 03 - Dec 08, 13:00-14:15 (MW)",Ian Seunarine
SCM 3240,A01 (24770),Supply Chain Analytics (3),M,"Sep 03 - Dec 08, 14:30-15:45 (TR)",Javad Feiz Abadi
SCM 3260,A01 (23456),Supply Chain Sustainability (3),M,"Sep 03 - Dec 08, 11:30-12:45 (MW)",Paul Larson
SCM 3360,A01 (10056),Supply Chain Logistics (3),M,"Sep 03 - Dec 08, 13:00-14:15 (MW)",Paul Larson
SCM 5110,A01 (26461),Basic Quantitative Analysis for Management (1),OC,Aug 05 - Aug 18,Robert Parsons
SCM 5110,G01 (26463),Basic Quantitative Analysis for Management (1),OC,Aug 05 - Aug 18,Robert Parsons
SCM 7040,A01 (23119),Logistics Management (3),M,"Sep 15 - Dec 01, 18:15-21:30 (M)",Robert Parsons
SCM 7040,G01 (23120),Logistics Management (3),M,"Sep 15 - Dec 01, 18:15-21:30 (M)",Robert Parsons
SCM 7042,A01 (23121),Purchasing and Procurement in Supply Chains (3),M,"Sep 16 - Dec 02, 18:15-21:30 (T)",Allan Amundsen
SCM 7042,G01 (23122),Purchasing and Procurement in Supply Chains (3),M,"Sep 16 - Dec 02, 18:30-21:30 (T)",Allan Amundsen
SCM 7044,A01 (23123),Supply Relationship Management (3),M,"Sep 18 - Nov 27, 18:15-21:30 (R)",Mohammad Eslami
SCM 7044,G01 (23124),Supply Relationship Management (3),M,"Sep 18 - Nov 27, 18:15-21:30 (R)",Mohammad Eslami
SCM 7120,A01 (26142),Operations and Supply Chain Management (3),M,"Sep 17 - Nov 26, 18:15-21:30 (W)",Robert Parsons
SCM 7120,G01 (26143),Operations and Supply Chain Management (3),M,"Sep 17 - Nov 26, 18:15-21:30 (W)",Robert Parsons
SCM 7302,T01 (25990),SCM Research Methods (3),M,"Sep 03 - Dec 08, 16:30-17:45 (TR)",Javad Feiz Abadi
SCM 7302,T02 (25991),Doctoral Seminar in Theories for Supply Chain Management (3),M,"Sep 03 - Dec 08, 12:30-15:30 (W)",Mohammad Eslami
ABIZ 1000,A01 (10827),Introduction to Agribusiness Management (3),M,"Sep 03 - Dec 08, 10:00-11:15 (TR)",Farhan Islam
ABIZ 1000,D01 (13339),Introduction to Agribusiness Management (3),DE,Sep 03 - Dec 08,Charles Grant
ABIZ 1010,A01 (17768),Economics of World Food Issues and Policies (3),M,"Sep 03 - Dec 08, 18:00-21:00 (M)",Farzana Islam
ABIZ 2210,A02 (10992),Transportation Principles (3),M,"Sep 03 - Dec 08, 14:30-15:45 (TR)",Barry Prentice
ABIZ 2210,A01 (10990),Transportation Principles (3),M,"Sep 03 - Dec 08, 13:00-14:15 (TR)",Barry Prentice
ABIZ 2510,A01 (17767),Introduction to Agricultural and Food Marketing (3),M,"Sep 03 - Dec 08, 18:00-21:00 (W)",Derek Brewin
ABIZ 2610,D01 (20148),Agricultural Law (3),DE,Sep 03 - Dec 08,James Townsend
ABIZ 2620,D01 (20395),Agricultural Human Resource Management (3),DE,Sep 03 - Dec 08,Farhan Islam
ABIZ 3080,A01 (10828),Introduction to Econometrics (3),M,"Sep 03 - Dec 08, 10:00-11:15 (TR)",Jared Carlberg
ABIZ 3080,B01 (18982),Introduction to Econometrics (0),M,"Sep 03 - Dec 08, 09:30-10:20 (M)",Jared Carlberg
ABIZ 3120,A01 (10830),Commodity Futures Markets (3),M,"Sep 03 - Dec 08, 18:00-21:00 (M)",Milton Boyd
ABIZ 3530,D01 (11627),Farm Management (3),DE,Sep 03 - Dec 08,Charles Grant
ABIZ 3550,A01 (10838),Environmental Policy (3),M,"Sep 03 - Dec 08, 08:30-09:45 (TR)",Mostafa Shartaj
ABIZ 4260,A01 (22602),Price Analysis (3),M,"Sep 03 - Dec 08, 14:30-15:45 (TR)",Julieta Frank
ABIZ 4500,A01 (10840),Agribusiness Strategies Seminar (3),M,"Sep 03 - Dec 08, 14:30-17:20 (M)",Milton Boyd
ABIZ 7260,A01 (15417),"Econometrics with Applications in Food, Agribusiness and Resources (3)",M,"Sep 03 - Dec 08, 10:00-11:15 (MW)",Alankrita Goswami
ABIZ 7410,A01 (10842),Agricultural Finance (3),M,Sep 03 - Dec 08,Milton Boyd
ABIZ 7950,A01 (22761),Advanced Agricultural Demand Analysis (3),M,Sep 03 - Dec 08,Julieta Frank
ANSC 2500,K01 (10145),Animal Production (3),M,"Sep 03 - Dec 08, 08:30-09:45 (TR)",Charles Nyachoti
ANSC 2500,B04 (12173),Animal Production (0),M,"Sep 03 - Dec 08, 14:30-17:15 (F)",Charles Nyachoti
ANSC 2500,B03 (10380),Animal Production (0),M,"Sep 03 - Dec 08, 14:30-17:15 (R)",Charles Nyachoti
ANSC 2500,B02 (10379),Animal Production (0),M,"Sep 03 - Dec 08, 14:30-17:15 (W)",Charles Nyachoti
ANSC 2500,B01 (10146),Animal Production (0),M,"Sep 03 - Dec 08, 14:30-17:15 (T)",Charles Nyachoti
ANSC 2510,A01 (10381),Anatomy and Physiology 1: Control Systems (3),M,"Sep 03 - Dec 08, 14:30-17:25 (W)",Karmin O
ANSC 2510,A01 (10381),Anatomy and Physiology 1: Control Systems (3),M,"Sep 03 - Dec 08, 10:30-11:20 (MWF)",Karmin O
ANSC 3510,K01 (10382),Feeds and Feeding (3),M,"Sep 03 - Dec 08, 12:30-13:20 (MWF)",Chengbo Yang
ANSC 3510,K01 (10382),Feeds and Feeding (3),M,"Sep 03 - Dec 08, 14:30-17:15 (F)",Chengbo Yang
ANSC 3520,K01 (10383),Animal Reproduction (3),M,"Sep 03 - Dec 08, 11:30-12:45 (TR)",Nhamo Gozho
ANSC 3520,K01 (10383),Animal Reproduction (3),M,"Sep 03 - Dec 08, 14:30-17:15 (M)",Nhamo Gozho
ANSC 4240,A01 (20101),Mathematical Modeling of Biological Systems (3),M,"Sep 03 - Dec 08, 12:30-13:20 (MWF)",Marcos Cordeiro
ANSC 4280,A01 (22959),Applied Animal Genetics (3),M,"Sep 03 - Dec 08, 11:30-12:20 (MWF)",Nhamo Gozho
ANSC 4520,K01 (10384),Ruminant Production Systems-Meat (3),M,"Sep 03 - Dec 08, 14:30-17:15 (W)",Kimberly Ominski
ANSC 4520,K01 (10384),Ruminant Production Systems-Meat (3),M,"Sep 03 - Dec 08, 10:00-11:15 (TR)",Kimberly Ominski
ANSC 4530,K01 (16624),Ruminant Production Systems-Milk (3),M,"Sep 03 - Dec 08, 10:30-11:20 (MWF)",Melanie Buckler
ANSC 4530,K01 (16624),Ruminant Production Systems-Milk (3),M,"Sep 03 - Dec 08, 14:30-17:15 (W)",Melanie Buckler
ANSC 4550,K01 (10385),Avian Production Systems (3),M,"Sep 03 - Dec 08, 11:30-12:45 (TR)",Anna Rogiewicz
ANSC 4550,K01 (10385),Avian Production Systems (3),M,"Sep 03 - Dec 08, 14:30-17:15 (R)",Anna Rogiewicz
ANSC 4570,A01 (21319),Advanced Applied Animal Nutrition (3),M,"Sep 03 - Dec 08, 14:30-17:15 (T)",Charles Nyachoti
ANSC 4570,A01 (21319),Advanced Applied Animal Nutrition (3),M,"Sep 03 - Dec 08, 13:00-14:15 (TR)",Charles Nyachoti
ANSC 4600,A01 (25324),Animal Microbiome and One Health (3),M,"Sep 03 - Dec 08, 09:30-10:20 (MWF)",Hooman Derakhshani
ANSC 7140,A01 (10983),M.Sc. Animal Science Seminar (Part A) (1.5),M,"Sep 03 - Dec 08, 10:00-11:15 (T)",Chengbo Yang
ANSC 7390,A01 (10984),Ph.D. Advanced Animal Science Seminar (Part A) (1.5),M,"Sep 03 - Dec 08, 10:00-11:15 (T)",Karmin O
ANSC 7510,T14 (26595),Special Topics: Contributions of Gut Microbiome to the Environmental Footprint (3),M,"Sep 03 - Dec 08, 10:30-12:00 (W)",Hooman Derakhshani
ANSC 7510,T14 (26595),Special Topics: Contributions of Gut Microbiome to the Environmental Footprint (3),M,Sep 03 - Dec 08,Hooman Derakhshani
ANSC 7510,T11 (24072),Special Topics: Animal Microbiome and One Health (3),M,"Sep 03 - Dec 08, 09:30-10:20 (MWF)",Hooman Derakhshani
ANSC 7520,T04 (25677),Special Topics in Animal Nutrition (Alternatives to Antibiotics) (3),M,Sep 03 - Dec 08,Chengbo Yang
ANSC 7520,T10 (26313),Special Topics in Precision Livestock Farming (3),M,"Sep 03 - Dec 08, 13:30-14:20 (MWF)",Gabriel Machado Dallago
ANSC 7520,T10 (26313),Special Topics in Precision Livestock Farming (3),M,"Sep 03 - Dec 08, 14:30-17:20 (M)",Gabriel Machado Dallago
ANSC 7540,A01 (21318),Advanced Applied Animal Nutrition (3),M,"Sep 03 - Dec 08, 13:00-14:15 (TR)",Charles Nyachoti
ANSC 7540,A01 (21318),Advanced Applied Animal Nutrition (3),M,"Sep 03 - Dec 08, 14:30-17:15 (T)",Charles Nyachoti
ANSC 7560,A01 (21317),Mathematical Modeling of Agricultural Systems (3),M,"Sep 03 - Dec 08, 12:30-13:20 (MWF)",Marcos Cordeiro
BIOE 2590,A01 (18593),Biology for Engineers (3),M,"Sep 03 - Dec 08, 14:30-15:45 (T)",David Levin
BIOE 2590,A01 (18593),Biology for Engineers (3),M,"Sep 03 - Dec 08, 10:30-11:20 (MWF)",David Levin
BIOE 2790,A01 (16168),Fluid Mechanics (4),M,"Sep 03 - Dec 08, 14:30-17:15 (R)",Ella Morris
BIOE 2790,A01 (16168),Fluid Mechanics (4),M,"Sep 03 - Dec 08, 10:00-11:15 (TR)",Ella Morris
BIOE 2900,A01 (14566),Biosystems Engineering Design 1 (4),M,"Sep 03 - Dec 08, 14:30-17:15 (W)",Daniel Mann
BIOE 2900,A01 (14566),Biosystems Engineering Design 1 (4),M,"Sep 03 - Dec 08, 13:30-14:20 (MWF)",Daniel Mann
BIOE 3110,A01 (24149),Heat Transfer in Biological Systems (4),M,"Sep 03 - Dec 08, 09:30-10:20 (MWF)",Fuji Jian
BIOE 3110,B01 (24150),Heat Transfer in Biological Systems (0),M,"Sep 03 - Dec 08, 08:30-09:45 (T)",Derek Inglis
BIOE 3400,A01 (15739),Design of Structural Components in Machines (4),M,"Sep 03 - Dec 08, 11:30-12:20 (MWF)",Kenton McCorquodale-Bauer
BIOE 3400,A01 (15739),Design of Structural Components in Machines (4),M,"Sep 03 - Dec 08, 14:30-17:15 (R)",Kenton McCorquodale-Bauer
BIOE 3530,A01 (10975),Engineering Fundamentals (3),M,"Sep 03 - Dec 08, 10:30-11:20 (MWF)",Wen Zhong
BIOE 3530,A01 (10975),Engineering Fundamentals (3),M,"Sep 03 - Dec 08, 14:30-17:15 (T)",Wen Zhong
BIOE 3590,A01 (10976),Mechanics of Materials in Biosystems (4),M,"Sep 03 - Dec 08, 10:30-11:20 (MWF)",Farhoud Delijani
BIOE 3590,B02 (14618),Mechanics of Materials in Biosystems (0),M,"Sep 03 - Dec 08, 16:00-17:15 (T)",Mashiur Rahman
BIOE 3590,B01 (14617),Mechanics of Materials in Biosystems (0),M,"Sep 03 - Dec 08, 14:30-15:45 (T)",Mashiur Rahman
BIOE 3900,A01 (14597),Biosystems Engineering Design 2 (4),M,"Sep 03 - Dec 08, 11:30-14:15 (TR)",Jason Morrison
BIOE 4240,A01 (11152),Graduation Project (3),M,"Sep 03 - Dec 08, 14:30-17:15 (M)",David Levin
BIOE 4390,A01 (26610),Unit Operations 1 (4),M,"Sep 03 - Dec 08, 11:30-12:45 (TR)",Derek Inglis
BIOE 4390,B01 (26611),Unit Operations 1 (0),M,"Sep 03 - Dec 08, 14:30-17:20 (R)",Derek Inglis
BIOE 4414,A01 (26264),Imaging and Spectroscopy for Biosystems (4),M,"Sep 03 - Dec 08, 13:30-14:20 (MWF)",Mohammad Nadimi
BIOE 4414,A01 (26264),Imaging and Spectroscopy for Biosystems (4),M,"Sep 03 - Dec 08, 14:30-16:20 (W)",Mohammad Nadimi
BIOE 4600,K01 (26263),Design of Water Management Systems (4),M,"Sep 03 - Dec 08, 14:30-16:20 (W)",Ramanathan Sri Ranjan
BIOE 4600,K01 (26263),Design of Water Management Systems (4),M,"Sep 03 - Dec 08, 13:30-14:20 (MWF)",Ramanathan Sri Ranjan
BIOE 4900,A01 (14615),Biosystems Engineering Design 3 (4),M,"Sep 03 - Dec 08, 08:30-11:15 (TR)",Warren Blunt
BIOE 7140,K01 (26196),Advanced Irrigation and Drainage (3),M,"Sep 03 - Dec 08, 13:30-14:20 (MWF)",Ramanathan Sri Ranjan
BIOE 7140,K01 (26196),Advanced Irrigation and Drainage (3),M,"Sep 03 - Dec 08, 14:30-16:20 (W)",Ramanathan Sri Ranjan
BIOE 7200,A01 (26197),Bulk Solids Storage and Handling (3),M,"Sep 03 - Dec 08, 11:30-12:45 (TR)",Fuji Jian
BIOE 7210,A01 (26623),Numerical Modelling of Biosystems (3),M,"Sep 03 - Dec 08, 14:00-15:00 (T)",Fuji Jian
BIOE 7240,T15 (26607),Nanotechnology in Biomaterials (3),M,"Sep 03 - Dec 08, 13:00-16:00 (M)",Wen Zhong
BIOE 7240,T23 (26708),Research Problems in Biomaterials (3),M,"Sep 03 - Dec 08, 13:30-16:30 (R)",Song Liu
BIOE 7240,T43 (25589),Advanced Imaging and Spectroscopy for Biosystems (3),M,"Sep 03 - Dec 08, 13:30-14:20 (MWF)",Mohammad Nadimi
BIOE 7270,A01 (14622),Advanced Seminar in Biosystems Engineering (3),M,"Sep 03 - Dec 08, 08:30-11:15 (T)",Wen Zhong
BIOE 7290,A01 (21285),Biosystems Engineering Seminar 1 (3),M,"Sep 03 - Dec 08, 10:00-11:15 (TR)",
BIOE 7370,A01 (24739),Engineering Properties of Fibres for Industrial Uses (3),M,"Sep 03 - Dec 08, 14:30-17:20 (M)",Mashiur Rahman
BIOE 7380,A01 (24738),Biomaterial Science and Engineering (3),M,"Sep 03 - Dec 08, 11:30-12:20 (MWF)",Song Liu
BIOE 7400,A01 (26199),Agro-Based Biocomposites for Industrial Applications (3),M,"Sep 03 - Dec 08, 14:30-17:20 (R)",Mashiur Rahman
ENTM 2050,A01 (10861),Introductory Entomology (3),M,"Sep 03 - Dec 08, 11:30-12:45 (TR)",Jordan Bannerman
ENTM 2050,A01 (10861),Introductory Entomology (3),M,"Sep 03 - Dec 08, 14:30-17:25 (M)",Jordan Bannerman
ENTM 3190,D01 (12322),Introduction to Applied Entomology (3),DE,Sep 03 - Dec 08,Yang Liu
ENTM 4500,A01 (26208),Insect Taxonomy and Morphology (3),M,"Sep 03 - Dec 08, 09:30-10:20 (MWF)",Jason Gibbs
ENTM 4500,A01 (26208),Insect Taxonomy and Morphology (3),M,"Sep 03 - Dec 08, 14:30-17:25 (W)",Jason Gibbs
ENTM 7200,A01 (26212),Advanced Insect Taxonomy (3),M,"Sep 03 - Dec 08, 14:30-17:25 (W)",Jason Gibbs
ENTM 7200,A01 (26212),Advanced Insect Taxonomy (3),M,"Sep 03 - Dec 08, 09:30-10:20 (MWF)",Jason Gibbs
FOOD 1000,A01 (11201),Food Safety Today and Tomorrow (3),M,"Sep 03 - Dec 08, 11:30-12:45 (TR)",Snehil Dua
FOOD 4010,K01 (10899),Food Process 2 (3),M,"Sep 03 - Dec 08, 14:30-17:25 (W)",Ruppagawa Gedara Thilini Nuwandhara Dissanayake
FOOD 4010,K01 (10899),Food Process 2 (3),M,"Sep 03 - Dec 08, 13:00-14:15 (TR)",Ruppagawa Gedara Thilini Nuwandhara Dissanayake
FOOD 4100,A01 (20411),Current Issues in Food and Human Nutrition (3),M,"Sep 03 - Dec 08, 12:00-13:15 (MW)",Liyana Nimalaratne
FOOD 4100,A02 (20412),Current Issues in Food and Human Nutrition (3),M,"Sep 03 - Dec 08, 11:30-12:45 (TR)",Liyana Nimalaratne
FOOD 4150,B03 (10904),Food Microbiology 1 (0),M,"Sep 03 - Dec 08, 14:30-15:55 (T)",Claudia Narvaez Bravo
FOOD 4150,B02 (10903),Food Microbiology 1 (0),M,"Sep 03 - Dec 08, 16:00-17:25 (M)",Claudia Narvaez Bravo
FOOD 4150,B01 (10902),Food Microbiology 1 (0),M,"Sep 03 - Dec 08, 14:30-15:55 (M)",Claudia Narvaez Bravo
FOOD 4150,B05 (10906),Food Microbiology 1 (0),M,"Sep 03 - Dec 08, 10:00-11:25 (T)",Claudia Narvaez Bravo
FOOD 4150,B04 (10905),Food Microbiology 1 (0),M,"Sep 03 - Dec 08, 16:00-17:25 (T)",Claudia Narvaez Bravo
FOOD 4150,A01 (10901),Food Microbiology 1 (3),M,"Sep 03 - Dec 08, 09:30-10:20 (MWF)",Claudia Narvaez Bravo
FOOD 4160,B02 (11739),Food Analysis 1 (0),M,"Sep 03 - Dec 08, 14:30-17:25 (R)",Liyana Nimalaratne
FOOD 4160,A01 (10907),Food Analysis (3),M,"Sep 03 - Dec 08, 10:30-11:45 (MW)",Liyana Nimalaratne
FOOD 4160,B01 (11736),Food Analysis (0),M,"Sep 03 - Dec 08, 14:30-17:25 (W)",Liyana Nimalaratne
FOOD 4200,A01 (10908),Quality Control in Foods (3),M,"Sep 03 - Dec 08, 10:00-11:15 (TR)",Snehil Dua
FOOD 4540,A01 (20394),Functional Foods and Nutraceuticals (3),M,"Sep 03 - Dec 08, 17:30-19:45 (T)",Sepideh Mahboobishoorjeh
FOOD 7160,A01 (26220),Food Carbohydrates (3),M,"Sep 03 - Dec 08, 10:00-11:15 (TR)",Trust Beta
FOOD 7240,T20 (26466),Deep Dive into Grains (3),M,"Sep 03 - Dec 08, 13:00-15:00 (W)",Havva Koksel Ustundag
HNSC 1200,A02 (10675),Food: Facts and Fallacies (3),M,"Sep 03 - Dec 08, 18:00-20:45 (M)",Mohammed Moghadasian
HNSC 1200,A01 (10761),Food: Facts and Fallacies (3),M,"Sep 03 - Dec 08, 14:30-15:45 (TR)",Mohammed Moghadasian
HNSC 1200,D01 (18963),Food: Facts and Fallacies (3),DE,Sep 03 - Dec 08,Kristin Hildahl-Shawn
HNSC 1210,A02 (10825),Nutrition for Health and Changing Lifestyles (3),M,"Sep 03 - Dec 08, 11:30-12:20 (MWF)",Mohammed Moghadasian
HNSC 1210,A01 (10819),Nutrition for Health and Changing Lifestyles (3),M,"Sep 03 - Dec 08, 09:30-10:20 (MWF)",N Eskin
HNSC 1210,D01 (11347),Nutrition for Health and Changing Lifestyles (3),DE,Sep 03 - Dec 08,Kristin Hildahl-Shawn
HNSC 2000,B05 (23981),Research Methods and Presentation (0),M,"Nov 19 - Nov 19, 14:30-15:20 (W)",Ruth Boachie
HNSC 2000,B04 (23980),Research Methods and Presentation (0),M,"Oct 22 - Oct 22, 13:30-14:20 (W)",Ruth Boachie
HNSC 2000,B02 (23978),Research Methods and Presentation (0),M,"Oct 20 - Oct 20, 15:30-16:20 (M)",Ruth Boachie
HNSC 2000,B02 (23978),Research Methods and Presentation (0),M,"Nov 24 - Nov 24, 15:30-16:20 (M)",Ruth Boachie
HNSC 2000,B02 (23978),Research Methods and Presentation (0),M,"Sep 22 - Sep 22, 15:30-16:20 (M)",Ruth Boachie
HNSC 2000,B04 (23980),Research Methods and Presentation (0),M,"Sep 24 - Sep 24, 13:30-14:20 (W)",Ruth Boachie
HNSC 2000,B01 (23977),Research Methods and Presentation (0),M,"Nov 24 - Nov 24, 14:30-15:20 (M)",Ruth Boachie
HNSC 2000,B08 (23984),Research Methods and Presentation (0),M,"Oct 24 - Oct 24, 13:30-14:20 (F)",Ruth Boachie
HNSC 2000,B01 (23977),Research Methods and Presentation (0),M,"Sep 22 - Sep 22, 14:30-15:20 (M)",Ruth Boachie
HNSC 2000,B01 (23977),Research Methods and Presentation (0),M,"Oct 20 - Oct 20, 14:30-15:20 (M)",Ruth Boachie
HNSC 2000,B04 (23980),Research Methods and Presentation (0),M,"Nov 26 - Nov 26, 13:30-14:20 (W)",Ruth Boachie
HNSC 2000,A01 (23976),Research Methods and Presentation (3),M,"Sep 03 - Dec 08, 09:30-10:20 (MWF)",Ruth Boachie
HNSC 2000,B08 (23984),Research Methods and Presentation (0),M,"Nov 21 - Nov 21, 13:30-14:20 (F)",Ruth Boachie
HNSC 2000,B08 (23984),Research Methods and Presentation (0),M,"Sep 26 - Sep 26, 13:30-14:20 (F)",Ruth Boachie
HNSC 2000,B05 (23981),Research Methods and Presentation (0),M,"Oct 22 - Oct 22, 14:30-15:20 (W)",Ruth Boachie
HNSC 2000,B05 (23981),Research Methods and Presentation (0),M,"Sep 24 - Sep 24, 14:30-15:20 (W)",Ruth Boachie
HNSC 2130,A01 (10832),Nutrition Through the Life Cycle (3),M,"Sep 03 - Dec 08, 08:30-09:20 (MWF)",Mohammed Moghadasian
HNSC 2160,B03 (10835),Principles of Food Preparation and Preservation (0),M,"Sep 03 - Dec 08, 08:30-11:25 (R)",Snehil Dua
HNSC 2160,B01 (10837),Principles of Food Preparation and Preservation (0),M,"Sep 03 - Dec 08, 14:30-17:25 (F)",Snehil Dua
HNSC 2160,B02 (10834),Principles of Food Preparation and Preservation (0),M,"Sep 03 - Dec 08, 14:00-16:55 (R)",Snehil Dua
HNSC 2160,A01 (10833),Principles of Food Preparation and Preservation (3),M,"Sep 03 - Dec 08, 10:30-11:20 (MWF)",Snehil Dua
HNSC 2170,A01 (13938),Nutrition for Health Professionals (2),OC,Sep 03 - Nov 07,Aikaterini Petroulakis
HNSC 3220,A01 (19305),Food and Nutrition Literacy Education (3),M,"Sep 03 - Dec 08, 08:30-09:45 (TR)",. Jaspreet Kaur
HNSC 3310,A01 (10841),Macronutrients and Human Health (3),M,"Sep 03 - Dec 08, 10:00-11:15 (TR)",Dylan Mackay
HNSC 3342,A01 (11112),Management for Food and Nutrition Professionals (3),M,"Sep 03 - Dec 08, 11:30-12:45 (TR)",Kristen Fleet
HNSC 3350,A01 (10845),Culture and Food Patterns (3),M,"Sep 03 - Dec 08, 14:30-15:45 (TR)",Kristen Fleet
HNSC 3400,B01 (19310),Nutrition Assessment and Counselling (0),M,"Sep 03 - Dec 08, 14:30-17:25 (W)",Semone Myrie
HNSC 3400,A01 (19309),Nutrition Assessment and Counselling (3),M,"Sep 03 - Dec 08, 10:30-11:20 (MWF)",Semone Myrie
HNSC 3400,B02 (19311),Nutrition Assessment and Counselling (0),M,"Sep 03 - Dec 08, 14:30-17:25 (M)",Semone Myrie
HNSC 4100,A02 (20407),Current Issues in Food and Human Nutrition (3),M,"Sep 03 - Dec 08, 11:30-12:45 (TR)",Liyana Nimalaratne
HNSC 4100,A01 (20406),Current Issues in Food and Human Nutrition (3),M,"Sep 03 - Dec 08, 12:00-13:15 (MW)",Liyana Nimalaratne
HNSC 4122,A01 (16210),Research Project in Human Nutritional Sciences (Part A) (3),M,Sep 03 - Dec 08,Cristina Rosell
HNSC 4290,A01 (12687),"Food, Nutrition and Health Policies (3)",M,"Sep 03 - Dec 08, 13:30-16:15 (W)",Natalie Riediger
HNSC 4350,A01 (26206),Nutrition in Exercise and Sport (3),M,"Sep 03 - Dec 08, 13:00-14:15 (TR)",Semone Myrie
HNSC 4362,A01 (11191),Nutrition Option Practicum (Part A) (3),M,Sep 03 - Dec 08,Cristina Rosell
HNSC 4364,A01 (19574),Foods Industry Option Practicum (3),M,Sep 03 - Dec 08,Cristina Rosell
HNSC 4540,A01 (20405),Functional Foods and Nutraceuticals (3),M,"Sep 03 - Dec 08, 17:30-19:45 (T)",Sepideh Mahboobishoorjeh
HNSC 7110,T05 (23293),Method Café (3),M,"Sep 03 - Dec 08, 17:00-20:00 (W)",Miyoung Suh
HNSC 7110,T07 (26416),Evaluating human evidence in Nutrition: Epidemiology and Clinical Trials to Guidelines (3),M,"Sep 03 - Dec 08, 11:30-12:45 (TR)",Dylan Mackay
HNSC 7700,A01 (24265),Applied Human Nutrition Practicum 1 (6),M,Sep 08 - Dec 19,Jessica Rutherford
HNSC 7730,A01 (24266),Advanced Applied Human Nutrition 1 (3),M,"Sep 15 - Dec 19, 09:00-12:00 (M)",Jessica Rutherford
HNSC 7750,A01 (25390),Advanced Applied Human Nutrition 3 (3),M,"Sep 15 - Dec 19, 13:00-16:00 (M)",Jessica Rutherford
AGEC 2370,A01 (10896),Principles of Ecology (3),M,"Sep 03 - Dec 08, 13:00-14:15 (TR)",Shayla Woodland
AGEC 2370,B03 (12168),Principles of Ecology (0),M,"Sep 03 - Dec 08, 14:30-17:25 (F)",Shayla Woodland
AGEC 2370,B02 (10898),Principles of Ecology (0),M,"Sep 03 - Dec 08, 14:30-17:25 (W)",Shayla Woodland
AGEC 2370,B01 (10897),Principles of Ecology (0),M,"Sep 03 - Dec 08, 14:30-17:25 (T)",Shayla Woodland
AGRI 1600,B03 (20484),Introduction to Agrifood Systems (0),M,"Sep 03 - Dec 08, 14:30-17:15 (W)",Mario Tenuta
AGRI 1600,B02 (20482),Introduction to Agrifood Systems (0),M,"Sep 03 - Dec 08, 14:30-17:15 (T)",Mario Tenuta
AGRI 1600,B01 (20481),Introduction to Agrifood Systems (0),M,"Sep 03 - Dec 08, 14:30-17:15 (M)",Mario Tenuta
AGRI 1600,B05 (20486),Introduction to Agrifood Systems (0),M,"Sep 03 - Dec 08, 14:30-17:15 (F)",Mario Tenuta
AGRI 1600,B04 (20485),Introduction to Agrifood Systems (0),M,"Sep 03 - Dec 08, 14:30-17:15 (R)",Mario Tenuta
AGRI 1600,K01 (20261),Introduction to Agrifood Systems (3),M,"Sep 03 - Dec 08, 08:30-09:45 (TR)",Mario Tenuta
AGRI 2002,K01 (18165),Agricultural and Food Sciences Co-operative Education Work Term 1 (3),WKT,Sep 03 - Dec 08,Michel Aliani
AGRI 2030,A02 (12553),Technical Communications (3),M,"Sep 03 - Dec 08, 11:30-12:45 (T)",Adedunni Adigun
AGRI 2030,A03 (15494),Technical Communications (3),M,"Sep 03 - Dec 08, 13:00-14:15 (R)",Stephen Hayes
AGRI 2030,A01 (12552),Technical Communications (3),M,"Sep 03 - Dec 08, 10:00-11:15 (R)",Kelly Funke
AGRI 2030,A01 (12552),Technical Communications (3),M,"Sep 03 - Dec 08, 10:00-11:15 (T)",Kelly Funke
AGRI 2030,A02 (12553),Technical Communications (3),M,"Sep 03 - Dec 08, 11:30-12:45 (R)",Adedunni Adigun
AGRI 2030,A03 (15494),Technical Communications (3),M,"Sep 03 - Dec 08, 13:00-14:15 (T)",Stephen Hayes
AGRI 2400,B03 (22109),Experimental Methods in Agricultural and Food Sciences (0),M,"Sep 03 - Dec 08, 14:30-17:25 (F)",Jordan Bannerman
AGRI 2400,B01 (20397),Experimental Methods in Agricultural and Food Sciences (0),M,"Sep 03 - Dec 08, 14:30-17:25 (R)",Jordan Bannerman
AGRI 2400,A01 (20396),Experimental Methods in Agricultural and Food Sciences (3),M,"Sep 03 - Dec 08, 08:30-09:20 (MWF)",Jordan Bannerman
AGRI 2400,B02 (20487),Experimental Methods in Agricultural and Food Sciences (0),M,"Sep 03 - Dec 08, 17:45-20:40 (R)",Jordan Bannerman
AGRI 3002,K01 (18166),Agricultural and Food Sciences Co-operative Education Work Term 2 (3),WKT,Sep 03 - Dec 08,Michel Aliani
AGRI 3100,A01 (24218),Introduction to Digital Agriculture (3),M,"Sep 03 - Dec 08, 14:30-16:00 (T)",Nasem Badreldin
AGRI 3100,A01 (24218),Introduction to Digital Agriculture (3),M,"Sep 03 - Dec 08, 16:15-17:30 (T)",Nasem Badreldin
AGRI 3500,K01 (26215),Geographical Information Systems (GIS) Applications in Agriculture (3),M,"Sep 03 - Dec 08, 14:30-17:20 (W)",Marcos Cordeiro
AGRI 4002,K01 (18167),Agricultural and Food Sciences Co-operative Education Work Term 3 (3),WKT,Sep 03 - Dec 08,Michel Aliani
AGRI 4100,A01 (20499),Current Issues in Agricultural Systems (3),M,"Sep 03 - Dec 08, 14:30-17:25 (T)",Claudio Stasolla
AGRI 4100,A02 (23922),Current Issues in Agricultural Systems (3),M,"Sep 03 - Dec 08, 14:30-17:25 (T)",Derek Brewin
PLNT 1000,A01 (24695),Urban Agriculture (3),M,"Sep 03 - Dec 08, 13:30-14:20 (MWF)",Yvonne Lawley
PLNT 2500,B04 (22802),Crop Production (0),M,"Sep 03 - Dec 08, 14:30-17:15 (R)",Yvonne Lawley
PLNT 2500,B03 (22801),Crop Production (0),M,"Sep 03 - Dec 08, 14:30-17:15 (W)",Yvonne Lawley
PLNT 2500,B02 (22800),Crop Production (0),M,"Sep 03 - Dec 08, 14:30-17:15 (T)",Yvonne Lawley
PLNT 2500,B01 (22799),Crop Production (0),M,"Sep 03 - Dec 08, 14:30-17:15 (M)",Yvonne Lawley
PLNT 2500,A01 (22798),Crop Production (3),M,"Sep 03 - Dec 08, 09:30-10:20 (MWF)",Yvonne Lawley
PLNT 2510,A01 (26190),Fundamentals of Horticulture (3),M,"Sep 03 - Dec 08, 10:30-11:20 (MWF)",Fouad Daayf
PLNT 2510,A01 (26190),Fundamentals of Horticulture (3),M,"Sep 03 - Dec 08, 14:30-17:25 (W)",Fouad Daayf
PLNT 2520,B02 (10925),Genetics (0),M,"Sep 03 - Dec 08, 14:30-17:15 (R)",Harmeet Chawla
PLNT 2520,A01 (10923),Genetics (3),M,"Sep 03 - Dec 08, 10:30-11:20 (MWF)",Harmeet Chawla
PLNT 2520,B01 (10924),Genetics (0),M,"Sep 03 - Dec 08, 14:30-17:15 (T)",Harmeet Chawla
PLNT 3140,B03 (10929),Introductory Cytogenetics (0),M,"Sep 03 - Dec 08, 14:30-17:25 (W)",Brian Fristensky
PLNT 3140,B02 (10928),Introductory Cytogenetics (0),M,"Sep 03 - Dec 08, 14:30-17:25 (T)",Brian Fristensky
PLNT 3140,B01 (10927),Introductory Cytogenetics (0),M,"Sep 03 - Dec 08, 14:30-17:25 (M)",Brian Fristensky
PLNT 3140,A01 (10926),Introductory Cytogenetics (3),M,"Sep 03 - Dec 08, 13:00-14:15 (TR)",Brian Fristensky
PLNT 3400,A01 (12557),Plant Physiology (3),M,"Sep 03 - Dec 08, 12:30-13:20 (MWF)",Claudio Stasolla
PLNT 3400,B01 (12558),Plant Physiology (0),M,"Sep 03 - Dec 08, 14:30-17:15 (M)",Claudio Stasolla
PLNT 3400,B02 (12559),Plant Physiology (0),M,"Sep 03 - Dec 08, 14:30-17:15 (T)",Claudio Stasolla
PLNT 3520,A01 (10932),Principles of Plant Improvement (3),M,"Sep 03 - Dec 08, 09:30-10:20 (MWF)",Robert Duncan
PLNT 3520,A01 (10932),Principles of Plant Improvement (3),M,"Sep 03 - Dec 08, 14:30-17:25 (R)",Robert Duncan
PLNT 3570,A01 (26188),Fundamentals of Plant Pathology (3),M,"Sep 03 - Dec 08, 10:00-11:20 (TR)",Mohammad Sayari
PLNT 4270,A01 (10933),Plant Disease Control (3),M,"Sep 03 - Dec 08, 11:30-12:45 (T)",Malini Jayawardana
PLNT 4270,A01 (10933),Plant Disease Control (3),M,"Sep 03 - Dec 08, 13:30-14:20 (MWF)",Malini Jayawardana
PLNT 4330,A01 (10935),Intermediate Plant Genetics (3),M,"Sep 03 - Dec 08, 14:30-15:20 (F)",Curt McCartney
PLNT 4330,A01 (10935),Intermediate Plant Genetics (3),M,"Sep 03 - Dec 08, 11:30-12:20 (MWF)",Curt McCartney
PLNT 4610,A01 (11533),Bioinformatics (3),M,"Sep 03 - Dec 08, 08:30-09:45 (TR)",Brian Fristensky
PLNT 7250,A01 (10969),Plant Science Seminar (Part A) (1.5),M,"Sep 03 - Dec 08, 13:00-14:15 (TR)",Belay Ayele
PLNT 7420,A01 (10987),Advanced Plant Science Seminar (Part A) (1.5),M,"Sep 25 - Dec 23, 14:30-16:45 (R)",Robert Gulden
PLNT 7620,T06 (25792),Natural Systems Agriculture (3),M,"Sep 17 - Dec 10, 10:00-12:00 (W)",Martin Entz
PLNT 7620,T07 (26626),"Current issues and the Science in Cropping Systems, Weed Science, and Plant Ecology (3)",M,"Sep 03 - Dec 08, 10:00-11:30 (TR)",Dilshan De Silva Benaragama
PLNT 7690,A01 (14789),Bioinformatics (3),M,"Sep 03 - Dec 08, 08:30-09:45 (TR)",Brian Fristensky
SOIL 3060,A01 (10811),Introduction to Agrometeorology (3),M,"Sep 03 - Dec 08, 10:30-11:20 (MWF)",Henrique Carvalho
SOIL 3600,B01 (10813),Soils and Landscapes in Our Environment (0),M,"Sep 03 - Dec 08, 14:30-17:25 (M)",Afua Mante
SOIL 3600,B02 (10814),Soils and Landscapes in Our Environment (0),M,"Sep 03 - Dec 08, 14:30-17:25 (W)",Afua Mante
SOIL 3600,B03 (24732),Soils and Landscapes in Our Environment (0),M,"Sep 03 - Dec 08, 14:30-17:25 (F)",Afua Mante
SOIL 3600,K01 (10812),Soils and Landscapes in Our Environment (3),M,"Sep 03 - Dec 08, 11:30-12:20 (MWF)",Afua Mante
SOIL 4130,A01 (18109),Soil Chemistry and Mineralogy (3),M,"Sep 03 - Dec 08, 10:00-11:15 (TR)",Inoka Amarakoon Mudiyanselage
SOIL 4510,A01 (10815),Soil and Water Management (3),M,"Sep 03 - Dec 08, 12:30-13:20 (MWF)",Hailong He
SOIL 4510,A01 (10815),Soil and Water Management (3),M,"Sep 03 - Dec 08, 14:30-17:25 (W)",Hailong He
SOIL 4520,K01 (10816),Soil Fertility (3),M,"Sep 03 - Dec 08, 14:30-17:25 (R)",Mathieu Proulx
SOIL 4520,K01 (10816),Soil Fertility (3),M,"Sep 03 - Dec 08, 09:30-10:20 (MWF)",Mathieu Proulx
SOIL 7220,A01 (24822),Principles of Scientific Research and Communication (3),M,"Sep 03 - Dec 08, 08:30-09:45 (TR)",Alistair Brown
SOIL 7250,T02 (24712),Non-traditional Quantitative Techniques in Soil Science Research (3),M,"Sep 03 - Dec 08, 11:30-12:45 (TR)",Francis Zvomuya
SOIL 7310,A01 (26409),Soil Health for Sustainable Ecosystems (3),M,"Sep 03 - Dec 08, 14:30-15:45 (TR)",Mario Tenuta
SOIL 7320,A01 (26410),Advances in Landscape Processes (3),M,"Sep 03 - Dec 08, 12:00-14:30 (M)",David Lobb
EDUB 1790,A01 (26141),Introduction to Education: What does it mean to Teach? (3),M,"Sep 03 - Dec 08, 13:00-14:15 (TR)",Jennifer Watt
EDUB 3010,A12 (17100),Classroom Community and Early Years Literacy (3),M,"Oct 20 - Oct 22, 10:30-12:20 (MW)",Gregory Bryan
EDUB 3010,A12 (17100),Classroom Community and Early Years Literacy (3),M,"Sep 10 - Oct 17, 10:30-12:20 (WF)",Gregory Bryan
EDUB 3010,A11 (12858),Classroom Community and Early Years Literacy (3),M,"Oct 29 - Nov 07, 13:30-15:20 (WF)",Gregory Bryan
EDUB 3010,A11 (12858),Classroom Community and Early Years Literacy (3),M,"Oct 20 - Oct 22, 13:30-15:20 (MW)",Gregory Bryan
EDUB 3010,A11 (12858),Classroom Community and Early Years Literacy (3),M,"Sep 10 - Oct 17, 13:30-15:20 (WF)",Gregory Bryan
EDUB 3010,A12 (17100),Classroom Community and Early Years Literacy (3),M,"Oct 29 - Nov 07, 10:30-12:20 (WF)",Gregory Bryan
EDUB 3012,A12 (23391),Early Years Mathematics and Quantitative Reasoning for All Learners (3),M,"Sep 29 - Sep 29, 13:30-15:20 (M)",Neil Dempsey
EDUB 3012,A11 (12859),Early Years Mathematics and Quantitative Reasoning for All Learners (3),M,"Sep 29 - Sep 29, 10:30-12:20 (M)",Sarah Melo
EDUB 3012,A11 (12859),Early Years Mathematics and Quantitative Reasoning for All Learners (3),M,"Sep 09 - Nov 06, 10:30-12:20 (TR)",Sarah Melo
EDUB 3012,A12 (23391),Early Years Mathematics and Quantitative Reasoning for All Learners (3),M,"Sep 09 - Nov 06, 13:30-15:20 (TR)",Neil Dempsey
EDUB 3018,A12 (25040),Multi-Language Development in Early Years (3),M,"Sep 10 - Oct 17, 08:30-10:20 (WF)",Yi Li
EDUB 3018,A11 (25038),Multi-Language Development in Early Years (3),M,"Oct 20 - Oct 22, 10:30-12:20 (MW)",Yi Li
EDUB 3018,A11 (25038),Multi-Language Development in Early Years (3),M,"Sep 10 - Oct 17, 10:30-12:20 (WF)",Yi Li
EDUB 3018,A11 (25038),Multi-Language Development in Early Years (3),M,"Oct 29 - Nov 07, 10:30-12:20 (WF)",Yi Li
EDUB 3018,A12 (25040),Multi-Language Development in Early Years (3),M,"Oct 20 - Oct 22, 08:30-10:20 (MW)",Yi Li
EDUB 3018,A12 (25040),Multi-Language Development in Early Years (3),M,"Oct 29 - Nov 07, 08:30-10:20 (WF)",Yi Li
EDUB 3050,A13 (12860),Middle Years Learners and Learning (3),M,"Sep 10 - Oct 17, 13:30-15:20 (WF)",Diana Fecyk-Lamb
EDUB 3050,A13 (12860),Middle Years Learners and Learning (3),M,"Oct 29 - Nov 07, 13:30-15:20 (WF)",Diana Fecyk-Lamb
EDUB 3050,A13 (12860),Middle Years Learners and Learning (3),M,"Oct 20 - Oct 22, 13:30-15:20 (MW)",Diana Fecyk-Lamb
EDUB 3052,A13 (26151),Middle Years:  Teaching for Learning - Developing a Responsive Pedagogy (3),M,"Sep 09 - Nov 06, 13:30-15:20 (TR)",Diana Fecyk-Lamb
EDUB 3052,A13 (26151),Middle Years:  Teaching for Learning - Developing a Responsive Pedagogy (3),M,"Sep 29 - Sep 29, 13:30-15:20 (M)",Diana Fecyk-Lamb
EDUB 3056,A13 (20887),Teaching English Language Arts in Middle Years (3),M,"Sep 29 - Sep 29, 08:30-10:20 (M)",Hannelore Wurmann
EDUB 3056,A13 (20887),Teaching English Language Arts in Middle Years (3),M,"Sep 09 - Nov 06, 08:30-10:20 (TR)",Hannelore Wurmann
EDUB 3062,A23 (14842),Teaching the Arts in Middle Years (3),M,"Oct 29 - Nov 07, 13:30-15:20 (WF)",Bruno De Oliveira Jayme
EDUB 3062,A23 (14842),Teaching the Arts in Middle Years (3),M,"Sep 10 - Oct 17, 13:30-15:20 (WF)",Bruno De Oliveira Jayme
EDUB 3062,A23 (14842),Teaching the Arts in Middle Years (3),M,"Oct 20 - Oct 22, 13:30-15:20 (MW)",Bruno De Oliveira Jayme
EDUB 3064,A23 (14423),Teaching Physical Education/Health Education in Middle Years (3),M,"Oct 29 - Nov 07, 10:30-12:20 (WF)",Kathryn Morog
EDUB 3064,A23 (14423),Teaching Physical Education/Health Education in Middle Years (3),M,"Oct 20 - Oct 22, 10:30-12:20 (MW)",Kathryn Morog
EDUB 3064,A23 (14423),Teaching Physical Education/Health Education in Middle Years (3),M,"Sep 10 - Oct 17, 10:30-12:20 (WF)",Kathryn Morog
EDUB 3100,A18 (26276),Senior Years: Principles and Processes for Teaching (3),M,"Sep 10 - Oct 17, 08:30-10:20 (WF)",Diana Fecyk-Lamb
EDUB 3100,A18 (26276),Senior Years: Principles and Processes for Teaching (3),M,"Oct 20 - Oct 22, 08:30-10:20 (MW)",Diana Fecyk-Lamb
EDUB 3100,A18 (26276),Senior Years: Principles and Processes for Teaching (3),M,"Oct 29 - Nov 07, 08:30-10:20 (WF)",Diana Fecyk-Lamb
EDUB 3100,A17 (14846),Senior Years: Principles and Processes for Teaching (3),M,"Sep 10 - Oct 17, 10:30-12:20 (WF)",Diana Fecyk-Lamb
EDUB 3100,A17 (14846),Senior Years: Principles and Processes for Teaching (3),M,"Oct 20 - Oct 22, 10:30-12:20 (MW)",Diana Fecyk-Lamb
EDUB 3100,A17 (14846),Senior Years: Principles and Processes for Teaching (3),M,"Oct 29 - Nov 07, 10:30-12:20 (WF)",Diana Fecyk-Lamb
EDUB 3100,A16 (12865),Senior Years: Principles and Processes for Teaching (3),M,"Sep 29 - Sep 29, 10:30-12:20 (M)",Diana Fecyk-Lamb
EDUB 3100,A16 (12865),Senior Years: Principles and Processes for Teaching (3),M,"Sep 09 - Nov 06, 10:30-12:20 (TR)",Diana Fecyk-Lamb
EDUB 3100,A15 (12864),Senior Years: Principles and Processes for Teaching (3),M,"Sep 09 - Nov 06, 08:30-10:20 (TR)",Diana Fecyk-Lamb
EDUB 3100,A15 (12864),Senior Years: Principles and Processes for Teaching (3),M,"Sep 29 - Sep 29, 08:30-10:20 (M)",Diana Fecyk-Lamb
EDUB 3310,G36 (13069),Early Years: Practicum 1 (3),M,"Aug 29 - Aug 29, 08:30-16:30 (F)",Jocelyn Peters
EDUB 3310,G36 (13069),Early Years: Practicum 1 (3),M,"Nov 17 - Dec 15, 08:30-16:30 (MTWRF)",Jocelyn Peters
EDUB 3310,G36 (13069),Early Years: Practicum 1 (3),M,"Nov 03 - Nov 03, 08:30-16:30 (M)",Jocelyn Peters
EDUB 3310,G36 (13069),Early Years: Practicum 1 (3),M,"Oct 06 - Oct 06, 08:30-16:30 (M)",Jocelyn Peters
EDUB 3310,G36 (13069),Early Years: Practicum 1 (3),M,"Sep 08 - Sep 22, 08:30-16:30 (M)",Jocelyn Peters
EDUB 3310,G36 (13069),Early Years: Practicum 1 (3),M,"Oct 24 - Oct 27, 08:30-16:30 (MF)",Jocelyn Peters
EDUB 3310,G36 (13069),Early Years: Practicum 1 (3),M,"Sep 02 - Sep 05, 08:30-16:30 (TWRF)",Jocelyn Peters
EDUB 3320,G36 (13070),Middle Years: Practicum 1 (3),M,"Nov 03 - Nov 03, 08:30-16:30 (M)",Jocelyn Peters
EDUB 3320,G36 (13070),Middle Years: Practicum 1 (3),M,"Aug 29 - Aug 29, 08:30-16:30 (F)",Jocelyn Peters
EDUB 3320,G36 (13070),Middle Years: Practicum 1 (3),M,"Sep 02 - Sep 05, 08:30-16:30 (TWRF)",Jocelyn Peters
EDUB 3320,G36 (13070),Middle Years: Practicum 1 (3),M,"Oct 06 - Oct 06, 08:30-16:30 (M)",Jocelyn Peters
EDUB 3320,G36 (13070),Middle Years: Practicum 1 (3),M,"Nov 17 - Dec 15, 08:30-16:30 (MTWRF)",Jocelyn Peters
EDUB 3320,G36 (13070),Middle Years: Practicum 1 (3),M,"Oct 24 - Oct 27, 08:30-16:30 (MF)",Jocelyn Peters
EDUB 3320,G36 (13070),Middle Years: Practicum 1 (3),M,"Sep 08 - Sep 22, 08:30-16:30 (M)",Jocelyn Peters
EDUB 3330,G36 (13072),Senior Years: Practicum 1 (3),M,"Oct 24 - Oct 27, 08:30-16:30 (MF)",Jocelyn Peters
EDUB 3330,G36 (13072),Senior Years: Practicum 1 (3),M,"Sep 08 - Sep 22, 08:30-16:30 (M)",Jocelyn Peters
EDUB 3330,G36 (13072),Senior Years: Practicum 1 (3),M,"Nov 17 - Dec 15, 08:30-16:30 (MTWRF)",Jocelyn Peters
EDUB 3330,G36 (13072),Senior Years: Practicum 1 (3),M,"Oct 06 - Oct 06, 08:30-16:30 (M)",Jocelyn Peters
EDUB 3330,G36 (13072),Senior Years: Practicum 1 (3),M,"Nov 03 - Nov 03, 08:30-16:30 (M)",Jocelyn Peters
EDUB 3330,G36 (13072),Senior Years: Practicum 1 (3),M,"Aug 29 - Aug 29, 08:30-16:30 (F)",Jocelyn Peters
EDUB 3330,G36 (13072),Senior Years: Practicum 1 (3),M,"Sep 02 - Sep 05, 08:30-16:30 (TWRF)",Jocelyn Peters
EDUB 3406,A40 (21303),Indigenous Perspectives and the Curriculum (3),M,"Sep 29 - Sep 29, 13:30-15:20 (M)",Amy Farrell
EDUB 3406,A40 (21303),Indigenous Perspectives and the Curriculum (3),M,"Sep 09 - Nov 06, 13:30-15:20 (TR)",Amy Farrell
EDUB 3508,A40 (26203),Language and Content Instruction of EAL Students (3),M,"Oct 29 - Nov 07, 08:30-10:20 (WF)",Sreemali Herath
EDUB 3508,A40 (26203),Language and Content Instruction of EAL Students (3),M,"Oct 20 - Oct 22, 08:30-10:20 (MW)",Sreemali Herath
EDUB 3508,A40 (26203),Language and Content Instruction of EAL Students (3),M,"Sep 10 - Oct 17, 08:30-10:20 (WF)",Sreemali Herath
EDUB 3510,A36 (26168),Language Awareness for Teachers (3),OC,Sep 09 - Nov 07,Sreemali Herath
EDUB 3518,A40 (26153),Drama Across the Curriculum (3),M,"Sep 29 - Sep 29, 08:30-10:20 (M)",Graham Lea
EDUB 3518,A40 (26153),Drama Across the Curriculum (3),M,"Sep 09 - Nov 06, 08:30-10:20 (TR)",Graham Lea
EDUB 3528,A40 (26252),Media Literacy (3),M,"Sep 29 - Sep 29, 08:30-10:20 (M)",Aaron Price
EDUB 3528,A40 (26252),Media Literacy (3),M,"Sep 09 - Nov 06, 08:30-10:20 (TR)",Aaron Price
EDUB 4010,A21 (15827),"Pedagogy for Sustainable Well-being: Science, Mathematics and Social Studies (6)",M,"Sep 12 - Sep 19, 08:30-13:00 (F)",Neil Dempsey
EDUB 4010,A21 (15827),"Pedagogy for Sustainable Well-being: Science, Mathematics and Social Studies (6)",M,"Oct 31 - Nov 07, 08:30-13:00 (F)",Neil Dempsey
EDUB 4010,A21 (15827),"Pedagogy for Sustainable Well-being: Science, Mathematics and Social Studies (6)",M,"Sep 26 - Oct 17, 08:30-13:00 (F)",Neil Dempsey
EDUB 4010,A21 (15827),"Pedagogy for Sustainable Well-being: Science, Mathematics and Social Studies (6)",M,"Sep 10 - Sep 17, 08:30-13:00 (W)",Neil Dempsey
EDUB 4010,A22 (15635),"Pedagogy for Sustainable Well-being: Science, Mathematics and Social Studies (6)",M,"Sep 11 - Sep 18, 08:30-13:00 (R)",Neil Dempsey
EDUB 4010,A22 (15635),"Pedagogy for Sustainable Well-being: Science, Mathematics and Social Studies (6)",M,"Sep 25 - Oct 23, 08:30-13:00 (R)",Neil Dempsey
EDUB 4010,A22 (15635),"Pedagogy for Sustainable Well-being: Science, Mathematics and Social Studies (6)",M,"Oct 28 - Nov 04, 08:30-13:00 (T)",Neil Dempsey
EDUB 4010,A22 (15635),"Pedagogy for Sustainable Well-being: Science, Mathematics and Social Studies (6)",M,"Sep 09 - Sep 16, 08:30-13:00 (T)",Neil Dempsey
EDUB 4010,A22 (15635),"Pedagogy for Sustainable Well-being: Science, Mathematics and Social Studies (6)",M,"Oct 07 - Oct 21, 08:30-13:00 (T)",Neil Dempsey
EDUB 4010,A22 (15635),"Pedagogy for Sustainable Well-being: Science, Mathematics and Social Studies (6)",M,"Sep 23 - Sep 23, 08:30-13:00 (T)",Neil Dempsey
EDUB 4010,A22 (15635),"Pedagogy for Sustainable Well-being: Science, Mathematics and Social Studies (6)",M,"Sep 29 - Sep 29, 08:30-13:00 (M)",Neil Dempsey
EDUB 4010,A22 (15635),"Pedagogy for Sustainable Well-being: Science, Mathematics and Social Studies (6)",M,"Oct 30 - Nov 06, 08:30-13:00 (R)",Neil Dempsey
EDUB 4010,A21 (15827),"Pedagogy for Sustainable Well-being: Science, Mathematics and Social Studies (6)",M,"Oct 29 - Nov 05, 08:30-13:00 (W)",Neil Dempsey
EDUB 4010,A21 (15827),"Pedagogy for Sustainable Well-being: Science, Mathematics and Social Studies (6)",M,"Sep 24 - Oct 22, 08:30-13:00 (W)",Neil Dempsey
EDUB 4010,A21 (15827),"Pedagogy for Sustainable Well-being: Science, Mathematics and Social Studies (6)",M,"Oct 20 - Oct 20, 08:30-13:00 (M)",Neil Dempsey
EDUB 4012,A21 (15828),Pedagogy in Multiple Literacies: Children as Meaning Makers (6),M,"Sep 11 - Sep 18, 08:30-13:30 (R)",Xiaoxiao Du
EDUB 4012,A21 (15828),Pedagogy in Multiple Literacies: Children as Meaning Makers (6),M,"Oct 30 - Nov 06, 08:30-13:30 (R)",Xiaoxiao Du
EDUB 4012,A22 (14989),Pedagogy in Multiple Literacies: Children as Meaning Makers (6),M,"Sep 12 - Sep 19, 08:30-13:30 (F)",Melanie Janzen
EDUB 4012,A21 (15828),Pedagogy in Multiple Literacies: Children as Meaning Makers (6),M,"Sep 09 - Sep 16, 08:30-12:20 (T)",Xiaoxiao Du
EDUB 4012,A21 (15828),Pedagogy in Multiple Literacies: Children as Meaning Makers (6),M,"Oct 28 - Nov 04, 08:30-12:20 (T)",Xiaoxiao Du
EDUB 4012,A21 (15828),Pedagogy in Multiple Literacies: Children as Meaning Makers (6),M,"Oct 07 - Oct 21, 08:30-12:20 (T)",Xiaoxiao Du
EDUB 4012,A22 (14989),Pedagogy in Multiple Literacies: Children as Meaning Makers (6),M,"Sep 10 - Sep 17, 08:30-12:20 (W)",Melanie Janzen
EDUB 4012,A21 (15828),Pedagogy in Multiple Literacies: Children as Meaning Makers (6),M,"Sep 29 - Sep 29, 08:30-12:20 (M)",Xiaoxiao Du
EDUB 4012,A21 (15828),Pedagogy in Multiple Literacies: Children as Meaning Makers (6),M,"Sep 23 - Sep 23, 08:30-12:20 (T)",Xiaoxiao Du
EDUB 4012,A22 (14989),Pedagogy in Multiple Literacies: Children as Meaning Makers (6),M,"Oct 20 - Oct 20, 08:30-13:30 (M)",Melanie Janzen
EDUB 4012,A22 (14989),Pedagogy in Multiple Literacies: Children as Meaning Makers (6),M,"Sep 24 - Oct 22, 08:30-12:20 (W)",Melanie Janzen
EDUB 4012,A22 (14989),Pedagogy in Multiple Literacies: Children as Meaning Makers (6),M,"Oct 31 - Nov 07, 08:30-13:30 (F)",Melanie Janzen
EDUB 4012,A22 (14989),Pedagogy in Multiple Literacies: Children as Meaning Makers (6),M,"Oct 29 - Nov 05, 08:30-12:20 (W)",Melanie Janzen
EDUB 4012,A21 (15828),Pedagogy in Multiple Literacies: Children as Meaning Makers (6),M,"Sep 25 - Oct 23, 08:30-13:30 (R)",Xiaoxiao Du
EDUB 4012,A22 (14989),Pedagogy in Multiple Literacies: Children as Meaning Makers (6),M,"Sep 26 - Oct 17, 08:30-13:30 (F)",Melanie Janzen
EDUB 4052,A23 (26285),Teaching Mathematics in Middle Years 2 (3),M,"Sep 09 - Nov 06, 08:30-10:20 (TR)",Sarah Melo
EDUB 4052,A23 (26285),Teaching Mathematics in Middle Years 2 (3),M,"Sep 29 - Sep 29, 08:30-10:20 (M)",Sarah Melo
EDUB 4102,T26 (26164),Teaching Strategies: Case Studies and Inquiry Based Learning (3),M,"Oct 20 - Oct 22, 13:30-15:20 (MW)",Aaron Price
EDUB 4102,T26 (26164),Teaching Strategies: Case Studies and Inquiry Based Learning (3),M,"Oct 29 - Nov 07, 13:30-15:20 (WF)",Aaron Price
EDUB 4102,T26 (26164),Teaching Strategies: Case Studies and Inquiry Based Learning (3),M,"Sep 10 - Oct 17, 13:30-15:20 (WF)",Aaron Price
EDUB 4102,T27 (26165),Teaching Strategies: Case Studies and Inquiry Based Learning (3),M,"Sep 10 - Oct 17, 10:30-12:20 (WF)",Mikeas Silva De Lima
EDUB 4102,T27 (26165),Teaching Strategies: Case Studies and Inquiry Based Learning (3),M,"Oct 20 - Oct 22, 10:30-12:20 (MW)",Mikeas Silva De Lima
EDUB 4102,T27 (26165),Teaching Strategies: Case Studies and Inquiry Based Learning (3),M,"Oct 29 - Nov 07, 10:30-12:20 (WF)",Mikeas Silva De Lima
EDUB 4102,T25 (26163),Teaching Strategies: Case Studies and Inquiry Based Learning (3),M,"Sep 29 - Sep 29, 10:30-12:20 (M)",Mikeas Silva De Lima
EDUB 4102,T25 (26163),Teaching Strategies: Case Studies and Inquiry Based Learning (3),M,"Sep 09 - Nov 06, 10:30-12:20 (TR)",Mikeas Silva De Lima
EDUB 4112,A33 (25377),Senior Years: Teaching Music (3),M,"Oct 29 - Nov 07, 08:30-10:20 (WF)",William Kristjanson
EDUB 4112,A33 (25377),Senior Years: Teaching Music (3),M,"Sep 10 - Oct 17, 08:30-10:20 (WF)",William Kristjanson
EDUB 4112,A33 (25377),Senior Years: Teaching Music (3),M,"Oct 20 - Oct 22, 08:30-10:20 (MW)",William Kristjanson
EDUB 4114,A33 (25374),Senior Years: Teaching Drama & Theatre (3),M,"Sep 29 - Sep 29, 08:30-10:20 (M)",Graham Lea
EDUB 4114,A33 (25374),Senior Years: Teaching Drama & Theatre (3),M,"Sep 09 - Nov 06, 08:30-10:20 (TR)",Graham Lea
EDUB 4122,A33 (25375),Senior Years: Teaching French (3),M,"Sep 09 - Nov 06, 08:30-10:20 (TR)",Sarah Ragoub
EDUB 4122,A33 (25375),Senior Years: Teaching French (3),M,"Sep 29 - Sep 29, 08:30-10:20 (M)",Sarah Ragoub
EDUB 4130,A33 (13292),Senior Years: Teaching Geography (3),M,"Oct 20 - Oct 22, 15:30-17:20 (MW)",Shawn Darby
EDUB 4130,A33 (13292),Senior Years: Teaching Geography (3),M,"Oct 29 - Nov 07, 15:30-17:20 (WF)",Shawn Darby
EDUB 4130,A33 (13292),Senior Years: Teaching Geography (3),M,"Sep 10 - Oct 17, 15:30-17:20 (WF)",Shawn Darby
EDUB 4140,A31 (26275),Senior Years: Teaching Biology (3),M,"Sep 09 - Nov 06, 13:30-15:20 (TR)",Lilian Leivas Pozzer
EDUB 4140,A34 (26251),Senior Years: Teaching Biology (3),M,"Sep 09 - Oct 17, 13:30-15:20 (WF)",Lilian Leivas Pozzer
EDUB 4140,A31 (26275),Senior Years: Teaching Biology (3),M,"Sep 29 - Sep 29, 13:30-15:20 (M)",Lilian Leivas Pozzer
EDUB 4140,A34 (26251),Senior Years: Teaching Biology (3),M,"Oct 29 - Nov 07, 13:30-15:20 (WF)",Lilian Leivas Pozzer
EDUB 4140,A34 (26251),Senior Years: Teaching Biology (3),M,"Oct 20 - Oct 22, 13:30-15:20 (MW)",Lilian Leivas Pozzer
EDUB 4148,A33 (25376),Senior Years: Teaching Human Ecology (3),M,"Sep 29 - Sep 29, 15:30-17:20 (M)",Lori Ward
EDUB 4148,A33 (25376),Senior Years: Teaching Human Ecology (3),M,"Sep 09 - Nov 06, 15:30-17:20 (TR)",Lori Ward
EDUB 4154,A33 (25378),Senior Years: Teaching Physics (3),M,"Oct 29 - Nov 07, 08:30-10:20 (WF)",Mikeas Silva De Lima
EDUB 4154,A33 (25378),Senior Years: Teaching Physics (3),M,"Sep 10 - Oct 17, 08:30-10:20 (WF)",Mikeas Silva De Lima
EDUB 4154,A33 (25378),Senior Years: Teaching Physics (3),M,"Oct 20 - Oct 22, 08:30-10:20 (MW)",Mikeas Silva De Lima
EDUB 4310,G36 (14395),Early Years Practicum 3 (3),M,"Sep 02 - Sep 05, 08:30-16:30 (TWRF)",Jocelyn Peters
EDUB 4310,G36 (14395),Early Years Practicum 3 (3),M,"Nov 03 - Nov 03, 08:30-16:30 (M)",Jocelyn Peters
EDUB 4310,G36 (14395),Early Years Practicum 3 (3),M,"Oct 06 - Oct 06, 08:30-16:30 (M)",Jocelyn Peters
EDUB 4310,G36 (14395),Early Years Practicum 3 (3),M,"Sep 08 - Sep 22, 08:30-16:30 (M)",Jocelyn Peters
EDUB 4310,G36 (14395),Early Years Practicum 3 (3),M,"Oct 24 - Oct 27, 08:30-16:30 (MF)",Jocelyn Peters
EDUB 4310,G36 (14395),Early Years Practicum 3 (3),M,"Nov 17 - Dec 15, 08:30-16:30 (MTWRF)",Jocelyn Peters
EDUB 4310,G36 (14395),Early Years Practicum 3 (3),M,"Aug 29 - Aug 29, 08:30-16:30 (F)",Jocelyn Peters
EDUB 4320,G36 (14396),Middle Years: Practicum 3 (3),M,"Oct 06 - Oct 06, 08:30-16:30 (M)",Jocelyn Peters
EDUB 4320,G36 (14396),Middle Years: Practicum 3 (3),M,"Sep 02 - Sep 05, 08:30-16:30 (TWRF)",Jocelyn Peters
EDUB 4320,G36 (14396),Middle Years: Practicum 3 (3),M,"Sep 08 - Sep 22, 08:30-16:30 (M)",Jocelyn Peters
EDUB 4320,G36 (14396),Middle Years: Practicum 3 (3),M,"Nov 03 - Nov 03, 08:30-16:30 (M)",Jocelyn Peters
EDUB 4320,G36 (14396),Middle Years: Practicum 3 (3),M,"Nov 17 - Dec 15, 08:30-16:30 (MTWRF)",Jocelyn Peters
EDUB 4320,G36 (14396),Middle Years: Practicum 3 (3),M,"Oct 24 - Oct 27, 08:30-16:30 (MF)",Jocelyn Peters
EDUB 4320,G36 (14396),Middle Years: Practicum 3 (3),M,"Aug 29 - Aug 29, 08:30-16:30 (F)",Jocelyn Peters
EDUB 4330,G36 (14397),Senior Years: Practicum 3 (3),M,"Oct 24 - Oct 27, 08:30-16:30 (MF)",Jocelyn Peters
EDUB 4330,G36 (14397),Senior Years: Practicum 3 (3),M,"Nov 03 - Nov 03, 08:30-16:30 (M)",Jocelyn Peters
EDUB 4330,G36 (14397),Senior Years: Practicum 3 (3),M,"Sep 08 - Sep 22, 08:30-16:30 (M)",Jocelyn Peters
EDUB 4330,G36 (14397),Senior Years: Practicum 3 (3),M,"Oct 06 - Oct 06, 08:30-16:30 (M)",Jocelyn Peters
EDUB 4330,G36 (14397),Senior Years: Practicum 3 (3),M,"Aug 29 - Aug 29, 08:30-16:30 (F)",Jocelyn Peters
EDUB 4330,G36 (14397),Senior Years: Practicum 3 (3),M,"Nov 17 - Dec 15, 08:30-16:30 (MTWRF)",Jocelyn Peters
EDUB 4330,G36 (14397),Senior Years: Practicum 3 (3),M,"Sep 02 - Sep 05, 08:30-16:30 (TWRF)",Jocelyn Peters
EDUB 5220,T15 (26183),Movement Pedagogies for Human and Planetary Health and Well-Being (3),M,"Sep 03 - Dec 08, 17:30-20:15 (W)",Kathryn Morog
EDUB 5220,T52 (26657),"Indigenous Education: Culture, Traditions, and Territorial Contexts (3)",OC,"Sep 03 - Dec 08, 18:00-21:00 (T)",Derek Courchene
EDUB 5220,T56 (26584),Designing and Developing Curriculum Resources for Indigenous Classrooms (3),OC,"Sep 10 - Nov 19, 17:00-20:20 (W)",Randi Desmarais
EDUB 5400,A01 (26170),Diagnostic and Remedial Techniques in Language Arts (Part A) (3),M,"Sep 03 - Dec 08, 17:30-20:15 (R)",Tracie McDonald
EDUB 7030,A01 (25024),The Arts in Education (3),M,"Sep 03 - Dec 08, 17:30-20:15 (R)",Graham Lea
EDUB 7060,G36 (26171),Seminar and Practicum in Clinical Diagnosis and Remediation (Part A) (3),M,"Sep 03 - Dec 08, 17:30-20:15 (M)",Tracie McDonald
EDUB 7142,T11 (26185),"Seminar in Digital and Multimodal Literacies: Research, Theory, and Practice (3)",M,"Sep 03 - Dec 08, 17:30-20:15 (T)",Amir Michalovich
EDUB 7550,A01 (25027),Curriculum: Historical Perspectives and Contemporary Implications (3),M,"Sep 03 - Dec 08, 17:30-20:15 (M)",Melanie Janzen
EDUB 7580,A01 (14530),"Social, Cultural, and Political Theories in Second Language Acquisition (3)",M,"Sep 03 - Dec 08, 17:30-20:15 (T)",Rawia Azzahrawi
EDUB 7910,A01 (26187),"Seminar in Indigenous (First Nations, Métis, Inuit) Education (3)",M,"Sep 03 - Dec 08, 17:30-20:15 (T)",Amy Farrell
EDUA 1570,D01 (24965),Foundations of Adult Education (3),DE,Sep 03 - Dec 08,David Kirby
EDUA 1790,G07 (25291),Introduction to Education: What Does it Mean to Teach? (3),M,"Sep 03 - Dec 08, 13:00-14:15 (TR)",Amy Carpenter
EDUA 3000,A45 (12852),Canadian School Systems and Their Public Purposes (3),M,"Sep 10 - Oct 17, 10:30-12:20 (WF)",David Hauseman
EDUA 3000,A47 (26118),Canadian School Systems and Their Public Purposes (3),M,"Sep 29 - Sep 29, 13:30-15:20 (M)",Sandra Evans
EDUA 3000,A47 (26118),Canadian School Systems and Their Public Purposes (3),M,"Sep 09 - Nov 06, 13:30-15:20 (TR)",Sandra Evans
EDUA 3000,A46 (14411),Canadian School Systems and Their Public Purposes (3),M,"Sep 09 - Nov 06, 10:30-12:20 (TR)",David Hauseman
EDUA 3000,A46 (14411),Canadian School Systems and Their Public Purposes (3),M,"Sep 29 - Sep 29, 10:30-12:20 (M)",David Hauseman
EDUA 3000,A45 (12852),Canadian School Systems and Their Public Purposes (3),M,"Oct 20 - Oct 22, 10:30-12:20 (MW)",David Hauseman
EDUA 3000,A45 (12852),Canadian School Systems and Their Public Purposes (3),M,"Oct 29 - Nov 07, 10:30-12:20 (WF)",David Hauseman
EDUA 3002,A41 (26283),Contested Spaces in Education (3),M,"Sep 29 - Sep 29, 13:30-15:20 (M)",Xuyang Li
EDUA 3002,A41 (26283),Contested Spaces in Education (3),M,"Sep 09 - Nov 06, 13:30-15:20 (TR)",Xuyang Li
EDUA 3002,A42 (12855),Contested Spaces in Education (3),M,"Oct 20 - Oct 22, 13:30-15:20 (MW)",Xuyang Li
EDUA 3002,A42 (12855),Contested Spaces in Education (3),M,"Sep 10 - Oct 17, 13:30-15:20 (WF)",Xuyang Li
EDUA 3002,A42 (12855),Contested Spaces in Education (3),M,"Oct 29 - Nov 07, 13:30-15:20 (WF)",Xuyang Li
EDUA 3002,A43 (26284),Contested Spaces in Education (3),M,"Sep 29 - Sep 29, 10:30-12:20 (M)",Xuyang Li
EDUA 3002,A43 (26284),Contested Spaces in Education (3),M,"Sep 09 - Nov 06, 10:30-12:20 (TR)",Xuyang Li
EDUA 3002,A40 (12854),Contested Spaces in Education (3),M,"Sep 29 - Sep 29, 10:30-12:20 (M)",Daniel Loggale Swaka
EDUA 3002,A40 (12854),Contested Spaces in Education (3),M,"Sep 09 - Nov 06, 10:30-12:20 (TR)",Daniel Loggale Swaka
EDUA 3404,A40 (21291),Indigenous Education (3),M,"Sep 10 - Nov 05, 13:30-17:20 (W)",Leah Fontaine
EDUA 3420,A40 (12849),Cross-Cultural Education (3),M,"Sep 29 - Sep 29, 15:30-17:20 (M)",Shawn Darby
EDUA 3420,A40 (12849),Cross-Cultural Education (3),M,"Sep 09 - Nov 06, 15:30-17:20 (TR)",Shawn Darby
EDUA 3500,T02 (26269),Gender and Sexual Diversity in Education and Community (3),M,"Sep 29 - Sep 29, 10:30-12:20 (M)",Christopher Campbell
EDUA 3500,T03 (26270),Gender and Sexual Diversity in Education and Community (3),M,"Sep 29 - Sep 29, 13:30-15:20 (M)",Christopher Campbell
EDUA 3500,T03 (26270),Gender and Sexual Diversity in Education and Community (3),M,"Sep 09 - Nov 06, 13:30-15:20 (TR)",Christopher Campbell
EDUA 3500,T02 (26269),Gender and Sexual Diversity in Education and Community (3),M,"Sep 09 - Nov 06, 10:30-12:20 (TR)",Christopher Campbell
EDUA 4000,A18 (26250),Inclusive Education (3),M,"Oct 20 - Oct 22, 10:30-12:20 (MW)",Katherine Maxwell
EDUA 4000,A18 (26250),Inclusive Education (3),M,"Oct 29 - Nov 07, 10:30-12:20 (WF)",Katherine Maxwell
EDUA 4000,A18 (26250),Inclusive Education (3),M,"Sep 10 - Oct 17, 10:30-12:20 (WF)",Katherine Maxwell
EDUA 4000,A17 (25037),Inclusive Education (3),M,"Sep 29 - Sep 29, 10:30-12:20 (M)",Katherine Maxwell
EDUA 4000,A15 (14413),Inclusive Education (3),M,"Sep 29 - Sep 29, 13:30-15:20 (M)",Katherine Maxwell
EDUA 4000,A15 (14413),Inclusive Education (3),M,"Sep 09 - Nov 06, 13:30-15:20 (TR)",Katherine Maxwell
EDUA 4000,A16 (14414),Inclusive Education (3),M,"Oct 20 - Oct 22, 13:30-15:20 (MW)",Katherine Maxwell
EDUA 4000,A16 (14414),Inclusive Education (3),M,"Sep 10 - Oct 17, 13:30-15:20 (WF)",Katherine Maxwell
EDUA 4000,A16 (14414),Inclusive Education (3),M,"Oct 29 - Nov 07, 13:30-15:20 (WF)",Katherine Maxwell
EDUA 4000,A17 (25037),Inclusive Education (3),M,"Sep 09 - Nov 06, 10:30-12:20 (TR)",Katherine Maxwell
EDUA 5010,D01 (24118),Introduction to Educational Administration (3),DE,Sep 03 - Dec 08,Wayne Davies
EDUA 5010,A54 (26656),Introduction to Educational Administration (3),OC,"Sep 03 - Dec 08, 18:00-21:00 (W)",Marcella McCorrister
EDUA 5014,A36 (22351),Educational Leadership (3),OC,"Sep 03 - Dec 08, 17:30-20:15 (M)",Peng Liu
EDUA 5480,A01 (12538),Counselling Skills (3),M,"Sep 03 - Dec 08, 17:30-20:15 (T)",Linda Burnside
EDUA 5500,A01 (13294),Theories and Issues in Counselling (3),M,"Sep 27 - Sep 27, 09:30-16:30 (S)",Priya Mani
EDUA 5500,A01 (13294),Theories and Issues in Counselling (3),M,"Sep 13 - Sep 13, 09:30-16:30 (S)",Priya Mani
EDUA 5500,A01 (13294),Theories and Issues in Counselling (3),M,"Oct 18 - Oct 18, 09:30-16:30 (S)",Priya Mani
EDUA 5500,A01 (13294),Theories and Issues in Counselling (3),M,"Dec 06 - Dec 06, 09:30-16:30 (S)",Priya Mani
EDUA 5500,A01 (13294),Theories and Issues in Counselling (3),M,"Nov 22 - Nov 22, 09:30-16:30 (S)",Priya Mani
EDUA 5500,A01 (13294),Theories and Issues in Counselling (3),M,"Nov 01 - Nov 01, 09:30-16:30 (S)",Priya Mani
EDUA 5520,A01 (26174),Ethics in Counselling (3),M,"Sep 03 - Dec 08, 17:30-20:15 (R)",Man Tze
EDUA 5540,A01 (26175),Group Counselling (3),M,"Sep 03 - Dec 08, 17:30-20:15 (M)",Grace Ukasoanya
EDUA 5602,A01 (20333),Introduction to Inclusive Education (Part A) (3),M,"Sep 03 - Dec 08, 17:30-20:15 (M)",Charles Bendu
EDUA 5632,A36 (20346),Assessment and Instruction in Inclusive Education (Part A) (3),OC,"Sep 03 - Dec 08, 17:30-20:15 (T)",Donald Freeze
EDUA 5652,A01 (26176),FASD and other Neurodiverse Conditions in the Classroom (3),M,"Sep 03 - Dec 08, 17:30-20:15 (W)",Andrea Klepatz
EDUA 5662,A36 (20348),Delivering Supports for Inclusive Education (3),OC,"Sep 03 - Dec 08, 17:30-20:15 (W)",Terence Skarban
EDUA 7010,A01 (12178),Educational Administration as a Field of Study and Practice (3),M,"Sep 03 - Dec 08, 17:30-20:15 (T)",Peng Liu
EDUA 7030,A01 (26177),Educational Finance (3),M,"Sep 03 - Dec 08, 17:30-20:15 (M)",Ee-Seul Yoon
EDUA 7230,A01 (26178),Social Criticism in Education (3),M,"Sep 03 - Dec 08, 17:30-20:15 (R)",Sandra Evans
EDUA 7270,A36 (18493),Seminar in Cross-Cultural Education 1 (3),OC,"Sep 03 - Dec 08, 17:30-20:15 (M)",Nathalie Piquemal
EDUA 7520,G36 (12180),Practicum Seminar in Counselling (Part A) (3),M,"Sep 03 - Dec 08, 17:30-20:15 (M)",Priya Mani
EDUA 7550,A01 (12181),Theories of Counselling (3),M,"Sep 03 - Dec 08, 17:30-20:15 (M)",Man Tze
EDUA 7630,A01 (26179),Advanced Assessment and Instruction in Inclusive Education (3),M,"Sep 03 - Dec 08, 17:30-20:15 (R)",Donald Freeze
EDUA 7652,G35 (26732),Field Experience in Inclusive Education (Part A) (3),OC,Oct 16 - Dec 16,Michael Baker
EDUA 7712,A02 (24139),"Working with Family, School and Community Systems (3)",M,"Sep 03 - Dec 08, 17:30-20:15 (T)",Nadine Bartlett
EDUA 7712,A01 (24140),"Working with Family, School and Community Systems (3)",M,"Sep 03 - Dec 08, 17:30-20:15 (T)",Nadine Bartlett
EDUA 7760,A01 (26181),Interview Techniques with Children and Adolescents (3),M,"Sep 03 - Dec 08, 17:30-20:15 (W)",Grace Ukasoanya
EDUA 7830,A36 (26182),Engaging with Research in Education (3),OC,"Sep 03 - Dec 08, 17:30-20:15 (W)",Thomas Falkenberg
EDUA 7830,A01 (25015),Engaging with Research in Education (3),M,"Sep 03 - Dec 08, 17:30-20:15 (W)",Ee-Seul Yoon
EDUA 7840,A01 (25388),Qualitative Research Methods in Education (3),M,"Sep 03 - Dec 08, 17:30-20:15 (R)",Melanie Janzen
EDUA 7840,A54 (26731),Qualitative Research Methods in Education (3),OC,"Nov 19 - Dec 10, 17:30-20:30 (W)",Charlotte Enns
EDUA 7840,A54 (26731),Qualitative Research Methods in Education (3),OC,"Nov 28 - Nov 28, 17:30-20:30 (F)",Charlotte Enns
EDUA 7840,A54 (26731),Qualitative Research Methods in Education (3),OC,"Nov 29 - Nov 29, 09:00-16:00 (S)",Charlotte Enns
EDUA 7840,A54 (26731),Qualitative Research Methods in Education (3),OC,"Oct 15 - Nov 05, 17:30-20:30 (W)",Charlotte Enns
EDUC 7510,A01 (26280),Contemporary Theory and Philosophy in Education (3),M,"Sep 03 - Dec 08, 17:30-20:15 (T)",Nathalie Piquemal
ARCH 7000,T26 (25636),Mineral Modes: Concrete + Colours (1.5),M,"Sep 10 - Oct 08, 08:30-12:15 (W)",Rodney Latourelle
ARCH 7000,T32 (26658),(un)real realities: architectural anomalies & digital frankensteins (1.5),M,"Sep 10 - Oct 08, 13:30-17:15 (W)",Christopher Burke
ARCH 7010,T25 (26636),Passive House (1.5),M,"Oct 15 - Nov 26, 13:30-17:15 (W)",Jessica Piper
ARCH 7010,T24 (25637),Introduction to Biomimetic Design (1.5),M,"Oct 15 - Nov 26, 08:30-12:15 (W)",Maria Garcia Holguera
ARCH 7020,T40 (26637),Sustainable Architecture and Building Design (1.5),M,"Sep 10 - Oct 08, 13:30-17:15 (W)",Maryam Amini
ARCH 7020,T39 (26638),Architecture & Public Space Part 1: Non-Public Public Space (1.5),M,"Sep 10 - Oct 08, 08:30-12:15 (W)",Eduardo Aquino
ARCH 7030,T29 (26639),Architecture & Public Space Part 2: Architecture and Imagination (1.5),M,"Oct 15 - Nov 26, 08:30-12:15 (W)",Eduardo Aquino
ARCH 7040,A01 (16764),Professional Practice (3),M,"Sep 03 - Dec 08, 17:30-20:20 (T)",Christopher Gilmour
ARCH 7050,A04 (19678),Arch Studio 5 and Comprehensive Program Report (9),M,"Sep 03 - Dec 08, 08:30-11:15 (MR)",Ralph Stern
ARCH 7050,A04 (19678),Arch Studio 5 and Comprehensive Program Report (9),M,"Sep 03 - Dec 08, 13:00-16:15 (MR)",Ralph Stern
ARCH 7050,A02 (12619),Arch Studio 5 and Comprehensive Program Report (9),M,"Sep 03 - Dec 08, 08:30-11:15 (MR)",Shawn Bailey
ARCH 7050,A03 (11376),Arch Studio 5 and Comprehensive Program Report (9),M,"Sep 03 - Dec 08, 08:30-11:15 (MR)",Liane Veness
ARCH 7050,A01 (11375),Arch Studio 5 and Comprehensive Program Report (9),M,"Sep 03 - Dec 08, 13:00-16:15 (MR)",Neil Minuk
ARCH 7050,A01 (11375),Arch Studio 5 and Comprehensive Program Report (9),M,"Sep 03 - Dec 08, 08:30-11:15 (MR)",Neil Minuk
ARCH 7050,A02 (12619),Arch Studio 5 and Comprehensive Program Report (9),M,"Sep 03 - Dec 08, 13:00-16:15 (MR)",Shawn Bailey
ARCH 7050,A03 (11376),Arch Studio 5 and Comprehensive Program Report (9),M,"Sep 03 - Dec 08, 13:00-16:15 (MR)",Liane Veness
ARCH 7070,A01 (11377),Design Research Studio (9),M,"Sep 03 - Dec 08, 08:30-16:15 (MR)",Brian Rex
ARCH 7070,A02 (11378),Design Research Studio (9),M,"Sep 03 - Dec 08, 08:30-16:15 (MR)",Terri Fuglem
ARCH 7070,A11 (18624),Design Research Studio (9),M,"Sep 03 - Dec 08, 08:30-16:15 (MR)",Liane Veness
ARCH 7070,A03 (18239),Design Research Studio (9),M,"Sep 03 - Dec 08, 08:30-16:15 (MR)",Carlos Rueda Plata
ARCH 7070,A09 (15644),Design Research Studio (9),M,"Sep 03 - Dec 08, 08:30-16:15 (MR)",Eduardo Aquino
ARCH 7070,A08 (11381),Design Research Studio (9),M,"Sep 03 - Dec 08, 08:30-16:15 (MR)",Maria Garcia Holguera
ARCH 7070,A07 (12373),Design Research Studio (9),M,"Sep 03 - Dec 08, 08:30-16:15 (MR)",Shawn Bailey
ARCH 7070,A10 (18297),Design Research Studio (9),M,"Sep 03 - Dec 08, 08:30-16:15 (MR)",Mira Locher
ARCH 7070,A06 (11380),Design Research Studio (9),M,"Sep 03 - Dec 08, 08:30-16:15 (MR)",Ralph Stern
ARCH 7070,A05 (15643),Design Research Studio (9),M,"Sep 03 - Dec 08, 08:30-16:15 (MR)",Lancelot Coar
ARCH 7070,A04 (18237),Design Research Studio (9),M,"Sep 03 - Dec 08, 08:30-16:15 (MR)",Neil Minuk
ARCG 7070,T79 (26735),Place experience: unifying segmented approaches (3),M,Sep 03 - Dec 08,Carlos Rueda Plata
ARCG 7080,T79 (25674),Municipal Administration and Planning (3),M,Sep 03 - Dec 08,TBA
ARCG 7080,T82 (26612),Safety and Social Housing (3),M,Sep 03 - Dec 08,Sarah Cooper
ARCG 7102,T18 (26204),Studio Topics in Environmental Processes (6),M,"Sep 03 - Dec 08, 09:00-15:00 (TR)",Jean Trottier
ARCG 7150,K01 (19624),Cooperative Education/Integrated Work Term 1 (0),WKT,Sep 03 - Dec 08,Shauna Mallory-Hill
ARCG 7250,K01 (19625),Cooperative Education /Integrated Work Term 2 (0),WKT,Sep 03 - Dec 08,Shauna Mallory-Hill
ARCG 7350,K01 (25596),Cooperative Education/Integrated Work Term 3 (0),WKT,Sep 03 - Dec 08,Shauna Mallory-Hill
CITY 7030,A01 (10485),Planning Theory 1 (3),M,"Sep 03 - Dec 08, 08:30-11:15 (R)",Sarah Cooper
CITY 7050,A01 (17916),Capstone Project (Part A) (3),M,"Sep 03 - Dec 08, 13:00-16:00 (W)",Orly Linovski
CITY 7310,A01 (19346),Law and Local Government (3),M,"Sep 03 - Dec 08, 08:30-11:15 (R)",Michael McCandless
CITY 7410,A01 (10487),Planning Design 1 (6),M,"Sep 03 - Dec 08, 08:30-11:15 (T)",Kerniel Aasland
CITY 7410,A01 (10487),Planning Design 1 (6),M,"Sep 03 - Dec 08, 13:00-17:20 (TR)",Kerniel Aasland
CITY 7440,A01 (23864),Planning Design 4 (Part A) (3),M,"Sep 03 - Dec 08, 13:00-16:00 (TR)",Sarah Cooper
EVAR 3000,A01 (18618),Pre-Modern Architectural History and Theory I (3),M,"Sep 03 - Dec 08, 14:30-17:15 (W)",Carlos Rueda Plata
EVAR 3004,A01 (11363),Architectural Technology 1 - Structural and Sustainable Use of Materials (3),M,"Sep 03 - Dec 08, 08:30-11:15 (W)",Lancelot Coar
EVAR 3008,A01 (11364),Architecture Design Studio 1 (9),M,"Sep 03 - Dec 08, 13:30-16:15 (MR)",Terri Fuglem
EVAR 3008,A01 (11364),Architecture Design Studio 1 (9),M,"Sep 03 - Dec 08, 08:30-11:15 (MR)",Terri Fuglem
EVAR 3012,A01 (11412),Architectural Technology Preparation: Structural Concepts (3),M,"Aug 25 - Aug 29, 08:30-16:30 (MTWRF)",Luxmy Ragunathan
EVAR 3014,A01 (12506),Drawing Free Hand/Digital (3),M,"Sep 03 - Dec 08, 08:30-12:15 (F)",Brian Rex
EVAR 4002,A01 (11367),Architectural Technology 3 - Building Systems (3),M,"Sep 03 - Dec 08, 08:30-11:15 (W)",Neil Minuk
EVAR 4004,A01 (11368),Architecture Design Studio 3 (9),M,"Sep 03 - Dec 08, 08:30-11:15 (MR)",Carlos Rueda Plata
EVAR 4004,A01 (11368),Architecture Design Studio 3 (9),M,"Sep 03 - Dec 08, 13:00-16:15 (MR)",Carlos Rueda Plata
EVDS 1600,A01 (18598),Introduction to Environmental Design (3),M,"Sep 03 - Dec 08, 14:30-17:15 (M)",Katherine Isaac
EVDS 1600,D01 (24422),Introduction to Environmental Design (3),DE,Sep 03 - Dec 08,Michael Butterworth
EVDS 1602,D01 (24423),Visual Literacy (3),DE,Sep 03 - Dec 08,Scott Barham
EVDS 1602,A02 (11213),Visual Literacy (3),M,"Sep 03 - Dec 08, 11:30-14:15 (W)",Connery Friesen
EVDS 1660,A02 (11212),"History of Culture, Ideas and Environment 1 (3)",M,"Sep 03 - Dec 08, 13:00-14:15 (TR)",Janine Kropla
EVDS 1660,D01 (24424),"History of Culture, Ideas and Environment 1 (3)",DE,Sep 03 - Dec 08,Nima Shoaie
EVDS 1670,D01 (24425),"History of Culture, Ideas and Environment 2 (3)",DE,Sep 03 - Dec 08,Janine Kropla
EVDS 1680,A02 (18001),Environmental Technology (3),M,"Sep 03 - Dec 08, 11:30-14:15 (W)",Nima Shoaie
EVDS 1680,D01 (24426),Environmental Technology (3),DE,Sep 03 - Dec 08,Suchita Ghosh
EVDS 2100,K01 (11360),Urban Media Lab (3),M,"Aug 25 - Sep 05, 09:00-16:30 (MTWRF)",Ryan Coates
EVDS 2400,A01 (11361),Visual Media 1 (3),M,"Sep 10 - Dec 08, 14:30-17:15 (W)",Kimberly Wiese
EVDS 2500,A01 (11362),Design Studio 1 (6),M,"Sep 08 - Dec 08, 08:30-12:30 (MWF)",Jae-Sung Chon
EVDS 2600,A01 (11666),Tectonic Precedent (3),M,"Sep 09 - Dec 08, 14:30-17:15 (T)",Ainsley Johnston
EVDS 2702,A01 (11393),Natural and Human Systems (3),M,"Sep 08 - Dec 08, 14:30-17:15 (M)",Ryan Coates
EVDS 3800,K01 (23257),Cooperative Education/Integrated Work Term 1 (1),WKT,Sep 03 - Dec 08,Shauna Mallory-Hill
EVDS 3900,K01 (18117),Cooperative Education/Integrated Work Term 2 (1),WKT,Sep 03 - Dec 08,Shauna Mallory-Hill
EVIE 3002,A01 (20524),Interior Design History and Theory 1 (3),M,"Sep 03 - Dec 08, 11:30-14:15 (W)",Kelley Beaverford
EVIE 3004,A01 (11372),"Materials, Assemblies and Details (3)",M,"Sep 03 - Dec 08, 08:30-11:15 (M)",Heather Wallis
EVIE 3006,A01 (11373),Interior Design Media (3),M,"Sep 03 - Dec 08, 08:30-11:15 (F)",Kurt Espersen-Peters
EVIE 3008,A01 (11383),ID Studio 3.1 (6),M,"Sep 03 - Dec 08, 08:30-11:15 (TR)",Cynthia Karpan
EVIE 3008,A01 (11383),ID Studio 3.1 (6),M,"Sep 03 - Dec 08, 13:30-16:15 (TR)",Cynthia Karpan
EVIE 3014,A01 (12620),Human Factors and Environments (3),M,"Sep 03 - Dec 08, 14:30-17:15 (W)",Shauna Mallory-Hill
EVIE 4004,A01 (20526),Indoor Systems 2 (3),M,"Sep 03 - Dec 08, 14:30-17:15 (M)",Kleighton Burns
EVIE 4008,D01 (18249),Design Media (AutoCAD) (3),DE,Sep 03 - Dec 08,Richard Hiebert
EVIE 4010,A01 (11528),ID Studio 4.1 (6),M,"Sep 03 - Dec 08, 13:30-16:15 (TR)",Umidjon Abdullaev
EVIE 4010,A01 (11528),ID Studio 4.1 (6),M,"Sep 03 - Dec 08, 08:30-11:15 (TR)",Umidjon Abdullaev
EVIE 4014,D01 (12804),Advanced Interior Design Media (3),DE,Sep 03 - Dec 08,Richard Hiebert
EVLU 3002,A01 (18634),Site Planning (3),M,"Sep 03 - Dec 08, 11:30-14:15 (M)",Dietmar Straub
EVLU 3004,A01 (22684),Ecology and Design 2 (3),M,"Sep 03 - Dec 08, 14:30-17:15 (W)",Brenda Brown
EVLU 3006,A01 (11382),Studio 3 (9),M,"Aug 25 - Aug 29, 13:15-16:00 (MTWRF)",Anna Thurmayr
EVLU 3006,A01 (11382),Studio 3 (9),M,"Sep 03 - Dec 08, 08:30-11:15 (TR)",Anna Thurmayr
EVLU 3006,A01 (11382),Studio 3 (9),M,"Sep 03 - Dec 08, 09:00-17:00 (TR)",Anna Thurmayr
EVLU 3006,A01 (11382),Studio 3 (9),M,"Aug 25 - Aug 29, 09:00-11:45 (MTWRF)",Anna Thurmayr
EVLU 4002,K01 (18644),Construction Materials (3),M,"Sep 15 - Dec 08, 14:30-17:15 (M)",Glen Manning
EVLU 4006,T09 (22733),Indigenous Peoples and Community Planning (3),M,"Sep 03 - Dec 08, 14:30-17:15 (M)",Sarah Hourie
EVLU 4006,T04 (26567),Special Topics in Community Design (3),M,"Sep 03 - Dec 08, 08:30-11:15 (M)",Laurie Bridgman
EVLU 4008,K01 (11525),"Plants, Ecosystems and Design (3)",M,"Sep 19 - Oct 03, 13:30-15:30 (F)",Philip Ronald
EVLU 4008,K01 (11525),"Plants, Ecosystems and Design (3)",M,"Sep 15 - Dec 08, 08:30-11:15 (F)",Philip Ronald
EVLU 4012,K01 (11526),Studio 5 (9),M,"Aug 25 - Sep 12,  (UMTWRFS)",Kamni Gill
EVLU 4012,K01 (11526),Studio 5 (9),M,"Sep 15 - Dec 08, 09:00-17:00 (TR)",Kamni Gill
IDES 7000,A01 (12385),Graduate Seminar in Interior Design (3),M,"Sep 03 - Dec 08, 11:30-14:15 (M)",Kelley Beaverford
IDES 7190,A01 (12190),Theory Seminar 2: Critical Perspectives (3),M,"Sep 03 - Dec 08, 08:30-11:15 (R)",Farzan Farnaghi
IDES 7200,A01 (10489),Masters Studio 1 (6),M,"Sep 03 - Dec 08, 08:30-12:00 (TR)",Jason Shields
IDES 7200,A01 (10489),Masters Studio 1 (6),M,"Sep 03 - Dec 08, 13:00-16:45 (TR)",Jason Shields
IDES 7220,A01 (10491),Masters Studio 3 (6),M,"Sep 03 - Dec 08, 08:30-12:00 (WF)",Kleighton Burns
IDES 7220,A01 (10491),Masters Studio 3 (6),M,"Sep 03 - Dec 08, 13:30-16:30 (WF)",Kleighton Burns
IDES 7240,A01 (13870),Sensory Technology 5 (3),M,"Sep 03 - Dec 08, 14:30-17:15 (M)",Umidjon Abdullaev
IDES 7280,A01 (16519),Advanced Topics in Contemporary Interior Design Seminar (3),M,"Sep 03 - Dec 08, 08:30-11:15 (M)",Kurt Espersen-Peters
LARC 7310,T06 (26546),Landscape Design Seminar 1 - SEED ACADEMY (3),M,"Sep 03 - Sep 10, 11:30-14:15 (W)",Dietmar Straub
LARC 7310,T06 (26546),Landscape Design Seminar 1 - SEED ACADEMY (3),M,"Sep 16 - Sep 19, 09:00-16:00 (TWRF)",Dietmar Straub
LARC 7310,T06 (26546),Landscape Design Seminar 1 - SEED ACADEMY (3),M,"Sep 23 - Sep 26, 09:00-16:00 (TWRF)",Dietmar Straub
LARC 7400,A02 (13690),Landscape Topics (3),M,Sep 03 - Dec 08,Marcella Eaton
LARC 7400,A03 (13691),Landscape Topics (3),M,Sep 03 - Dec 08,Frits Van Loon
LARC 7400,A04 (13692),Landscape Topics (3),M,Sep 03 - Dec 08,Dietmar Straub
LARC 7400,A05 (15693),Landscape Topics (3),M,Sep 03 - Dec 08,Alan Tate
LARC 7400,A06 (13693),Landscape Topics (3),M,Sep 03 - Dec 08,Anna Thurmayr
LARC 7400,A07 (13694),Landscape Topics (3),M,Sep 03 - Dec 08,Jean Trottier
LARC 7400,A08 (17990),Landscape Topics (3),M,Sep 03 - Dec 08,Leanne Muir
LARC 7400,A09 (19578),Landscape Topics (3),M,Sep 03 - Dec 08,Kamni Gill
LARC 7400,A01 (13689),Landscape Topics (3),M,Sep 03 - Dec 08,Brenda Brown
LARC 7500,A01 (25456),Digital Mapping and Analytics (3),M,"Sep 03 - Dec 08, 08:30-11:15 (F)",Yuhao Lu
LARC 7510,A01 (25481),Studio 1 (6),M,"Sep 03 - Dec 08, 09:00-15:00 (TR)",Jean Trottier
LARC 7510,A01 (25481),Studio 1 (6),M,"Sep 03 - Dec 08, 11:30-14:15 (TR)",Jean Trottier
LARC 7530,K01 (25482),Studio 3 (9),M,"Sep 03 - Dec 08, 14:30-17:15 (TR)",Marcella Eaton
LARC 7530,K01 (25482),Studio 3 (9),M,"Sep 03 - Dec 08, 09:00-17:00 (TR)",Marcella Eaton
LARC 7560,A01 (25457),LA Construction (3),M,"Sep 03 - Dec 08, 08:30-11:15 (W)",Bhavana Bonde
LARC 7570,K01 (26043),LA Practice (3),M,"Sep 03 - Dec 08, 14:30-17:15 (M)",Alan Tate
HMRT 7100,A01 (21971),Theory and Practice of Human Rights: Critical Perspectives (3),M,"Sep 03 - Dec 08, 09:00-11:50 (R)",Kjell Anderson
HMRT 7300,A01 (19188),Human Rights Law (3),M,"Sep 03 - Dec 08, 14:00-16:50 (T)",Mary Shariff
LAW 1002,A01 (26209),Preparation for the Study of Law in Canada (0),M,"Aug 18 - Aug 29, 13:00-16:30 (MTWRF)",Laurelle Harris
LAW 1002,A01 (26209),Preparation for the Study of Law in Canada (0),M,"Aug 18 - Aug 29, 09:00-12:00 (MTWRF)",Laurelle Harris
LAW 1102,A02 (17821),Contracts (Part A) (2.5),M,"Sep 03 - Dec 08, 14:00-15:50 (R)",Darcy MacPherson
LAW 1102,A03 (21676),Contracts (Part A) (2.5),M,"Sep 03 - Dec 08, 14:00-15:50 (R)",Bruce Curran
LAW 1102,A01 (17820),Contracts (Part A) (2.5),M,"Sep 03 - Dec 08, 14:00-15:50 (R)",Shakiru Bello
LAW 1140,A03 (23139),Criminal Law and Procedure (Part A) (2.5),M,"Sep 03 - Dec 08, 13:00-14:50 (M)",John Burchill
LAW 1140,A01 (11098),Criminal Law and Procedure (Part A) (2.5),M,"Sep 03 - Dec 08, 13:00-14:50 (M)",Brandon Trask
LAW 1140,A02 (26089),Criminal Law and Procedure (Part A) (2.5),M,"Sep 03 - Dec 08, 13:00-14:50 (M)",Kenneth Grad
LAW 1378,A01 (22608),Passeport du droit en Français 1(Part A) (0.5),M,"Sep 03 - Dec 08, 12:00-12:50 (F)",Lorna Turnbull
LAW 1460,A01 (11099),Constitutional Law (Part A) (2.5),M,"Sep 03 - Dec 08, 13:00-15:50 (W)",Leif Jensen
LAW 1460,A02 (26090),Constitutional Law (Part A) (2.5),M,"Sep 03 - Dec 08, 13:00-15:50 (W)",Gillian MacNeil
LAW 1460,A03 (11433),Constitutional Law (Part A) (2.5),M,"Sep 03 - Dec 08, 13:00-15:50 (W)",Brandon Trask
LAW 1480,A02 (26092),Torts and Compensation Systems (Part A) (2.5),M,"Sep 03 - Dec 08, 09:00-11:50 (T)",Akinwumi Ogunranti
LAW 1480,A01 (11101),Torts and Compensation Systems (Part A) (2.5),M,"Sep 03 - Dec 08, 09:00-11:50 (T)",Martine Dennie
LAW 1480,A03 (11578),Torts and Compensation Systems (Part A) (2.5),M,"Sep 03 - Dec 08, 09:00-11:50 (T)",Adetokunbo Alase
LAW 1500,A03 (11297),Property (Part A) (2.5),M,"Sep 03 - Dec 08, 10:00-11:50 (R)",Katherine Szilagyi
LAW 1500,A02 (23873),Property (Part A) (2.5),M,"Sep 03 - Dec 08, 10:00-11:50 (R)",Donn Short
LAW 1500,A01 (11103),Property (Part A) (2.5),M,"Sep 03 - Dec 08, 10:00-11:50 (R)",John Irvine
LAW 1530,A01 (11104),LEGAL SYSTEM (Part A) (1),M,"Sep 03 - Dec 08, 10:00-11:50 (W)",Rory Churchill-Henry
LAW 1540,A01 (11150),Legal Methods (Part A) (2.5),M,"Sep 03 - Dec 08, 09:00-11:50 (F)",Lorna Turnbull
LAW 1540,A01 (11150),Legal Methods (Part A) (2.5),M,"Sep 03 - Dec 08,  (F)",Lorna Turnbull
LAW 1542,A01 (22607),Méthodes Juridiques (Part A) (2.5),M,"Sep 03 - Dec 08, 09:00-11:50 (F)",Tarik Daoudi
LAW 2020,A01 (24211),Legal Profession and Professional Responsibility (3),M,"Sep 03 - Dec 08, 09:00-11:50 (M)",Shakiru Bello
LAW 2378,A01 (24448),Passeport du droit en Français 2 (Part A) (0.5),M,"Sep 03 - Dec 08, 12:00-12:50 (F)",Lorna Turnbull
LAW 2400,A01 (24172),Wills and Succession (3),M,"Sep 03 - Dec 08, 09:00-11:50 (R)",Gerrit Theule
LAW 2490,A01 (12625),Trusts (3),M,"Sep 03 - Dec 08, 09:00-11:50 (T)",Donn Short
LAW 2602,A01 (17835),Evidence (3),M,"Sep 03 - Dec 08, 13:00-15:50 (F)",Brandon Trask
LAW 2640,A01 (14912),Family Law (3),M,"Sep 03 - Dec 08, 09:00-11:50 (W)",Andrea Doyle
LAW 2680,A02 (11964),Legal Negotiation (3),M,"Sep 03 - Dec 08, 13:00-15:50 (M)",Matthew Maruca
LAW 2680,A01 (11963),Legal Negotiation (3),M,"Sep 03 - Dec 08, 13:00-15:50 (M)",Bruce Curran
LAW 2680,A03 (11965),Legal Negotiation (3),M,"Sep 03 - Dec 08, 13:00-15:50 (M)",Peter Ward
LAW 2682,A01 (22606),Négociation Juridique (3),M,"Sep 03 - Dec 08, 13:00-15:50 (M)",Andrea Doyle
LAW 2690,A02 (26095),Corporations I (3),M,"Sep 03 - Dec 08, 09:00-11:50 (W)",Shakiru Bello
LAW 2690,A01 (11105),Corporations I (3),M,"Sep 03 - Dec 08, 09:00-11:50 (R)",Akinwumi Ogunranti
LAW 2700,A01 (26106),Income Tax Law and Policy (3),M,"Sep 03 - Dec 08, 16:00-18:50 (W)",Frank Lavitt
LAW 3008,A01 (26138),Competitions A: Appellate Advocacy and Mooting (3),M,"Sep 03 - Dec 08, 13:00-15:50 (F)",Darcy MacPherson
LAW 3018,A01 (26104),Human Rights Law (3),M,"Sep 03 - Dec 08, 13:00-15:50 (W)",Brenda Gunn
LAW 3030,A01 (14897),Research Paper B (3),M,"Sep 03 - Dec 08, 12:00-13:50 (T)",TBA
LAW 3042,T06 (26423),Solomon Greenberg Moot (3),M,"Sep 03 - Dec 08, 12:00-12:50 (T)",TBA
LAW 3170,A01 (20460),Dispute Resolution (3),M,"Sep 03 - Dec 08, 09:00-11:50 (T)",Jennifer Schulz
LAW 3230,A01 (26108),Treaties and Land Claims in Canada (3),M,"Sep 03 - Dec 08, 14:00-16:50 (R)",Leo Baskatawang
LAW 3284,A01 (26574),International Criminal Justice (3),M,"Sep 03 - Dec 08, 09:00-11:50 (W)",Kjell Anderson
LAW 3290,A01 (23964),Indigenous Legal Methodologies (3),M,"Sep 03 - Dec 08, 14:00-16:50 (T)",Leo Baskatawang
LAW 3330,A01 (21969),Employment Law (3),M,"Sep 03 - Dec 08, 09:00-11:50 (M)",Jeffrey Palamar
LAW 3334,A01 (26100),Global and Domestic Governance of Tainted Finance (3),M,"Sep 03 - Dec 08, 09:00-11:50 (M)",Mary Gallant
LAW 3336,A01 (26112),Law and Popular Culture (3),M,"Sep 03 - Dec 08, 14:00-16:50 (R)",Jennifer Schulz
LAW 3338,A01 (22560),Sentencing (3),M,"Sep 03 - Dec 08, 18:00-20:50 (W)",Serena Ehrmantraut
LAW 3340,A01 (24856),Advanced Advocacy (3),M,"Sep 03 - Dec 08, 18:00-20:50 (R)",Michael Thomson
LAW 3344,A01 (25427),Internships (3),M,"Sep 03 - Dec 08, 13:00-14:50 (M)",Elizabeth McCandless
LAW 3344,A02 (25545),Internships (3),M,Sep 03 - Dec 08,Elizabeth McCandless
LAW 3344,A04 (26499),Internships (3),M,Sep 03 - Dec 08,Andrea Doyle
LAW 3344,A03 (26207),Internships (3),M,Sep 03 - Dec 08,Elizabeth McCandless
LAW 3352,A01 (26107),"Sexual Expression, Conduct and Work in Canada (3)",M,"Sep 03 - Dec 08, 17:00-19:50 (T)",Meredith Mitchell
LAW 3374,A01 (26583),Français juridique - droit privé (3),M,"Sep 03 - Dec 08, 18:00-20:50 (W)",Patricia Doyle
LAW 3378,A01 (24450),Passeport du droit en Français 3 (Part A) (0.5),M,"Sep 03 - Dec 08, 12:00-12:50 (F)",Lorna Turnbull
LAW 3530,A01 (12186),Administrative Law (3),M,"Sep 03 - Dec 08, 09:00-11:50 (T)",Andrea Doyle
LAW 3532,A01 (23952),Intensive Criminal Law (3),M,"Sep 03 - Dec 08, 13:00-15:50 (W)",Ami Kotler
LAW 3600,A01 (20472),Environment Law (3),M,"Sep 03 - Dec 08, 16:00-18:50 (W)",Heather Fast
LAW 3690,A01 (17826),Real Estate Transactions (3),M,"Sep 03 - Dec 08, 13:00-15:50 (W)",Maureen Terra
LAW 3740,A01 (24919),Public International Law (3),M,"Sep 03 - Dec 08, 09:00-11:50 (T)",Gillian MacNeil
LAW 3790,A01 (24863),Preparing for the Practice of Law (3),M,"Sep 03 - Dec 08, 14:00-16:50 (T)",Natasha Brown
LAW 3824,A01 (18916),Scholarly Publications (Part A) (1.5),M,"Sep 03 - Dec 08, 12:00-12:50 (MW)",Bryan Schwartz
LAW 3824,A02 (23968),Scholarly Publications HR (Part A) (1.5),M,"Sep 03 - Dec 08, 12:00-12:50 (W)",Donn Short
LAW 3826,A02 (23967),Advanced Scholarly Publications Human Rights (Part A) (1.5),M,"Sep 03 - Dec 08, 12:00-12:50 (MR)",Donn Short
LAW 3826,A01 (18917),Advanced Scholarly Publications (Part A) (1.5),M,"Sep 03 - Dec 08, 12:00-12:50 (MW)",Bryan Schwartz
LAW 3828,A01 (17839),Preventing Wrongful Convictions (3),M,"Sep 03 - Dec 08, 09:00-11:50 (F)",Jeffrey Gindin
LAW 3832,A01 (20980),Legal Aid Clinic (1.5),M,"Sep 03 - Dec 08, 13:00-15:50 (M)",TBA
LAW 3980,T20 (26205),Sport I Professional Leagues and National Sports Organizations (3),M,"Sep 03 - Dec 08, 09:00-11:50 (R)",Martine Dennie
LAW 3980,T03 (26299),"Law, Technology & the Future (3)",M,"Sep 03 - Dec 08, 09:00-11:50 (T)",Katherine Szilagyi
LAW 3982,T01 (26109),Legal Issues in Policing (3),M,"Sep 03 - Dec 08, 18:00-20:50 (M)",John Burchill
LAW 3990,A04 (18214),Externship (Part A) (6),M,Sep 03 - Dec 08,Elizabeth McCandless
LAW 3990,A05 (26668),Externship (6),M,Sep 03 - Dec 08,Elizabeth McCandless
LAW 3990,A01 (23233),Externship (Part A) (6),M,"Sep 03 - Dec 08, 12:00-13:50 (TR)",Elizabeth McCandless
LAW 3990,A02 (20762),Externship (Part A) (6),M,Sep 03 - Dec 08,Elizabeth McCandless
LAW 3990,A03 (23234),Externship (Part A) (6),M,Sep 03 - Dec 08,Elizabeth McCandless
LAW 7112,A01 (24220),Graduate Legal Research and Theory (3),M,"Sep 03 - Dec 08, 13:00-15:50 (W)",Donn Short
LAW 7120,T03 (26662),Research Paper in Law I (3),M,Sep 03 - Dec 08,Brandon Trask
LAW 7120,T04 (26718),Research Paper in Law I (3),M,Sep 03 - Dec 08,Richard Jochelson
LAW 7130,T19 (26642),Sentencing (3),M,"Sep 03 - Dec 08, 18:00-20:50 (W)",Serena Ehrmantraut
LAW 7130,T22 (26645),Sport I Professional Leagues and National Sports Organizations (3),M,"Sep 03 - Dec 08, 09:00-11:50 (R)",Martine Dennie
LAW 7130,T21 (26644),Global and Domestic Governance of Tainted Finance (3),M,"Sep 03 - Dec 08, 09:00-11:50 (M)",Mary Gallant
LAW 7130,T20 (26643),Treaties and Land Claims (3),M,"Sep 03 - Dec 08, 14:00-16:50 (R)",Leo Baskatawang
LAW 7130,T18 (26641),Legal Issues in Policing (3),M,"Sep 03 - Dec 08, 18:00-20:50 (M)",John Burchill
LAW 7130,T09 (26617),Employment Law (3),M,"Sep 03 - Dec 08, 09:00-11:50 (M)",Jeffrey Palamar
LAW 7130,T14 (26622),"Sexual Expression, Conduct & Work in Canada (3)",M,"Sep 03 - Dec 08, 17:00-19:50 (T)",Meredith Mitchell
LAW 7130,T13 (26621),Public International Law (3),M,"Sep 03 - Dec 08, 09:00-11:50 (T)",Gillian MacNeil
LAW 7130,T12 (26620),"Law, Technology & the Future (3)",M,"Sep 03 - Dec 08, 09:00-11:50 (T)",Katherine Szilagyi
LAW 7130,T11 (26619),International Criminal Justice (3),M,"Sep 03 - Dec 08, 09:00-11:50 (W)",Kjell Anderson
LAW 7130,T10 (26618),Environmental Law (3),M,"Sep 03 - Dec 08, 16:00-18:50 (W)",Heather Fast
LAW 7130,T16 (26640),Law and Popular Culture (3),M,"Sep 03 - Dec 08, 14:00-16:50 (R)",Jennifer Schulz
PHMD 1000,A01 (18648),Introduction to Professional Practice (1),B,"Aug 26 - Aug 29, 09:00-16:00 (TWRF)",Anna Chudyk
PHMD 1002,A01 (18649),Applied Pharmacy Practice Lab 1 (Part A) (2),B,"Sep 02 - Dec 08, 09:00-15:00 (R)",Sheila Ng
PHMD 1002,A01 (18649),Applied Pharmacy Practice Lab 1 (Part A) (2),B,"Sep 02 - Dec 08, 13:00-14:30 (M)",Sheila Ng
PHMD 1008,A01 (18683),Medicinal Chemistry (Part A) (2),B,"Sep 02 - Dec 08, 10:45-11:45 (W)",Theodore Lakowski
PHMD 1008,A01 (18683),Medicinal Chemistry (Part A) (2),B,"Sep 02 - Dec 08, 09:00-10:00 (F)",Theodore Lakowski
PHMD 1010,A01 (20331),Applied Pathophysiology (4),B,"Sep 02 - Dec 08, 10:45-12:00 (M)",Lucy Marzban
PHMD 1010,A01 (20331),Applied Pathophysiology (4),B,"Sep 02 - Dec 08, 13:00-14:15 (F)",Lucy Marzban
PHMD 1010,A01 (20331),Applied Pathophysiology (4),B,"Sep 02 - Dec 08, 12:45-14:00 (T)",Lucy Marzban
PHMD 1012,A01 (20332),Extemporaneous Pharmaceutical Compounding (3),B,"Sep 02 - Dec 08, 10:30-12:00 (F)",Ivan Iurchenko
PHMD 1012,A01 (20332),Extemporaneous Pharmaceutical Compounding (3),B,"Sep 02 - Dec 08, 09:00-12:00 (T)",Ivan Iurchenko
PHMD 1040,A01 (18684),Service Learning / IPE 1 (Part A) (0.5),B,"Sep 02 - Dec 08, 15:00-17:00 (F)",Michelle Boyce
PHMD 1040,A01 (18684),Service Learning / IPE 1 (Part A) (0.5),B,"Sep 02 - Dec 08, 13:00-17:00 (W)",Michelle Boyce
PHMD 2000,A01 (20359),Drug Delivery (3),B,"Aug 25 - Dec 01, 13:00-15:15 (M)",Xiaochen Gu
PHMD 2000,A01 (20359),Drug Delivery (3),B,"Aug 25 - Dec 01, 09:00-12:00 (R)",Xiaochen Gu
PHMD 2004,A01 (20360),Critical Appraisal of Pharmacotherapy Literature 1 (Part A) (2),B,"Aug 25 - Dec 01, 13:00-15:15 (R)",Sherif Eltonsy
PHMD 2006,A01 (20361),Applied Biopharmaceutics and Pharmacokinetics (3),B,"Aug 25 - Dec 01, 13:30-15:00 (W)",Abdullah Maruf
PHMD 2006,A01 (20361),Applied Biopharmaceutics and Pharmacokinetics (3),B,"Aug 25 - Dec 01, 11:00-12:30 (F)",Abdullah Maruf
PHMD 2008,A01 (20362),Pharmacy Law (1),B,"Aug 25 - Oct 10, 08:30-10:45 (F)",Kimberly McIntosh
PHMD 2022,A01 (20363),Applied Pharmacy Practice Lab 2-1 (2),B,"Aug 25 - Dec 01, 09:00-16:00 (T)",Kristi Watson
PHMD 2022,A01 (20363),Applied Pharmacy Practice Lab 2-1 (2),B,"Aug 25 - Dec 01, 13:00-14:30 (F)",Kristi Watson
PHMD 2026,A01 (20364),Clinical Therapeutics 2-1 (4),B,"Aug 25 - Dec 01, 09:00-11:45 (M)",Dana Turcotte
PHMD 2026,A01 (20364),Clinical Therapeutics 2-1 (4),B,"Aug 25 - Dec 01, 10:15-11:45 (W)",Dana Turcotte
PHMD 2040,A01 (20365),Service Learning / IPE 2 (Part A) (0.5),B,"Aug 25 - Dec 01, 15:00-17:00 (F)",Michelle Boyce
PHMD 3002,A01 (21266),Applied Pharmacy Practice Lab 3 (Part A) (2),B,"Sep 02 - Dec 08, 13:00-14:30 (W)",Linnéa Shackel
PHMD 3002,A01 (21266),Applied Pharmacy Practice Lab 3 (Part A) (2),B,"Sep 02 - Dec 08, 09:00-16:00 (F)",Linnéa Shackel
PHMD 3004,A01 (21267),Critical Appraisal of Pharmacotherapy Literature (2),B,"Sep 02 - Dec 08, 09:00-11:15 (T)",Shweta Mital
PHMD 3006,A01 (21268),Advanced Clinical Therapeutics (Part A) (3),B,"Sep 02 - Dec 08, 13:00-14:00 (T)",Alanna Doell
PHMD 3006,A01 (21268),Advanced Clinical Therapeutics (Part A) (3),B,"Sep 02 - Dec 08, 12:00-12:30 (T)",Alanna Doell
PHMD 3006,A01 (21268),Advanced Clinical Therapeutics (Part A) (3),B,"Sep 02 - Dec 08, 13:00-14:30 (R)",Alanna Doell
PHMD 3008,A01 (21269),Concepts of Integrative Medicine (2),B,"Sep 02 - Dec 08, 14:45-15:45 (R)",Shirley Treacy
PHMD 3008,A01 (21269),Concepts of Integrative Medicine (2),B,"Sep 02 - Dec 08, 10:45-11:45 (W)",Shirley Treacy
PHMD 3010,A01 (21270),Pharmacy Management (Part A) (2),B,"Sep 02 - Dec 08, 09:30-11:45 (M)",Joanne Johnson
PHMD 3014,A01 (21271),Clinical Therapeutics 3 (Part A) (4),B,"Sep 02 - Dec 08, 13:00-15:45 (M)",Christine Leong
PHMD 3014,A01 (21271),Clinical Therapeutics 3 (Part A) (4),B,"Sep 02 - Dec 08, 10:30-12:00 (R)",Christine Leong
PHMD 4020,A05 (22824),Advanced Pharmacy Practice Experience- Community (8),OC,Aug 25 - Oct 17,Ronald Eros
PHMD 4020,A04 (22825),Advanced Pharmacy Practice Experience- Community (8),OC,Oct 20 - Dec 12,Ronald Eros
PHMD 4020,A07 (26585),Advanced Pharmacy Practice Experience- Community (8),OC,"Aug 18 - Oct 10, 08:30-09:20 (MWF)",Ronald Eros
PHMD 4030,A03 (22826),Advanced Pharmacy Practice Experience- Hospital (8),OC,Aug 25 - Oct 17,Ronald Eros
PHMD 4030,A04 (22827),Advanced Pharmacy Practice Experience- Hospital (8),OC,Oct 20 - Dec 12,Ronald Eros
PHMD 4040,A03 (22828),Advanced Pharmacy Practice Experience-Primary Care (8),OC,Aug 25 - Oct 17,Ronald Eros
PHMD 4040,A04 (22829),Advanced Pharmacy Practice Experience-Primary Care (8),OC,Oct 20 - Dec 12,Ronald Eros
PHMD 4060,A03 (26253),Advanced Pharmacy Practice Experience- Elective (8),OC,Aug 25 - Oct 17,Ronald Eros
PHMD 4060,A04 (22831),Advanced Pharmacy Practice Experience- Elective (8),OC,Oct 20 - Dec 12,Ronald Eros
PHRM 7120,T05 (23247),Medical and Scientific Writing (3),B,"Sep 03 - Dec 08, 13:00-14:00 (T)",Samantha Pauls
PHRM 7120,T04 (23228),Medical and Scientific Writing (3),B,"Sep 03 - Dec 08,  (W)",Lucy Marzban
PHRM 7120,T03 (25564),Advanced Medical and Scientific Writing (3),B,"Sep 03 - Dec 08, 09:00-10:30 (R)",Lucy Marzban
PHRM 7120,A01 (26544),Medical and Scientific Writing (3),B,"Sep 03 - Dec 08, 08:00-11:00 (W)",Abdullah Maruf
PHRM 7120,T01 (22184),Medical and Scientific Writing (3),B,"Sep 03 - Dec 08, 13:00-15:00 (T)",Dana Turcotte
PHRM 7120,T02 (22219),Medical and Scientific Writing (3),B,"Sep 03 - Dec 08, 13:00-14:00 (M)",Dake Qi
PHRM 7160,A01 (10979),Pharmacy Seminar 1 MSc (Part A) (1.5),B,"Sep 03 - Dec 08, 12:00-12:50 (W)",Hope Anderson
PHRM 7160,A02 (23396),Pharmacy Seminar 1 MSc (3),B,"Sep 03 - Dec 08, 12:00-12:50 (W)",TBA
PHRM 7170,A02 (24578),Pharmacy Seminar 2 MSc (3),B,"Aug 05 - Dec 23, 12:00-12:50 (W)",Hope Anderson
PHRM 7170,A01 (15871),Pharmacy Seminar 2 MSc (Part A) (1.5),B,"Aug 05 - Dec 23, 12:00-12:50 (W)",Hope Anderson
PHRM 7202,A01 (24513),Advanced Topics in Pharmacoepidemiology - Level 2 (3),M,"Sep 03 - Dec 08, 14:00-17:00 (F)",Silvia Alessi-Severini
PHRM 7260,A01 (18198),Pharmacy Seminar 1 PhD (Part A) (1.5),B,"Aug 05 - Dec 23, 12:00-12:50 (W)",Hope Anderson
PHRM 7270,A01 (18199),Pharmacy Seminar 2 PhD (Part A) (1.5),B,"Aug 05 - Dec 23, 12:00-12:50 (W)",Hope Anderson
PHRM 7302,A01 (22918),Advanced Topics in Pharmacoepidemiology - Level 2 (3),M,"Sep 03 - Dec 08, 14:00-17:00 (F)",Silvia Alessi-Severini
SWRK 1200,D01 (23418),Introduction to Canadian Social Welfare (3),DE,"Sep 15 - Sep 15, 18:00-19:50 (M)",James Mulvale
SWRK 1200,G68 (24301),Introduction to Canadian Social Welfare (3),OC,"Sep 10 - Nov 05, 09:00-12:00 (W)",
SWRK 1200,G68 (24301),Introduction to Canadian Social Welfare (3),OC,"Nov 19 - Dec 03, 09:00-12:00 (W)",
SWRK 1200,A02 (23428),Introduction to Canadian Social Welfare (3),M,"Sep 03 - Dec 08, 18:00-20:45 (R)",
SWRK 1200,D01 (23418),Introduction to Canadian Social Welfare (3),DE,"Nov 24 - Nov 24, 18:00-19:50 (M)",James Mulvale
SWRK 1200,D01 (23418),Introduction to Canadian Social Welfare (3),DE,"Nov 03 - Nov 03, 18:00-19:50 (M)",James Mulvale
SWRK 1200,D01 (23418),Introduction to Canadian Social Welfare (3),DE,"Oct 06 - Oct 06, 18:00-19:50 (M)",James Mulvale
SWRK 1200,A01 (23427),Introduction to Canadian Social Welfare (3),M,"Sep 03 - Dec 08, 14:30-17:15 (M)",
SWRK 1210,G68 (24316),Wâhkôhtowin: We are All Related (3),OC,"Sep 09 - Sep 09, 09:00-16:00 (T)",C Deegan
SWRK 1210,D01 (23419),Wâhkôhtowin: We are All Related (3),DE,"Sep 24 - Sep 24, 18:00-19:50 (W)",
SWRK 1210,D01 (23419),Wâhkôhtowin: We are All Related (3),DE,"Oct 22 - Oct 22, 18:00-19:50 (W)",
SWRK 1210,D01 (23419),Wâhkôhtowin: We are All Related (3),DE,"Nov 05 - Nov 05, 18:00-19:50 (W)",
SWRK 1210,A03 (23432),Wâhkôhtowin: We are All Related (3),M,"Sep 03 - Dec 08, 18:00-20:45 (W)",
SWRK 1210,G68 (24316),Wâhkôhtowin: We are All Related (3),OC,"Sep 23 - Sep 23, 09:00-16:00 (T)",C Deegan
SWRK 1210,G68 (24316),Wâhkôhtowin: We are All Related (3),OC,"Oct 21 - Oct 21, 09:00-16:00 (T)",C Deegan
SWRK 1210,G68 (24316),Wâhkôhtowin: We are All Related (3),OC,"Nov 04 - Nov 04, 09:00-16:00 (T)",C Deegan
SWRK 1210,G68 (24316),Wâhkôhtowin: We are All Related (3),OC,"Nov 18 - Nov 18, 09:00-16:00 (T)",C Deegan
SWRK 1210,G68 (24316),Wâhkôhtowin: We are All Related (3),OC,"Oct 07 - Oct 07, 09:00-16:00 (T)",C Deegan
SWRK 1210,A01 (23429),Wâhkôhtowin: We are All Related (3),M,"Sep 03 - Dec 08, 08:30-11:15 (M)",
SWRK 1210,D01 (23419),Wâhkôhtowin: We are All Related (3),DE,"Dec 03 - Dec 03, 18:00-19:50 (W)",
SWRK 1210,A02 (23431),Wâhkôhtowin: We are All Related (3),M,"Sep 03 - Dec 08, 14:30-17:15 (R)",Mary Anne Clarke
SWRK 1210,D01 (23419),Wâhkôhtowin: We are All Related (3),DE,"Nov 26 - Nov 26, 18:00-19:50 (W)",
SWRK 1210,D01 (23419),Wâhkôhtowin: We are All Related (3),DE,"Nov 19 - Nov 19, 18:00-19:50 (W)",
SWRK 1210,D01 (23419),Wâhkôhtowin: We are All Related (3),DE,"Sep 10 - Sep 10, 18:00-19:50 (W)",
SWRK 1210,D01 (23419),Wâhkôhtowin: We are All Related (3),DE,"Oct 08 - Oct 08, 18:00-19:50 (W)",
SWRK 1220,D02 (24628),"Social Justice, Diversity and Human Rights (3)",DE,"Sep 24 - Sep 24, 18:00-19:50 (W)",ESTHER MENSAH
SWRK 1220,G68 (25286),"Social Justice, Diversity and Human Rights (3)",OC,"Nov 20 - Dec 04, 13:00-16:00 (R)",
SWRK 1220,G07 (25452),"Social Justice, Diversity and Human Rights (3)",M,"Sep 03 - Dec 08, 13:00-14:15 (TR)",Adrienne Carriere
SWRK 1220,A02 (25507),"Social Justice, Diversity and Human Rights (3)",M,"Sep 03 - Dec 08, 18:00-20:45 (M)",
SWRK 1220,D02 (24628),"Social Justice, Diversity and Human Rights (3)",DE,"Oct 22 - Oct 22, 18:00-19:50 (W)",ESTHER MENSAH
SWRK 1220,D02 (24628),"Social Justice, Diversity and Human Rights (3)",DE,"Dec 03 - Dec 03, 18:00-19:50 (W)",ESTHER MENSAH
SWRK 1220,G68 (25286),"Social Justice, Diversity and Human Rights (3)",OC,"Sep 11 - Nov 06, 13:00-16:00 (R)",
SWRK 1220,D02 (24628),"Social Justice, Diversity and Human Rights (3)",DE,"Sep 10 - Sep 10, 18:00-19:50 (W)",ESTHER MENSAH
SWRK 1220,A01 (23433),"Social Justice, Diversity and Human Rights (3)",M,"Sep 03 - Dec 08, 14:30-17:15 (W)",
SWRK 1220,D02 (24628),"Social Justice, Diversity and Human Rights (3)",DE,"Oct 08 - Oct 08, 18:00-19:50 (W)",ESTHER MENSAH
SWRK 1220,D01 (23420),"Social Justice, Diversity and Human Rights (3)",DE,"Nov 06 - Nov 06, 18:00-19:50 (R)",
SWRK 1220,D01 (23420),"Social Justice, Diversity and Human Rights (3)",DE,"Oct 23 - Oct 23, 18:00-19:50 (R)",
SWRK 1220,D01 (23420),"Social Justice, Diversity and Human Rights (3)",DE,"Nov 27 - Nov 27, 18:00-19:50 (R)",
SWRK 1220,D01 (23420),"Social Justice, Diversity and Human Rights (3)",DE,"Sep 25 - Sep 25, 18:00-19:50 (R)",
SWRK 1220,D01 (23420),"Social Justice, Diversity and Human Rights (3)",DE,"Oct 09 - Oct 09, 18:00-19:50 (R)",
SWRK 1220,D02 (24628),"Social Justice, Diversity and Human Rights (3)",DE,"Nov 19 - Nov 19, 18:00-19:50 (W)",ESTHER MENSAH
SWRK 1220,D01 (23420),"Social Justice, Diversity and Human Rights (3)",DE,"Sep 11 - Sep 11, 18:00-19:50 (R)",
SWRK 1230,A01 (23434),Community Health and Well-Being: Imagination for Social Work Practice (3),M,"Sep 03 - Dec 08, 14:30-17:15 (T)",Mary Anne Clarke
SWRK 1230,A03 (25509),Community Health and Well-Being: Imagination for Social Work Practice (3),M,"Sep 03 - Dec 08, 08:30-11:15 (W)",
SWRK 1230,A02 (23435),Community Health and Well-Being: Imagination for Social Work Practice (3),M,"Sep 03 - Dec 08, 18:00-20:45 (M)",
SWRK 1230,G76 (26436),Community Health and Well-Being: Imagination for Social Work Practice (3),OC,"Oct 06 - Dec 08, 09:00-12:00 (M)",Leanne Ellard
SWRK 1230,D01 (23421),Community Health and Well-Being: Imagination for Social Work Practice (3),DE,"Oct 20 - Oct 20, 18:00-19:50 (M)",Pauline Calinisan
SWRK 1230,D01 (23421),Community Health and Well-Being: Imagination for Social Work Practice (3),DE,"Nov 17 - Nov 17, 18:00-19:50 (M)",Pauline Calinisan
SWRK 1230,D01 (23421),Community Health and Well-Being: Imagination for Social Work Practice (3),DE,"Dec 01 - Dec 01, 18:00-19:50 (M)",Pauline Calinisan
SWRK 1230,D01 (23421),Community Health and Well-Being: Imagination for Social Work Practice (3),DE,"Sep 08 - Sep 08, 18:00-19:50 (M)",Pauline Calinisan
SWRK 1230,D01 (23421),Community Health and Well-Being: Imagination for Social Work Practice (3),DE,"Sep 22 - Sep 22, 18:00-19:50 (M)",Pauline Calinisan
SWRK 1240,D01 (23422),Social Work and Professional Identity (3),DE,"Nov 04 - Nov 04, 18:00-19:50 (T)",Judith Hughes
SWRK 1240,D01 (23422),Social Work and Professional Identity (3),DE,"Nov 18 - Nov 18, 18:00-19:50 (T)",Judith Hughes
SWRK 1240,D01 (23422),Social Work and Professional Identity (3),DE,"Sep 09 - Sep 09, 18:00-19:50 (T)",Judith Hughes
SWRK 1240,A03 (25510),Social Work and Professional Identity (3),M,"Sep 03 - Dec 08, 14:30-17:15 (W)",Mary Anne Clarke
SWRK 1240,D01 (23422),Social Work and Professional Identity (3),DE,"Sep 23 - Sep 23, 18:00-19:50 (T)",Judith Hughes
SWRK 1240,D01 (23422),Social Work and Professional Identity (3),DE,"Oct 07 - Oct 07, 18:00-19:50 (T)",Judith Hughes
SWRK 1240,D01 (23422),Social Work and Professional Identity (3),DE,"Oct 21 - Oct 21, 18:00-19:50 (T)",Judith Hughes
SWRK 1240,A02 (23437),Social Work and Professional Identity (3),M,"Sep 03 - Dec 08, 18:00-20:45 (T)",Aklilu Teferi
SWRK 1240,G68 (25287),Social Work and Professional Identity (3),OC,"Nov 20 - Dec 04, 09:00-12:00 (R)",
SWRK 1240,A01 (23436),Social Work and Professional Identity (3),M,"Sep 03 - Dec 08, 08:30-11:15 (R)",
SWRK 1240,G68 (25287),Social Work and Professional Identity (3),OC,"Sep 11 - Nov 06, 09:00-12:00 (R)",
SWRK 1250,G66 (25692),"Human Behaviour, Family and Community Well-Being: Theory and Practice (3)",OC,"Sep 15 - Nov 03, 09:00-12:00 (M)",
SWRK 1250,G66 (25692),"Human Behaviour, Family and Community Well-Being: Theory and Practice (3)",OC,"Nov 17 - Dec 15, 09:00-12:00 (M)",
SWRK 1250,D01 (26267),"Human Behaviour, Family and Community Well-Being: Theory and Practice (3)",DE,"Sep 18 - Sep 18, 18:00-19:50 (R)",Nicole Downie
SWRK 1250,D01 (26267),"Human Behaviour, Family and Community Well-Being: Theory and Practice (3)",DE,"Oct 02 - Oct 02, 18:00-19:50 (R)",Nicole Downie
SWRK 1250,D01 (26267),"Human Behaviour, Family and Community Well-Being: Theory and Practice (3)",DE,"Sep 04 - Sep 04, 18:00-19:50 (R)",Nicole Downie
SWRK 1250,D01 (26267),"Human Behaviour, Family and Community Well-Being: Theory and Practice (3)",DE,"Dec 04 - Dec 04, 18:00-19:50 (R)",Nicole Downie
SWRK 1250,D01 (26267),"Human Behaviour, Family and Community Well-Being: Theory and Practice (3)",DE,"Oct 30 - Oct 30, 18:00-19:50 (R)",Nicole Downie
SWRK 1250,D01 (26267),"Human Behaviour, Family and Community Well-Being: Theory and Practice (3)",DE,"Nov 20 - Nov 20, 18:00-19:50 (R)",Nicole Downie
SWRK 2000,D01 (24630),Anti-racist Social Work Practice (3),DE,"Sep 25 - Sep 25, 18:00-19:50 (R)",
SWRK 2000,D01 (24630),Anti-racist Social Work Practice (3),DE,"Oct 09 - Oct 09, 18:00-19:50 (R)",
SWRK 2000,G68 (25288),Anti-racist Social Work Practice (3),OC,"Nov 19 - Dec 03, 13:00-16:00 (W)",
SWRK 2000,D01 (24630),Anti-racist Social Work Practice (3),DE,"Sep 11 - Sep 11, 18:00-19:50 (R)",
SWRK 2000,D01 (24630),Anti-racist Social Work Practice (3),DE,"Oct 23 - Oct 23, 18:00-19:50 (R)",
SWRK 2000,D01 (24630),Anti-racist Social Work Practice (3),DE,"Nov 06 - Nov 06, 18:00-19:50 (R)",
SWRK 2000,G68 (25288),Anti-racist Social Work Practice (3),OC,"Sep 10 - Nov 05, 13:00-16:00 (W)",
SWRK 2000,D01 (24630),Anti-racist Social Work Practice (3),DE,"Nov 27 - Nov 27, 18:00-19:50 (R)",
SWRK 2030,D01 (23423),Communication and Relational Skills in Social Work (3),DE,"Oct 15 - Oct 15, 18:00-19:50 (W)",Judith Hughes
SWRK 2030,G76 (26435),Communication and Relational Skills in Social Work (3),OC,"Sep 15 - Sep 19, 09:00-16:00 (MTWRF)",Amanda Martinson
SWRK 2030,D01 (23423),Communication and Relational Skills in Social Work (3),DE,"Sep 03 - Sep 03, 18:00-19:50 (W)",Judith Hughes
SWRK 2030,D01 (23423),Communication and Relational Skills in Social Work (3),DE,"Sep 17 - Sep 17, 18:00-19:50 (W)",Judith Hughes
SWRK 2030,D01 (23423),Communication and Relational Skills in Social Work (3),DE,"Dec 03 - Dec 03, 18:00-19:50 (W)",Judith Hughes
SWRK 2030,D01 (23423),Communication and Relational Skills in Social Work (3),DE,"Nov 26 - Nov 26, 18:00-19:50 (W)",Judith Hughes
SWRK 2030,G76 (26435),Communication and Relational Skills in Social Work (3),OC,"Sep 22 - Sep 29, 09:00-12:00 (M)",Amanda Martinson
SWRK 2030,D01 (23423),Communication and Relational Skills in Social Work (3),DE,"Oct 01 - Oct 01, 18:00-19:50 (W)",Judith Hughes
SWRK 2030,D01 (23423),Communication and Relational Skills in Social Work (3),DE,"Oct 29 - Oct 29, 18:00-19:50 (W)",Judith Hughes
SWRK 2040,D01 (23425),Social Welfare Policy: Analysis and Advocacy (3),DE,"Nov 19 - Nov 19,  (W)",James Mulvale
SWRK 2040,D01 (23425),Social Welfare Policy: Analysis and Advocacy (3),DE,"Sep 10 - Sep 10, 18:00-19:50 (W)",James Mulvale
SWRK 2040,D01 (23425),Social Welfare Policy: Analysis and Advocacy (3),DE,"Sep 24 - Sep 24, 18:00-19:50 (W)",James Mulvale
SWRK 2040,D01 (23425),Social Welfare Policy: Analysis and Advocacy (3),DE,"Oct 08 - Oct 08, 18:00-19:50 (W)",James Mulvale
SWRK 2040,D01 (23425),Social Welfare Policy: Analysis and Advocacy (3),DE,"Nov 05 - Nov 05, 18:00-19:50 (W)",James Mulvale
SWRK 2110,D01 (24660),Emergence of the Canadian Social Welfare State (3),DE,Sep 03 - Dec 08,
SWRK 3150,G78 (12306),Field Instruction I - Distance Delivery Accelerated Field Placement (12),OC,"Sep 08 - Sep 08, 17:30-20:30 (M)",
SWRK 3150,G78 (12306),Field Instruction I - Distance Delivery Accelerated Field Placement (12),OC,"Oct 06 - Oct 06, 17:30-20:30 (M)",
SWRK 3150,G78 (12306),Field Instruction I - Distance Delivery Accelerated Field Placement (12),OC,"Dec 01 - Dec 01, 17:30-20:30 (M)",
SWRK 3150,G78 (12306),Field Instruction I - Distance Delivery Accelerated Field Placement (12),OC,"Nov 24 - Nov 24, 17:30-20:30 (M)",
SWRK 3150,G78 (12306),Field Instruction I - Distance Delivery Accelerated Field Placement (12),OC,"Nov 03 - Nov 03, 17:30-20:30 (M)",
SWRK 3150,G68 (11306),Field Instruction 1 (6),OC,"Nov 07 - Nov 07, 09:00-12:00 (F)",
SWRK 3150,G78 (12306),Field Instruction I - Distance Delivery Accelerated Field Placement (12),OC,"Sep 22 - Sep 22, 17:30-20:30 (M)",
SWRK 3150,G68 (11306),Field Instruction 1 (6),OC,"Sep 19 - Sep 19, 09:00-12:00 (F)",
SWRK 3150,G68 (11306),Field Instruction 1 (6),OC,"Oct 17 - Oct 17, 09:00-12:00 (F)",
SWRK 3150,G78 (12306),Field Instruction I - Distance Delivery Accelerated Field Placement (12),OC,"Oct 20 - Oct 20, 17:30-20:30 (M)",
SWRK 3150,G79 (11870),Field Instruction 1 (Part A) (6),OC,"Sep 15 - Sep 15, 17:30-20:30 (M)",
SWRK 3150,G79 (11870),Field Instruction 1 (Part A) (6),OC,"Nov 17 - Nov 17, 17:30-20:30 (M)",
SWRK 3150,G79 (11870),Field Instruction 1 (Part A) (6),OC,"Sep 29 - Sep 29, 17:30-20:30 (M)",
SWRK 3150,G68 (11306),Field Instruction 1 (6),OC,"Dec 05 - Dec 05, 09:00-12:00 (F)",
SWRK 3152,G62 (12698),Field Instruction 1 Prior Learning Assessment and Recognition (6),OC,Sep 03 - Dec 08,Jill Hodgson
SWRK 3152,G62 (12698),Field Instruction 1 Prior Learning Assessment and Recognition (6),OC,"Sep 03 - Dec 08, 17:00-18:00 ()",Jill Hodgson
SWRK 3170,D01 (25289),Discovering Social Work Research: How Knowledge is Framed and Forging a Review (3),DE,"Nov 04 - Nov 04, 18:00-19:50 (T)",Blessing Ojembe
SWRK 3170,D01 (25289),Discovering Social Work Research: How Knowledge is Framed and Forging a Review (3),DE,"Dec 02 - Dec 02, 18:00-19:50 (T)",Blessing Ojembe
SWRK 3170,D01 (25289),Discovering Social Work Research: How Knowledge is Framed and Forging a Review (3),DE,"Nov 18 - Nov 18, 18:00-19:50 (T)",Blessing Ojembe
SWRK 3170,D01 (25289),Discovering Social Work Research: How Knowledge is Framed and Forging a Review (3),DE,"Sep 09 - Sep 09, 18:00-19:50 (T)",Blessing Ojembe
SWRK 3170,D01 (25289),Discovering Social Work Research: How Knowledge is Framed and Forging a Review (3),DE,"Oct 21 - Oct 21, 18:00-19:50 (T)",Blessing Ojembe
SWRK 3170,D01 (25289),Discovering Social Work Research: How Knowledge is Framed and Forging a Review (3),DE,"Sep 23 - Sep 23, 18:00-19:50 (T)",Blessing Ojembe
SWRK 3180,A01 (24793),Social Work Practice with Immigrants and Refugees (3),M,"Sep 03 - Dec 08, 14:30-17:15 (R)",
SWRK 3190,D01 (24649),Social Work Practice with Indigenous Peoples: Towards Reconciliation (3),DE,"Sep 10 - Sep 10, 18:00-19:50 (W)",Jade Erlendson
SWRK 3190,D02 (26586),Social Work Practice with Indigenous Peoples: Towards Reconciliation (3),DE,"Sep 24 - Sep 24, 18:00-19:50 (W)",Jeannine Cull
SWRK 3190,D02 (26586),Social Work Practice with Indigenous Peoples: Towards Reconciliation (3),DE,"Sep 10 - Sep 10, 18:00-19:50 (W)",Jeannine Cull
SWRK 3190,D02 (26586),Social Work Practice with Indigenous Peoples: Towards Reconciliation (3),DE,"Nov 19 - Nov 19, 18:00-19:50 (W)",Jeannine Cull
SWRK 3190,D02 (26586),Social Work Practice with Indigenous Peoples: Towards Reconciliation (3),DE,"Nov 05 - Nov 05, 18:00-19:50 (W)",Jeannine Cull
SWRK 3190,D02 (26586),Social Work Practice with Indigenous Peoples: Towards Reconciliation (3),DE,"Oct 22 - Oct 22, 18:00-19:50 (W)",Jeannine Cull
SWRK 3190,A02 (25506),Social Work Practice with Indigenous Peoples: Towards Reconciliation (3),M,"Sep 03 - Dec 08, 08:30-11:15 (M)",
SWRK 3190,D01 (24649),Social Work Practice with Indigenous Peoples: Towards Reconciliation (3),DE,"Oct 22 - Oct 22, 18:00-19:50 (W)",Jade Erlendson
SWRK 3190,A01 (24794),Social Work Practice with Indigenous Peoples: Towards Reconciliation (3),M,"Sep 03 - Dec 08, 18:00-20:45 (W)",Zoe Ottenbreit Prefontaine
SWRK 3190,D01 (24649),Social Work Practice with Indigenous Peoples: Towards Reconciliation (3),DE,"Oct 08 - Oct 08, 18:00-19:50 (W)",Jade Erlendson
SWRK 3190,D01 (24649),Social Work Practice with Indigenous Peoples: Towards Reconciliation (3),DE,"Sep 24 - Sep 24, 18:00-19:50 (W)",Jade Erlendson
SWRK 3190,D01 (24649),Social Work Practice with Indigenous Peoples: Towards Reconciliation (3),DE,"Nov 19 - Nov 19, 18:00-19:50 (W)",Jade Erlendson
SWRK 3190,D02 (26586),Social Work Practice with Indigenous Peoples: Towards Reconciliation (3),DE,"Oct 08 - Oct 08, 18:00-19:50 (W)",Jeannine Cull
SWRK 3190,D01 (24649),Social Work Practice with Indigenous Peoples: Towards Reconciliation (3),DE,"Nov 05 - Nov 05, 18:00-19:50 (W)",Jade Erlendson
SWRK 3200,A01 (24795),Social Work Practice with 2SLGBTQIA+ Communities (3),M,"Sep 03 - Dec 08, 18:00-20:45 (M)",Roustam Souleymanov
SWRK 3200,G67 (25694),Social Work Practice with 2SLGBTQIA+ Communities (3),OC,"Aug 25 - Aug 29, 09:00-16:00 (MTWRF)",C Deegan
SWRK 3200,G66 (25693),Social Work Practice with 2SLGBTQIA+ Communities (3),OC,"Aug 25 - Aug 29, 09:00-16:00 (MTWRF)",Zoe Ottenbreit Prefontaine
SWRK 3220,G68 (25648),Integrative Practice Seminar for Field Instruction (0.75),OC,"Dec 05 - Dec 05, 09:00-12:00 (F)",
SWRK 3220,G68 (25648),Integrative Practice Seminar for Field Instruction (0.75),OC,"Nov 07 - Nov 07, 09:00-12:00 (F)",
SWRK 3220,D02 (24654),Integrative Practice Seminar for Field Instruction Accelerated (1.5),DE,"Nov 03 - Nov 03, 17:30-20:30 (M)",
SWRK 3220,G68 (25648),Integrative Practice Seminar for Field Instruction (0.75),OC,"Sep 19 - Sep 19, 09:00-12:00 (F)",
SWRK 3220,D01 (24651),Integrative Practice Seminar for Field Instruction 1 (Part A) (0.75),DE,"Nov 17 - Nov 17, 17:30-20:30 (M)",Florette Giasson
SWRK 3220,D01 (24651),Integrative Practice Seminar for Field Instruction 1 (Part A) (0.75),DE,"Sep 29 - Sep 29, 17:30-20:30 (M)",Florette Giasson
SWRK 3220,D01 (24651),Integrative Practice Seminar for Field Instruction 1 (Part A) (0.75),DE,"Sep 15 - Sep 15, 17:30-20:30 (M)",Florette Giasson
SWRK 3220,D02 (24654),Integrative Practice Seminar for Field Instruction Accelerated (1.5),DE,"Oct 20 - Oct 20, 17:30-20:30 (M)",
SWRK 3220,D02 (24654),Integrative Practice Seminar for Field Instruction Accelerated (1.5),DE,"Nov 24 - Nov 24, 17:30-20:30 (M)",
SWRK 3220,D02 (24654),Integrative Practice Seminar for Field Instruction Accelerated (1.5),DE,"Sep 08 - Sep 08, 17:30-20:30 (M)",
SWRK 3220,D02 (24654),Integrative Practice Seminar for Field Instruction Accelerated (1.5),DE,"Sep 22 - Sep 22, 17:30-20:30 (M)",
SWRK 3220,D02 (24654),Integrative Practice Seminar for Field Instruction Accelerated (1.5),DE,"Oct 06 - Oct 06, 17:30-20:30 (M)",
SWRK 3220,G68 (25648),Integrative Practice Seminar for Field Instruction (0.75),OC,"Oct 17 - Oct 17, 09:00-12:00 (F)",
SWRK 3220,D02 (24654),Integrative Practice Seminar for Field Instruction Accelerated (1.5),DE,"Dec 01 - Dec 01, 17:30-20:30 (M)",
SWRK 3220,A01 (25004),Integrative Practice Seminar for Field Instruction (Concentrated Students) (1.5),M,"Sep 12 - Sep 12, 11:30-14:15 (F)",Brianna Bowen
SWRK 3220,A05 (26078),Integrative Practice Seminar for Field Instruction (Part A) (0.75),M,"Sep 12 - Sep 12, 08:30-11:15 (F)",Denise Wadsworth
SWRK 3220,A01 (25004),Integrative Practice Seminar for Field Instruction (Concentrated Students) (1.5),M,"Nov 21 - Nov 21, 11:30-14:15 (F)",Brianna Bowen
SWRK 3220,A01 (25004),Integrative Practice Seminar for Field Instruction (Concentrated Students) (1.5),M,"Nov 07 - Nov 07, 11:30-14:15 (F)",Brianna Bowen
SWRK 3220,A01 (25004),Integrative Practice Seminar for Field Instruction (Concentrated Students) (1.5),M,"Oct 24 - Oct 24, 11:30-14:15 (F)",Brianna Bowen
SWRK 3220,A01 (25004),Integrative Practice Seminar for Field Instruction (Concentrated Students) (1.5),M,"Oct 10 - Oct 10, 11:30-14:15 (F)",Brianna Bowen
SWRK 3220,A01 (25004),Integrative Practice Seminar for Field Instruction (Concentrated Students) (1.5),M,"Sep 26 - Sep 26, 11:30-14:15 (F)",Brianna Bowen
SWRK 3220,A02 (25010),Integrative Practice Seminar for Field Instruction (Part A) (0.75),M,"Sep 12 - Sep 12, 08:30-11:15 (F)",Vicki Burgess
SWRK 3220,A02 (25010),Integrative Practice Seminar for Field Instruction (Part A) (0.75),M,"Oct 10 - Oct 10, 08:30-11:15 (F)",Vicki Burgess
SWRK 3220,A02 (25010),Integrative Practice Seminar for Field Instruction (Part A) (0.75),M,"Nov 07 - Nov 07, 08:30-11:15 (F)",Vicki Burgess
SWRK 3220,A02 (25010),Integrative Practice Seminar for Field Instruction (Part A) (0.75),M,"Dec 05 - Dec 05, 08:30-11:15 (F)",Vicki Burgess
SWRK 3220,A05 (26078),Integrative Practice Seminar for Field Instruction (Part A) (0.75),M,"Oct 10 - Oct 10, 08:30-11:15 (F)",Denise Wadsworth
SWRK 3220,A03 (25013),Integrative Practice Seminar for Field Instruction (Part A) (0.75),M,"Nov 07 - Nov 07, 11:30-14:15 (F)",Tricia Klassen
SWRK 3220,A03 (25013),Integrative Practice Seminar for Field Instruction (Part A) (0.75),M,"Dec 05 - Dec 05, 11:30-14:15 (F)",Tricia Klassen
SWRK 3220,A01 (25004),Integrative Practice Seminar for Field Instruction (Concentrated Students) (1.5),M,"Dec 05 - Dec 05, 11:30-14:15 (F)",Brianna Bowen
SWRK 3220,A04 (25603),Integrative Practice Seminar for Field Instruction (Part A) (0.75),M,"Oct 10 - Oct 10, 11:30-14:15 (F)",Ferdinand Sullivan
SWRK 3220,A05 (26078),Integrative Practice Seminar for Field Instruction (Part A) (0.75),M,"Nov 07 - Nov 07, 08:30-11:15 (F)",Denise Wadsworth
SWRK 3220,A05 (26078),Integrative Practice Seminar for Field Instruction (Part A) (0.75),M,"Dec 05 - Dec 05, 08:30-11:15 (F)",Denise Wadsworth
SWRK 3220,A04 (25603),Integrative Practice Seminar for Field Instruction (Part A) (0.75),M,"Dec 05 - Dec 05, 11:30-14:15 (F)",Ferdinand Sullivan
SWRK 3220,A04 (25603),Integrative Practice Seminar for Field Instruction (Part A) (0.75),M,"Sep 12 - Sep 12, 11:30-14:15 (F)",Ferdinand Sullivan
SWRK 3220,A03 (25013),Integrative Practice Seminar for Field Instruction (Part A) (0.75),M,"Oct 10 - Oct 10, 11:30-14:15 (F)",Tricia Klassen
SWRK 3220,A03 (25013),Integrative Practice Seminar for Field Instruction (Part A) (0.75),M,"Sep 12 - Sep 12, 11:30-14:15 (F)",Tricia Klassen
SWRK 3220,A04 (25603),Integrative Practice Seminar for Field Instruction (Part A) (0.75),M,"Nov 07 - Nov 07, 11:30-14:15 (F)",Ferdinand Sullivan
SWRK 3240,G79 (24650),Field Instruction 1 (Part A) (3),OC,Aug 05 - Dec 23,Florette Giasson
SWRK 3240,G78 (24653),Field Instruction 1 Accelerated (6),OC,Sep 03 - Dec 08,
SWRK 3240,G68 (25293),Field Instruction 1 (3),OC,Aug 05 - Dec 23,TBA
SWRK 3240,A01 (25009),Field Instruction 1 (Concentrated Students) (6),OC,Sep 03 - Dec 12,Karen McKim
SWRK 3240,A02 (25018),Field Instruction 1 (Part A) (3),OC,Sep 03 - Dec 12,Karen McKim
SWRK 3250,G62 (24652),Prior Learning Assessment and Recognition (PLAR) Part A (3.75),OC,Sep 03 - Dec 08,Jill Hodgson
SWRK 4120,A02 (10255),Field Instruction 2 (Part A) (6),M,"Dec 05 - Dec 05, 08:30-11:15 (F)",Kathryn Levine
SWRK 4120,A02 (10255),Field Instruction 2 (Part A) (6),M,"Nov 21 - Nov 21, 08:30-11:15 (F)",Kathryn Levine
SWRK 4120,A02 (10255),Field Instruction 2 (Part A) (6),M,"Sep 19 - Sep 19, 08:30-11:15 (F)",Kathryn Levine
SWRK 4120,A02 (10255),Field Instruction 2 (Part A) (6),M,"Oct 17 - Oct 17, 08:30-11:15 (F)",Kathryn Levine
SWRK 4120,A02 (10255),Field Instruction 2 (Part A) (6),M,Sep 03 - Dec 12,Kathryn Levine
SWRK 4120,G79 (12060),Field Instruction 2 (Part A) (6),OC,"Sep 29 - Sep 29, 17:30-20:30 (M)",
SWRK 4120,G79 (12060),Field Instruction 2 (Part A) (6),OC,"Sep 15 - Sep 15, 17:30-20:30 (M)",
SWRK 4120,G79 (12060),Field Instruction 2 (Part A) (6),OC,"Nov 17 - Nov 17, 17:30-20:30 (M)",
SWRK 4120,G76 (26218),Field Instruction 2 (Part A) (6),OC,Aug 05 - Dec 23,
SWRK 4240,A03 (26079),Integrative Practice Seminar for Field Instruction 2 (Part A) (0.75),M,"Nov 21 - Nov 21, 11:30-14:15 (F)",Kathryn Levine
SWRK 4240,D01 (26274),Integrative Practice Seminar for Field Instruction 2 (Part A) (0.75),DE,"Sep 29 - Sep 29, 17:30-20:30 (M)",TBA
SWRK 4240,A02 (25016),Integrative Practice Seminar for Field Instruction 2 (Part A) (0.75),M,"Dec 05 - Dec 05, 08:30-11:15 (F)",Kathryn Levine
SWRK 4240,A02 (25016),Integrative Practice Seminar for Field Instruction 2 (Part A) (0.75),M,"Nov 21 - Nov 21, 08:30-11:15 (F)",Kathryn Levine
SWRK 4240,A02 (25016),Integrative Practice Seminar for Field Instruction 2 (Part A) (0.75),M,"Sep 19 - Sep 19, 08:30-11:15 (F)",Kathryn Levine
SWRK 4240,A02 (25016),Integrative Practice Seminar for Field Instruction 2 (Part A) (0.75),M,"Oct 17 - Oct 17, 08:30-11:15 (F)",Kathryn Levine
SWRK 4240,A03 (26079),Integrative Practice Seminar for Field Instruction 2 (Part A) (0.75),M,"Sep 19 - Sep 19, 11:30-14:15 (F)",Kathryn Levine
SWRK 4240,A03 (26079),Integrative Practice Seminar for Field Instruction 2 (Part A) (0.75),M,"Oct 17 - Oct 17, 11:30-14:15 (F)",Kathryn Levine
SWRK 4240,D01 (26274),Integrative Practice Seminar for Field Instruction 2 (Part A) (0.75),DE,"Nov 17 - Nov 17, 17:30-20:30 (M)",TBA
SWRK 4240,D01 (26274),Integrative Practice Seminar for Field Instruction 2 (Part A) (0.75),DE,"Sep 15 - Sep 15, 17:30-20:30 (M)",TBA
SWRK 4240,A03 (26079),Integrative Practice Seminar for Field Instruction 2 (Part A) (0.75),M,"Dec 05 - Dec 05, 11:30-14:15 (F)",Kathryn Levine
SWRK 4254,D01 (26268),"Substance Use, Mental Health, and Social Work (3)",DE,"Oct 20 - Oct 20, 18:00-19:50 (M)",Lindsay Bacala
SWRK 4254,D01 (26268),"Substance Use, Mental Health, and Social Work (3)",DE,"Dec 08 - Dec 08, 18:00-19:50 (M)",Lindsay Bacala
SWRK 4254,D01 (26268),"Substance Use, Mental Health, and Social Work (3)",DE,"Sep 08 - Sep 08, 18:00-19:50 (M)",Lindsay Bacala
SWRK 4254,D01 (26268),"Substance Use, Mental Health, and Social Work (3)",DE,"Sep 22 - Sep 22, 18:00-19:50 (M)",Lindsay Bacala
SWRK 4254,D01 (26268),"Substance Use, Mental Health, and Social Work (3)",DE,"Nov 24 - Nov 24, 18:00-19:50 (M)",Lindsay Bacala
SWRK 4254,D01 (26268),"Substance Use, Mental Health, and Social Work (3)",DE,"Oct 06 - Oct 06, 18:00-19:50 (M)",Lindsay Bacala
SWRK 4254,D01 (26268),"Substance Use, Mental Health, and Social Work (3)",DE,"Nov 03 - Nov 03, 18:00-19:50 (M)",Lindsay Bacala
SWRK 4254,G76 (26216),"Substance Use, Mental Health, and Social Work (3)",OC,"Sep 15 - Sep 19, 09:00-16:00 (MTWRF)",Nicole Scott
SWRK 4254,A01 (25020),"Substance Use, Mental Health, and Social Work (3)",OC,"Sep 03 - Dec 08, 18:00-20:45 (T)",
SWRK 4256,A01 (25021),"Trauma-Focused Social Work Practice: Legacies, Development, Post-Traumatic Growth (3)",OC,"Sep 03 - Dec 08, 14:30-17:15 (M)",Judith Hughes
SWRK 4258,D01 (24640),"Loss, Grief, Bereavement and Social Work (3)",DE,"Sep 04 - Sep 04, 18:00-19:50 (R)",Elizabete Halprin
SWRK 4258,D01 (24640),"Loss, Grief, Bereavement and Social Work (3)",DE,"Dec 04 - Dec 04, 18:00-19:50 (R)",Elizabete Halprin
SWRK 4258,D01 (24640),"Loss, Grief, Bereavement and Social Work (3)",DE,"Nov 20 - Nov 20, 18:00-19:50 (R)",Elizabete Halprin
SWRK 4258,D01 (24640),"Loss, Grief, Bereavement and Social Work (3)",DE,"Oct 16 - Oct 16, 18:00-19:50 (R)",Elizabete Halprin
SWRK 4258,D01 (24640),"Loss, Grief, Bereavement and Social Work (3)",DE,"Sep 18 - Sep 18, 18:00-19:50 (R)",Elizabete Halprin
SWRK 4258,D01 (24640),"Loss, Grief, Bereavement and Social Work (3)",DE,"Oct 30 - Oct 30, 18:00-19:50 (R)",Elizabete Halprin
SWRK 4258,A01 (25031),"Loss, Grief, Bereavement and Social Work (3)",OC,"Sep 03 - Dec 08, 18:00-20:45 (R)",
SWRK 4258,D01 (24640),"Loss, Grief, Bereavement and Social Work (3)",DE,"Oct 02 - Oct 02, 18:00-19:50 (R)",Elizabete Halprin
SWRK 4280,D01 (26271),Social Work Practice with Mandated/Justice-Involved Populations (3),DE,"Sep 16 - Sep 16, 18:00-19:50 (T)",
SWRK 4280,D01 (26271),Social Work Practice with Mandated/Justice-Involved Populations (3),DE,"Oct 14 - Oct 14, 18:00-19:50 (T)",
SWRK 4280,D01 (26271),Social Work Practice with Mandated/Justice-Involved Populations (3),DE,"Oct 07 - Oct 07, 18:00-19:50 (T)",
SWRK 4280,D01 (26271),Social Work Practice with Mandated/Justice-Involved Populations (3),DE,"Oct 28 - Oct 28, 18:00-19:50 (T)",
SWRK 4280,D01 (26271),Social Work Practice with Mandated/Justice-Involved Populations (3),DE,"Nov 04 - Nov 04, 18:00-19:50 (T)",
SWRK 4280,D01 (26271),Social Work Practice with Mandated/Justice-Involved Populations (3),DE,"Nov 25 - Nov 25, 18:00-19:50 (T)",
SWRK 4298,D01 (26272),Poverty and Inequality: Policy and Social Work Practice (3),DE,"Sep 17 - Sep 17, 18:00-19:50 (W)",James Mulvale
SWRK 4298,D01 (26272),Poverty and Inequality: Policy and Social Work Practice (3),DE,"Oct 01 - Oct 01, 18:00-19:50 (W)",James Mulvale
SWRK 4298,D01 (26272),Poverty and Inequality: Policy and Social Work Practice (3),DE,"Sep 03 - Sep 03, 18:00-19:50 (W)",James Mulvale
SWRK 4298,D01 (26272),Poverty and Inequality: Policy and Social Work Practice (3),DE,"Dec 03 - Dec 03, 18:00-19:50 (W)",James Mulvale
SWRK 4298,D01 (26272),Poverty and Inequality: Policy and Social Work Practice (3),DE,"Nov 26 - Nov 26, 18:00-19:50 (W)",James Mulvale
SWRK 4298,D01 (26272),Poverty and Inequality: Policy and Social Work Practice (3),DE,"Oct 29 - Oct 29, 18:00-19:50 (W)",James Mulvale
SWRK 4350,G79 (26273),Field Instruction 2 (Part A) (3),OC,Aug 05 - Dec 23,TBA
SWRK 4350,A02 (25017),Field Instruction 2 (Part A) (3),OC,Aug 05 - Dec 23,Karen McKim
SWRK 7002,A01 (22302),Foundation in Social Work Practice and the Profession (3),M,"Sep 03 - Dec 08, 08:30-11:15 (M)",
SWRK 7004,A01 (24796),Social Work Practice Seminar (Part A) (3),M,"Sep 03 - Dec 08, 18:00-20:45 (T)",Chelsea Ward
SWRK 7006,A01 (25275),Field Practice (Part A) (3),OC,Sep 03 - Dec 08,TBA
SWRK 7008,A01 (24846),Social Work and Indigenous People (3),M,"Sep 03 - Dec 08, 14:30-17:15 (M)",Michael Yellowbird
SWRK 7030,A01 (26540),Foundations of Social Welfare in Canada (3),M,"Sep 03 - Dec 08, 14:30-17:15 (T)",Susan Rabichuk
SWRK 7030,A02 (26541),Foundations of Social Welfare in Canada (3),M,"Sep 03 - Dec 08, 14:30-17:15 (W)",Susan Rabichuk
SWRK 7180,A01 (26302),Advanced Field Practice (Part A) (0),OC,Sep 03 - Dec 08,Karen McKim
SWRK 7190,A01 (10322),Integrating Theory and Research in Advanced Field Practice (Part A) (1.5),M,"Dec 01 - Dec 01, 18:00-20:45 (M)",Karen McKim
SWRK 7190,A02 (25483),Integrating Theory and Research in Advanced Field Practice (Part A) (1.5),M,"Nov 03 - Nov 03, 18:00-20:45 (M)",Vicki Burgess
SWRK 7190,A02 (25483),Integrating Theory and Research in Advanced Field Practice (Part A) (1.5),M,"Nov 24 - Nov 24, 18:00-20:45 (M)",Vicki Burgess
SWRK 7190,A02 (25483),Integrating Theory and Research in Advanced Field Practice (Part A) (1.5),M,"Oct 20 - Oct 20, 18:00-20:45 (M)",Vicki Burgess
SWRK 7190,A02 (25483),Integrating Theory and Research in Advanced Field Practice (Part A) (1.5),M,"Sep 29 - Sep 29, 18:00-20:45 (M)",Vicki Burgess
SWRK 7190,A02 (25483),Integrating Theory and Research in Advanced Field Practice (Part A) (1.5),M,"Dec 08 - Dec 08, 18:00-20:45 (M)",Vicki Burgess
SWRK 7190,A01 (10322),Integrating Theory and Research in Advanced Field Practice (Part A) (1.5),M,"Nov 17 - Nov 17, 18:00-20:45 (M)",Karen McKim
SWRK 7190,A02 (25483),Integrating Theory and Research in Advanced Field Practice (Part A) (1.5),M,"Sep 15 - Sep 15, 18:00-20:45 (M)",Vicki Burgess
SWRK 7190,A01 (10322),Integrating Theory and Research in Advanced Field Practice (Part A) (1.5),M,"Sep 08 - Sep 08, 18:00-20:45 (M)",Karen McKim
SWRK 7190,A01 (10322),Integrating Theory and Research in Advanced Field Practice (Part A) (1.5),M,"Sep 22 - Sep 22, 18:00-20:45 (M)",Karen McKim
SWRK 7190,A01 (10322),Integrating Theory and Research in Advanced Field Practice (Part A) (1.5),M,"Oct 06 - Oct 06, 18:00-20:45 (M)",Karen McKim
SWRK 7190,A01 (10322),Integrating Theory and Research in Advanced Field Practice (Part A) (1.5),M,"Oct 27 - Oct 27, 18:00-20:45 (M)",Karen McKim
SWRK 7220,T42 (26577),Indigenous & Feminist Perspectives for Decolonizing (3),OC,Sep 03 - Dec 08,
SWRK 7220,T47 (26670),"Biopolitics, Anti-Colonialism, and Post-Structural Approaches (3)",OC,Sep 03 - Dec 08,Roustam Souleymanov
SWRK 7220,T48 (26688),Mobile Technologies and Children's Well-being in Education (3),OC,Sep 03 - Dec 08,
SWRK 7220,T50 (26729),"Decolonizing Research Methodologies in Immigration, Settlement, and Integration Studies (3)",OC,Sep 03 - Dec 08,
SWRK 7220,T51 (26734),The Concept(s) of Aging (3),OC,Sep 03 - Dec 08,Blessing Ojembe
SWRK 7220,T44 (26652),Exploring the Role of Men in Advancing Feminism in Ghana: Allyship in Community Development (3),OC,Sep 03 - Dec 08,
SWRK 7220,T46 (26650),Advanced Knowledge Translation and Exchange in Social Work Practice (3),OC,Sep 03 - Dec 08,
SWRK 7220,T49 (26697),Advanced Decolonial Research Methods (3),OC,Sep 03 - Dec 08,
SWRK 7440,A01 (24850),Policy Analysis in Social Work Practice (3),M,"Sep 03 - Dec 08, 14:30-17:15 (T)",
SWRK 7600,A01 (12579),Critical Perspectives and Social Work (3),M,"Sep 03 - Dec 08, 18:00-20:45 (T)",
SWRK 7600,A02 (26303),Critical Perspectives and Social Work (3),M,"Sep 03 - Dec 08, 18:00-20:45 (T)",
SWRK 7620,A01 (21274),"Paradigms, Methodologies, and Methods for Social Work Research (3)",M,"Sep 03 - Dec 08, 14:30-17:15 (M)",Tracey Bone
SWRK 7620,A02 (26304),"Paradigms, Methodologies, and Methods for Social Work Research (3)",M,"Sep 03 - Dec 08, 14:30-17:15 (M)",Blessing Ojembe
SWRK 7630,A01 (12583),Advanced Social Work Practice with Individuals and Families (3),M,"Sep 03 - Dec 08, 14:30-17:15 (W)",Tracey Bone
SWRK 7660,A01 (12584),"Social Work Perspectives on Practice with Networks, Neighbourhoods and Communities (3)",M,"Sep 03 - Dec 08, 18:00-20:45 (R)",
SWRK 7700,K01 (15503),Grounding Our Foundation in Indigenous Knowledges and Social Work (0),OC,"Aug 11 - Aug 15,  (MTWRF)",Ernie Azure
SWRK 7710,A01 (15468),Remembering Our Histories - Setting Our Knowledges (3),M,"Dec 01 - Dec 05, 09:00-16:00 (MTWRF)",Michael Yellowbird
SWRK 7720,A01 (15499),Critical Theory and Indigenous Peoples (3),M,"Sep 03 - Nov 19, 09:00-12:15 (W)",Michael Yellowbird
SWRK 7730,A01 (15466),Indigenous Research Methodologies and Knowledge Development (3),M,"Sep 02 - Nov 18, 09:00-12:15 (T)",Nicole Klymochko
SWRK 7760,A01 (25688),Project/Thesis Seminar 1 (0),M,Sep 03 - Dec 08,TBA
SWRK 7790,A01 (25689),Project/Thesis Seminar 2 (0),M,Sep 03 - Dec 08,TBA
SWRK 8100,A01 (16635),"Social Work Past and Present: Trends, Institutions and Practices (3)",M,"Sep 03 - Dec 08, 14:30-17:15 (W)",
SWRK 8200,A01 (24445),Indigenizing and Decolonizing the Global Academy: The Role of Social Work Education and Practice (3),M,"Sep 03 - Dec 08, 14:30-17:15 (R)",
MDFY 2010,A01 (21031),Preparation for Professional Midwifery Education and Practice (3),M,"Sep 03 - Dec 08, 12:30-15:30 (R)",Heidi Elias
MDFY 2440,A01 (21030),Human Reproductive Physiology (3),M,"Sep 03 - Dec 08, 08:30-11:30 (T)",Crestina Beites
MDFY 3090,A01 (22305),Complex Care I Clinical Practice and Tutorial (12),M,"Sep 02 - Dec 08, 09:00-12:00 (F)",Heidi Elias
MDFY 3090,A01 (22305),Complex Care I Clinical Practice and Tutorial (12),M,"Sep 02 - Dec 08, 00:00-23:59 (UMTWRFS)",Heidi Elias
MDFY 4090,A01 (23398),Complex Care II Clinical Practice and Tutorial (12),M,"Sep 02 - Dec 08, 00:00-23:59 (UMTWRFS)",Tanya Letkeman
MDFY 4090,A01 (23398),Complex Care II Clinical Practice and Tutorial (12),M,"Sep 02 - Dec 08, 09:00-12:00 (M)",Tanya Letkeman
NURS 0500,G05 (17544),Preparation for Professional Practice (0),M,Sep 03 - Dec 08,Pat Pruden
NURS 0500,G01 (17541),Preparation for Professional Practice (0),M,Sep 03 - Dec 08,Pat Pruden
NURS 0500,G02 (11677),Preparation for Professional Practice (0),M,Sep 03 - Dec 08,Pat Pruden
NURS 0500,G06 (17545),Preparation for Professional Practice (0),M,Sep 03 - Dec 08,Pat Pruden
NURS 0500,G03 (17542),Preparation for Professional Practice (0),M,Sep 03 - Dec 08,Pat Pruden
NURS 0500,G08 (17547),Preparation for Professional Practice (0),M,Sep 03 - Dec 08,Pat Pruden
NURS 0500,G07 (17546),Preparation for Professional Practice (0),M,Sep 03 - Dec 08,Pat Pruden
NURS 0500,G20 (21972),Preparation for Professional Practice (0),OC,Sep 03 - Dec 08,Jamie Perchaluk
NURS 0500,G04 (17543),Preparation for Professional Practice (0),M,Sep 03 - Dec 08,Pat Pruden
NURS 1500,A01 (12608),Preparing for Professional Nursing Education (3),M,"Sep 03 - Dec 08, 09:30-12:15 (T)",Tyla Turman
NURS 2500,A20 (21477),Health and Illness 1: Pathophysiology/ Pharmacology/Assessment (6),OC,"Sep 03 - Dec 08, 08:45-11:35 (W)",TBA
NURS 2500,A20 (21477),Health and Illness 1: Pathophysiology/ Pharmacology/Assessment (6),OC,"Sep 03 - Dec 08, 08:45-11:35 (M)",TBA
NURS 2500,A21 (21521),Health and Illness 1: Pathophysiology/ Pharmacology/Assessment (6),OC,"Sep 03 - Dec 08, 08:45-11:35 (W)",TBA
NURS 2500,A21 (21521),Health and Illness 1: Pathophysiology/ Pharmacology/Assessment (6),OC,"Sep 03 - Dec 08, 08:45-11:35 (M)",TBA
NURS 2500,A02 (17435),Health and Illness 1: Pathophysiology/ Pharmacology/Assessment (6),M,"Sep 03 - Dec 08, 14:30-17:15 (M)",Kimberly Sefton
NURS 2500,A02 (17435),Health and Illness 1: Pathophysiology/ Pharmacology/Assessment (6),M,"Sep 03 - Dec 08, 10:30-13:20 (F)",Kimberly Sefton
NURS 2500,A01 (12819),Health and Illness 1: Pathophysiology/ Pharmacology/Assessment (6),M,"Sep 03 - Dec 08, 14:30-17:15 (M)",Kimberly Sefton
NURS 2500,A01 (12819),Health and Illness 1: Pathophysiology/ Pharmacology/Assessment (6),M,"Sep 03 - Dec 08, 14:30-17:15 (W)",Kimberly Sefton
NURS 2510,A01 (12826),Client and Context 1: Human Growth & Development (2),M,"Sep 03 - Dec 08, 08:30-10:20 (M)",Pawandeep Gill
NURS 2510,A20 (21478),Client and Context 1: Human Growth & Development (2),OC,"Sep 03 - Dec 08, 08:45-10:35 (T)",Pawandeep Gill
NURS 2510,A02 (17481),Client and Context 1: Human Growth & Development (2),M,"Sep 03 - Dec 08, 10:30-12:20 (M)",Pawandeep Gill
NURS 2514,A02 (17548),Health and Illness 3: Pathophysiology/Pharmacology/Assessment (6),M,"Sep 03 - Dec 08, 14:30-17:15 (R)",
NURS 2514,A01 (14349),Health and Illness 3: Pathophysiology/Pharmacology/Assessment (6),M,"Sep 03 - Dec 08, 14:30-17:15 (T)",
NURS 2514,A01 (14349),Health and Illness 3: Pathophysiology/Pharmacology/Assessment (6),M,"Nov 17 - Nov 17, 09:30-11:30 (M)",
NURS 2514,A01 (14349),Health and Illness 3: Pathophysiology/Pharmacology/Assessment (6),M,"Oct 20 - Oct 20, 09:30-11:30 (M)",
NURS 2514,A01 (14349),Health and Illness 3: Pathophysiology/Pharmacology/Assessment (6),M,"Sep 03 - Dec 08, 14:30-17:15 (M)",
NURS 2514,A02 (17548),Health and Illness 3: Pathophysiology/Pharmacology/Assessment (6),M,"Oct 20 - Oct 20, 09:30-11:30 (M)",
NURS 2514,A02 (17548),Health and Illness 3: Pathophysiology/Pharmacology/Assessment (6),M,"Sep 03 - Dec 08, 14:30-17:15 (M)",
NURS 2514,A02 (17548),Health and Illness 3: Pathophysiology/Pharmacology/Assessment (6),M,"Nov 17 - Nov 17, 09:30-11:30 (M)",
NURS 2518,A20 (21479),Health & Illness 2: The Older Client (3),OC,"Sep 03 - Dec 08, 13:00-16:00 (W)",Crystal Allen
NURS 2518,A02 (16086),Health & Illness 2: The Older Client (3),M,"Oct 10 - Oct 10, 14:00-18:00 (F)",Barbara Tallman
NURS 2518,A02 (16086),Health & Illness 2: The Older Client (3),M,"Sep 03 - Dec 08, 14:30-17:15 (F)",Barbara Tallman
NURS 2518,A01 (16085),Health & Illness 2: The Older Client (3),M,"Sep 03 - Dec 08, 08:30-11:15 (W)",Barbara Tallman
NURS 2518,A01 (16085),Health & Illness 2: The Older Client (3),M,"Oct 08 - Oct 08, 08:00-12:00 (W)",Barbara Tallman
NURS 2520,A21 (21523),Professional Foundations 1: Development of Professional Identity (2),OC,"Sep 03 - Dec 08, 13:00-15:00 (M)",TBA
NURS 2520,A20 (21480),Professional Foundations 1: Development of Professional Identity (2),OC,"Sep 03 - Dec 08, 13:00-15:00 (M)",TBA
NURS 2520,A02 (12830),Professional Foundations 1: Development of Professional Identity (2),M,"Sep 03 - Dec 08, 08:30-10:20 (M)",Shakerah Jones Hall
NURS 2520,A01 (12829),Professional Foundations 1: Development of Professional Identity (2),M,"Sep 03 - Dec 08, 10:30-12:20 (M)",Kimberly Heppner
NURS 2522,A02 (17552),Client & Context 2: Human Diversity (3),M,"Sep 03 - Dec 08, 08:30-11:15 (R)",Rhonda Campbell
NURS 2522,A01 (17551),Client & Context 2: Human Diversity (3),M,"Sep 03 - Dec 08, 08:30-11:15 (T)",Samantha Holmes
NURS 2530,A20 (21481),Nursing Skills 1 (1),OC,"Sep 03 - Dec 08, 13:00-18:00 (T)",TBA
NURS 2530,A07 (13148),Nursing Skills 1 (1),M,"Sep 03 - Dec 08, 13:30-15:20 (R)",Shakerah Jones Hall
NURS 2530,A05 (12835),Nursing Skills 1 (1),M,"Sep 03 - Dec 08, 11:00-12:50 (R)",Shakerah Jones Hall
NURS 2530,A02 (12832),Nursing Skills 1 (1),M,"Sep 03 - Dec 08, 08:30-10:20 (T)",Ashley Hardy
NURS 2530,A21 (21524),Nursing Skills 1 (1),OC,"Sep 03 - Dec 08, 13:00-18:00 (T)",Pritpal Kambo
NURS 2530,A01 (12831),Nursing Skills 1 (1),M,"Sep 03 - Dec 08, 11:00-12:50 (T)",Ashley Hardy
NURS 2530,A08 (15755),Nursing Skills 1 (1),M,"Sep 03 - Dec 08, 08:30-10:20 (R)",Shakerah Jones Hall
NURS 2530,A03 (12833),Nursing Skills 1 (1),M,"Sep 03 - Dec 08, 13:30-15:20 (T)",Ashley Hardy
NURS 2530,A06 (12836),Nursing Skills 1 (1),M,"Sep 03 - Dec 08, 08:30-10:20 (R)",Shakerah Jones Hall
NURS 2530,A04 (15754),Nursing Skills 1 (1),M,"Sep 03 - Dec 08, 08:30-10:20 (T)",Ashley Hardy
NURS 2532,A04 (15758),Nursing Skills 2 (1),M,"Sep 03 - Dec 08, 08:30-10:20 (W)",Chen Jin
NURS 2532,A07 (14362),Nursing Skills 2 (1),M,"Sep 03 - Dec 08, 13:30-15:20 (F)",Chen Jin
NURS 2532,A06 (14361),Nursing Skills 2 (1),M,"Sep 03 - Dec 08, 08:30-10:20 (F)",Chen Jin
NURS 2532,A02 (14357),Nursing Skills 2 (1),M,"Sep 03 - Dec 08, 08:30-10:20 (W)",Chen Jin
NURS 2532,A08 (15759),Nursing Skills 2 (1),M,"Sep 03 - Dec 08, 08:30-10:20 (F)",Chen Jin
NURS 2532,A01 (14356),Nursing Skills 2 (1),M,"Sep 03 - Dec 08, 11:00-12:50 (W)",Chen Jin
NURS 2532,A03 (14358),Nursing Skills 2 (1),M,"Sep 03 - Dec 08, 13:30-15:20 (W)",Chen Jin
NURS 2532,A05 (14360),Nursing Skills 2 (1),M,"Sep 03 - Dec 08, 11:00-12:50 (F)",Chen Jin
NURS 2540,K21 (21527),Nursing Practice 1 (2),OC,"Aug 05 - Dec 23, 07:00-19:00 (RF)",Pritpal Kambo
NURS 2540,K01 (12837),Nursing Practice 1 (2),M,"Sep 29 - Dec 05, 06:00-23:59 (RF)",
NURS 2540,K02 (12838),Nursing Practice 1 (2),M,"Oct 06 - Oct 06, 12:30-14:00 (M)",Paula Black
NURS 2540,K02 (12838),Nursing Practice 1 (2),M,"Sep 29 - Dec 05, 06:00-23:59 (TW)",Paula Black
NURS 2540,K20 (21482),Nursing Practice 1 (2),OC,"Aug 05 - Dec 23, 07:00-19:00 (RF)",Kelsey Bolton
NURS 2540,K01 (12837),Nursing Practice 1 (2),M,"Oct 06 - Oct 06, 12:30-14:00 (M)",
NURS 2542,K01 (14363),Nursing Practice 2 (3),OC,"Sep 15 - Sep 15, 12:30-14:00 (M)",Liying Qiao
NURS 2542,K01 (14363),Nursing Practice 2 (3),OC,"Sep 22 - Dec 05, 06:00-23:59 (RF)",Liying Qiao
NURS 2542,K02 (14364),Nursing Practice 2 (3),OC,"Sep 22 - Dec 05, 06:00-23:59 (TW)",Chen Jin
NURS 2542,K02 (14364),Nursing Practice 2 (3),OC,"Sep 15 - Sep 15, 12:30-14:00 (M)",Chen Jin
NURS 2610,A01 (11334),Health and Physical Aspects of Aging (3),M,"Sep 03 - Dec 08, 14:30-15:45 (TR)",Barbara Tallman
NURS 3510,A20 (21483),Client and Context 3: Supportive and Palliative Care (3),OC,"Sep 03 - Dec 08, 08:45-11:35 (T)",Paula Black
NURS 3510,A01 (14366),Client and Context 3: Supportive and Palliative Care (3),M,"Sep 03 - Dec 08, 08:30-11:20 (W)",Jane Kraut
NURS 3510,A02 (14367),Client and Context 3: Supportive and Palliative Care (3),M,"Sep 03 - Dec 08, 08:30-11:20 (F)",Paula Black
NURS 3512,B05 (14380),Health and Illness 4: Acute and Chronic Illness (0),M,"Sep 03 - Dec 08, 14:00-15:50 (R)",Stephanie Nunes
NURS 3512,B01 (14376),Health and Illness 4: Acute and Chronic Illness (0),M,"Sep 03 - Dec 08, 14:00-15:50 (T)",Stephanie Nunes
NURS 3512,A01 (14365),Health and Illness 4: Acute and Chronic Illness (5),M,"Sep 03 - Dec 08, 14:30-17:15 (M)",Stephanie Nunes
NURS 3512,A01 (14365),Health and Illness 4: Acute and Chronic Illness (5),M,"Nov 03 - Nov 03, 12:00-14:00 (M)",Stephanie Nunes
NURS 3512,A01 (14365),Health and Illness 4: Acute and Chronic Illness (5),M,"Dec 01 - Dec 01, 10:30-13:30 (M)",Stephanie Nunes
NURS 3512,A20 (21484),Health and Illness 4: Acute and Chronic Illness (5),OC,"Sep 03 - Dec 08, 08:45-11:00 (M)",Crystal Allen
NURS 3512,A01 (14365),Health and Illness 4: Acute and Chronic Illness (5),M,"Oct 06 - Oct 06, 12:00-14:00 (M)",Stephanie Nunes
NURS 3512,A20 (21484),Health and Illness 4: Acute and Chronic Illness (5),OC,"Sep 03 - Dec 08, 08:45-11:00 (W)",Crystal Allen
NURS 3512,B08 (15767),Health and Illness 4: Acute and Chronic Illness (0),M,"Sep 03 - Dec 08, 08:30-10:20 (R)",Stephanie Nunes
NURS 3512,B07 (14382),Health and Illness 4: Acute and Chronic Illness (0),M,"Sep 03 - Dec 08, 08:30-10:20 (R)",Stephanie Nunes
NURS 3512,B06 (14381),Health and Illness 4: Acute and Chronic Illness (0),M,"Sep 03 - Dec 08, 14:00-15:50 (R)",Stephanie Nunes
NURS 3512,B04 (15766),Health and Illness 4: Acute and Chronic Illness (0),M,"Sep 03 - Dec 08, 14:00-15:50 (T)",Stephanie Nunes
NURS 3512,B03 (14379),Health and Illness 4: Acute and Chronic Illness (0),M,"Sep 03 - Dec 08, 08:30-10:20 (T)",Stephanie Nunes
NURS 3512,B02 (14378),Health and Illness 4: Acute and Chronic Illness (0),M,"Sep 03 - Dec 08, 08:30-10:20 (T)",Stephanie Nunes
NURS 3514,A01 (15768),Health and Illness 5: Mental Health and Illness (3),M,"Sep 29 - Sep 29,  (M)",Lori Sookram
NURS 3514,A01 (15768),Health and Illness 5: Mental Health and Illness (3),M,"Sep 03 - Dec 08, 08:30-11:15 (T)",Lori Sookram
NURS 3514,A02 (15769),Health and Illness 5: Mental Health and Illness (3),M,"Sep 03 - Dec 08, 08:30-11:15 (R)",Lori Sookram
NURS 3520,A02 (14369),Professional Foundations 2: Health Education (2),M,"Sep 12 - Dec 08, 12:30-14:20 (F)",Rhonda Dube
NURS 3520,A20 (21485),Professional Foundations 2: Health Education (2),OC,"Sep 03 - Dec 08, 13:00-16:00 (T)",Susan Barbeau
NURS 3520,A21 (26347),Professional Foundations 2: Health Education (2),OC,"Sep 03 - Dec 08, 13:00-16:00 (T)",Vicki Zeran
NURS 3520,A01 (14368),Professional Foundations 2: Health Education (2),M,"Sep 10 - Dec 08, 12:30-14:20 (W)",Ashley Bowering
NURS 3530,A03 (14372),Nursing Skills 3 (1),M,"Sep 03 - Dec 08, 13:30-15:20 (T)",Kimberly Heppner
NURS 3530,A08 (15765),Nursing Skills 3 (1),M,"Sep 08 - Sep 08, 13:00-14:00 (M)",Rhonda Dube
NURS 3530,A06 (14374),Nursing Skills 3 (1),M,"Sep 03 - Dec 08, 11:00-12:50 (R)",Rhonda Dube
NURS 3530,A08 (15765),Nursing Skills 3 (1),M,"Sep 03 - Dec 08, 11:00-12:50 (R)",Rhonda Dube
NURS 3530,A05 (14373),Nursing Skills 3 (1),M,"Sep 03 - Dec 08, 08:30-10:20 (R)",Rhonda Dube
NURS 3530,A05 (14373),Nursing Skills 3 (1),M,"Sep 08 - Sep 08, 13:00-14:00 (M)",Rhonda Dube
NURS 3530,A04 (15764),Nursing Skills 3 (1),M,"Sep 29 - Sep 29, 10:15-11:45 (M)",Kimberly Heppner
NURS 3530,A04 (15764),Nursing Skills 3 (1),M,"Sep 08 - Sep 08, 13:00-14:00 (M)",Kimberly Heppner
NURS 3530,A03 (14372),Nursing Skills 3 (1),M,"Sep 08 - Sep 08, 13:00-14:00 (M)",Kimberly Heppner
NURS 3530,A20 (21486),Nursing Skills 3 (1),OC,"Sep 03 - Dec 08, 13:00-17:00 (M)",Kelsey Bolton
NURS 3530,A03 (14372),Nursing Skills 3 (1),M,"Sep 29 - Sep 29, 12:00-13:30 (M)",Kimberly Heppner
NURS 3530,A02 (14371),Nursing Skills 3 (1),M,"Sep 29 - Sep 29, 10:15-11:45 (M)",Kimberly Heppner
NURS 3530,A02 (14371),Nursing Skills 3 (1),M,"Sep 03 - Dec 08, 11:00-12:50 (T)",Kimberly Heppner
NURS 3530,A02 (14371),Nursing Skills 3 (1),M,"Sep 08 - Sep 08, 13:00-14:00 (M)",Kimberly Heppner
NURS 3530,A07 (14375),Nursing Skills 3 (1),M,"Sep 08 - Sep 08, 13:00-14:00 (M)",Rhonda Dube
NURS 3530,A21 (21525),Nursing Skills 3 (1),OC,"Sep 03 - Dec 08, 13:00-17:00 (M)",TBA
NURS 3530,A04 (15764),Nursing Skills 3 (1),M,"Sep 03 - Dec 08, 11:00-12:50 (T)",Kimberly Heppner
NURS 3530,A07 (14375),Nursing Skills 3 (1),M,"Sep 03 - Dec 08, 13:30-15:20 (R)",Rhonda Dube
NURS 3530,A06 (14374),Nursing Skills 3 (1),M,"Sep 08 - Sep 08, 13:00-14:00 (M)",Rhonda Dube
NURS 3530,A01 (14370),Nursing Skills 3 (1),M,"Sep 08 - Sep 08, 13:00-14:00 (M)",Kimberly Heppner
NURS 3530,A01 (14370),Nursing Skills 3 (1),M,"Sep 03 - Dec 08, 08:30-10:20 (T)",Kimberly Heppner
NURS 3530,A01 (14370),Nursing Skills 3 (1),M,"Sep 29 - Sep 29, 08:30-10:00 (M)",Kimberly Heppner
NURS 3532,A05 (18580),Nursing Skills 4 (1),M,"Sep 03 - Dec 08, 11:00-12:50 (F)",Dayna Laviolette
NURS 3532,A07 (18582),Nursing Skills 4 (1),M,"Sep 03 - Dec 08, 13:30-15:20 (F)",Dayna Laviolette
NURS 3532,A08 (18584),Nursing Skills 4 (1),M,"Sep 03 - Dec 08, 08:30-10:20 (F)",Dayna Laviolette
NURS 3532,A02 (18577),Nursing Skills 4 (1),M,"Sep 03 - Dec 08, 08:30-10:20 (W)",Caitlyn Farr
NURS 3532,A04 (18579),Nursing Skills 4 (1),M,"Sep 03 - Dec 08, 08:30-10:20 (W)",Caitlyn Farr
NURS 3532,A01 (18576),Nursing Skills 4 (1),M,"Sep 03 - Dec 08, 11:00-12:50 (W)",Caitlyn Farr
NURS 3532,A03 (18578),Nursing Skills 4 (1),M,"Sep 03 - Dec 08, 13:30-15:20 (W)",Caitlyn Farr
NURS 3532,A06 (18581),Nursing Skills 4 (1),M,"Sep 03 - Dec 08, 08:30-10:20 (F)",Dayna Laviolette
NURS 3540,K01 (14383),Nursing Practice 3 (4),M,"Sep 08 - Dec 05, 06:00-23:59 (RF)",Pawandeep Gill
NURS 3540,K01 (14383),Nursing Practice 3 (4),M,"Sep 22 - Sep 22, 17:30-19:00 (M)",Pawandeep Gill
NURS 3540,K20 (21487),Nursing Practice 3 (4),OC,"Oct 11 - Dec 05, 07:00-19:00 (RF)",Bernice Wasylynka
NURS 3540,K21 (21526),Nursing Practice 3 (4),OC,"Oct 11 - Dec 05, 07:00-19:00 (RF)",TBA
NURS 3540,K02 (14384),Nursing Practice 3 (4),M,"Sep 08 - Dec 05, 06:00-23:59 (TW)",Rhonda Dube
NURS 3540,K02 (14384),Nursing Practice 3 (4),M,"Sep 22 - Sep 22, 17:30-19:00 (M)",Rhonda Dube
NURS 3542,K01 (15774),Nursing Practice 4 (4),OC,"Sep 15 - Sep 15, 17:30-19:30 (M)",Stephanie Nunes
NURS 3542,K02 (15775),Nursing Practice 4 (4),OC,"Sep 08 - Dec 05, 06:00-23:59 (TW)",Liying Qiao
NURS 3542,K02 (15775),Nursing Practice 4 (4),OC,"Sep 15 - Sep 15, 17:30-19:30 (M)",Liying Qiao
NURS 3542,K01 (15774),Nursing Practice 4 (4),OC,"Sep 08 - Dec 05, 06:00-23:59 (RF)",Stephanie Nunes
NURS 3550,A01 (15770),Professional Foundations 3: Evidence Informed Practice in the Health Sciences (4),M,"Sep 03 - Dec 08, 08:30-12:20 (M)",Suzanne Lennon
NURS 3560,A01 (15772),Professional Foundations 4: Law and Ethics in Nursing Practice (3),M,"Sep 03 - Dec 08, 12:30-15:15 (T)",Noah Gatzke
NURS 3560,A02 (15773),Professional Foundations 4: Law and Ethics in Nursing Practice (3),M,"Sep 03 - Dec 08, 12:30-15:15 (R)",Noah Gatzke
NURS 4500,A20 (21488),Health and Illness 6: Gender and Reproductive Health (3),OC,"Sep 03 - Oct 17, 13:15-16:00 (TR)",TBA
NURS 4500,A01 (15776),Health and Illness 6: Gender and Reproductive Health (3),M,"Sep 03 - Oct 14, 08:30-11:15 (TR)",Amber Hemminger
NURS 4510,A20 (21489),Client and Context 4: Family Health (3),OC,"Sep 03 - Dec 08, 09:00-12:00 (R)",Susan Barbeau
NURS 4510,A01 (15777),Client and Context 4: Family Health (3),M,"Sep 03 - Dec 08, 08:30-11:15 (M)",
NURS 4510,A21 (26348),Client and Context 4: Family Health (3),OC,"Sep 03 - Dec 08, 09:00-12:00 (R)",Vicki Zeran
NURS 4510,A02 (24821),Client and Context 4: Family Health (3),M,"Sep 03 - Dec 08, 08:30-11:15 (M)",Jane Kraut
NURS 4520,A01 (15779),Professional Foundations 5: Interprofessional and Collaborative Practice (3),M,"Sep 03 - Oct 13, 13:00-15:45 (M)",Suzanne Lennon
NURS 4520,A01 (15779),Professional Foundations 5: Interprofessional and Collaborative Practice (3),M,"Oct 20 - Dec 08, 13:00-15:45 (M)",Suzanne Lennon
NURS 4520,A01 (15779),Professional Foundations 5: Interprofessional and Collaborative Practice (3),M,"Oct 16 - Oct 16,  (R)",Suzanne Lennon
NURS 4520,A20 (21490),Professional Foundations 5: Interprofessional and Collaborative Practice (3),OC,"Sep 03 - Dec 08, 08:45-11:35 (F)",
NURS 4530,K21 (21528),Nursing Practice 5 (4),OC,"Oct 18 - Dec 07, 07:00-19:00 (UMS)",Vicki Zeran
NURS 4530,K20 (21491),Nursing Practice 5 (4),OC,"Oct 18 - Dec 07, 07:00-19:00 (UMS)",Vicki Zeran
NURS 4530,K01 (15781),Nursing Practice 5 (4),OC,"Oct 15 - Oct 15, 12:00-13:00 (W)",Noah Gatzke
NURS 4530,K01 (15781),Nursing Practice 5 (4),OC,"Oct 20 - Dec 05, 06:00-23:59 (UTWRFS)",Noah Gatzke
NURS 4530,K01 (15781),Nursing Practice 5 (4),OC,"Sep 03 - Sep 03, 12:00-13:00 (W)",Noah Gatzke
NURS 4540,B08 (17597),Health and Illness 7: Community and Population Health (0),M,"Sep 03 - Dec 08, 14:30-16:20 (R)",
NURS 4540,B07 (17596),Health and Illness 7: Community and Population Health (0),M,"Sep 03 - Dec 08, 14:30-16:20 (R)",
NURS 4540,B06 (17590),Health and Illness 7: Community and Population Health (0),M,"Sep 03 - Dec 08, 12:30-14:20 (R)",
NURS 4540,B01 (17580),Health and Illness 7: Community and Population Health (0),M,"Sep 03 - Dec 08, 12:30-14:20 (T)",
NURS 4540,B05 (17589),Health and Illness 7: Community and Population Health (0),M,"Sep 03 - Dec 08, 12:30-14:20 (R)",
NURS 4540,B02 (17586),Health and Illness 7: Community and Population Health (0),M,"Sep 03 - Dec 08, 12:30-14:20 (T)",
NURS 4540,B03 (17587),Health and Illness 7: Community and Population Health (0),M,"Sep 03 - Dec 08, 14:30-16:20 (T)",
NURS 4540,A01 (17578),Health and Illness 7: Community and Population Health (5),M,"Sep 03 - Dec 08, 08:30-11:15 (F)",
NURS 4540,B04 (17588),Health and Illness 7: Community and Population Health (0),M,"Sep 03 - Dec 08, 14:30-16:20 (T)",
NURS 4550,A01 (17566),Professional Foundations 6: Leadership and Change Management (4),M,"Sep 03 - Dec 08, 08:30-12:15 (T)",Shannon Guerreiro
NURS 4550,A02 (17568),Professional Foundations 6: Leadership and Change Management (4),M,"Sep 08 - Dec 08, 08:30-12:15 (R)",Shannon Guerreiro
NURS 4560,A01 (17598),Professional Foundations 7: Preparation for Nursing Practice 7 (1),M,"Oct 03 - Oct 03, 13:00-14:50 (F)",Christa Degagne
NURS 4560,A01 (17598),Professional Foundations 7: Preparation for Nursing Practice 7 (1),M,"Oct 17 - Oct 17, 13:00-14:50 (F)",Christa Degagne
NURS 4560,A01 (17598),Professional Foundations 7: Preparation for Nursing Practice 7 (1),M,"Nov 07 - Nov 07, 13:00-14:50 (F)",Christa Degagne
NURS 4560,A01 (17598),Professional Foundations 7: Preparation for Nursing Practice 7 (1),M,"Sep 26 - Sep 26, 13:00-14:50 (F)",Christa Degagne
NURS 4560,A01 (17598),Professional Foundations 7: Preparation for Nursing Practice 7 (1),M,"Nov 21 - Nov 21, 13:00-14:50 (F)",Christa Degagne
NURS 4560,A01 (17598),Professional Foundations 7: Preparation for Nursing Practice 7 (1),M,"Sep 12 - Sep 12, 13:00-14:50 (F)",Christa Degagne
NURS 4570,K02 (17608),Nursing Practice 6 (4),OC,"Sep 09 - Dec 05, 06:00-23:59 (MT)",Lori Sookram
NURS 4570,K01 (17599),Nursing Practice 6 (4),OC,"Sep 04 - Sep 04, 08:30-10:30 (R)",
NURS 4570,K01 (17599),Nursing Practice 6 (4),OC,"Sep 08 - Dec 05, 06:00-23:59 (WR)",
NURS 4570,K02 (17608),Nursing Practice 6 (4),OC,"Oct 01 - Oct 01, 06:00-23:59 (W)",Lori Sookram
NURS 4570,K02 (17608),Nursing Practice 6 (4),OC,"Oct 15 - Oct 15, 06:00-23:59 (W)",Lori Sookram
NURS 4570,K02 (17608),Nursing Practice 6 (4),OC,"Sep 04 - Sep 04, 08:30-10:30 (R)",Lori Sookram
NURS 4580,A01 (24217),Nursing Practice 7 (9),OC,"Sep 08 - Dec 08, 06:00-23:59 (UMTWRFS)",Christa Degagne
NURS 7110,T07 (26701),Selected Readings in Simulation and Virtual Simulation (3),M,Sep 03 - Dec 08,Nicole Harder
NURS 7120,A02 (23256),Capstone Project (0),M,Sep 03 - Dec 08,Wanda Phillips-Beck
NURS 7120,A01 (15416),Capstone Project (0),M,Sep 03 - Dec 08,Nicole Harder
NURS 7210,A01 (25487),Qualitative Research Methods in Nursing (3),M,"Sep 03 - Dec 08, 13:00-16:00 (T)",
NURS 7320,A01 (18570),Philosophy of Nursing Science (3),M,"Sep 03 - Dec 08, 17:00-20:00 (T)",Wanda Chernomas
NURS 7330,A01 (26609),Clinical Consolidation (0),OC,Sep 03 - Dec 08,Kaitlyn Yurick
NURS 7340,A01 (12848),Evidence Informed Practice (3),M,"Sep 23 - Sep 23, 09:00-12:00 (T)",Emme Pijl
NURS 7340,A01 (12848),Evidence Informed Practice (3),M,"Oct 21 - Oct 21, 09:00-12:00 (T)",Emme Pijl
NURS 7340,A01 (12848),Evidence Informed Practice (3),M,"Nov 04 - Nov 04, 09:00-12:00 (T)",Emme Pijl
NURS 7340,A01 (12848),Evidence Informed Practice (3),M,"Nov 25 - Nov 25, 09:00-12:00 (T)",Emme Pijl
NURS 7340,A01 (12848),Evidence Informed Practice (3),M,"Sep 09 - Sep 09, 09:00-12:00 (T)",Emme Pijl
NURS 7340,A01 (12848),Evidence Informed Practice (3),M,"Oct 07 - Oct 07, 09:00-12:00 (T)",Emme Pijl
NURS 7352,A01 (18086),Leadership in Advanced Practice Nursing (3),M,"Oct 21 - Oct 21, 13:00-16:00 (T)",Ashley Carruthers
NURS 7352,A01 (18086),Leadership in Advanced Practice Nursing (3),M,"Oct 07 - Oct 07, 13:00-16:00 (T)",Ashley Carruthers
NURS 7352,A01 (18086),Leadership in Advanced Practice Nursing (3),M,"Sep 16 - Sep 16, 13:00-16:00 (T)",Ashley Carruthers
NURS 7352,A01 (18086),Leadership in Advanced Practice Nursing (3),M,"Nov 04 - Nov 04, 13:00-16:00 (T)",Ashley Carruthers
NURS 7352,A01 (18086),Leadership in Advanced Practice Nursing (3),M,"Nov 21 - Nov 21, 13:00-16:00 (F)",Ashley Carruthers
NURS 7360,A01 (11868),Integrative Focus (6),M,"Nov 26 - Nov 26, 09:00-12:00 (W)",Judith Scanlan
NURS 7360,A01 (11868),Integrative Focus (6),M,"Sep 24 - Sep 24, 09:00-12:00 (W)",Judith Scanlan
NURS 7360,A01 (11868),Integrative Focus (6),M,"Oct 22 - Oct 22, 09:00-12:00 (W)",Judith Scanlan
NURS 7412,A01 (21261),Advanced Health Assessment (3),M,"Nov 05 - Nov 05, 13:00-16:00 (W)",Terilyn Boychuk
NURS 7412,A01 (21261),Advanced Health Assessment (3),M,"Oct 14 - Oct 14, 13:00-16:00 (T)",Terilyn Boychuk
NURS 7412,A01 (21261),Advanced Health Assessment (3),M,"Sep 05 - Sep 05, 09:00-16:00 (F)",Terilyn Boychuk
NURS 7412,A01 (21261),Advanced Health Assessment (3),M,"Sep 18 - Sep 18, 09:00-15:00 (R)",Terilyn Boychuk
NURS 7412,A01 (21261),Advanced Health Assessment (3),M,"Sep 03 - Sep 03, 13:00-14:30 (W)",Terilyn Boychuk
NURS 7412,A01 (21261),Advanced Health Assessment (3),M,"Sep 17 - Sep 17, 13:00-16:00 (W)",Terilyn Boychuk
NURS 7412,A01 (21261),Advanced Health Assessment (3),M,"Oct 15 - Oct 15, 08:30-16:30 (W)",Terilyn Boychuk
NURS 7412,A01 (21261),Advanced Health Assessment (3),M,"Nov 26 - Nov 26, 13:00-16:00 (W)",Terilyn Boychuk
NURS 7412,A01 (21261),Advanced Health Assessment (3),M,"Nov 26 - Nov 26, 09:00-12:00 (W)",Terilyn Boychuk
NURS 7412,A01 (21261),Advanced Health Assessment (3),M,"Nov 05 - Nov 05, 09:00-16:00 (W)",Terilyn Boychuk
NURS 7412,A01 (21261),Advanced Health Assessment (3),M,"Oct 14 - Oct 14, 09:00-12:00 (T)",Terilyn Boychuk
NURS 7412,A01 (21261),Advanced Health Assessment (3),M,"Sep 08 - Sep 08, 09:00-16:00 (M)",Terilyn Boychuk
NURS 7412,A01 (21261),Advanced Health Assessment (3),M,"Sep 17 - Sep 17, 13:00-16:00 (W)",Terilyn Boychuk
NURS 7470,A01 (12440),Nurse Practitioner 3 (5),M,"Oct 06 - Oct 06, 09:00-16:00 (M)",Kaitlyn Yurick
NURS 7470,A01 (12440),Nurse Practitioner 3 (5),M,"Sep 23 - Sep 23, 09:00-16:00 (T)",Kaitlyn Yurick
NURS 7470,A01 (12440),Nurse Practitioner 3 (5),M,"Oct 22 - Oct 22, 09:00-16:00 (W)",Kaitlyn Yurick
NURS 7470,A01 (12440),Nurse Practitioner 3 (5),M,"Sep 09 - Sep 09, 09:00-16:00 (T)",Kaitlyn Yurick
NURS 7470,A01 (12440),Nurse Practitioner 3 (5),M,"Sep 16 - Sep 16, 09:00-16:00 (T)",Kaitlyn Yurick
NURS 7470,A01 (12440),Nurse Practitioner 3 (5),M,"Dec 02 - Dec 02, 09:00-12:00 (T)",Kaitlyn Yurick
NURS 7470,A01 (12440),Nurse Practitioner 3 (5),M,"Nov 19 - Nov 19, 09:00-16:00 (W)",Kaitlyn Yurick
NURS 7470,A01 (12440),Nurse Practitioner 3 (5),M,"Oct 07 - Oct 07, 09:00-16:00 (T)",Kaitlyn Yurick
NURS 7470,A01 (12440),Nurse Practitioner 3 (5),M,"Oct 21 - Oct 21, 09:00-16:00 (T)",Kaitlyn Yurick
NURS 7470,A01 (12440),Nurse Practitioner 3 (5),M,"Nov 18 - Nov 18, 09:00-16:00 (T)",Kaitlyn Yurick
NURS 7470,A01 (12440),Nurse Practitioner 3 (5),M,"Oct 28 - Oct 28, 09:00-16:00 (T)",Kaitlyn Yurick
NURS 7470,A01 (12440),Nurse Practitioner 3 (5),M,"Oct 23 - Oct 23, 09:00-16:00 (R)",Kaitlyn Yurick
NURS 7482,A01 (18131),Clinical Practice 2 (4),OC,Sep 03 - Dec 08,Terilyn Boychuk
NURS 8030,A01 (20077),Doctoral Student Seminars I (Part A) (0),M,"Oct 31 - Oct 31, 09:00-12:00 (F)",Annette Schultz
NURS 8030,A01 (20077),Doctoral Student Seminars I (Part A) (0),M,"Sep 12 - Sep 12, 09:00-12:00 (F)",Annette Schultz
NURS 8030,A01 (20077),Doctoral Student Seminars I (Part A) (0),M,"Nov 28 - Nov 28, 09:00-12:00 (F)",Annette Schultz
NURS 8030,A01 (20077),Doctoral Student Seminars I (Part A) (0),M,"Oct 03 - Oct 03, 09:00-12:00 (F)",Annette Schultz
NURS 8040,A01 (20556),Doctoral Student Seminars II (Part A) (0),M,"Nov 07 - Nov 07, 09:00-12:00 (F)",Annette Schultz
NURS 8040,A01 (20556),Doctoral Student Seminars II (Part A) (0),M,"Nov 28 - Nov 28, 09:00-12:00 (F)",Annette Schultz
NURS 8040,A01 (20556),Doctoral Student Seminars II (Part A) (0),M,"Sep 12 - Sep 12, 09:00-12:00 (F)",Annette Schultz
NURS 8040,A01 (20556),Doctoral Student Seminars II (Part A) (0),M,"Oct 10 - Oct 10, 09:00-12:00 (F)",Annette Schultz
NURS 8220,A01 (24064),Advanced Quantitative Research Design & Methods in Nursing and Health Care (3),M,"Sep 03 - Dec 08, 09:00-12:00 (R)",Kimberley Mitchell
FA 1020,A03 (21967),Mathematics in Art (3),M,"Sep 03 - Dec 08, 13:00-14:15 (TR)",Jaya Beange
FA 1020,A02 (13696),Mathematics in Art (3),M,"Sep 03 - Dec 08, 08:30-09:45 (TR)",Shaun De Rooy
FA 1020,A03 (21967),Mathematics in Art (3),M,Sep 03 - Dec 08,Jaya Beange
FA 1020,A01 (10109),Mathematics in Art (3),M,"Sep 03 - Dec 08, 13:00-14:15 (TR)",Shaun De Rooy
FA 1990,K01 (22253),First Year Field Trip (0),OC,"Oct 14 - Oct 18,  (TWRFS)",Katherine Boyer
FAAH 1030,A01 (10150),Introduction to Art 1A (3),M,"Sep 03 - Dec 08, 10:00-11:15 (TR)",Braden Scott
FAAH 2060,A01 (26124),Medieval to Early Renaissance Art and Architecture (3),M,"Sep 03 - Dec 08, 13:00-14:15 (TR)",James Bugslag
FAAH 2080,A01 (17118),Modern to Contemporary Art (3),M,"Sep 03 - Dec 08, 08:30-11:15 (M)",Derek Dunlop
FAAH 2090,A01 (21548),Indigenous Peoples' Art History (3),M,"Sep 03 - Dec 08, 14:30-17:15 (W)",Suzanne McLeod
FAAH 2930,A01 (22458),Writing About Art (3),M,"Sep 03 - Dec 08, 11:30-14:15 (F)",Amy Karlinsky
FAAH 3150,T02 (26134),Nineteenth-Century European Art: Cultural Transformations and Artistic Movements (3),M,"Sep 03 - Dec 08, 14:30-17:15 (R)",Stephen Borys
FAAH 3202,A01 (16234),Contemporary Art History (3),M,"Sep 03 - Dec 08, 14:30-17:15 (M)",Shepherd Steiner
FAAH 3212,A01 (12555),Introduction to The Theory of Art (3),M,"Sep 03 - Dec 08, 10:00-11:15 (TR)",David Foster
FAAH 3250,T07 (26128),Queer Art (3),M,"Sep 03 - Dec 08, 08:30-11:15 (W)",Braden Scott
FAAH 3430,A01 (26126),Inuit Art (3),M,"Sep 03 - Dec 08, 14:30-17:15 (T)",Suzanne McLeod
FAAH 4070,T09 (26129),Bauhaus-Canada (3),M,"Sep 03 - Dec 08, 11:30-14:15 (W)",Oliver Botar
FAAH 4082,A01 (26300),Seminar in Art Historiography (3),M,"Sep 03 - Dec 08, 11:30-14:15 (M)",David Foster
FAAH 7010,T09 (26293),Bauhaus-Canada (3),M,"Sep 03 - Dec 08, 11:30-14:15 (W)",Oliver Botar
FAAH 7100,T01 (24987),History and Methodology of Art/Architectural History (3),M,"Sep 03 - Dec 08, 11:30-14:15 (M)",David Foster
STDO 1210,A02 (11657),Drawing: Studio 1 (3),M,"Sep 03 - Dec 08, 14:30-17:15 (T)",Mary Sparks
STDO 1210,A04 (11659),Drawing: Studio 1 (3),M,"Sep 03 - Dec 08, 14:30-17:15 (W)",Derek Brueckner
STDO 1210,A01 (11651),Drawing: Studio 1 (3),M,"Sep 03 - Dec 08, 08:30-11:15 (M)",Mary Sparks
STDO 1210,A06 (21549),Drawing: Studio 1 (3),M,"Sep 03 - Dec 08, 14:30-17:15 (T)",Erika Dueck
STDO 1210,A05 (16917),Drawing: Studio 1 (3),M,"Sep 03 - Dec 08, 14:30-17:15 (R)",Alana MacDougall
STDO 1210,A03 (11658),Drawing: Studio 1 (3),M,"Sep 03 - Dec 08, 08:30-11:15 (W)",David Peters
STDO 1240,A03 (21537),Figure Study 1 (3),M,"Sep 03 - Dec 08, 18:00-20:45 (T)",Erika Dueck
STDO 1240,A02 (21536),Figure Study 1 (3),M,"Sep 03 - Dec 08, 11:30-14:15 (T)",Dominique Rey
STDO 1240,A04 (21538),Figure Study 1 (3),M,"Sep 03 - Dec 08, 11:30-14:15 (W)",Mary Sparks
STDO 1240,A01 (21533),Figure Study 1 (3),M,"Sep 03 - Dec 08, 14:30-17:15 (M)",Derek Brueckner
STDO 1410,A04 (11652),Visual Language (3),M,"Sep 03 - Dec 08, 11:30-14:15 (R)",Derek Brueckner
STDO 1410,A01 (11661),Visual Language (3),M,"Sep 03 - Dec 08, 08:30-11:15 (M)",Alana MacDougall
STDO 1410,A02 (11662),Visual Language (3),M,"Sep 03 - Dec 08, 14:30-17:15 (M)",Alana MacDougall
STDO 1410,A03 (11663),Visual Language (3),M,"Sep 03 - Dec 08, 11:30-14:15 (F)",David Peters
STDO 1510,A01 (12563),Art Now (3),M,"Sep 03 - Dec 08, 11:30-14:15 (M)",Katherine Boyer
STDO 2220,A01 (10500),Introduction to Painting (6),M,"Sep 03 - Dec 08, 14:30-17:15 (TR)",Holger Kalberg
STDO 2230,A01 (26115),Introduction to Ceramics (6),M,"Sep 03 - Dec 08, 11:30-14:15 (MW)",Joo Young Han
STDO 2400,A01 (17651),Introduction to Photography (6),M,"Sep 03 - Dec 08, 08:30-11:15 (MW)",Sarah Fuller
STDO 2430,A01 (26127),Intermediate Digital Photography (3),M,"Sep 03 - Dec 08, 14:30-17:15 (T)",Sarah Fuller
STDO 2552,A01 (24180),Introduction to Printmaking (6),M,"Sep 03 - Dec 08, 11:30-14:15 (MW)",Suzanne Smith
STDO 2610,A01 (26122),Video 1 (6),M,"Sep 03 - Dec 08, 14:30-17:15 (TR)",Freya Olafson
STDO 2630,A01 (10507),Introduction to Design (3),M,"Sep 03 - Dec 08, 14:30-17:15 (W)",Daniel McCafferty
STDO 2662,A01 (20548),Typography Studio (3),M,"Sep 03 - Dec 08, 11:30-14:15 (F)",Daniel McCafferty
STDO 2680,T22 (26125),Ceramic Tiles (3),M,"Sep 03 - Dec 08, 14:30-17:15 (T)",Elma Nickel
STDO 2680,T17 (26136),Introduction to Art Therapy (3),M,"Sep 03 - Dec 08, 08:30-11:15 (F)",Tanissa Martindale
STDO 2712,A01 (26123),Interdisciplinary Studio 1 (3),M,"Sep 03 - Dec 08, 11:30-14:15 (T)",Anna Diallo
STDO 2810,A01 (24933),Introduction to Performance Art (3),M,"Sep 03 - Dec 08, 14:30-17:15 (M)",Loretta Blondeau
STDO 3390,A01 (26132),Advanced Hand Building with Clay (3),M,"Sep 03 - Dec 08, 11:30-14:15 (R)",Elma Nickel
STDO 3422,A01 (26137),Advanced Painting (3),M,"Sep 03 - Dec 08, 11:30-14:15 (F)",Mark Neufeld
STDO 3680,T95 (26278),Experiments with Video Projection (3),M,"Sep 03 - Dec 08, 11:30-14:15 (W)",Freya Olafson
STDO 3680,T81 (26130),With the Land: Artists Outside (3),M,"Sep 03 - Dec 08, 14:30-17:15 (W)",Sarah Ciurysek
STDO 3680,T94 (26121),Sketching Time (3),M,"Sep 03 - Dec 08, 08:30-11:15 (T)",Matthis Grunsky
STDO 3682,T11 (26120),The Figure in Drawing and Painting (3),M,"Sep 03 - Dec 08, 14:30-17:15 (M)",Mark Neufeld
STDO 3684,T05 (26135),Photography and Materiality (3),M,"Sep 03 - Dec 08, 14:30-17:15 (M)",Dominique Rey
STDO 3686,T01 (26133),Small Scale Sculpture (3),M,"Sep 03 - Dec 08, 14:30-17:15 (R)",Erika Dueck
STDO 3710,T01 (21714),Contemporary Indigenous Art Practices (3),M,"Sep 03 - Dec 08, 08:30-11:15 (T)",Loretta Blondeau
STDO 3720,T01 (24937),BIPOC Contemporary Art Practices (3),M,"Sep 03 - Dec 08, 11:30-14:15 (W)",Anna Diallo
STDO 3830,A01 (26131),Advanced Printmaking A (3),M,"Sep 03 - Dec 08, 08:30-11:15 (R)",Suzanne Smith
STDO 3920,A01 (12019),Advanced Design (3),M,"Sep 03 - Dec 08, 11:30-14:15 (M)",Leigh Bridges
STDO 4810,A01 (18840),Senior Studio 1 (6),M,"Sep 03 - Dec 08, 11:30-14:15 (T)",Derek Brueckner
STDO 4910,A01 (11994),Honours Seminar 1 (3),M,"Sep 03 - Dec 08, 11:30-14:15 (R)",Anna Diallo
STDO 7010,A01 (23887),Studio Concentration 1 (3),M,Sep 03 - Dec 08,Derek Brueckner
STDO 7010,A07 (23888),Studio Concentration 1 (3),M,Sep 03 - Dec 08,Holger Kalberg
STDO 7010,A06 (21958),Studio Concentration 1 (3),M,Sep 03 - Dec 08,Joo Young Han
STDO 7010,A05 (18218),Studio Concentration 1 (3),M,Sep 03 - Dec 08,Mary Sparks
STDO 7010,A04 (16684),Studio Concentration 1 (3),M,Sep 03 - Dec 08,Sarah Ciurysek
STDO 7010,A03 (12739),Studio Concentration 1 (3),M,Sep 03 - Dec 08,Freya Olafson
STDO 7010,A02 (11680),Studio Concentration 1 (3),M,Sep 03 - Dec 08,Elma Nickel
STDO 7010,A08 (23889),Studio Concentration 1 (3),M,Sep 03 - Dec 08,Mark Neufeld
STDO 7030,A03 (11804),Studio Concentration 3 (3),M,Sep 03 - Dec 08,Anna Diallo
STDO 7030,A01 (11802),Studio Concentration 3 (3),M,Sep 03 - Dec 08,Dominique Rey
STDO 7110,A01 (11681),Graduate Seminar 1 (3),M,"Sep 03 - Dec 08, 11:30-14:15 (W)",Dominique Rey
STDO 7130,A01 (11805),Graduate Seminar 3 (3),M,"Sep 03 - Dec 08, 11:30-14:15 (R)",Shepherd Steiner
AHS 7000,A01 (12668),Research and Practice in Applied Health Sciences (3),M,"Sep 03 - Dec 08, 09:00-11:45 (T)",Benjamin Schellenberg
AHS 7002,A01 (12669),Seminar I Applied Health Sciences (Part A) (0),M,"Nov 07 - Nov 07, 13:00-16:00 (F)",Brian MacNeil
AHS 7002,A01 (12669),Seminar I Applied Health Sciences (Part A) (0),M,"Dec 05 - Dec 05, 13:00-16:00 (F)",Brian MacNeil
AHS 7002,A01 (12669),Seminar I Applied Health Sciences (Part A) (0),M,"Sep 12 - Sep 12, 13:00-16:00 (F)",Brian MacNeil
AHS 7002,A01 (12669),Seminar I Applied Health Sciences (Part A) (0),M,"Oct 10 - Oct 10, 13:00-16:00 (F)",Brian MacNeil
AHS 7004,A01 (12670),Seminar II Applied Health Sciences (Part A) (0),M,"Sep 12 - Sep 12, 13:00-16:00 (F)",Brian MacNeil
AHS 7004,A01 (12670),Seminar II Applied Health Sciences (Part A) (0),M,"Dec 05 - Dec 05, 13:00-16:00 (F)",Brian MacNeil
AHS 7004,A01 (12670),Seminar II Applied Health Sciences (Part A) (0),M,"Oct 10 - Oct 10, 13:00-16:00 (F)",Brian MacNeil
AHS 7004,A01 (12670),Seminar II Applied Health Sciences (Part A) (0),M,"Nov 07 - Nov 07, 13:00-16:00 (F)",Brian MacNeil
DS 7010,A01 (12401),Disability Studies (Part A) (3),OC,"Sep 03 - Dec 08, 13:00-15:45 (R)",Diane Driedger
DS 7030,A01 (17855),Evaluation and Application of Research Methods in Disability Studies (3),OC,"Sep 03 - Dec 08, 10:00-12:45 (R)",Nancy Hansen
DS 7040,T09 (25144),Life Writing and Literary Inquiry in Disability Studies (3),M,"Sep 03 - Dec 08, 14:30-15:45 (TR)",Christine Stewart
DS 7040,T06 (11672),Environment and Disability (3),OC,"Sep 03 - Dec 08, 10:00-12:45 (T)",Nancy Hansen
DS 7040,T08 (15220),Global Disability Studies (3),OC,"Sep 03 - Dec 08, 13:00-15:45 (T)",Diane Driedger
GRAD 7300,A01 (18332),Research Integrity Tutorial (0),M,Sep 03 - Dec 08,TBA
PEAC 7020,A01 (10939),Theories of Conflict and Conflict Resolution (3),M,"Sep 03 - Dec 08, 13:00-16:00 (W)",James Byrne
PEAC 7060,T09 (26453),Critical & Emancipatory Peacebuilding (3),M,"Sep 03 - Dec 08, 13:00-16:00 (R)",James Byrne
PEAC 7060,T05 (26425),"Peace, Conflict, and the Environment (3)",M,"Sep 03 - Dec 08, 18:00-21:00 (M)",Uchenna Azubuike
PEAC 7300,T22 (26426),"Peace, Conflict, and the Environment (3)",M,"Sep 03 - Dec 08, 18:00-21:00 (M)",Uchenna Azubuike
PEAC 7300,T09 (26455),Critical & Emancipatory Peacebuilding (3),M,"Sep 03 - Dec 08, 13:00-16:00 (R)",James Byrne
PEAC 7500,A02 (26624),Practicum (3),M,Sep 03 - Dec 08,James Byrne
PEAC 7500,A01 (15375),Practicum (3),M,Sep 03 - Dec 08,TBA
PEAC 7500,A03 (26625),Practicum (3),M,Sep 03 - Dec 08,Jessica Senehi
DDSS 2100,A01 (12010),Periodontology2 (2),B,"Sep 08 - Nov 28, 08:00-09:50 (W)",Carlo Sgarbanti
DDSS 2100,A01 (12010),Periodontology2 (2),B,"Aug 19 - Aug 19, 13:00-15:50 (T)",Carlo Sgarbanti
DDSS 2100,A01 (12010),Periodontology2 (2),B,"Aug 28 - Aug 28, 13:00-14:50 (R)",Carlo Sgarbanti
DDSS 2122,A01 (12023),"Oral Pathology, Part A (2.5)",B,"Sep 02 - Nov 28, 10:00-11:50 (R)",Vimi Mutalik
DDSS 2130,A01 (12009),Pain and Anxiety Control 1 (1),B,Aug 05 - Sep 12,Reda Elgazzar
DDSS 2130,A01 (12009),Pain and Anxiety Control 1 (1),B,"Aug 11 - Aug 11, 16:00-16:50 (M)",Reda Elgazzar
DDSS 2130,A01 (12009),Pain and Anxiety Control 1 (1),B,"Aug 28 - Aug 28, 08:00-08:50 (R)",Reda Elgazzar
DDSS 3102,A01 (12302),"Periodontology 3, Part A (1.5)",B,"Aug 05 - Aug 05, 08:30-09:20 (T)",Sylvia Todescan
DDSS 3102,A01 (12302),"Periodontology 3, Part A (1.5)",B,"Aug 13 - Aug 13, 13:00-13:50 (W)",Sylvia Todescan
DDSS 3102,A01 (12302),"Periodontology 3, Part A (1.5)",B,"Aug 12 - Aug 12, 16:00-16:50 (T)",Sylvia Todescan
DDSS 3102,A01 (12302),"Periodontology 3, Part A (1.5)",B,"Aug 19 - Aug 19, 15:00-16:50 (T)",Sylvia Todescan
DDSS 3102,A01 (12302),"Periodontology 3, Part A (1.5)",B,"Aug 06 - Aug 06, 13:00-16:50 (W)",Sylvia Todescan
DDSS 3102,A01 (12302),"Periodontology 3, Part A (1.5)",B,"Aug 20 - Aug 20, 08:00-09:50 (W)",Sylvia Todescan
DDSS 3102,A01 (12302),"Periodontology 3, Part A (1.5)",B,"Sep 08 - Nov 28, 09:00-09:50 (M)",Sylvia Todescan
DDSS 3102,A01 (12302),"Periodontology 3, Part A (1.5)",B,"Aug 19 - Aug 19, 08:00-08:50 (T)",Sylvia Todescan
DDSS 3102,A01 (12302),"Periodontology 3, Part A (1.5)",B,"Aug 06 - Aug 06, 08:00-08:50 (W)",Sylvia Todescan
DDSS 3102,A01 (12302),"Periodontology 3, Part A (1.5)",B,"Aug 11 - Aug 11, 11:00-11:50 (M)",Sylvia Todescan
DDSS 3112,A01 (12300),"Oral Diagnosis and Radiology 1, Part A (1)",B,Sep 02 - Dec 05,Mohamad-Hasan Kadhim
DDSS 3112,A01 (12300),"Oral Diagnosis and Radiology 1, Part A (1)",B,"Aug 12 - Aug 12, 08:00-08:50 (T)",Mohamad-Hasan Kadhim
DDSS 3112,A01 (12300),"Oral Diagnosis and Radiology 1, Part A (1)",B,"Aug 26 - Aug 26, 11:00-11:50 (T)",Mohamad-Hasan Kadhim
DDSS 3132,A01 (12301),"Oral and Maxillofacial Surgery 1, Part A (1)",B,"Sep 08 - Nov 28, 08:00-08:50 (M)",Reda Elgazzar
DDSS 3132,A01 (12301),"Oral and Maxillofacial Surgery 1, Part A (1)",B,"Aug 11 - Aug 11, 08:00-08:50 (M)",Reda Elgazzar
DDSS 3142,A01 (12293),"Medicine, Part A (1)",B,"Dec 05 - Dec 05, 15:00-15:50 (F)",Reda Elgazzar
DDSS 3142,A01 (12293),"Medicine, Part A (1)",B,Sep 02 - Nov 28,Reda Elgazzar
DDSS 3152,A01 (12299),"Temporomandibular Disorders and Orofacial Pain, Part A (1)",B,"Sep 08 - Nov 28, 11:00-11:50 (M)",Reynaldo Todescan
DDSS 3162,A01 (16409),"Pharmacology and Therapeutics, Part A (1.5)",B,"Sep 02 - Nov 28, 09:00-09:50 (T)",Christopher Cottick
DDSS 4122,A01 (12595),"Oral & Maxillofacial Surgery 2, Part A (0.5)",B,"Aug 28 - Aug 28, 13:00-16:50 (R)",Reda Elgazzar
DDSS 4122,A01 (12595),"Oral & Maxillofacial Surgery 2, Part A (0.5)",B,"Sep 02 - Nov 28, 16:00-16:50 (T)",Reda Elgazzar
DDSS 4150,A01 (12594),"Hospital Dentistry, Part A (0.5)",B,"Sep 12 - Nov 28, 08:00-08:50 (F)",Christopher Cottick
DDSS 4150,A01 (12594),"Hospital Dentistry, Part A (0.5)",B,Sep 02 - Dec 05,Christopher Cottick
DDSS 7030,A01 (26291),"Advanced Oral Radiology, Part A (0.5)",B,"Aug 05 - Dec 23, 08:00-09:50 (M)",TBA
DDSS 7050,A01 (10196),"Oral Medicine and Oral Diagnosis, Part A (1.5)",B,"Aug 13 - Dec 17, 13:00-14:50 (W)",John Perry
DDSS 7050,A01 (10196),"Oral Medicine and Oral Diagnosis, Part A (1.5)",B,"Aug 05 - Dec 23, 09:00-11:50 (F)",John Perry
DDSS 7050,A01 (10196),"Oral Medicine and Oral Diagnosis, Part A (1.5)",B,"Aug 05 - Dec 23, 14:00-16:50 (MT)",John Perry
DDSS 7120,A01 (10199),"Advanced Clinical Periodontics, Part A (2)",B,"Aug 05 - Dec 23, 14:00-15:50 (R)",Chrysi Stavropoulou
DDSS 7160,A01 (18277),Basic Clinical Periodontics (2),B,"Aug 05 - Dec 23, 15:30-17:30 (R)",Chrysi Stavropoulou
DDSS 7210,A01 (12733),"Clinical Practice in Periodontics, Part A (9)",B,"Aug 05 - Dec 23, 07:30-09:00 (R)",Chrysi Stavropoulou
DDSS 7210,A01 (12733),"Clinical Practice in Periodontics, Part A (9)",B,"Aug 18 - Dec 23, 11:00-12:30 (M)",Chrysi Stavropoulou
DDSS 7210,A01 (12733),"Clinical Practice in Periodontics, Part A (9)",B,"Aug 05 - Aug 05,  (T)",Chrysi Stavropoulou
DDSS 7210,A01 (12733),"Clinical Practice in Periodontics, Part A (9)",B,"Aug 05 - Dec 23, 14:00-16:50 (MTW)",Chrysi Stavropoulou
DDSS 7210,A01 (12733),"Clinical Practice in Periodontics, Part A (9)",B,"Aug 05 - Dec 23, 12:00-12:50 (T)",Chrysi Stavropoulou
DDSS 7220,A01 (10200),"Essay/Research Project, Part A (0)",B,Aug 05 - Dec 23,Syed Shah
DDSS 7240,A01 (10201),"Advanced Oral and Maxillofacial Surgery Seminar 1, Part A (1.5)",B,"Aug 05 - Dec 23, 13:00-16:50 (M)",Syed Shah
DDSS 7250,A01 (12386),"Clinical Advanced Oral and Maxillofacial Surgery 1, Part A (3)",B,Aug 05 - Dec 23,Syed Shah
DDSS 7260,A01 (10202),"Advanced Oral and Maxillofacial Surgery Seminar 2, Part A (1.5)",B,"Aug 05 - Dec 23, 13:00-16:50 (M)",Syed Shah
DDSS 7270,A01 (10203),"Clinical Advanced Oral and Maxillofacial Surgery 2, Part A (3)",B,Aug 05 - Dec 23,Syed Shah
DDSS 7280,A01 (10204),"Clinical Advanced Oral and Maxillofacial Surgery 3, Part A (3)",B,"Aug 05 - Dec 23, 13:00-16:50 (M)",Syed Shah
DDSS 7290,A01 (10205),"Clinical Advanced Oral and Maxillofacial Surgery 4, Part A (3)",B,Aug 05 - Dec 23,Syed Shah
DDSS 7300,A01 (24594),"Dental Implantology, Part A (1.5)",B,"Aug 05 - Dec 23, 10:00-11:50 (M)",Chrysi Stavropoulou
DENT 1202,A01 (11832),"Early Clinical Experience, Part A (1.5)",B,"Sep 08 - Nov 28, 09:00-11:50 (M)",Connie Hack
DENT 1202,A01 (11832),"Early Clinical Experience, Part A (1.5)",B,"Oct 20 - Nov 28, 08:00-08:50 (M)",Connie Hack
DENT 1210,A01 (12077),Dental Practice Management 1 (1),B,"Aug 20 - Aug 20, 13:00-14:50 (W)",Dieter Schonwetter
DENT 1210,A01 (12077),Dental Practice Management 1 (1),B,"Aug 19 - Aug 19, 08:00-10:50 (T)",Dieter Schonwetter
DENT 1210,A01 (12077),Dental Practice Management 1 (1),B,"Aug 20 - Aug 20, 08:00-09:50 (W)",Dieter Schonwetter
DENT 1210,A01 (12077),Dental Practice Management 1 (1),B,Aug 18 - Nov 28,Dieter Schonwetter
DENT 1210,A01 (12077),Dental Practice Management 1 (1),B,"Aug 20 - Aug 20, 15:00-16:50 (W)",Dieter Schonwetter
DENT 1210,A01 (12077),Dental Practice Management 1 (1),B,"Sep 02 - Sep 02, 13:00-14:50 (T)",Dieter Schonwetter
DENT 1210,A01 (12077),Dental Practice Management 1 (1),B,"Aug 21 - Aug 21, 13:00-14:50 (R)",Dieter Schonwetter
DENT 1210,A01 (12077),Dental Practice Management 1 (1),B,"Aug 19 - Aug 19, 13:00-14:50 (T)",Dieter Schonwetter
DENT 1210,A01 (12077),Dental Practice Management 1 (1),B,"Aug 28 - Aug 28, 09:00-11:50 (R)",Dieter Schonwetter
DENT 1210,A01 (12077),Dental Practice Management 1 (1),B,"Sep 04 - Sep 04, 08:00-08:50 (R)",Dieter Schonwetter
DENT 1210,A01 (12077),Dental Practice Management 1 (1),B,"Aug 28 - Aug 28, 13:00-14:50 (R)",Dieter Schonwetter
DENT 2202,A01 (12011),"Introduction to Comprehensive Care, Part A (2)",B,"Sep 17 - Nov 28, 15:00-16:50 (W)",Asmaa Haimeur
DENT 2202,A01 (12011),"Introduction to Comprehensive Care, Part A (2)",B,"Aug 21 - Aug 21, 15:00-16:50 (R)",Asmaa Haimeur
DENT 2202,A01 (12011),"Introduction to Comprehensive Care, Part A (2)",B,"Sep 02 - Nov 28, 13:30-16:30 (R)",Asmaa Haimeur
DENT 2202,A01 (12011),"Introduction to Comprehensive Care, Part A (2)",B,"Aug 12 - Aug 12, 10:00-11:50 (T)",Asmaa Haimeur
DENT 2202,A01 (12011),"Introduction to Comprehensive Care, Part A (2)",B,"Sep 02 - Nov 28, 08:30-11:30 (T)",Asmaa Haimeur
DENT 2202,A01 (12011),"Introduction to Comprehensive Care, Part A (2)",B,"Aug 14 - Aug 14, 08:00-09:50 (R)",Asmaa Haimeur
DENT 3210,A01 (12652),"Dental Practice Management 3, Part A (0.5)",B,"Aug 25 - Aug 25, 08:00-11:50 (M)",Dieter Schonwetter
DENT 3210,A01 (12652),"Dental Practice Management 3, Part A (0.5)",B,"Sep 09 - Sep 09, 08:00-08:50 (T)",Dieter Schonwetter
DENT 3210,A01 (12652),"Dental Practice Management 3, Part A (0.5)",B,"Aug 14 - Aug 14, 13:00-16:50 (R)",Dieter Schonwetter
DENT 3210,A01 (12652),"Dental Practice Management 3, Part A (0.5)",B,"Aug 18 - Aug 18, 08:00-10:50 (M)",Dieter Schonwetter
DENT 3210,A01 (12652),"Dental Practice Management 3, Part A (0.5)",B,"Aug 18 - Aug 18, 13:30-16:50 (M)",Dieter Schonwetter
DENT 3210,A01 (12652),"Dental Practice Management 3, Part A (0.5)",B,Sep 02 - Nov 28,Dieter Schonwetter
DENT 3210,A01 (12652),"Dental Practice Management 3, Part A (0.5)",B,"Aug 08 - Aug 08, 13:00-16:50 (F)",Dieter Schonwetter
DENT 3210,A01 (12652),"Dental Practice Management 3, Part A (0.5)",B,"Aug 29 - Aug 29, 13:00-15:50 (F)",Dieter Schonwetter
DENT 4202,A01 (12596),"Interdisciplinary Patient Centred Care Case Studies, Part A (1)",B,"Sep 02 - Nov 28, 15:00-15:50 (T)",Trenna Reeve
DENT 4210,A01 (12604),"Dental Practice Management 4, Part A (1)",B,"Sep 05 - Sep 05, 08:00-08:50 (F)",Dieter Schonwetter
DENT 4210,A01 (12604),"Dental Practice Management 4, Part A (1)",B,"Aug 07 - Aug 07, 08:00-11:50 (R)",Dieter Schonwetter
DENT 4210,A01 (12604),"Dental Practice Management 4, Part A (1)",B,"Aug 06 - Aug 06, 08:00-08:50 (W)",Dieter Schonwetter
DENT 4210,A01 (12604),"Dental Practice Management 4, Part A (1)",B,"Aug 11 - Aug 11, 13:00-15:50 (M)",Dieter Schonwetter
DENT 4210,A01 (12604),"Dental Practice Management 4, Part A (1)",B,"Aug 18 - Aug 18, 11:00-11:50 (M)",Dieter Schonwetter
DENT 4210,A01 (12604),"Dental Practice Management 4, Part A (1)",B,"Aug 11 - Aug 11, 09:00-11:50 (M)",Dieter Schonwetter
DENT 4210,A01 (12604),"Dental Practice Management 4, Part A (1)",B,"Aug 08 - Aug 08, 08:00-11:50 (F)",Dieter Schonwetter
DENT 4210,A01 (12604),"Dental Practice Management 4, Part A (1)",B,"Aug 12 - Aug 12, 15:00-16:50 (T)",Dieter Schonwetter
DENT 4210,A01 (12604),"Dental Practice Management 4, Part A (1)",B,"Aug 25 - Aug 25, 13:00-16:50 (M)",Dieter Schonwetter
DENT 4210,A01 (12604),"Dental Practice Management 4, Part A (1)",B,"Aug 21 - Aug 21, 08:00-09:50 (R)",Dieter Schonwetter
DENT 4210,A01 (12604),"Dental Practice Management 4, Part A (1)",B,"Aug 05 - Aug 05, 13:00-16:50 (T)",Dieter Schonwetter
DENT 4210,A01 (12604),"Dental Practice Management 4, Part A (1)",B,"Aug 07 - Aug 07, 13:00-16:50 (R)",Dieter Schonwetter
DENT 4210,A01 (12604),"Dental Practice Management 4, Part A (1)",B,"Aug 29 - Aug 29, 13:00-14:50 (F)",Dieter Schonwetter
DENT 4210,A01 (12604),"Dental Practice Management 4, Part A (1)",B,"Aug 26 - Aug 26, 13:00-16:50 (T)",Dieter Schonwetter
DENT 4210,A01 (12604),"Dental Practice Management 4, Part A (1)",B,Sep 05 - Nov 28,Dieter Schonwetter
DENT 4222,A01 (12597),"General Practice Dentistry, Part A (5)",B,"Sep 02 - Dec 05, 08:30-11:30 (MTWR)",Trenna Reeve
DENT 4222,A01 (12597),"General Practice Dentistry, Part A (5)",B,"Aug 27 - Aug 27, 09:00-11:50 (W)",Trenna Reeve
DENT 4222,A01 (12597),"General Practice Dentistry, Part A (5)",B,"Aug 14 - Aug 14, 09:00-11:50 (R)",Trenna Reeve
DENT 4222,A01 (12597),"General Practice Dentistry, Part A (5)",B,"Aug 13 - Aug 13, 13:00-14:50 (W)",Trenna Reeve
DENT 4222,A01 (12597),"General Practice Dentistry, Part A (5)",B,"Aug 12 - Aug 12, 10:00-11:50 (T)",Trenna Reeve
DENT 4222,A01 (12597),"General Practice Dentistry, Part A (5)",B,"Aug 28 - Aug 28, 08:00-11:50 (R)",Trenna Reeve
DENT 4222,A01 (12597),"General Practice Dentistry, Part A (5)",B,"Aug 18 - Aug 18, 13:30-14:50 (M)",Trenna Reeve
DENT 4222,A01 (12597),"General Practice Dentistry, Part A (5)",B,"Sep 02 - Dec 05, 13:30-16:30 (MWR)",Trenna Reeve
DENT 4222,A01 (12597),"General Practice Dentistry, Part A (5)",B,"Sep 02 - Dec 05, 13:00-15:50 (F)",Trenna Reeve
DENT 4232,A01 (12598),"General Practice Seminars, Part A (1)",B,"Sep 02 - Nov 28, 13:00-14:50 (T)",Asmaa Haimeur
DENT 4240,A01 (12603),Dental Jurisprudence (1),B,"Sep 02 - Nov 28, 10:00-11:50 (F)",Marcel Van Woensel
ORLB 1302,A01 (11834),Cell and Tissue Biology (4),B,"Sep 05 - Nov 28, 13:00-14:50 (F)",Prashen Chelikani
ORLB 1302,A01 (11834),Cell and Tissue Biology (4),B,"Sep 08 - Nov 28, 14:00-15:50 (M)",Prashen Chelikani
ORLB 1310,A01 (11835),"Head, Neck and Nervous System, Part 1 (4)",B,"Sep 02 - Nov 28, 09:00-11:50 (WF)",Aleksandra Glogowska
ORLB 2300,A01 (12013),Pathology and Microbiology 1 (1),B,"Aug 12 - Aug 12, 08:00-09:50 (T)",Kangmin Duan
ORLB 2300,A01 (12013),Pathology and Microbiology 1 (1),B,"Aug 26 - Aug 26, 08:00-09:50 (T)",Kangmin Duan
ORLB 2300,A01 (12013),Pathology and Microbiology 1 (1),B,"Sep 03 - Sep 03, 08:00-09:50 (W)",Kangmin Duan
ORLB 2300,A01 (12013),Pathology and Microbiology 1 (1),B,"Aug 21 - Aug 21, 08:00-09:50 (R)",Kangmin Duan
ORLB 2300,A01 (12013),Pathology and Microbiology 1 (1),B,"Aug 18 - Aug 18, 10:00-11:00 (M)",Kangmin Duan
ORLB 2300,A01 (12013),Pathology and Microbiology 1 (1),B,"Aug 12 - Aug 12, 13:00-14:50 (T)",Kangmin Duan
ORLB 2300,A01 (12013),Pathology and Microbiology 1 (1),B,"Aug 20 - Aug 20, 13:00-15:50 (W)",Kangmin Duan
ORLB 2300,A01 (12013),Pathology and Microbiology 1 (1),B,"Aug 14 - Aug 14, 13:00-15:50 (R)",Kangmin Duan
ORLB 2312,A01 (12008),"Structure and Function of Major Organ Systems, Part A (2)",B,"Sep 02 - Nov 28, 08:00-09:50 (R)",James Gilchrist
ORLB 2320,A01 (12012),Cariology and Plaque Associated Diseases (3),B,"Aug 28 - Aug 28, 15:00-15:50 (R)",TBA
ORLB 2320,A01 (12012),Cariology and Plaque Associated Diseases (3),B,"Sep 02 - Nov 28, 10:00-11:50 (W)",TBA
ORLB 2320,A01 (12012),Cariology and Plaque Associated Diseases (3),B,"Aug 26 - Aug 26, 10:00-11:50 (T)",TBA
ORLB 3300,A01 (12289),Pathology and Microbiology 2 (1),B,"Aug 11 - Aug 11, 15:00-16:50 (M)",Kangmin Duan
ORLB 3300,A01 (12289),Pathology and Microbiology 2 (1),B,"Aug 20 - Aug 20, 10:00-11:50 (W)",Kangmin Duan
ORLB 3300,A01 (12289),Pathology and Microbiology 2 (1),B,"Aug 05 - Aug 08, 10:00-11:50 (TWRF)",Kangmin Duan
ORLB 3300,A01 (12289),Pathology and Microbiology 2 (1),B,"Aug 19 - Aug 19, 09:00-11:50 (T)",Kangmin Duan
ORLB 3300,A01 (12289),Pathology and Microbiology 2 (1),B,"Aug 29 - Aug 29, 10:00-11:50 (F)",Kangmin Duan
ORLB 7090,A01 (26292),Pharmacology and Therapeutics (3),B,"Aug 05 - Dec 23, 10:00-11:50 (M)",Anju Sareen
ORLB 7100,A01 (13856),Oral Microbial Ecology (3),B,"Aug 05 - Dec 23, 09:00-10:50 (T)",Kangmin Duan
PDSD 2420,A01 (12024),Dental Public Health (1),B,"Aug 28 - Aug 28, 09:00-11:50 (R)",Anil Menon
PDSD 2420,A01 (12024),Dental Public Health (1),B,"Aug 12 - Aug 12, 15:00-16:50 (T)",Anil Menon
PDSD 2420,A01 (12024),Dental Public Health (1),B,"Sep 10 - Sep 10, 15:00-16:50 (W)",Anil Menon
PDSD 2420,A01 (12024),Dental Public Health (1),B,"Aug 11 - Aug 11, 13:00-15:50 (M)",Anil Menon
PDSD 2420,A01 (12024),Dental Public Health (1),B,"Aug 27 - Aug 27, 09:00-11:50 (W)",Anil Menon
PDSD 2420,A01 (12024),Dental Public Health (1),B,"Aug 26 - Aug 26, 13:00-14:50 (T)",Anil Menon
PDSD 3402,A01 (12294),"Orthodontics 3, Part A (1)",B,"Sep 02 - Nov 28, 13:00-13:50 (F)",Fabio De Sa Leitao Pinheiro
PDSD 3404,A01 (16410),Dental Public Health 2 (3),B,"Aug 13 - Aug 13, 14:00-16:50 (W)",Anil Menon
PDSD 3404,A01 (16410),Dental Public Health 2 (3),B,"Aug 07 - Aug 07, 15:00-16:50 (R)",Anil Menon
PDSD 3404,A01 (16410),Dental Public Health 2 (3),B,"Aug 19 - Aug 19, 13:00-14:50 (T)",Anil Menon
PDSD 3404,A01 (16410),Dental Public Health 2 (3),B,"Aug 07 - Aug 07, 08:00-09:50 (R)",Anil Menon
PDSD 3404,A01 (16410),Dental Public Health 2 (3),B,"Aug 20 - Aug 20, 13:00-14:50 (W)",Anil Menon
PDSD 3404,A01 (16410),Dental Public Health 2 (3),B,"Aug 26 - Aug 26, 09:00-10:50 (T)",Anil Menon
PDSD 3404,A01 (16410),Dental Public Health 2 (3),B,"Aug 05 - Aug 05, 13:00-16:50 (T)",Anil Menon
PDSD 3404,A01 (16410),Dental Public Health 2 (3),B,"Aug 18 - Aug 18, 11:00-11:50 (M)",Anil Menon
PDSD 3404,A01 (16410),Dental Public Health 2 (3),B,"Aug 14 - Aug 14, 08:00-11:50 (R)",Anil Menon
PDSD 3412,A01 (24724),"Pediatric Dentistry 2, Part A (1.5)",B,"Aug 08 - Aug 08, 08:00-09:50 (F)",James Ksionzyk
PDSD 3412,A01 (24724),"Pediatric Dentistry 2, Part A (1.5)",B,"Sep 02 - Nov 28, 08:00-08:50 (F)",James Ksionzyk
PDSD 4402,A01 (12600),"Orthodontics 4, Part A (1)",B,"Sep 02 - Nov 28, 09:00-09:50 (F)",Daniela Sens Nunes
PDSD 4402,A01 (12600),"Orthodontics 4, Part A (1)",B,"Aug 29 - Aug 29, 15:00-16:50 (F)",Daniela Sens Nunes
PDSD 4412,A01 (12599),"Pediatric Dentistry 3, Part A (1)",B,"Aug 06 - Aug 06, 13:00-14:50 (W)",James Ksionzyk
PDSD 4412,A01 (12599),"Pediatric Dentistry 3, Part A (1)",B,Sep 02 - Dec 05,James Ksionzyk
PDSD 4422,A01 (12601),"Community Dentistry Externship, Part A (2)",B,"Aug 13 - Aug 13, 09:00-11:50 (W)",Anil Menon
PDSD 4422,A01 (12601),"Community Dentistry Externship, Part A (2)",B,"Aug 18 - Aug 18, 08:00-10:50 (M)",Anil Menon
PDSD 4422,A01 (12601),"Community Dentistry Externship, Part A (2)",B,"Aug 25 - Aug 25, 10:00-11:50 (M)",Anil Menon
PDSD 4422,A01 (12601),"Community Dentistry Externship, Part A (2)",B,"Aug 19 - Aug 19, 08:00-11:50 (T)",Anil Menon
PDSD 4422,A01 (12601),"Community Dentistry Externship, Part A (2)",B,"Aug 12 - Aug 12, 08:00-09:50 (T)",Anil Menon
PDSD 4422,A01 (12601),"Community Dentistry Externship, Part A (2)",B,"Aug 20 - Aug 20, 09:00-09:50 (W)",Anil Menon
PDSD 4422,A01 (12601),"Community Dentistry Externship, Part A (2)",B,"Aug 06 - Aug 06, 09:00-11:50 (W)",Anil Menon
PDSD 4422,A01 (12601),"Community Dentistry Externship, Part A (2)",B,"Aug 06 - Aug 06, 15:00-16:50 (W)",Anil Menon
PDSD 4422,A01 (12601),"Community Dentistry Externship, Part A (2)",B,"Aug 12 - Aug 12, 13:00-14:50 (T)",Anil Menon
PDSD 4422,A01 (12601),"Community Dentistry Externship, Part A (2)",B,Sep 02 - Dec 05,Anil Menon
PDSD 7000,A03 (26603),Neural Basis of Oropharyngeal Function (1.5),B,Aug 05 - Dec 23,William Wiltshire
PDSD 7020,A01 (10192),"The Mechanics of Orthodontic Therapy, Part A (3)",B,"Aug 05 - Dec 23, 13:00-15:50 (T)",TBA
PDSD 7040,A01 (10193),"Clinical Craniofacial Growth and Development, Part A (1.5)",B,"Aug 05 - Dec 23, 13:00-15:50 (R)",Fabio De Sa Leitao Pinheiro
PDSD 7060,A01 (10194),"Cephalometric Analysis, Part A (1.5)",B,"Aug 05 - Dec 23, 08:00-08:50 (MTWRF)",William Wiltshire
PDSD 7070,A01 (10195),"Biology of Orthodontics and Facial Orthopedics, Part A (1.5)",B,Aug 05 - Dec 23,William Wiltshire
PDSD 7102,A01 (11839),"Hospital Pediatric Dentistry I, Part A (3)",B,Aug 05 - Dec 23,TBA
PDSD 7103,A01 (12395),"Hospital Pediatric Dentistry II, Part A (3)",B,Aug 05 - Dec 23,TBA
PDSD 7104,A01 (11840),"Management and Restorative Treatment of Pediatric Patients I, Part A (3)",B,Aug 05 - Dec 23,TBA
PDSD 7105,A01 (12396),"Management and Restorative Treatment of Pediatric Patients II, Part A (3)",B,Aug 05 - Dec 23,TBA
PDSD 7107,A01 (11841),"Special Needs and Emergency Care in Pediatric Patients, Part A (1.5)",B,Aug 05 - Dec 23,TBA
PDSD 7108,A01 (26316),"Growth and Development - Management of the Developing Occlusion, Part A (1.5)",B,Aug 05 - Dec 23,TBA
RSTD 1500,A01 (12230),Dental Materials 1 (2),B,"Aug 25 - Aug 25, 13:30-15:50 (M)",Rodrigo Franca
RSTD 1500,A01 (12230),Dental Materials 1 (2),B,"Sep 02 - Nov 28, 08:00-08:50 (T)",Rodrigo Franca
RSTD 1500,A01 (12230),Dental Materials 1 (2),B,"Sep 02 - Nov 28, 09:00-11:50 (T)",Rodrigo Franca
RSTD 1512,A01 (11837),"Operative Dentistry 1, Part A (3)",B,"Sep 02 - Nov 28, 13:00-16:50 (W)",Patricia Ling
RSTD 1520,A01 (11838),"Dental Anatomy, Part A (1.5)",B,"Sep 02 - Nov 28, 13:00-13:50 (R)",Noriko Boorberg
RSTD 1520,A01 (11838),"Dental Anatomy, Part A (1.5)",B,"Sep 02 - Nov 28, 14:00-16:50 (R)",Noriko Boorberg
RSTD 1550,A01 (12018),"Introduction to Dentistry, Part A (1)",B,"Sep 02 - Nov 28, 09:00-11:50 (R)",Dieter Schonwetter
RSTD 2502,A01 (24570),"Dental Materials-2, Part A (1)",B,"Aug 29 - Aug 29, 09:00-11:50 (F)",Rodrigo Franca
RSTD 2502,A01 (24570),"Dental Materials-2, Part A (1)",B,"Sep 02 - Nov 28, 13:00-14:50 (W)",Rodrigo Franca
RSTD 2510,A01 (12015),Operative Dentistry-2 (3),B,"Aug 27 - Aug 27, 13:00-15:50 (W)",Asmaa Haimeur
RSTD 2510,A01 (12015),Operative Dentistry-2 (3),B,"Sep 08 - Nov 28, 14:00-16:50 (M)",Asmaa Haimeur
RSTD 2510,A01 (12015),Operative Dentistry-2 (3),B,"Sep 08 - Nov 28, 08:00-11:50 (M)",Asmaa Haimeur
RSTD 2532,A01 (12016),"Fixed Prosthodontics 1, Part A (3)",B,"Aug 29 - Nov 28, 13:00-16:50 (F)",Cristina Tebechrani Fiuza
RSTD 2532,A01 (12016),"Fixed Prosthodontics 1, Part A (3)",B,"Sep 02 - Nov 28, 08:00-11:50 (F)",Cristina Tebechrani Fiuza
RSTD 2552,A01 (12017),"Complete Denture Prosthodontics, Part A (2)",B,"Sep 02 - Nov 28, 13:00-16:50 (T)",Vanessa Swain
RSTD 3512,A01 (12292),"Operative Dentistry 3, Part A (2.5)",B,"Aug 06 - Aug 06, 09:00-09:50 (W)",Vanessa Hunzinger
RSTD 3512,A01 (12292),"Operative Dentistry 3, Part A (2.5)",B,"Sep 08 - Nov 28, 10:00-10:50 (M)",Vanessa Hunzinger
RSTD 3512,A01 (12292),"Operative Dentistry 3, Part A (2.5)",B,"Aug 25 - Aug 25, 13:00-16:50 (M)",Vanessa Hunzinger
RSTD 3512,A01 (12292),"Operative Dentistry 3, Part A (2.5)",B,"Aug 20 - Aug 20, 15:00-16:50 (W)",Vanessa Hunzinger
RSTD 3522,A01 (12297),"Endodontology 2, Part A (1.5)",B,"Sep 16 - Nov 28, 08:00-08:50 (T)",Rodrigo Cunha
RSTD 3532,A01 (12295),"Fixed Prosthodontics 2, Part A (2.5)",B,"Aug 07 - Aug 07, 13:00-14:50 (R)",Ana Cecilia Teodoro Schettini
RSTD 3532,A01 (12295),"Fixed Prosthodontics 2, Part A (2.5)",B,"Sep 02 - Nov 28, 11:00-11:50 (T)",Ana Cecilia Teodoro Schettini
RSTD 3532,A01 (12295),"Fixed Prosthodontics 2, Part A (2.5)",B,"Aug 21 - Aug 21, 08:00-09:50 (R)",Ana Cecilia Teodoro Schettini
RSTD 3542,A01 (12298),"Complete and Removable Partial Denture Prosthodontics, Part A (1.5)",B,"Sep 02 - Nov 28, 10:00-10:50 (T)",Aaron Kim
RSTD 7010,A01 (18140),Dental Laboratory Technology (4),B,Aug 05 - Dec 23,Igor Pesun
RSTD 7016,A01 (18143),Clinical Practice in Prosthdontics 1 (8),B,"Aug 05 - Dec 23, 14:00-16:50 (MTR)",Igor Pesun
RSTD 7022,A01 (26286),"Advanced Prosthodontic Seminars 3 - Removable Partial Dentures, Dental Materials (1)",B,"Aug 05 - Dec 23, 15:30-16:50 (T)",Igor Pesun
RSTD 7024,A01 (26290),Classic Complete Denture Prosthodontic Literature Review (1),B,"Aug 05 - Dec 23, 08:00-11:50 (M)",Igor Pesun
RSTD 7026,A01 (19489),Clinical Practice in Prosthodontics 3 (8),B,Aug 05 - Dec 23,Igor Pesun
RSTD 7028,A01 (26287),Current Prosthodontic Literature Review 3 (1),B,"Aug 05 - Dec 23, 14:00-15:20 (T)",Igor Pesun
RSTD 7036,A01 (20684),Clinical Practice in Prosthodontics 5 (8),B,Aug 05 - Dec 23,Igor Pesun
OT 6100,A01 (11258),Human Determinants of Occupational Performance (Part A) (3),B,"Oct 22 - Oct 22, 15:00-15:55 (W)",Daniel Doerksen
OT 6100,A01 (11258),Human Determinants of Occupational Performance (Part A) (3),B,"Sep 02 - Sep 02, 09:00-11:55 (T)",Daniel Doerksen
OT 6100,A01 (11258),Human Determinants of Occupational Performance (Part A) (3),B,"Sep 16 - Sep 16, 09:00-11:55 (T)",Daniel Doerksen
OT 6100,A01 (11258),Human Determinants of Occupational Performance (Part A) (3),B,"Sep 23 - Sep 23, 09:00-11:55 (T)",Daniel Doerksen
OT 6100,A01 (11258),Human Determinants of Occupational Performance (Part A) (3),B,"Oct 07 - Oct 07, 09:00-11:55 (T)",Daniel Doerksen
OT 6100,A01 (11258),Human Determinants of Occupational Performance (Part A) (3),B,"Oct 21 - Oct 21, 09:00-11:55 (T)",Daniel Doerksen
OT 6100,A01 (11258),Human Determinants of Occupational Performance (Part A) (3),B,"Nov 04 - Nov 04, 09:00-11:55 (T)",Daniel Doerksen
OT 6100,A01 (11258),Human Determinants of Occupational Performance (Part A) (3),B,"Sep 04 - Sep 04, 09:00-11:55 (R)",Daniel Doerksen
OT 6100,A01 (11258),Human Determinants of Occupational Performance (Part A) (3),B,"Sep 24 - Sep 24, 15:00-15:55 (W)",Daniel Doerksen
OT 6100,A01 (11258),Human Determinants of Occupational Performance (Part A) (3),B,"Sep 25 - Sep 25, 09:00-11:55 (R)",Daniel Doerksen
OT 6100,A01 (11258),Human Determinants of Occupational Performance (Part A) (3),B,"Oct 23 - Oct 23, 09:00-11:55 (R)",Daniel Doerksen
OT 6100,A01 (11258),Human Determinants of Occupational Performance (Part A) (3),B,"Aug 28 - Aug 28, 13:00-15:55 (R)",Daniel Doerksen
OT 6100,A01 (11258),Human Determinants of Occupational Performance (Part A) (3),B,"Oct 17 - Oct 17, 13:00-15:55 (F)",Daniel Doerksen
OT 6100,A01 (11258),Human Determinants of Occupational Performance (Part A) (3),B,"Sep 12 - Sep 12, 08:00-10:55 (F)",Daniel Doerksen
OT 6100,A01 (11258),Human Determinants of Occupational Performance (Part A) (3),B,"Sep 10 - Sep 10, 16:00-16:55 (W)",Daniel Doerksen
OT 6100,A01 (11258),Human Determinants of Occupational Performance (Part A) (3),B,"Sep 18 - Sep 18, 09:00-11:55 (R)",Daniel Doerksen
OT 6110,A01 (11259),Fundamentals of Occupational Therapy Theory (3),B,"Oct 30 - Oct 30, 08:00-09:55 (R)",Natalie MacLeod Schroeder
OT 6110,A01 (11259),Fundamentals of Occupational Therapy Theory (3),B,"Oct 14 - Oct 14, 08:00-09:55 (T)",Natalie MacLeod Schroeder
OT 6110,A01 (11259),Fundamentals of Occupational Therapy Theory (3),B,"Sep 12 - Sep 12, 13:00-14:55 (F)",Natalie MacLeod Schroeder
OT 6110,A01 (11259),Fundamentals of Occupational Therapy Theory (3),B,"Sep 29 - Sep 29, 11:00-12:55 (M)",Natalie MacLeod Schroeder
OT 6110,A01 (11259),Fundamentals of Occupational Therapy Theory (3),B,"Oct 28 - Oct 28, 10:00-11:55 (T)",Natalie MacLeod Schroeder
OT 6110,A01 (11259),Fundamentals of Occupational Therapy Theory (3),B,"Sep 23 - Sep 23, 13:00-14:55 (T)",Natalie MacLeod Schroeder
OT 6110,A01 (11259),Fundamentals of Occupational Therapy Theory (3),B,"Sep 03 - Sep 03, 13:00-14:55 (W)",Natalie MacLeod Schroeder
OT 6110,A01 (11259),Fundamentals of Occupational Therapy Theory (3),B,"Oct 01 - Oct 01, 13:00-14:55 (W)",Natalie MacLeod Schroeder
OT 6110,A01 (11259),Fundamentals of Occupational Therapy Theory (3),B,"Oct 22 - Oct 22, 13:00-14:55 (W)",Natalie MacLeod Schroeder
OT 6110,A01 (11259),Fundamentals of Occupational Therapy Theory (3),B,"Sep 19 - Sep 19, 08:00-09:55 (F)",Natalie MacLeod Schroeder
OT 6110,A01 (11259),Fundamentals of Occupational Therapy Theory (3),B,"Sep 08 - Sep 08, 13:00-14:55 (M)",Natalie MacLeod Schroeder
OT 6110,A01 (11259),Fundamentals of Occupational Therapy Theory (3),B,"Oct 24 - Oct 24, 08:00-09:55 (F)",Natalie MacLeod Schroeder
OT 6110,A01 (11259),Fundamentals of Occupational Therapy Theory (3),B,"Oct 16 - Oct 16, 10:00-11:55 (R)",Natalie MacLeod Schroeder
OT 6110,A01 (11259),Fundamentals of Occupational Therapy Theory (3),B,"Sep 15 - Sep 15, 10:00-11:55 (M)",Natalie MacLeod Schroeder
OT 6110,A01 (11259),Fundamentals of Occupational Therapy Theory (3),B,"Sep 26 - Sep 26, 10:00-11:55 (F)",Natalie MacLeod Schroeder
OT 6110,A01 (11259),Fundamentals of Occupational Therapy Theory (3),B,"Nov 07 - Nov 07, 08:00-09:55 (F)",Natalie MacLeod Schroeder
OT 6110,A01 (11259),Fundamentals of Occupational Therapy Theory (3),B,"Aug 29 - Aug 29, 10:00-11:55 (F)",Natalie MacLeod Schroeder
OT 6110,A01 (11259),Fundamentals of Occupational Therapy Theory (3),B,"Nov 05 - Nov 05, 10:00-11:55 (W)",Natalie MacLeod Schroeder
OT 6110,A01 (11259),Fundamentals of Occupational Therapy Theory (3),B,"Oct 17 - Oct 17, 10:00-11:55 (F)",Natalie MacLeod Schroeder
OT 6110,A01 (11259),Fundamentals of Occupational Therapy Theory (3),B,"Aug 27 - Aug 27, 10:00-11:55 (W)",Natalie MacLeod Schroeder
OT 6110,A01 (11259),Fundamentals of Occupational Therapy Theory (3),B,"Sep 09 - Sep 09, 10:00-11:55 (T)",Natalie MacLeod Schroeder
OT 6110,A01 (11259),Fundamentals of Occupational Therapy Theory (3),B,"Nov 03 - Nov 03, 10:00-11:55 (M)",Natalie MacLeod Schroeder
OT 6110,A01 (11259),Fundamentals of Occupational Therapy Theory (3),B,"Oct 08 - Oct 08, 10:00-11:55 (W)",Natalie MacLeod Schroeder
OT 6122,A01 (20266),Foundations of Health and Well-being (3),B,"Oct 28 - Oct 28, 08:00-09:55 (T)",Madeline Burghardt
OT 6122,A01 (20266),Foundations of Health and Well-being (3),B,"Oct 23 - Oct 23, 13:00-14:55 (R)",Madeline Burghardt
OT 6122,A01 (20266),Foundations of Health and Well-being (3),B,"Oct 07 - Oct 07, 13:00-15:55 (T)",Madeline Burghardt
OT 6122,A01 (20266),Foundations of Health and Well-being (3),B,"Nov 07 - Nov 07, 10:00-11:55 (F)",Madeline Burghardt
OT 6122,A01 (20266),Foundations of Health and Well-being (3),B,"Sep 19 - Sep 19, 10:00-11:55 (F)",Madeline Burghardt
OT 6122,A01 (20266),Foundations of Health and Well-being (3),B,"Oct 30 - Oct 30, 10:00-11:55 (R)",Madeline Burghardt
OT 6122,A01 (20266),Foundations of Health and Well-being (3),B,"Sep 11 - Sep 11, 10:00-11:55 (R)",Madeline Burghardt
OT 6122,A01 (20266),Foundations of Health and Well-being (3),B,"Oct 14 - Oct 14, 10:00-11:55 (T)",Madeline Burghardt
OT 6122,A01 (20266),Foundations of Health and Well-being (3),B,"Oct 03 - Oct 03, 09:00-10:55 (F)",Madeline Burghardt
OT 6122,A01 (20266),Foundations of Health and Well-being (3),B,"Oct 20 - Oct 20, 10:00-11:55 (M)",Madeline Burghardt
OT 6122,A01 (20266),Foundations of Health and Well-being (3),B,"Oct 09 - Oct 09, 09:00-11:55 (R)",Madeline Burghardt
OT 6122,A01 (20266),Foundations of Health and Well-being (3),B,"Aug 27 - Aug 27, 09:00-09:55 (W)",Madeline Burghardt
OT 6122,A01 (20266),Foundations of Health and Well-being (3),B,"Oct 01 - Oct 01, 09:00-11:55 (W)",Madeline Burghardt
OT 6122,A01 (20266),Foundations of Health and Well-being (3),B,"Sep 03 - Sep 03, 08:30-11:25 (W)",Madeline Burghardt
OT 6122,A01 (20266),Foundations of Health and Well-being (3),B,"Nov 06 - Nov 06, 13:00-15:55 (R)",Madeline Burghardt
OT 6122,A01 (20266),Foundations of Health and Well-being (3),B,"Sep 09 - Sep 09, 08:00-09:55 (T)",Madeline Burghardt
OT 6122,A01 (20266),Foundations of Health and Well-being (3),B,"Nov 10 - Nov 10, 10:00-11:55 (M)",Madeline Burghardt
OT 6130,A01 (11261),Occupational Therapy Practice Skills 1 (3),B,"Oct 29 - Oct 29, 07:30-16:25 (W)",Susan Hales
OT 6130,A01 (11261),Occupational Therapy Practice Skills 1 (3),B,"Oct 03 - Oct 03, 13:00-15:25 (F)",Susan Hales
OT 6130,A01 (11261),Occupational Therapy Practice Skills 1 (3),B,"Aug 29 - Aug 29, 13:00-14:55 (F)",Susan Hales
OT 6130,A01 (11261),Occupational Therapy Practice Skills 1 (3),B,"Oct 21 - Oct 21, 16:00-17:55 (T)",Susan Hales
OT 6130,A01 (11261),Occupational Therapy Practice Skills 1 (3),B,"Sep 17 - Sep 17, 16:00-17:55 (W)",Susan Hales
OT 6130,A01 (11261),Occupational Therapy Practice Skills 1 (3),B,"Oct 02 - Oct 02, 07:30-15:55 (R)",Susan Hales
OT 6130,A01 (11261),Occupational Therapy Practice Skills 1 (3),B,"Sep 19 - Sep 19, 13:00-15:55 (F)",Susan Hales
OT 6130,A01 (11261),Occupational Therapy Practice Skills 1 (3),B,"Oct 22 - Oct 22, 08:00-09:55 (W)",Susan Hales
OT 6130,A01 (11261),Occupational Therapy Practice Skills 1 (3),B,"Oct 06 - Oct 06, 08:30-11:55 (M)",Susan Hales
OT 6130,A01 (11261),Occupational Therapy Practice Skills 1 (3),B,"Sep 24 - Sep 24, 09:00-11:55 (W)",Susan Hales
OT 6130,A01 (11261),Occupational Therapy Practice Skills 1 (3),B,"Nov 12 - Nov 12, 09:00-11:55 (W)",Susan Hales
OT 6130,A01 (11261),Occupational Therapy Practice Skills 1 (3),B,"Sep 22 - Sep 22, 13:00-15:55 (M)",Susan Hales
OT 6130,A01 (11261),Occupational Therapy Practice Skills 1 (3),B,"Oct 08 - Oct 08, 08:00-09:55 (W)",Susan Hales
OT 6130,A01 (11261),Occupational Therapy Practice Skills 1 (3),B,"Sep 04 - Sep 04, 13:00-15:55 (R)",Susan Hales
OT 6130,A01 (11261),Occupational Therapy Practice Skills 1 (3),B,"Oct 21 - Oct 21, 13:00-15:55 (T)",Susan Hales
OT 6130,A01 (11261),Occupational Therapy Practice Skills 1 (3),B,"Oct 30 - Oct 30, 13:00-15:55 (R)",Susan Hales
OT 6130,A01 (11261),Occupational Therapy Practice Skills 1 (3),B,"Oct 20 - Oct 20, 13:00-14:55 (M)",Susan Hales
OT 6130,A01 (11261),Occupational Therapy Practice Skills 1 (3),B,"Nov 03 - Nov 03, 13:00-15:55 (M)",Susan Hales
OT 6130,A01 (11261),Occupational Therapy Practice Skills 1 (3),B,"Oct 14 - Oct 14, 13:00-15:55 (T)",Susan Hales
OT 6130,A01 (11261),Occupational Therapy Practice Skills 1 (3),B,"Sep 11 - Sep 11, 13:00-15:55 (R)",Susan Hales
OT 6130,A01 (11261),Occupational Therapy Practice Skills 1 (3),B,"Sep 09 - Sep 09, 13:00-15:55 (T)",Susan Hales
OT 6130,A01 (11261),Occupational Therapy Practice Skills 1 (3),B,"Sep 02 - Sep 02, 13:00-15:55 (T)",Susan Hales
OT 6130,A01 (11261),Occupational Therapy Practice Skills 1 (3),B,"Oct 27 - Oct 27, 13:00-15:55 (M)",Susan Hales
OT 6130,A01 (11261),Occupational Therapy Practice Skills 1 (3),B,"Nov 05 - Nov 05, 13:00-15:55 (W)",Susan Hales
OT 6130,A01 (11261),Occupational Therapy Practice Skills 1 (3),B,"Aug 27 - Aug 27, 13:00-15:55 (W)",Susan Hales
OT 6130,A01 (11261),Occupational Therapy Practice Skills 1 (3),B,"Sep 17 - Sep 17, 13:00-15:55 (W)",Susan Hales
OT 6130,A01 (11261),Occupational Therapy Practice Skills 1 (3),B,"Sep 10 - Sep 10, 13:00-15:55 (W)",Susan Hales
OT 6130,A01 (11261),Occupational Therapy Practice Skills 1 (3),B,"Oct 09 - Oct 09, 13:00-15:55 (R)",Susan Hales
OT 6130,A01 (11261),Occupational Therapy Practice Skills 1 (3),B,"Sep 16 - Sep 16, 13:00-15:55 (T)",Susan Hales
OT 6142,A01 (20267),Professionalism and Enabling Occupation (Part A) (3.5),B,"Oct 20 - Oct 20, 08:00-09:55 (M)",Leslie Johnson
OT 6142,A01 (20267),Professionalism and Enabling Occupation (Part A) (3.5),B,"Sep 10 - Sep 10, 08:00-10:55 (W)",Leslie Johnson
OT 6142,A01 (20267),Professionalism and Enabling Occupation (Part A) (3.5),B,"Oct 15 - Oct 15, 08:30-16:25 (W)",Leslie Johnson
OT 6142,A01 (20267),Professionalism and Enabling Occupation (Part A) (3.5),B,"Sep 08 - Sep 08, 09:00-11:55 (M)",Leslie Johnson
OT 6142,A01 (20267),Professionalism and Enabling Occupation (Part A) (3.5),B,"Aug 28 - Aug 28, 09:00-10:55 (R)",Leslie Johnson
OT 6142,A01 (20267),Professionalism and Enabling Occupation (Part A) (3.5),B,"Nov 13 - Nov 13, 09:00-11:55 (R)",Leslie Johnson
OT 6142,A01 (20267),Professionalism and Enabling Occupation (Part A) (3.5),B,"Aug 29 - Aug 29, 09:00-09:55 (F)",Leslie Johnson
OT 6142,A01 (20267),Professionalism and Enabling Occupation (Part A) (3.5),B,"Oct 27 - Oct 27, 10:00-11:55 (M)",Leslie Johnson
OT 6142,A01 (20267),Professionalism and Enabling Occupation (Part A) (3.5),B,"Sep 17 - Sep 17, 10:00-11:55 (W)",Leslie Johnson
OT 6142,A01 (20267),Professionalism and Enabling Occupation (Part A) (3.5),B,"Sep 12 - Sep 12, 15:00-16:55 (F)",Leslie Johnson
OT 6142,A01 (20267),Professionalism and Enabling Occupation (Part A) (3.5),B,"Oct 22 - Oct 22, 10:00-11:55 (W)",Leslie Johnson
OT 6142,A01 (20267),Professionalism and Enabling Occupation (Part A) (3.5),B,"Nov 04 - Nov 04, 13:00-15:55 (T)",Leslie Johnson
OT 6142,A01 (20267),Professionalism and Enabling Occupation (Part A) (3.5),B,"Oct 24 - Oct 24, 10:00-11:55 (F)",Leslie Johnson
OT 6142,A01 (20267),Professionalism and Enabling Occupation (Part A) (3.5),B,"Sep 22 - Sep 22, 09:00-11:55 (M)",Leslie Johnson
OT 6142,A01 (20267),Professionalism and Enabling Occupation (Part A) (3.5),B,"Sep 03 - Sep 03, 15:00-16:55 (W)",Leslie Johnson
OT 6142,A01 (20267),Professionalism and Enabling Occupation (Part A) (3.5),B,"Nov 06 - Nov 06, 10:00-11:55 (R)",Leslie Johnson
OT 6142,A01 (20267),Professionalism and Enabling Occupation (Part A) (3.5),B,"Sep 26 - Sep 26, 13:00-15:55 (F)",Leslie Johnson
OT 6142,A01 (20267),Professionalism and Enabling Occupation (Part A) (3.5),B,"Sep 05 - Sep 05, 13:00-15:55 (F)",Leslie Johnson
OT 6142,A01 (20267),Professionalism and Enabling Occupation (Part A) (3.5),B,"Aug 05 - Oct 28, 13:00-14:55 ()",Leslie Johnson
OT 6142,A01 (20267),Professionalism and Enabling Occupation (Part A) (3.5),B,"Oct 28 - Oct 28, 13:00-15:55 (T)",Leslie Johnson
OT 6142,A01 (20267),Professionalism and Enabling Occupation (Part A) (3.5),B,"Oct 06 - Oct 06, 13:00-15:55 (M)",Leslie Johnson
OT 6142,A01 (20267),Professionalism and Enabling Occupation (Part A) (3.5),B,"Sep 15 - Sep 15, 13:00-15:55 (M)",Leslie Johnson
OT 6142,A01 (20267),Professionalism and Enabling Occupation (Part A) (3.5),B,"Sep 24 - Sep 24, 13:00-14:55 (W)",Leslie Johnson
OT 6190,A01 (11417),Fieldwork Preparation (1),B,"Oct 16 - Oct 16, 09:00-09:55 (R)",Teresa Allison
OT 6190,A01 (11417),Fieldwork Preparation (1),B,"Nov 03 - Nov 03, 08:00-09:55 (M)",Teresa Allison
OT 6190,A01 (11417),Fieldwork Preparation (1),B,"Nov 05 - Nov 05, 08:00-09:55 (W)",Teresa Allison
OT 6190,A01 (11417),Fieldwork Preparation (1),B,"Sep 15 - Sep 15, 09:00-09:55 (M)",Teresa Allison
OT 6190,A01 (11417),Fieldwork Preparation (1),B,"Sep 08 - Sep 08, 08:00-08:55 (M)",Teresa Allison
OT 6190,A01 (11417),Fieldwork Preparation (1),B,"Sep 05 - Sep 05, 09:00-11:55 (F)",Teresa Allison
OT 6190,A01 (11417),Fieldwork Preparation (1),B,"Oct 03 - Oct 03, 11:00-11:55 (F)",Teresa Allison
OT 6190,A01 (11417),Fieldwork Preparation (1),B,"Aug 28 - Aug 28, 11:00-11:55 (R)",Teresa Allison
OT 6190,A01 (11417),Fieldwork Preparation (1),B,"Sep 12 - Sep 12, 11:00-11:55 (F)",Teresa Allison
OT 6190,A01 (11417),Fieldwork Preparation (1),B,"Sep 18 - Sep 18, 13:00-14:55 (R)",Teresa Allison
OT 6190,A01 (11417),Fieldwork Preparation (1),B,"Sep 25 - Sep 25, 13:00-14:55 (R)",Teresa Allison
OT 6190,A01 (11417),Fieldwork Preparation (1),B,"Nov 13 - Nov 13, 13:00-15:55 (R)",Teresa Allison
OT 6190,A01 (11417),Fieldwork Preparation (1),B,"Sep 10 - Sep 10, 11:00-11:55 (W)",Teresa Allison
OT 6200,A01 (11263),Basic Fieldwork (4),OC,Nov 17 - Dec 19,Teresa Allison
OT 7542,A01 (20262),Professionalism and Leadership in Enabling Occupation 1 (4),B,"Oct 14 - Oct 14, 13:00-15:55 (T)",
OT 7542,A01 (20262),Professionalism and Leadership in Enabling Occupation 1 (4),B,"Oct 21 - Oct 21, 13:00-15:55 (T)",
OT 7542,A01 (20262),Professionalism and Leadership in Enabling Occupation 1 (4),B,"Nov 18 - Nov 18, 13:00-15:55 (T)",
OT 7542,A01 (20262),Professionalism and Leadership in Enabling Occupation 1 (4),B,"Nov 25 - Nov 25, 13:00-14:55 (T)",
OT 7542,A01 (20262),Professionalism and Leadership in Enabling Occupation 1 (4),B,"Sep 03 - Sep 03, 13:00-15:55 (W)",
OT 7542,A01 (20262),Professionalism and Leadership in Enabling Occupation 1 (4),B,"Aug 28 - Aug 28, 13:00-14:55 (R)",
OT 7542,A01 (20262),Professionalism and Leadership in Enabling Occupation 1 (4),B,"Nov 05 - Nov 05, 13:00-15:55 (W)",
OT 7542,A01 (20262),Professionalism and Leadership in Enabling Occupation 1 (4),B,"Aug 27 - Aug 27, 13:00-15:25 (W)",
OT 7542,A01 (20262),Professionalism and Leadership in Enabling Occupation 1 (4),B,"Oct 09 - Oct 09, 13:00-15:55 (R)",
OT 7542,A01 (20262),Professionalism and Leadership in Enabling Occupation 1 (4),B,"Sep 26 - Sep 26, 13:00-14:55 (F)",
OT 7542,A01 (20262),Professionalism and Leadership in Enabling Occupation 1 (4),B,"Nov 12 - Nov 12, 08:00-11:55 (W)",
OT 7542,A01 (20262),Professionalism and Leadership in Enabling Occupation 1 (4),B,"Oct 29 - Oct 29, 13:00-14:55 (W)",
OT 7542,A01 (20262),Professionalism and Leadership in Enabling Occupation 1 (4),B,"Sep 16 - Sep 16, 13:00-15:55 (T)",
OT 7542,A01 (20262),Professionalism and Leadership in Enabling Occupation 1 (4),B,"Dec 03 - Dec 03, 10:00-11:55 (W)",
OT 7542,A01 (20262),Professionalism and Leadership in Enabling Occupation 1 (4),B,"Dec 04 - Dec 04, 09:00-11:55 (R)",
OT 7542,A01 (20262),Professionalism and Leadership in Enabling Occupation 1 (4),B,"Oct 09 - Oct 09, 09:00-11:55 (R)",
OT 7542,A01 (20262),Professionalism and Leadership in Enabling Occupation 1 (4),B,"Oct 01 - Oct 01, 09:00-11:55 (W)",
OT 7542,A01 (20262),Professionalism and Leadership in Enabling Occupation 1 (4),B,"Sep 10 - Sep 10, 09:00-11:55 (W)",
OT 7542,A01 (20262),Professionalism and Leadership in Enabling Occupation 1 (4),B,"Oct 30 - Oct 30, 08:00-11:55 (R)",
OT 7542,A01 (20262),Professionalism and Leadership in Enabling Occupation 1 (4),B,"Sep 25 - Sep 25, 08:00-11:55 (R)",
OT 7542,A01 (20262),Professionalism and Leadership in Enabling Occupation 1 (4),B,"Sep 18 - Sep 18, 08:00-11:55 (R)",
OT 7542,A01 (20262),Professionalism and Leadership in Enabling Occupation 1 (4),B,"Sep 11 - Sep 11, 08:00-11:55 (R)",
OT 7542,A01 (20262),Professionalism and Leadership in Enabling Occupation 1 (4),B,"Sep 04 - Sep 04, 08:00-11:55 (R)",
OT 7542,A01 (20262),Professionalism and Leadership in Enabling Occupation 1 (4),B,"Oct 24 - Oct 24, 13:00-14:55 (F)",
OT 7542,A01 (20262),Professionalism and Leadership in Enabling Occupation 1 (4),B,"Oct 08 - Oct 08, 08:00-11:55 (W)",
OT 7542,A01 (20262),Professionalism and Leadership in Enabling Occupation 1 (4),B,"Aug 29 - Aug 29, 10:00-11:55 (F)",
OT 7560,A01 (11266),Occupational Therapy Process 1 (6),B,"Nov 21 - Nov 21, 11:00-11:55 (F)",Leslie Johnson
OT 7560,A01 (11266),Occupational Therapy Process 1 (6),B,"Oct 14 - Oct 14, 11:00-11:55 (T)",Leslie Johnson
OT 7560,A01 (11266),Occupational Therapy Process 1 (6),B,"Aug 27 - Aug 27, 10:00-11:55 (W)",Leslie Johnson
OT 7560,A01 (11266),Occupational Therapy Process 1 (6),B,"Oct 17 - Oct 17, 09:00-11:55 (F)",Leslie Johnson
OT 7560,A01 (11266),Occupational Therapy Process 1 (6),B,"Oct 24 - Oct 24, 09:00-11:55 (F)",Leslie Johnson
OT 7560,A01 (11266),Occupational Therapy Process 1 (6),B,"Aug 26 - Aug 26, 09:00-11:55 (T)",Leslie Johnson
OT 7560,A01 (11266),Occupational Therapy Process 1 (6),B,"Aug 25 - Aug 25, 14:00-14:55 (M)",Leslie Johnson
OT 7560,A01 (11266),Occupational Therapy Process 1 (6),B,"Sep 11 - Sep 11, 13:00-14:55 (R)",Leslie Johnson
OT 7560,A01 (11266),Occupational Therapy Process 1 (6),B,"Oct 21 - Oct 21, 09:00-11:55 (T)",Leslie Johnson
OT 7572,A01 (19021),Occupational Therapy Practice Skills 3 (6),B,"Sep 08 - Sep 08, 09:00-11:55 (M)",
OT 7572,A01 (19021),Occupational Therapy Practice Skills 3 (6),B,"Dec 08 - Dec 08, 09:00-11:55 (M)",
OT 7572,A01 (19021),Occupational Therapy Practice Skills 3 (6),B,"Aug 29 - Aug 29, 13:00-15:55 (F)",
OT 7572,A01 (19021),Occupational Therapy Practice Skills 3 (6),B,"Oct 28 - Oct 28, 13:00-15:55 (T)",
OT 7572,A01 (19021),Occupational Therapy Practice Skills 3 (6),B,"Nov 04 - Nov 04, 13:00-15:55 (T)",
OT 7572,A01 (19021),Occupational Therapy Practice Skills 3 (6),B,"Dec 02 - Dec 02, 13:00-14:55 (T)",
OT 7572,A01 (19021),Occupational Therapy Practice Skills 3 (6),B,"Nov 12 - Nov 12, 13:00-15:55 (W)",
OT 7572,A01 (19021),Occupational Therapy Practice Skills 3 (6),B,"Sep 03 - Sep 03, 08:30-11:25 (W)",
OT 7572,A01 (19021),Occupational Therapy Practice Skills 3 (6),B,"Sep 18 - Sep 18, 13:00-14:55 (R)",
OT 7572,A01 (19021),Occupational Therapy Practice Skills 3 (6),B,"Sep 25 - Sep 25, 13:00-15:55 (R)",
OT 7572,A01 (19021),Occupational Therapy Practice Skills 3 (6),B,"Sep 12 - Sep 12, 13:00-15:55 (F)",
OT 7572,A01 (19021),Occupational Therapy Practice Skills 3 (6),B,"Nov 07 - Nov 07, 13:00-15:55 (F)",
OT 7572,A01 (19021),Occupational Therapy Practice Skills 3 (6),B,"Oct 01 - Oct 01, 13:00-15:55 (W)",
OT 7572,A01 (19021),Occupational Therapy Practice Skills 3 (6),B,"Nov 20 - Nov 20, 08:00-16:55 (R)",
OT 7572,A01 (19021),Occupational Therapy Practice Skills 3 (6),B,"Oct 07 - Oct 07, 13:00-15:55 (T)",
OT 7572,A01 (19021),Occupational Therapy Practice Skills 3 (6),B,"Sep 09 - Sep 09, 13:00-15:55 (T)",
OT 7572,A01 (19021),Occupational Therapy Practice Skills 3 (6),B,"Sep 15 - Sep 15, 08:00-11:55 (M)",
OT 7572,A01 (19021),Occupational Therapy Practice Skills 3 (6),B,"Oct 31 - Oct 31, 13:00-15:55 (F)",
OT 7572,A01 (19021),Occupational Therapy Practice Skills 3 (6),B,"Oct 15 - Oct 15, 09:00-11:55 (W)",
OT 7572,A01 (19021),Occupational Therapy Practice Skills 3 (6),B,"Oct 29 - Oct 29, 09:00-11:55 (W)",
OT 7572,A01 (19021),Occupational Therapy Practice Skills 3 (6),B,"Nov 05 - Nov 05, 09:00-11:55 (W)",
OT 7572,A01 (19021),Occupational Therapy Practice Skills 3 (6),B,"Aug 28 - Aug 28, 09:00-11:55 (R)",
OT 7572,A01 (19021),Occupational Therapy Practice Skills 3 (6),B,"Sep 22 - Sep 22, 09:00-11:55 (M)",
OT 7572,A01 (19021),Occupational Therapy Practice Skills 3 (6),B,"Oct 23 - Oct 23, 09:00-11:55 (R)",
OT 7572,A01 (19021),Occupational Therapy Practice Skills 3 (6),B,"Nov 06 - Nov 06, 09:00-11:55 (R)",
OT 7572,A01 (19021),Occupational Therapy Practice Skills 3 (6),B,"Nov 13 - Nov 13, 09:00-11:55 (R)",
OT 7572,A01 (19021),Occupational Therapy Practice Skills 3 (6),B,"Nov 17 - Nov 17, 13:00-15:55 (M)",
OT 7572,A01 (19021),Occupational Therapy Practice Skills 3 (6),B,"Sep 02 - Sep 02, 13:00-15:55 (T)",
OT 7572,A01 (19021),Occupational Therapy Practice Skills 3 (6),B,"Oct 16 - Oct 16, 09:00-11:55 (R)",
OT 7752,A01 (19022),Critical Inquiry Research Project (Part A) (3),B,"Dec 03 - Dec 03, 13:00-14:55 (W)",Lisa Engel
OT 7752,A01 (19022),Critical Inquiry Research Project (Part A) (3),B,"Aug 26 - Aug 26, 13:00-14:55 (T)",Lisa Engel
PT 6100,A01 (12031),Foundations of Physical Therapy (5),B,"Aug 08 - Aug 08, 08:00-11:55 (F)",Monika Fricke
PT 6100,A01 (12031),Foundations of Physical Therapy (5),B,"Aug 11 - Aug 11, 09:00-09:55 (M)",Monika Fricke
PT 6100,A01 (12031),Foundations of Physical Therapy (5),B,"Sep 10 - Sep 10, 10:00-11:55 (W)",Monika Fricke
PT 6100,A01 (12031),Foundations of Physical Therapy (5),B,"Sep 04 - Sep 04, 11:00-11:25 (R)",Monika Fricke
PT 6100,A01 (12031),Foundations of Physical Therapy (5),B,"Aug 28 - Aug 28, 10:00-11:55 (R)",Monika Fricke
PT 6100,A01 (12031),Foundations of Physical Therapy (5),B,"Oct 06 - Oct 06, 11:00-11:55 (M)",Monika Fricke
PT 6100,A01 (12031),Foundations of Physical Therapy (5),B,"Oct 23 - Oct 23, 10:00-11:55 (R)",Monika Fricke
PT 6100,A01 (12031),Foundations of Physical Therapy (5),B,"Aug 06 - Aug 06, 10:30-11:55 (W)",Monika Fricke
PT 6100,A01 (12031),Foundations of Physical Therapy (5),B,"Sep 24 - Sep 24, 11:00-11:55 (W)",Monika Fricke
PT 6100,A01 (12031),Foundations of Physical Therapy (5),B,"Aug 21 - Aug 21, 08:00-09:55 (R)",Monika Fricke
PT 6100,A01 (12031),Foundations of Physical Therapy (5),B,"Oct 09 - Oct 09, 10:00-11:55 (R)",Monika Fricke
PT 6100,A01 (12031),Foundations of Physical Therapy (5),B,"Sep 03 - Sep 03, 08:00-11:25 (W)",Monika Fricke
PT 6100,A01 (12031),Foundations of Physical Therapy (5),B,"Oct 01 - Oct 01, 13:00-13:55 (W)",Monika Fricke
PT 6100,A01 (12031),Foundations of Physical Therapy (5),B,"Sep 25 - Sep 25, 14:30-15:25 (R)",Monika Fricke
PT 6100,A01 (12031),Foundations of Physical Therapy (5),B,"Aug 05 - Aug 05, 13:30-15:55 (T)",Monika Fricke
PT 6100,A01 (12031),Foundations of Physical Therapy (5),B,"Oct 30 - Oct 30, 13:00-14:55 (R)",Monika Fricke
PT 6100,A01 (12031),Foundations of Physical Therapy (5),B,"Aug 07 - Aug 07, 13:00-14:55 (R)",Monika Fricke
PT 6100,A01 (12031),Foundations of Physical Therapy (5),B,"Sep 24 - Sep 24, 13:00-13:55 (W)",Monika Fricke
PT 6100,A01 (12031),Foundations of Physical Therapy (5),B,"Sep 17 - Sep 17, 13:00-13:55 (W)",Monika Fricke
PT 6100,A01 (12031),Foundations of Physical Therapy (5),B,"Nov 25 - Nov 25, 13:00-14:55 (T)",Monika Fricke
PT 6100,A01 (12031),Foundations of Physical Therapy (5),B,"Sep 29 - Sep 29, 13:00-14:55 (M)",Monika Fricke
PT 6100,A01 (12031),Foundations of Physical Therapy (5),B,"Nov 10 - Nov 10, 13:00-14:55 (M)",Monika Fricke
PT 6100,A01 (12031),Foundations of Physical Therapy (5),B,"Nov 14 - Nov 14, 11:00-11:55 (F)",Monika Fricke
PT 6100,A01 (12031),Foundations of Physical Therapy (5),B,"Aug 06 - Aug 06, 15:30-16:25 (W)",Monika Fricke
PT 6110,A01 (12032),Foundations to Evidenced-Based Practice 1 (1),B,"Sep 02 - Sep 02, 15:00-15:55 (T)",Brian MacNeil
PT 6110,A01 (12032),Foundations to Evidenced-Based Practice 1 (1),B,"Oct 21 - Oct 21, 13:00-14:55 (T)",Brian MacNeil
PT 6110,A01 (12032),Foundations to Evidenced-Based Practice 1 (1),B,"Aug 14 - Aug 14, 13:00-14:25 (R)",Brian MacNeil
PT 6110,A01 (12032),Foundations to Evidenced-Based Practice 1 (1),B,"Sep 17 - Sep 17, 10:00-11:55 (W)",Brian MacNeil
PT 6110,A01 (12032),Foundations to Evidenced-Based Practice 1 (1),B,"Aug 21 - Aug 21, 14:30-15:55 (R)",Brian MacNeil
PT 6110,A01 (12032),Foundations to Evidenced-Based Practice 1 (1),B,"Nov 17 - Nov 17, 13:00-15:55 (M)",Brian MacNeil
PT 6110,A01 (12032),Foundations to Evidenced-Based Practice 1 (1),B,"Sep 11 - Sep 11, 13:00-13:55 (R)",Brian MacNeil
PT 6130,A01 (12033),Applied Sciences for Physical Therapy 1 (4),B,"Oct 30 - Oct 30, 08:00-09:40 (R)",Brian MacNeil
PT 6130,A01 (12033),Applied Sciences for Physical Therapy 1 (4),B,"Oct 10 - Oct 10, 08:00-11:55 (F)",Brian MacNeil
PT 6130,A01 (12033),Applied Sciences for Physical Therapy 1 (4),B,"Oct 03 - Oct 03, 08:00-09:55 (F)",Brian MacNeil
PT 6130,A01 (12033),Applied Sciences for Physical Therapy 1 (4),B,"Aug 18 - Aug 18, 09:00-10:55 (M)",Brian MacNeil
PT 6130,A01 (12033),Applied Sciences for Physical Therapy 1 (4),B,"Nov 24 - Nov 24, 09:00-10:25 (M)",Brian MacNeil
PT 6130,A01 (12033),Applied Sciences for Physical Therapy 1 (4),B,"Aug 19 - Aug 19, 09:00-09:55 (T)",Brian MacNeil
PT 6130,A01 (12033),Applied Sciences for Physical Therapy 1 (4),B,"Aug 11 - Aug 11, 10:00-11:55 (M)",Brian MacNeil
PT 6130,A01 (12033),Applied Sciences for Physical Therapy 1 (4),B,"Aug 20 - Aug 20, 10:00-11:55 (W)",Brian MacNeil
PT 6130,A01 (12033),Applied Sciences for Physical Therapy 1 (4),B,"Aug 07 - Aug 07, 10:00-10:55 (R)",Brian MacNeil
PT 6130,A01 (12033),Applied Sciences for Physical Therapy 1 (4),B,"Sep 18 - Sep 18, 10:00-11:55 (R)",Brian MacNeil
PT 6130,A01 (12033),Applied Sciences for Physical Therapy 1 (4),B,"Nov 20 - Nov 20, 10:00-12:25 (R)",Brian MacNeil
PT 6130,A01 (12033),Applied Sciences for Physical Therapy 1 (4),B,"Oct 03 - Oct 03, 10:00-11:55 (F)",Brian MacNeil
PT 6130,A01 (12033),Applied Sciences for Physical Therapy 1 (4),B,"Sep 08 - Sep 08, 10:30-11:55 (M)",Brian MacNeil
PT 6130,A01 (12033),Applied Sciences for Physical Therapy 1 (4),B,"Nov 03 - Nov 03, 12:00-12:25 (M)",Brian MacNeil
PT 6130,A01 (12033),Applied Sciences for Physical Therapy 1 (4),B,"Aug 28 - Aug 28, 08:00-09:55 (R)",Brian MacNeil
PT 6130,A01 (12033),Applied Sciences for Physical Therapy 1 (4),B,"Oct 28 - Oct 28, 10:00-11:55 (T)",Brian MacNeil
PT 6130,A01 (12033),Applied Sciences for Physical Therapy 1 (4),B,"Oct 28 - Oct 28, 14:00-15:55 (T)",Brian MacNeil
PT 6130,A01 (12033),Applied Sciences for Physical Therapy 1 (4),B,"Nov 10 - Nov 10, 15:00-15:55 (M)",Brian MacNeil
PT 6130,A01 (12033),Applied Sciences for Physical Therapy 1 (4),B,"Aug 27 - Aug 27, 08:00-09:55 (W)",Brian MacNeil
PT 6130,A01 (12033),Applied Sciences for Physical Therapy 1 (4),B,"Sep 10 - Sep 10, 08:00-09:55 (W)",Brian MacNeil
PT 6130,A01 (12033),Applied Sciences for Physical Therapy 1 (4),B,"Sep 17 - Sep 17, 08:00-09:55 (W)",Brian MacNeil
PT 6130,A01 (12033),Applied Sciences for Physical Therapy 1 (4),B,"Sep 05 - Sep 05, 13:00-14:55 (F)",Brian MacNeil
PT 6130,A01 (12033),Applied Sciences for Physical Therapy 1 (4),B,"Oct 23 - Oct 23, 13:00-14:55 (R)",Brian MacNeil
PT 6130,A01 (12033),Applied Sciences for Physical Therapy 1 (4),B,"Oct 09 - Oct 09, 13:00-14:55 (R)",Brian MacNeil
PT 6130,A01 (12033),Applied Sciences for Physical Therapy 1 (4),B,"Oct 29 - Oct 29, 13:00-14:55 (W)",Brian MacNeil
PT 6130,A01 (12033),Applied Sciences for Physical Therapy 1 (4),B,"Sep 02 - Sep 02, 13:00-14:55 (T)",Brian MacNeil
PT 6130,A01 (12033),Applied Sciences for Physical Therapy 1 (4),B,"Nov 04 - Nov 04, 13:00-14:55 (T)",Brian MacNeil
PT 6130,A01 (12033),Applied Sciences for Physical Therapy 1 (4),B,"Oct 27 - Oct 27, 13:00-14:55 (M)",Brian MacNeil
PT 6130,A01 (12033),Applied Sciences for Physical Therapy 1 (4),B,"Oct 06 - Oct 06, 13:00-14:55 (M)",Brian MacNeil
PT 6130,A01 (12033),Applied Sciences for Physical Therapy 1 (4),B,"Oct 06 - Oct 06, 08:00-09:55 (M)",Brian MacNeil
PT 6130,A01 (12033),Applied Sciences for Physical Therapy 1 (4),B,"Aug 25 - Aug 25, 08:00-09:55 (M)",Brian MacNeil
PT 6130,A01 (12033),Applied Sciences for Physical Therapy 1 (4),B,"Sep 23 - Sep 23, 08:00-11:55 (T)",Brian MacNeil
PT 6130,A01 (12033),Applied Sciences for Physical Therapy 1 (4),B,"Oct 28 - Oct 28, 08:00-09:55 (T)",Brian MacNeil
PT 6130,A01 (12033),Applied Sciences for Physical Therapy 1 (4),B,"Aug 12 - Aug 12, 08:00-09:55 (T)",Brian MacNeil
PT 6130,A01 (12033),Applied Sciences for Physical Therapy 1 (4),B,"Nov 03 - Nov 03, 13:00-13:55 (M)",Brian MacNeil
PT 6140,A01 (12035),Anatomy for Physical Therapy (Part A) (1.5),B,"Aug 06 - Aug 06, 08:00-10:25 (W)",Mark Garrett
PT 6140,A01 (12035),Anatomy for Physical Therapy (Part A) (1.5),B,"Aug 19 - Aug 19, 10:00-11:55 (T)",Mark Garrett
PT 6140,A01 (12035),Anatomy for Physical Therapy (Part A) (1.5),B,"Sep 05 - Sep 05, 09:00-10:55 (F)",Mark Garrett
PT 6140,A01 (12035),Anatomy for Physical Therapy (Part A) (1.5),B,"Dec 03 - Dec 03, 08:30-10:55 (W)",Mark Garrett
PT 6140,A01 (12035),Anatomy for Physical Therapy (Part A) (1.5),B,"Aug 12 - Aug 12, 10:00-11:55 (T)",Mark Garrett
PT 6140,A01 (12035),Anatomy for Physical Therapy (Part A) (1.5),B,"Sep 15 - Sep 15, 10:00-11:55 (M)",Mark Garrett
PT 6140,A01 (12035),Anatomy for Physical Therapy (Part A) (1.5),B,"Aug 21 - Aug 21, 10:00-11:55 (R)",Mark Garrett
PT 6140,A01 (12035),Anatomy for Physical Therapy (Part A) (1.5),B,"Dec 04 - Dec 04, 10:00-11:55 (R)",Mark Garrett
PT 6140,A01 (12035),Anatomy for Physical Therapy (Part A) (1.5),B,"Nov 26 - Nov 26, 15:00-16:55 (W)",Mark Garrett
PT 6140,A01 (12035),Anatomy for Physical Therapy (Part A) (1.5),B,"Sep 02 - Sep 02, 08:00-09:55 (T)",Mark Garrett
PT 6221,A01 (12782),Clinical Skills for Physical Therapy in Neuromusculoskeletal Conditions 1 (Part A) (3),B,"Sep 02 - Sep 02, 10:00-11:55 (T)",R McMurray
PT 6221,A01 (12782),Clinical Skills for Physical Therapy in Neuromusculoskeletal Conditions 1 (Part A) (3),B,"Nov 03 - Nov 03, 10:00-11:55 (M)",R McMurray
PT 6221,A01 (12782),Clinical Skills for Physical Therapy in Neuromusculoskeletal Conditions 1 (Part A) (3),B,"Oct 27 - Oct 27, 10:00-11:55 (M)",R McMurray
PT 6221,A01 (12782),Clinical Skills for Physical Therapy in Neuromusculoskeletal Conditions 1 (Part A) (3),B,"Oct 06 - Oct 06, 10:00-10:55 (M)",R McMurray
PT 6221,A01 (12782),Clinical Skills for Physical Therapy in Neuromusculoskeletal Conditions 1 (Part A) (3),B,"Sep 22 - Sep 22, 10:00-11:55 (M)",R McMurray
PT 6221,A01 (12782),Clinical Skills for Physical Therapy in Neuromusculoskeletal Conditions 1 (Part A) (3),B,"Aug 25 - Aug 25, 10:00-11:55 (M)",R McMurray
PT 6221,A01 (12782),Clinical Skills for Physical Therapy in Neuromusculoskeletal Conditions 1 (Part A) (3),B,"Sep 04 - Sep 04, 09:00-10:55 (R)",R McMurray
PT 6221,A01 (12782),Clinical Skills for Physical Therapy in Neuromusculoskeletal Conditions 1 (Part A) (3),B,"Nov 18 - Nov 18, 09:00-11:55 (T)",R McMurray
PT 6221,A01 (12782),Clinical Skills for Physical Therapy in Neuromusculoskeletal Conditions 1 (Part A) (3),B,"Aug 27 - Aug 27, 10:00-11:55 (W)",R McMurray
PT 6221,A01 (12782),Clinical Skills for Physical Therapy in Neuromusculoskeletal Conditions 1 (Part A) (3),B,"Aug 14 - Aug 14, 08:30-09:55 (R)",R McMurray
PT 6221,A01 (12782),Clinical Skills for Physical Therapy in Neuromusculoskeletal Conditions 1 (Part A) (3),B,"Aug 22 - Aug 22, 08:00-11:55 (F)",R McMurray
PT 6221,A01 (12782),Clinical Skills for Physical Therapy in Neuromusculoskeletal Conditions 1 (Part A) (3),B,"Nov 06 - Nov 06, 08:00-09:40 (R)",R McMurray
PT 6221,A01 (12782),Clinical Skills for Physical Therapy in Neuromusculoskeletal Conditions 1 (Part A) (3),B,"Oct 09 - Oct 09, 08:00-09:40 (R)",R McMurray
PT 6221,A01 (12782),Clinical Skills for Physical Therapy in Neuromusculoskeletal Conditions 1 (Part A) (3),B,"Oct 02 - Oct 02, 08:00-09:55 (R)",R McMurray
PT 6221,A01 (12782),Clinical Skills for Physical Therapy in Neuromusculoskeletal Conditions 1 (Part A) (3),B,"Nov 19 - Nov 19, 09:00-11:55 (W)",R McMurray
PT 6221,A01 (12782),Clinical Skills for Physical Therapy in Neuromusculoskeletal Conditions 1 (Part A) (3),B,"Oct 30 - Oct 30, 10:00-11:55 (R)",R McMurray
PT 6221,A01 (12782),Clinical Skills for Physical Therapy in Neuromusculoskeletal Conditions 1 (Part A) (3),B,"Sep 23 - Sep 23, 13:00-14:55 (T)",R McMurray
PT 6221,A01 (12782),Clinical Skills for Physical Therapy in Neuromusculoskeletal Conditions 1 (Part A) (3),B,"Nov 26 - Nov 26, 11:00-11:55 (W)",R McMurray
PT 6221,A01 (12782),Clinical Skills for Physical Therapy in Neuromusculoskeletal Conditions 1 (Part A) (3),B,"Aug 06 - Aug 06, 13:00-15:25 (W)",R McMurray
PT 6221,A01 (12782),Clinical Skills for Physical Therapy in Neuromusculoskeletal Conditions 1 (Part A) (3),B,"Dec 03 - Dec 03, 13:00-14:55 (W)",R McMurray
PT 6221,A01 (12782),Clinical Skills for Physical Therapy in Neuromusculoskeletal Conditions 1 (Part A) (3),B,"Nov 26 - Nov 26, 13:00-14:55 (W)",R McMurray
PT 6221,A01 (12782),Clinical Skills for Physical Therapy in Neuromusculoskeletal Conditions 1 (Part A) (3),B,"Sep 18 - Sep 18, 08:00-09:55 (R)",R McMurray
PT 6221,A01 (12782),Clinical Skills for Physical Therapy in Neuromusculoskeletal Conditions 1 (Part A) (3),B,"Nov 18 - Nov 18, 13:00-15:55 (T)",R McMurray
PT 6221,A01 (12782),Clinical Skills for Physical Therapy in Neuromusculoskeletal Conditions 1 (Part A) (3),B,"Oct 07 - Oct 07, 13:00-14:55 (T)",R McMurray
PT 6221,A01 (12782),Clinical Skills for Physical Therapy in Neuromusculoskeletal Conditions 1 (Part A) (3),B,"Sep 09 - Sep 09, 13:00-15:55 (T)",R McMurray
PT 6221,A01 (12782),Clinical Skills for Physical Therapy in Neuromusculoskeletal Conditions 1 (Part A) (3),B,"Aug 19 - Aug 19, 13:00-14:55 (T)",R McMurray
PT 6221,A01 (12782),Clinical Skills for Physical Therapy in Neuromusculoskeletal Conditions 1 (Part A) (3),B,"Oct 23 - Oct 23, 12:00-12:25 (R)",R McMurray
PT 6221,A01 (12782),Clinical Skills for Physical Therapy in Neuromusculoskeletal Conditions 1 (Part A) (3),B,"Sep 18 - Sep 18, 12:00-12:25 (R)",R McMurray
PT 6221,A01 (12782),Clinical Skills for Physical Therapy in Neuromusculoskeletal Conditions 1 (Part A) (3),B,"Dec 11 - Dec 11, 12:00-12:25 (R)",R McMurray
PT 6221,A01 (12782),Clinical Skills for Physical Therapy in Neuromusculoskeletal Conditions 1 (Part A) (3),B,"Nov 10 - Nov 10, 12:00-12:25 (M)",R McMurray
PT 6221,A01 (12782),Clinical Skills for Physical Therapy in Neuromusculoskeletal Conditions 1 (Part A) (3),B,"Aug 07 - Aug 07, 11:00-11:55 (R)",R McMurray
PT 6221,A01 (12782),Clinical Skills for Physical Therapy in Neuromusculoskeletal Conditions 1 (Part A) (3),B,"Nov 27 - Nov 27, 11:00-11:55 (R)",R McMurray
PT 6221,A01 (12782),Clinical Skills for Physical Therapy in Neuromusculoskeletal Conditions 1 (Part A) (3),B,"Dec 03 - Dec 03, 11:00-11:55 (W)",R McMurray
PT 6221,A01 (12782),Clinical Skills for Physical Therapy in Neuromusculoskeletal Conditions 1 (Part A) (3),B,"Aug 13 - Aug 13, 10:30-11:55 (W)",R McMurray
PT 6221,A01 (12782),Clinical Skills for Physical Therapy in Neuromusculoskeletal Conditions 1 (Part A) (3),B,"Sep 11 - Sep 11, 08:00-09:55 (R)",R McMurray
PT 6221,A01 (12782),Clinical Skills for Physical Therapy in Neuromusculoskeletal Conditions 1 (Part A) (3),B,"Dec 08 - Dec 08, 10:00-11:55 (M)",R McMurray
PT 6221,A01 (12782),Clinical Skills for Physical Therapy in Neuromusculoskeletal Conditions 1 (Part A) (3),B,"Nov 27 - Nov 27, 08:00-09:55 (R)",R McMurray
PT 6221,A01 (12782),Clinical Skills for Physical Therapy in Neuromusculoskeletal Conditions 1 (Part A) (3),B,"Oct 03 - Oct 03, 13:00-14:55 (F)",R McMurray
PT 6221,A01 (12782),Clinical Skills for Physical Therapy in Neuromusculoskeletal Conditions 1 (Part A) (3),B,"Nov 13 - Nov 13, 13:00-14:55 (R)",R McMurray
PT 6221,A01 (12782),Clinical Skills for Physical Therapy in Neuromusculoskeletal Conditions 1 (Part A) (3),B,"Oct 02 - Oct 02, 13:00-15:55 (R)",R McMurray
PT 6221,A01 (12782),Clinical Skills for Physical Therapy in Neuromusculoskeletal Conditions 1 (Part A) (3),B,"Sep 25 - Sep 25, 13:00-14:25 (R)",R McMurray
PT 6221,A01 (12782),Clinical Skills for Physical Therapy in Neuromusculoskeletal Conditions 1 (Part A) (3),B,"Sep 18 - Sep 18, 13:00-15:55 (R)",R McMurray
PT 6221,A01 (12782),Clinical Skills for Physical Therapy in Neuromusculoskeletal Conditions 1 (Part A) (3),B,"Aug 28 - Aug 28, 13:00-14:55 (R)",R McMurray
PT 6221,A01 (12782),Clinical Skills for Physical Therapy in Neuromusculoskeletal Conditions 1 (Part A) (3),B,"Sep 11 - Sep 11, 14:00-15:55 (R)",R McMurray
PT 6221,A01 (12782),Clinical Skills for Physical Therapy in Neuromusculoskeletal Conditions 1 (Part A) (3),B,"Aug 21 - Aug 21, 13:00-14:25 (R)",R McMurray
PT 6221,A01 (12782),Clinical Skills for Physical Therapy in Neuromusculoskeletal Conditions 1 (Part A) (3),B,"Nov 19 - Nov 19, 13:00-15:55 (W)",R McMurray
PT 6221,A01 (12782),Clinical Skills for Physical Therapy in Neuromusculoskeletal Conditions 1 (Part A) (3),B,"Oct 22 - Oct 22, 13:00-15:55 (W)",R McMurray
PT 6221,A01 (12782),Clinical Skills for Physical Therapy in Neuromusculoskeletal Conditions 1 (Part A) (3),B,"Sep 10 - Sep 10, 13:00-14:55 (W)",R McMurray
PT 6221,A01 (12782),Clinical Skills for Physical Therapy in Neuromusculoskeletal Conditions 1 (Part A) (3),B,"Aug 27 - Aug 27, 13:00-15:25 (W)",R McMurray
PT 6221,A01 (12782),Clinical Skills for Physical Therapy in Neuromusculoskeletal Conditions 1 (Part A) (3),B,"Aug 20 - Aug 20, 13:00-14:55 (W)",R McMurray
PT 6221,A01 (12782),Clinical Skills for Physical Therapy in Neuromusculoskeletal Conditions 1 (Part A) (3),B,"Aug 13 - Aug 13, 13:00-15:25 (W)",R McMurray
PT 6221,A01 (12782),Clinical Skills for Physical Therapy in Neuromusculoskeletal Conditions 1 (Part A) (3),B,"Nov 27 - Nov 27, 13:00-14:55 (R)",R McMurray
PT 6221,A01 (12782),Clinical Skills for Physical Therapy in Neuromusculoskeletal Conditions 1 (Part A) (3),B,"Sep 29 - Sep 29, 15:00-16:55 (M)",R McMurray
PT 6221,A01 (12782),Clinical Skills for Physical Therapy in Neuromusculoskeletal Conditions 1 (Part A) (3),B,"Oct 01 - Oct 01, 14:00-15:55 (W)",R McMurray
PT 6221,A01 (12782),Clinical Skills for Physical Therapy in Neuromusculoskeletal Conditions 1 (Part A) (3),B,"Sep 23 - Sep 23, 15:00-16:55 (T)",R McMurray
PT 6221,A01 (12782),Clinical Skills for Physical Therapy in Neuromusculoskeletal Conditions 1 (Part A) (3),B,"Nov 12 - Nov 12, 08:00-09:55 (W)",R McMurray
PT 6221,A01 (12782),Clinical Skills for Physical Therapy in Neuromusculoskeletal Conditions 1 (Part A) (3),B,"Oct 29 - Oct 29, 08:00-11:55 (W)",R McMurray
PT 6221,A01 (12782),Clinical Skills for Physical Therapy in Neuromusculoskeletal Conditions 1 (Part A) (3),B,"Oct 22 - Oct 22, 08:00-11:55 (W)",R McMurray
PT 6221,A01 (12782),Clinical Skills for Physical Therapy in Neuromusculoskeletal Conditions 1 (Part A) (3),B,"Oct 08 - Oct 08, 08:00-11:55 (W)",R McMurray
PT 6221,A01 (12782),Clinical Skills for Physical Therapy in Neuromusculoskeletal Conditions 1 (Part A) (3),B,"Aug 20 - Aug 20, 08:00-09:55 (W)",R McMurray
PT 6221,A01 (12782),Clinical Skills for Physical Therapy in Neuromusculoskeletal Conditions 1 (Part A) (3),B,"Aug 26 - Aug 26, 15:00-15:55 (T)",R McMurray
PT 6221,A01 (12782),Clinical Skills for Physical Therapy in Neuromusculoskeletal Conditions 1 (Part A) (3),B,"Oct 07 - Oct 07, 08:00-11:55 (T)",R McMurray
PT 6221,A01 (12782),Clinical Skills for Physical Therapy in Neuromusculoskeletal Conditions 1 (Part A) (3),B,"Sep 16 - Sep 16, 08:00-09:55 (T)",R McMurray
PT 6221,A01 (12782),Clinical Skills for Physical Therapy in Neuromusculoskeletal Conditions 1 (Part A) (3),B,"Nov 04 - Nov 04, 08:00-11:55 (T)",R McMurray
PT 6221,A01 (12782),Clinical Skills for Physical Therapy in Neuromusculoskeletal Conditions 1 (Part A) (3),B,"Sep 09 - Sep 09, 08:00-11:55 (T)",R McMurray
PT 6221,A01 (12782),Clinical Skills for Physical Therapy in Neuromusculoskeletal Conditions 1 (Part A) (3),B,"Dec 02 - Dec 02, 08:00-12:25 (T)",R McMurray
PT 6221,A01 (12782),Clinical Skills for Physical Therapy in Neuromusculoskeletal Conditions 1 (Part A) (3),B,"Nov 17 - Nov 17, 08:00-11:55 (M)",R McMurray
PT 6221,A01 (12782),Clinical Skills for Physical Therapy in Neuromusculoskeletal Conditions 1 (Part A) (3),B,"Sep 03 - Sep 03, 13:30-15:25 (W)",R McMurray
PT 6221,A01 (12782),Clinical Skills for Physical Therapy in Neuromusculoskeletal Conditions 1 (Part A) (3),B,"Oct 10 - Oct 10, 13:00-14:55 (F)",R McMurray
PT 6221,A01 (12782),Clinical Skills for Physical Therapy in Neuromusculoskeletal Conditions 1 (Part A) (3),B,"Oct 09 - Oct 09, 16:00-19:55 (R)",R McMurray
PT 6221,A01 (12782),Clinical Skills for Physical Therapy in Neuromusculoskeletal Conditions 1 (Part A) (3),B,"Dec 04 - Dec 04, 08:00-09:55 (R)",R McMurray
PT 6224,A01 (13370),Clinical Skills for Physical Therapy in Neuromusculoskeletal Conditions 2 (Part A) (3),B,"Nov 05 - Nov 05, 13:00-15:55 (W)",R McMurray
PT 6224,A01 (13370),Clinical Skills for Physical Therapy in Neuromusculoskeletal Conditions 2 (Part A) (3),B,"Nov 20 - Nov 20, 13:30-15:25 (R)",R McMurray
PT 6224,A01 (13370),Clinical Skills for Physical Therapy in Neuromusculoskeletal Conditions 2 (Part A) (3),B,"Nov 14 - Nov 14, 13:00-14:55 (F)",R McMurray
PT 6224,A01 (13370),Clinical Skills for Physical Therapy in Neuromusculoskeletal Conditions 2 (Part A) (3),B,"Dec 04 - Dec 04, 13:00-15:55 (R)",R McMurray
PT 6224,A01 (13370),Clinical Skills for Physical Therapy in Neuromusculoskeletal Conditions 2 (Part A) (3),B,"Nov 06 - Nov 06, 13:00-14:55 (R)",R McMurray
PT 6224,A01 (13370),Clinical Skills for Physical Therapy in Neuromusculoskeletal Conditions 2 (Part A) (3),B,"Nov 12 - Nov 12, 13:00-14:55 (W)",R McMurray
PT 6224,A01 (13370),Clinical Skills for Physical Therapy in Neuromusculoskeletal Conditions 2 (Part A) (3),B,"Nov 20 - Nov 20, 08:00-09:55 (R)",R McMurray
PT 6224,A01 (13370),Clinical Skills for Physical Therapy in Neuromusculoskeletal Conditions 2 (Part A) (3),B,"Nov 06 - Nov 06, 10:00-11:55 (R)",R McMurray
PT 6224,A01 (13370),Clinical Skills for Physical Therapy in Neuromusculoskeletal Conditions 2 (Part A) (3),B,"Nov 12 - Nov 12, 10:00-11:55 (W)",R McMurray
PT 6224,A01 (13370),Clinical Skills for Physical Therapy in Neuromusculoskeletal Conditions 2 (Part A) (3),B,"Nov 05 - Nov 05, 09:00-11:00 (W)",R McMurray
PT 6224,A01 (13370),Clinical Skills for Physical Therapy in Neuromusculoskeletal Conditions 2 (Part A) (3),B,"Nov 26 - Nov 26, 09:00-10:55 (W)",R McMurray
PT 6224,A01 (13370),Clinical Skills for Physical Therapy in Neuromusculoskeletal Conditions 2 (Part A) (3),B,"Nov 28 - Nov 28, 08:00-11:55 (F)",R McMurray
PT 6224,A01 (13370),Clinical Skills for Physical Therapy in Neuromusculoskeletal Conditions 2 (Part A) (3),B,"Nov 18 - Nov 18, 17:00-19:55 (T)",R McMurray
PT 6224,A01 (13370),Clinical Skills for Physical Therapy in Neuromusculoskeletal Conditions 2 (Part A) (3),B,"Nov 13 - Nov 13, 08:00-11:55 (R)",R McMurray
PT 6224,A01 (13370),Clinical Skills for Physical Therapy in Neuromusculoskeletal Conditions 2 (Part A) (3),B,"Nov 25 - Nov 25, 12:00-12:25 (T)",R McMurray
PT 6230,A01 (12037),Applied Sciences for Physical Therapy 2 (Part A) (3),B,"Oct 02 - Oct 02, 10:00-11:55 (R)",Elizabeth Hammond
PT 6230,A01 (12037),Applied Sciences for Physical Therapy 2 (Part A) (3),B,"Oct 28 - Oct 28, 13:00-13:55 (T)",Elizabeth Hammond
PT 6230,A01 (12037),Applied Sciences for Physical Therapy 2 (Part A) (3),B,"Aug 14 - Aug 14, 10:00-11:55 (R)",Elizabeth Hammond
PT 6230,A01 (12037),Applied Sciences for Physical Therapy 2 (Part A) (3),B,"Oct 23 - Oct 23, 08:00-09:55 (R)",Elizabeth Hammond
PT 6230,A01 (12037),Applied Sciences for Physical Therapy 2 (Part A) (3),B,"Aug 26 - Aug 26, 13:00-14:55 (T)",Elizabeth Hammond
PT 6230,A01 (12037),Applied Sciences for Physical Therapy 2 (Part A) (3),B,"Sep 24 - Sep 24, 09:00-10:55 (W)",Elizabeth Hammond
PT 6230,A01 (12037),Applied Sciences for Physical Therapy 2 (Part A) (3),B,"Dec 01 - Dec 01, 09:00-10:25 (M)",Elizabeth Hammond
PT 6230,A01 (12037),Applied Sciences for Physical Therapy 2 (Part A) (3),B,"Oct 20 - Oct 20, 08:30-10:25 (M)",Elizabeth Hammond
PT 6230,A01 (12037),Applied Sciences for Physical Therapy 2 (Part A) (3),B,"Sep 11 - Sep 11, 10:00-11:55 (R)",Elizabeth Hammond
PT 6291,A01 (20722),Neuromusculoskeletal Clinical Education 1 (Part A) (3),B,"Aug 05 - Aug 05, 13:00-13:25 (T)",Kelly Codispodi
PT 6291,A01 (20722),Neuromusculoskeletal Clinical Education 1 (Part A) (3),B,"Sep 19 - Sep 19, 13:00-14:55 (F)",Kelly Codispodi
PT 6292,A01 (18436),Neuromusculoskeletal Clinical Education 2 (6),OC,Sep 29 - Dec 19,Kelly Codispodi
PT 7124,A02 (20256),Clinical Skills for Physical Therapy in Cardiorespiratory Conditions (5),B,"Aug 28 - Aug 28, 08:00-11:55 (R)",Gregory Hodges
PT 7124,A02 (20256),Clinical Skills for Physical Therapy in Cardiorespiratory Conditions (5),B,"Sep 15 - Sep 15, 13:00-15:55 (M)",Gregory Hodges
PT 7124,A02 (20256),Clinical Skills for Physical Therapy in Cardiorespiratory Conditions (5),B,"Aug 20 - Aug 20, 08:00-11:55 (W)",Gregory Hodges
PT 7124,A02 (20256),Clinical Skills for Physical Therapy in Cardiorespiratory Conditions (5),B,"Sep 10 - Sep 10, 12:30-16:25 (W)",Gregory Hodges
PT 7124,A02 (20256),Clinical Skills for Physical Therapy in Cardiorespiratory Conditions (5),B,"Sep 03 - Sep 03, 08:00-11:55 (W)",Gregory Hodges
PT 7124,A02 (20256),Clinical Skills for Physical Therapy in Cardiorespiratory Conditions (5),B,"Sep 10 - Sep 10, 08:00-09:55 (W)",Gregory Hodges
PT 7124,A02 (20256),Clinical Skills for Physical Therapy in Cardiorespiratory Conditions (5),B,"Sep 17 - Sep 17, 08:00-09:55 (W)",Gregory Hodges
PT 7124,A02 (20256),Clinical Skills for Physical Therapy in Cardiorespiratory Conditions (5),B,"Aug 07 - Aug 07, 08:00-11:55 (R)",Gregory Hodges
PT 7124,A02 (20256),Clinical Skills for Physical Therapy in Cardiorespiratory Conditions (5),B,"Aug 29 - Aug 29, 08:00-10:55 (F)",Gregory Hodges
PT 7124,A02 (20256),Clinical Skills for Physical Therapy in Cardiorespiratory Conditions (5),B,"Aug 25 - Aug 25, 12:00-15:55 (M)",Gregory Hodges
PT 7124,A02 (20256),Clinical Skills for Physical Therapy in Cardiorespiratory Conditions (5),B,"Aug 27 - Aug 27, 12:00-15:55 (W)",Gregory Hodges
PT 7124,A02 (20256),Clinical Skills for Physical Therapy in Cardiorespiratory Conditions (5),B,"Sep 12 - Sep 12, 08:30-11:25 (F)",Gregory Hodges
PT 7124,A02 (20256),Clinical Skills for Physical Therapy in Cardiorespiratory Conditions (5),B,"Sep 15 - Sep 15, 09:00-10:55 (M)",Gregory Hodges
PT 7124,A02 (20256),Clinical Skills for Physical Therapy in Cardiorespiratory Conditions (5),B,"Sep 04 - Sep 04, 09:00-11:55 (R)",Gregory Hodges
PT 7124,A02 (20256),Clinical Skills for Physical Therapy in Cardiorespiratory Conditions (5),B,"Sep 08 - Sep 08, 10:00-11:55 (M)",Gregory Hodges
PT 7124,A02 (20256),Clinical Skills for Physical Therapy in Cardiorespiratory Conditions (5),B,"Sep 02 - Sep 02, 10:00-10:55 (T)",Gregory Hodges
PT 7124,A02 (20256),Clinical Skills for Physical Therapy in Cardiorespiratory Conditions (5),B,"Sep 10 - Sep 10, 10:30-11:25 (W)",Gregory Hodges
PT 7124,A02 (20256),Clinical Skills for Physical Therapy in Cardiorespiratory Conditions (5),B,"Sep 17 - Sep 17, 11:00-11:55 (W)",Gregory Hodges
PT 7124,A02 (20256),Clinical Skills for Physical Therapy in Cardiorespiratory Conditions (5),B,"Sep 16 - Sep 16, 13:00-14:55 (T)",Gregory Hodges
PT 7124,A02 (20256),Clinical Skills for Physical Therapy in Cardiorespiratory Conditions (5),B,"Sep 05 - Sep 05, 08:00-11:55 (F)",Gregory Hodges
PT 7124,A02 (20256),Clinical Skills for Physical Therapy in Cardiorespiratory Conditions (5),B,"Aug 26 - Aug 26, 13:00-13:55 (T)",Gregory Hodges
PT 7124,A02 (20256),Clinical Skills for Physical Therapy in Cardiorespiratory Conditions (5),B,"Aug 06 - Aug 06, 08:30-11:25 (W)",Gregory Hodges
PT 7124,A02 (20256),Clinical Skills for Physical Therapy in Cardiorespiratory Conditions (5),B,"Sep 03 - Sep 03, 13:00-15:55 (W)",Gregory Hodges
PT 7124,A02 (20256),Clinical Skills for Physical Therapy in Cardiorespiratory Conditions (5),B,"Aug 06 - Aug 06, 13:00-15:55 (W)",Gregory Hodges
PT 7124,A02 (20256),Clinical Skills for Physical Therapy in Cardiorespiratory Conditions (5),B,"Sep 16 - Sep 16, 08:00-11:55 (T)",Gregory Hodges
PT 7124,A02 (20256),Clinical Skills for Physical Therapy in Cardiorespiratory Conditions (5),B,"Aug 27 - Aug 27, 08:00-09:55 (W)",Gregory Hodges
PT 7124,A02 (20256),Clinical Skills for Physical Therapy in Cardiorespiratory Conditions (5),B,"Aug 26 - Aug 26, 08:00-11:55 (T)",Gregory Hodges
PT 7124,A02 (20256),Clinical Skills for Physical Therapy in Cardiorespiratory Conditions (5),B,"Aug 19 - Aug 19, 08:00-11:55 (T)",Gregory Hodges
PT 7124,A02 (20256),Clinical Skills for Physical Therapy in Cardiorespiratory Conditions (5),B,"Sep 09 - Sep 09, 08:00-11:55 (T)",Gregory Hodges
PT 7124,A02 (20256),Clinical Skills for Physical Therapy in Cardiorespiratory Conditions (5),B,"Sep 08 - Sep 08, 08:00-09:55 (M)",Gregory Hodges
PT 7124,A02 (20256),Clinical Skills for Physical Therapy in Cardiorespiratory Conditions (5),B,"Aug 22 - Aug 22, 13:00-16:55 (F)",Gregory Hodges
PT 7124,A02 (20256),Clinical Skills for Physical Therapy in Cardiorespiratory Conditions (5),B,"Sep 04 - Sep 04, 13:00-14:55 (R)",Gregory Hodges
PT 7124,A02 (20256),Clinical Skills for Physical Therapy in Cardiorespiratory Conditions (5),B,"Sep 11 - Sep 11, 13:00-14:55 (R)",Gregory Hodges
PT 7124,A02 (20256),Clinical Skills for Physical Therapy in Cardiorespiratory Conditions (5),B,"Sep 17 - Sep 17, 13:00-14:25 (W)",Gregory Hodges
PT 7124,A02 (20256),Clinical Skills for Physical Therapy in Cardiorespiratory Conditions (5),B,"Sep 22 - Sep 22, 08:00-09:25 (M)",Gregory Hodges
PT 7160,A01 (21225),Physical Therapy Practice and Professional Issues 2 (Part A) (1.5),B,"Sep 12 - Sep 12, 15:00-16:55 (F)",Tanya Kozera
PT 7160,A01 (21225),Physical Therapy Practice and Professional Issues 2 (Part A) (1.5),B,Aug 05 - Dec 19,Tanya Kozera
PT 7294,A01 (17729),Cardiovascular and Pulmonary Clinical Education (Part A) (2.5),B,"Sep 23 - Sep 23, 14:30-15:55 (T)",Kelly Codispodi
PT 7294,A01 (17729),Cardiovascular and Pulmonary Clinical Education (Part A) (2.5),B,"Sep 23 - Sep 23, 13:00-14:25 (T)",Kelly Codispodi
PT 7294,A01 (17729),Cardiovascular and Pulmonary Clinical Education (Part A) (2.5),B,"Aug 26 - Aug 26, 14:00-15:25 (T)",Kelly Codispodi
PT 7390,A02 (26627),Elective Clinical Education (6),B,"Aug 25 - Oct 03, 08:00-15:55 (MTWRF)",TBA
PT 7390,A01 (15744),Elective Clinical Education (Part A) (3),B,Aug 05 - Dec 19,Kelly Codispodi
PT 7410,A02 (20258),Exercise Prescription and Manual Therapy for Physical Therapists (3),B,"Aug 11 - Aug 11, 09:00-10:55 (M)",Joanne Parsons
PT 7410,A02 (20258),Exercise Prescription and Manual Therapy for Physical Therapists (3),B,"Aug 12 - Aug 12, 09:00-11:55 (T)",Joanne Parsons
PT 7410,A02 (20258),Exercise Prescription and Manual Therapy for Physical Therapists (3),B,"Aug 08 - Aug 08, 08:00-11:55 (F)",Joanne Parsons
PT 7410,A02 (20258),Exercise Prescription and Manual Therapy for Physical Therapists (3),B,"Aug 18 - Aug 18, 10:30-11:55 (M)",Joanne Parsons
PT 7410,A02 (20258),Exercise Prescription and Manual Therapy for Physical Therapists (3),B,"Aug 05 - Aug 05, 11:30-11:55 (T)",Joanne Parsons
PT 7410,A02 (20258),Exercise Prescription and Manual Therapy for Physical Therapists (3),B,"Aug 18 - Aug 18, 13:00-14:25 (M)",Joanne Parsons
PT 7410,A02 (20258),Exercise Prescription and Manual Therapy for Physical Therapists (3),B,"Aug 05 - Aug 05, 13:00-14:55 (T)",Joanne Parsons
PT 7410,A02 (20258),Exercise Prescription and Manual Therapy for Physical Therapists (3),B,"Aug 12 - Aug 12, 13:00-15:55 (T)",Joanne Parsons
PT 7410,A02 (20258),Exercise Prescription and Manual Therapy for Physical Therapists (3),B,"Aug 19 - Aug 19, 13:00-15:55 (T)",Joanne Parsons
PT 7410,A02 (20258),Exercise Prescription and Manual Therapy for Physical Therapists (3),B,"Aug 22 - Aug 22, 08:00-11:55 (F)",Joanne Parsons
PT 7410,A02 (20258),Exercise Prescription and Manual Therapy for Physical Therapists (3),B,"Aug 07 - Aug 07, 13:00-14:55 (R)",Joanne Parsons
PT 7410,A02 (20258),Exercise Prescription and Manual Therapy for Physical Therapists (3),B,"Aug 21 - Aug 21, 08:00-11:55 (R)",Joanne Parsons
PT 7410,A02 (20258),Exercise Prescription and Manual Therapy for Physical Therapists (3),B,"Aug 14 - Aug 14, 08:00-11:55 (R)",Joanne Parsons
PT 7410,A02 (20258),Exercise Prescription and Manual Therapy for Physical Therapists (3),B,"Sep 02 - Sep 02, 08:00-09:25 (T)",Joanne Parsons
PT 7410,A02 (20258),Exercise Prescription and Manual Therapy for Physical Therapists (3),B,"Aug 25 - Aug 25, 08:00-09:55 (M)",Joanne Parsons
PT 7410,A02 (20258),Exercise Prescription and Manual Therapy for Physical Therapists (3),B,"Aug 18 - Aug 18, 08:00-09:55 (M)",Joanne Parsons
PT 7410,A02 (20258),Exercise Prescription and Manual Therapy for Physical Therapists (3),B,"Aug 20 - Aug 20, 13:00-15:55 (W)",Joanne Parsons
PT 7500,A01 (12663),Physical Therapy Evaluation/Research Project (Part A) (3),B,"Aug 11 - Aug 11, 13:00-15:55 (M)",Mirella Veras
PT 7500,A01 (12663),Physical Therapy Evaluation/Research Project (Part A) (3),B,"Aug 12 - Dec 19, 16:00-16:55 (R)",Mirella Veras
REHB 7260,A01 (15577),Assistive Technologies (3),M,Aug 05 - Dec 19,Jacqueline Ripat
REHB 7280,A01 (16728),Rehabilitation Theory and Research Design (3),B,"Sep 03 - Dec 08, 13:00-15:55 (W)",Patricia Thille
RESP 1400,A01 (12564),Introduction to Professional Practice (3),B,"Sep 03 - Sep 03, 10:00-11:25 (W)",Denise Mackey
RESP 1400,A01 (12564),Introduction to Professional Practice (3),B,"Sep 09 - Sep 25, 10:00-11:55 (TR)",Denise Mackey
RESP 1400,A01 (12564),Introduction to Professional Practice (3),B,"Nov 17 - Nov 17, 10:00-11:55 (M)",Denise Mackey
RESP 1400,A01 (12564),Introduction to Professional Practice (3),B,"Sep 15 - Sep 15, 08:00-09:55 (M)",Denise Mackey
RESP 1400,A01 (12564),Introduction to Professional Practice (3),B,"Oct 21 - Oct 21, 10:00-11:55 (T)",Denise Mackey
RESP 1400,A01 (12564),Introduction to Professional Practice (3),B,"Sep 08 - Sep 08, 08:00-09:55 (M)",Denise Mackey
RESP 1400,A01 (12564),Introduction to Professional Practice (3),B,"Oct 28 - Nov 04, 10:00-11:55 (TR)",Denise Mackey
RESP 1400,A01 (12564),Introduction to Professional Practice (3),B,"Oct 02 - Oct 09, 10:00-11:55 (TR)",Denise Mackey
RESP 1400,A01 (12564),Introduction to Professional Practice (3),B,"Nov 26 - Nov 26, 10:00-11:55 (W)",Denise Mackey
RESP 1400,A01 (12564),Introduction to Professional Practice (3),B,"Nov 05 - Nov 05, 10:00-11:55 (W)",Denise Mackey
RESP 1400,A01 (12564),Introduction to Professional Practice (3),B,"Nov 18 - Nov 20, 10:00-11:55 (TR)",Denise Mackey
RESP 1420,A01 (12566),Applied Physiology for Respiratory Therapy (Part A) (3),B,"Nov 17 - Nov 17, 08:00-09:55 (M)",Denise Mackey
RESP 1420,A01 (12566),Applied Physiology for Respiratory Therapy (Part A) (3),B,"Nov 05 - Nov 05, 08:00-09:55 (W)",Denise Mackey
RESP 1420,A01 (12566),Applied Physiology for Respiratory Therapy (Part A) (3),B,"Sep 08 - Sep 15, 10:00-11:55 (MW)",Denise Mackey
RESP 1420,A01 (12566),Applied Physiology for Respiratory Therapy (Part A) (3),B,"Sep 29 - Oct 08, 10:00-11:55 (MW)",Denise Mackey
RESP 1420,A01 (12566),Applied Physiology for Respiratory Therapy (Part A) (3),B,"Oct 20 - Oct 29, 10:00-11:55 (MW)",Denise Mackey
RESP 1420,A01 (12566),Applied Physiology for Respiratory Therapy (Part A) (3),B,"Nov 03 - Nov 03, 10:00-11:55 (M)",Denise Mackey
RESP 1420,A01 (12566),Applied Physiology for Respiratory Therapy (Part A) (3),B,"Dec 02 - Dec 02, 10:00-11:55 (T)",Denise Mackey
RESP 1420,A01 (12566),Applied Physiology for Respiratory Therapy (Part A) (3),B,"Sep 04 - Sep 04, 10:00-11:55 (R)",Denise Mackey
RESP 1420,A01 (12566),Applied Physiology for Respiratory Therapy (Part A) (3),B,"Dec 03 - Dec 03, 10:00-11:55 (W)",Denise Mackey
RESP 1420,A01 (12566),Applied Physiology for Respiratory Therapy (Part A) (3),B,"Dec 17 - Dec 17, 10:00-11:55 (W)",Denise Mackey
RESP 1420,A01 (12566),Applied Physiology for Respiratory Therapy (Part A) (3),B,"Dec 04 - Dec 04, 08:00-09:55 (R)",Denise Mackey
RESP 1420,A01 (12566),Applied Physiology for Respiratory Therapy (Part A) (3),B,"Sep 19 - Sep 19, 10:00-11:55 (F)",Denise Mackey
RESP 1420,A01 (12566),Applied Physiology for Respiratory Therapy (Part A) (3),B,"Nov 19 - Nov 24, 10:00-11:55 ()",Denise Mackey
RESP 1420,A01 (12566),Applied Physiology for Respiratory Therapy (Part A) (3),B,"Sep 02 - Sep 02, 13:00-14:55 (T)",Denise Mackey
RESP 1420,A01 (12566),Applied Physiology for Respiratory Therapy (Part A) (3),B,"Oct 14 - Oct 14, 10:00-11:55 (T)",Denise Mackey
RESP 1430,A01 (12567),Respiratory Therapeutics 1 (Part A) (3),B,"Dec 04 - Dec 04, 10:00-11:55 (R)",Ian Hay
RESP 1430,A01 (12567),Respiratory Therapeutics 1 (Part A) (3),B,"Nov 26 - Dec 03, 13:00-14:55 (W)",Ian Hay
RESP 1430,A01 (12567),Respiratory Therapeutics 1 (Part A) (3),B,"Oct 07 - Oct 07, 13:00-14:55 (T)",Ian Hay
RESP 1430,A01 (12567),Respiratory Therapeutics 1 (Part A) (3),B,"Dec 08 - Dec 08, 10:00-11:55 (M)",Ian Hay
RESP 1430,A01 (12567),Respiratory Therapeutics 1 (Part A) (3),B,"Sep 04 - Sep 04, 13:00-14:55 (R)",Ian Hay
RESP 1430,A01 (12567),Respiratory Therapeutics 1 (Part A) (3),B,"Oct 20 - Nov 05, 13:00-14:55 (MW)",Ian Hay
RESP 1430,A01 (12567),Respiratory Therapeutics 1 (Part A) (3),B,"Nov 17 - Nov 19, 13:00-14:55 (MW)",Ian Hay
RESP 1430,A01 (12567),Respiratory Therapeutics 1 (Part A) (3),B,"Sep 16 - Sep 25, 13:00-14:55 (TR)",Ian Hay
RESP 1430,A01 (12567),Respiratory Therapeutics 1 (Part A) (3),B,"Sep 08 - Sep 10, 13:00-14:55 (MW)",Ian Hay
RESP 1450,A01 (12568),Principles of Mechanical Ventilation (Part A) (3),B,"Oct 14 - Oct 14, 13:00-14:55 (T)",Ian Hay
RESP 1450,A01 (12568),Principles of Mechanical Ventilation (Part A) (3),B,"Sep 09 - Sep 09, 13:00-14:55 (T)",Ian Hay
RESP 1450,A01 (12568),Principles of Mechanical Ventilation (Part A) (3),B,"Nov 04 - Nov 04, 13:00-14:55 (T)",Ian Hay
RESP 1450,A01 (12568),Principles of Mechanical Ventilation (Part A) (3),B,"Oct 06 - Oct 06, 13:00-14:55 (M)",Ian Hay
RESP 1450,A01 (12568),Principles of Mechanical Ventilation (Part A) (3),B,"Sep 22 - Sep 22, 13:00-14:55 (M)",Ian Hay
RESP 1450,A01 (12568),Principles of Mechanical Ventilation (Part A) (3),B,"Dec 15 - Dec 15, 10:00-11:55 (M)",Ian Hay
RESP 1450,A01 (12568),Principles of Mechanical Ventilation (Part A) (3),B,"Oct 30 - Oct 30, 13:00-14:55 (R)",Ian Hay
RESP 1450,A01 (12568),Principles of Mechanical Ventilation (Part A) (3),B,"Nov 20 - Nov 20, 13:00-14:55 (R)",Ian Hay
RESP 1450,A01 (12568),Principles of Mechanical Ventilation (Part A) (3),B,"Oct 09 - Oct 09, 13:00-14:55 (R)",Ian Hay
RESP 1450,A01 (12568),Principles of Mechanical Ventilation (Part A) (3),B,"Oct 02 - Oct 02, 13:00-14:55 (R)",Ian Hay
RESP 1450,A01 (12568),Principles of Mechanical Ventilation (Part A) (3),B,"Sep 11 - Sep 11, 13:00-14:55 (R)",Ian Hay
RESP 1450,A01 (12568),Principles of Mechanical Ventilation (Part A) (3),B,"Nov 18 - Nov 18, 13:00-14:55 (T)",Ian Hay
RESP 1450,A01 (12568),Principles of Mechanical Ventilation (Part A) (3),B,"Oct 28 - Oct 28, 13:00-14:55 (T)",Ian Hay
RESP 1450,A01 (12568),Principles of Mechanical Ventilation (Part A) (3),B,"Oct 21 - Oct 21, 13:00-14:55 (T)",Ian Hay
RESP 1450,A01 (12568),Principles of Mechanical Ventilation (Part A) (3),B,"Oct 16 - Oct 16, 13:00-14:55 (R)",Ian Hay
RESP 1460,A01 (20403),Basic Fieldwork 1 (Part A) (2),OC,"Aug 05 - Dec 19, 08:00-15:55 ()",Cory Campbell
RESP 2200,A01 (13308),Primary Care in Respiratory Therapy (3),B,"Sep 03 - Sep 03, 10:00-11:25 (W)",Sandra Biesheuvel
RESP 2200,A01 (13308),Primary Care in Respiratory Therapy (3),B,"Dec 08 - Dec 08, 13:00-14:55 (M)",Sandra Biesheuvel
RESP 2200,A01 (13308),Primary Care in Respiratory Therapy (3),B,"Sep 05 - Sep 05, 10:00-11:55 (F)",Sandra Biesheuvel
RESP 2200,A01 (13308),Primary Care in Respiratory Therapy (3),B,"Nov 19 - Nov 19, 10:00-11:55 (W)",Sandra Biesheuvel
RESP 2200,A01 (13308),Primary Care in Respiratory Therapy (3),B,"Sep 24 - Sep 24, 10:00-11:55 (W)",Sandra Biesheuvel
RESP 2200,A01 (13308),Primary Care in Respiratory Therapy (3),B,"Sep 10 - Sep 10, 10:00-11:55 (W)",Sandra Biesheuvel
RESP 2200,A01 (13308),Primary Care in Respiratory Therapy (3),B,"Oct 08 - Oct 22, 10:00-11:55 (W)",Sandra Biesheuvel
RESP 2200,A01 (13308),Primary Care in Respiratory Therapy (3),B,"Sep 17 - Sep 19, 10:00-11:55 (WF)",Sandra Biesheuvel
RESP 2200,A01 (13308),Primary Care in Respiratory Therapy (3),B,"Oct 01 - Oct 03, 10:00-11:55 (WF)",Sandra Biesheuvel
RESP 2200,A01 (13308),Primary Care in Respiratory Therapy (3),B,"Dec 02 - Dec 02, 10:00-11:55 (T)",Sandra Biesheuvel
RESP 2200,A01 (13308),Primary Care in Respiratory Therapy (3),B,"Oct 27 - Oct 27, 10:00-11:55 (M)",Sandra Biesheuvel
RESP 2200,A01 (13308),Primary Care in Respiratory Therapy (3),B,"Sep 22 - Sep 22, 10:00-11:55 (M)",Sandra Biesheuvel
RESP 2200,A01 (13308),Primary Care in Respiratory Therapy (3),B,"Nov 24 - Nov 27, 10:00-11:55 (MR)",Sandra Biesheuvel
RESP 2200,A01 (13308),Primary Care in Respiratory Therapy (3),B,"Oct 30 - Oct 30, 13:00-14:55 (R)",Sandra Biesheuvel
RESP 2210,A01 (13309),Pathophysiology (Part A) (3),B,"Oct 01 - Oct 01, 13:00-14:55 (W)",
RESP 2210,A01 (13309),Pathophysiology (Part A) (3),B,"Oct 29 - Oct 29, 13:00-14:55 (W)",
RESP 2210,A01 (13309),Pathophysiology (Part A) (3),B,"Nov 19 - Nov 19, 13:00-14:55 (W)",
RESP 2210,A01 (13309),Pathophysiology (Part A) (3),B,"Nov 26 - Nov 26, 13:00-14:55 (W)",
RESP 2210,A01 (13309),Pathophysiology (Part A) (3),B,"Dec 03 - Dec 03, 13:00-14:55 (W)",
RESP 2210,A01 (13309),Pathophysiology (Part A) (3),B,"Sep 05 - Sep 05, 13:00-14:55 (F)",
RESP 2210,A01 (13309),Pathophysiology (Part A) (3),B,"Oct 15 - Oct 15, 13:00-14:55 (W)",
RESP 2210,A01 (13309),Pathophysiology (Part A) (3),B,"Oct 23 - Oct 23, 13:00-14:55 (R)",
RESP 2210,A01 (13309),Pathophysiology (Part A) (3),B,"Oct 10 - Oct 10, 13:00-14:55 (F)",
RESP 2210,A01 (13309),Pathophysiology (Part A) (3),B,"Nov 21 - Nov 21, 13:00-14:55 (F)",
RESP 2210,A01 (13309),Pathophysiology (Part A) (3),B,"Sep 23 - Sep 23, 13:00-14:55 (T)",
RESP 2210,A01 (13309),Pathophysiology (Part A) (3),B,"Oct 17 - Oct 17, 10:00-11:55 (F)",
RESP 2210,A01 (13309),Pathophysiology (Part A) (3),B,"Sep 16 - Sep 16, 13:00-14:55 (T)",
RESP 2210,A01 (13309),Pathophysiology (Part A) (3),B,"Oct 08 - Oct 08, 13:00-14:55 (W)",
RESP 2210,A01 (13309),Pathophysiology (Part A) (3),B,"Sep 02 - Sep 02, 13:00-14:55 (T)",
RESP 2210,A01 (13309),Pathophysiology (Part A) (3),B,"Sep 09 - Sep 09, 13:00-14:55 (T)",
RESP 2210,A01 (13309),Pathophysiology (Part A) (3),B,"Dec 10 - Dec 10, 10:00-11:55 (W)",
RESP 2210,A01 (13309),Pathophysiology (Part A) (3),B,"Nov 28 - Nov 28, 13:00-14:55 (F)",
RESP 2210,A01 (13309),Pathophysiology (Part A) (3),B,"Oct 20 - Oct 20, 13:00-14:55 (M)",
RESP 2210,A01 (13309),Pathophysiology (Part A) (3),B,"Dec 01 - Dec 01, 13:00-14:55 (M)",
RESP 2210,A01 (13309),Pathophysiology (Part A) (3),B,"Nov 24 - Nov 24, 13:00-14:55 (M)",
RESP 2210,A01 (13309),Pathophysiology (Part A) (3),B,"Sep 29 - Sep 29, 13:00-14:55 (M)",
RESP 2210,A01 (13309),Pathophysiology (Part A) (3),B,"Sep 08 - Sep 08, 13:00-14:55 (M)",
RESP 2210,A01 (13309),Pathophysiology (Part A) (3),B,"Oct 27 - Oct 27, 13:00-14:55 (M)",
RESP 2210,A01 (13309),Pathophysiology (Part A) (3),B,"Nov 17 - Nov 17, 13:00-14:55 (M)",
RESP 2210,A01 (13309),Pathophysiology (Part A) (3),B,"Sep 22 - Sep 22, 13:00-14:55 (M)",
RESP 2210,A01 (13309),Pathophysiology (Part A) (3),B,"Sep 15 - Sep 15, 13:00-14:55 (M)",
RESP 2230,A01 (13310),Respiratory Therapeutics 2 (Part A) (3),B,"Dec 05 - Dec 05, 10:00-11:55 (F)",Sandra Biesheuvel
RESP 2230,A01 (13310),Respiratory Therapeutics 2 (Part A) (3),B,"Oct 23 - Oct 23, 10:00-11:55 (R)",Sandra Biesheuvel
RESP 2230,A01 (13310),Respiratory Therapeutics 2 (Part A) (3),B,"Nov 07 - Nov 07, 10:00-11:55 (F)",Sandra Biesheuvel
RESP 2230,A01 (13310),Respiratory Therapeutics 2 (Part A) (3),B,"Oct 10 - Oct 10, 10:00-11:55 (F)",Sandra Biesheuvel
RESP 2230,A01 (13310),Respiratory Therapeutics 2 (Part A) (3),B,"Sep 02 - Sep 25, 10:00-11:55 (TR)",Sandra Biesheuvel
RESP 2230,A01 (13310),Respiratory Therapeutics 2 (Part A) (3),B,"Nov 26 - Nov 26, 10:00-11:55 (W)",Sandra Biesheuvel
RESP 2230,A01 (13310),Respiratory Therapeutics 2 (Part A) (3),B,"Oct 28 - Oct 30, 10:00-11:55 (TR)",Sandra Biesheuvel
RESP 2230,A01 (13310),Respiratory Therapeutics 2 (Part A) (3),B,"Oct 20 - Oct 20, 10:00-11:55 (M)",Sandra Biesheuvel
RESP 2230,A01 (13310),Respiratory Therapeutics 2 (Part A) (3),B,"Oct 14 - Oct 14, 13:00-14:55 (T)",Sandra Biesheuvel
RESP 2250,A01 (13321),Ventilator Instrumentation (3),B,"Oct 21 - Oct 21, 10:00-11:55 (T)",Kaitlin King
RESP 2250,A01 (13321),Ventilator Instrumentation (3),B,"Nov 04 - Nov 04, 13:00-14:55 (T)",Kaitlin King
RESP 2250,A01 (13321),Ventilator Instrumentation (3),B,"Oct 21 - Oct 21, 13:00-14:55 (T)",Kaitlin King
RESP 2250,A01 (13321),Ventilator Instrumentation (3),B,"Oct 24 - Oct 24, 13:00-14:55 (F)",Kaitlin King
RESP 2250,A01 (13321),Ventilator Instrumentation (3),B,"Oct 24 - Oct 24, 10:00-11:55 (F)",Kaitlin King
RESP 2250,A01 (13321),Ventilator Instrumentation (3),B,"Dec 11 - Dec 11, 10:00-11:55 (R)",Kaitlin King
RESP 2250,A01 (13321),Ventilator Instrumentation (3),B,"Nov 03 - Nov 03, 10:00-11:55 (M)",Kaitlin King
RESP 2250,A01 (13321),Ventilator Instrumentation (3),B,"Oct 17 - Oct 17, 14:00-15:55 (F)",Kaitlin King
RESP 2250,A01 (13321),Ventilator Instrumentation (3),B,"Nov 04 - Nov 04, 09:00-11:55 (T)",Kaitlin King
RESP 2250,A01 (13321),Ventilator Instrumentation (3),B,"Dec 01 - Dec 01, 09:00-11:55 (M)",Kaitlin King
RESP 2250,A01 (13321),Ventilator Instrumentation (3),B,"Dec 12 - Dec 12, 08:00-16:55 (F)",Kaitlin King
RESP 2250,A01 (13321),Ventilator Instrumentation (3),B,"Nov 05 - Nov 05, 08:00-16:55 (W)",Kaitlin King
RESP 2250,A01 (13321),Ventilator Instrumentation (3),B,"Dec 11 - Dec 11, 13:00-15:55 (R)",Kaitlin King
RESP 2250,A01 (13321),Ventilator Instrumentation (3),B,"Oct 31 - Oct 31, 13:00-14:55 (F)",Kaitlin King
RESP 2250,A01 (13321),Ventilator Instrumentation (3),B,"Oct 31 - Oct 31, 09:30-11:55 (F)",Kaitlin King
RESP 2260,A01 (13322),Cardiopulmonary Diagnostics (3),B,"Sep 08 - Sep 08, 10:00-11:55 (M)",
RESP 2260,A01 (13322),Cardiopulmonary Diagnostics (3),B,"Sep 04 - Sep 04, 13:00-14:55 (R)",
RESP 2260,A01 (13322),Cardiopulmonary Diagnostics (3),B,"Sep 18 - Sep 18, 13:00-14:55 (R)",
RESP 2260,A01 (13322),Cardiopulmonary Diagnostics (3),B,"Oct 09 - Oct 09, 13:00-14:55 (R)",
RESP 2260,A01 (13322),Cardiopulmonary Diagnostics (3),B,"Nov 20 - Nov 20, 13:00-14:55 (R)",
RESP 2260,A01 (13322),Cardiopulmonary Diagnostics (3),B,"Oct 03 - Oct 03, 13:00-14:55 (F)",
RESP 2260,A01 (13322),Cardiopulmonary Diagnostics (3),B,"Oct 02 - Oct 02, 13:00-14:55 (R)",
RESP 2260,A01 (13322),Cardiopulmonary Diagnostics (3),B,"Sep 19 - Sep 19, 13:00-14:55 (F)",
RESP 2260,A01 (13322),Cardiopulmonary Diagnostics (3),B,"Dec 05 - Dec 05, 13:00-14:55 (F)",
RESP 2260,A01 (13322),Cardiopulmonary Diagnostics (3),B,"Nov 07 - Nov 07, 13:00-14:55 (F)",
RESP 2260,A01 (13322),Cardiopulmonary Diagnostics (3),B,"Oct 22 - Oct 22, 13:00-14:55 (W)",
RESP 2260,A01 (13322),Cardiopulmonary Diagnostics (3),B,"Nov 27 - Nov 27, 13:00-14:55 (R)",
RESP 2260,A01 (13322),Cardiopulmonary Diagnostics (3),B,"Sep 24 - Sep 24, 13:00-14:55 (W)",
RESP 2260,A01 (13322),Cardiopulmonary Diagnostics (3),B,"Sep 25 - Sep 25, 13:00-14:55 (R)",
RESP 2260,A01 (13322),Cardiopulmonary Diagnostics (3),B,"Sep 10 - Sep 10, 13:00-14:55 (W)",
RESP 2260,A01 (13322),Cardiopulmonary Diagnostics (3),B,"Oct 06 - Oct 06, 10:00-11:55 (M)",
RESP 2260,A01 (13322),Cardiopulmonary Diagnostics (3),B,"Dec 16 - Dec 16, 10:00-11:55 (T)",
RESP 2260,A01 (13322),Cardiopulmonary Diagnostics (3),B,"Oct 14 - Oct 14, 10:00-11:55 (T)",
RESP 2260,A01 (13322),Cardiopulmonary Diagnostics (3),B,"Oct 29 - Oct 29, 10:00-11:55 (W)",
RESP 2260,A01 (13322),Cardiopulmonary Diagnostics (3),B,"Dec 03 - Dec 03, 10:00-11:55 (W)",
RESP 2260,A01 (13322),Cardiopulmonary Diagnostics (3),B,"Sep 17 - Sep 17, 13:00-14:55 (W)",
RESP 2260,A01 (13322),Cardiopulmonary Diagnostics (3),B,"Oct 07 - Oct 07, 13:00-14:55 (T)",
RESP 2260,A01 (13322),Cardiopulmonary Diagnostics (3),B,"Nov 18 - Nov 18, 13:00-14:55 (T)",
RESP 2260,A01 (13322),Cardiopulmonary Diagnostics (3),B,"Dec 02 - Dec 02, 13:00-14:55 (T)",
RESP 2260,A01 (13322),Cardiopulmonary Diagnostics (3),B,"Oct 28 - Oct 28, 13:00-14:55 (T)",
RESP 2260,A01 (13322),Cardiopulmonary Diagnostics (3),B,"Sep 03 - Sep 03, 13:00-14:55 (W)",
RESP 2260,A01 (13322),Cardiopulmonary Diagnostics (3),B,"Dec 04 - Dec 04, 10:00-11:55 (R)",
RESP 2380,A01 (19583),Basic Fieldwork 2 (4),OC,Aug 05 - Dec 19,Candice Harmon
RESP 3320,A01 (11252),Clinical Education in Pediatric Respiratory Care (Part A) (1.5),OC,Aug 05 - Dec 19,Cory Campbell
RESP 3350,A01 (11254),Clinical Education in Pulmonary Diagnostics (Part A) (1.5),OC,Aug 05 - Dec 19,Cory Campbell
RESP 3360,A01 (11255),Clinical Education in Anesthesia (Part A) (1.5),OC,Aug 05 - Dec 19,Cory Campbell
RESP 3370,A01 (11256),Clinical Education in Community Care (Part A) (2),OC,Aug 05 - Dec 19,Cory Campbell
RESP 3410,A01 (12236),Clinical Education in Critical Care (Part A) (4),OC,Aug 05 - Dec 19,Cory Campbell
RESP 3420,A01 (12237),Clinical Education in Neonatal Care (Part A) (2.5),OC,Aug 05 - Dec 19,Cory Campbell
RESP 3430,A01 (12238),Clinical Education in General Therapeutics (Part A) (3),OC,Aug 05 - Dec 19,Cory Campbell
RESP 3440,A01 (12232),Current Topics in Respiratory Therapy (Part A) (3),B,"Nov 07 - Nov 07, 10:00-11:55 (F)",Mayson De Araujo Sousa
RESP 3440,A01 (12232),Current Topics in Respiratory Therapy (Part A) (3),B,"Sep 04 - Sep 04, 13:00-14:55 (R)",Mayson De Araujo Sousa
RESP 3440,A01 (12232),Current Topics in Respiratory Therapy (Part A) (3),B,"Sep 05 - Sep 05, 10:00-11:55 (F)",Mayson De Araujo Sousa
RESP 3440,A01 (12232),Current Topics in Respiratory Therapy (Part A) (3),B,"Nov 05 - Nov 05, 10:00-11:55 (W)",Mayson De Araujo Sousa
RESP 3440,A01 (12232),Current Topics in Respiratory Therapy (Part A) (3),B,"Nov 03 - Nov 03, 10:00-11:55 (M)",Mayson De Araujo Sousa
HYGN 1232,A01 (11280),Oral and Dental Anatomy (3),B,"Aug 26 - Aug 26, 09:00-11:50 (T)",Lorraine Glassford
HYGN 1232,A01 (11280),Oral and Dental Anatomy (3),B,"Aug 27 - Aug 27, 09:00-11:50 (W)",Lorraine Glassford
HYGN 1232,A01 (11280),Oral and Dental Anatomy (3),B,"Sep 02 - Nov 28, 15:00-15:50 (W)",Lorraine Glassford
HYGN 1232,A01 (11280),Oral and Dental Anatomy (3),B,"Aug 28 - Aug 28, 16:00-16:50 (R)",Lorraine Glassford
HYGN 1232,A01 (11280),Oral and Dental Anatomy (3),B,"Sep 02 - Nov 28, 09:00-11:50 (T)",Lorraine Glassford
HYGN 1234,A01 (11281),Preclinical Dental Hygiene (2),B,"Sep 02 - Nov 28, 13:00-16:50 (R)",Lorraine Glassford
HYGN 1234,A01 (11281),Preclinical Dental Hygiene (2),B,"Sep 02 - Nov 28, 09:00-11:50 (R)",Lorraine Glassford
HYGN 1234,A01 (11281),Preclinical Dental Hygiene (2),B,"Aug 28 - Aug 28, 13:00-15:50 (R)",Lorraine Glassford
HYGN 1234,A01 (11281),Preclinical Dental Hygiene (2),B,"Sep 02 - Nov 28, 16:00-16:50 (W)",Lorraine Glassford
HYGN 1234,A01 (11281),Preclinical Dental Hygiene (2),B,"Aug 28 - Aug 28, 09:00-11:50 (R)",Lorraine Glassford
HYGN 1236,A01 (11282),Dental Hygiene Theory and Practice 1 (4),B,"Sep 08 - Nov 28, 14:00-15:50 (M)",Cindy Isaak-Ploegman
HYGN 1236,A01 (11282),Dental Hygiene Theory and Practice 1 (4),B,"Sep 02 - Nov 28, 13:00-14:50 (T)",Cindy Isaak-Ploegman
HYGN 1262,A01 (11283),"Dental Radiology, Part A (1.5)",B,"Aug 27 - Aug 27, 13:00-14:50 (W)",Lorraine Glassford
HYGN 1262,A01 (11283),"Dental Radiology, Part A (1.5)",B,"Sep 02 - Nov 28, 10:00-11:50 (W)",Lorraine Glassford
HYGN 1262,A01 (11283),"Dental Radiology, Part A (1.5)",B,"Oct 17 - Nov 28, 13:00-15:50 (F)",Lorraine Glassford
HYGN 1262,A01 (11283),"Dental Radiology, Part A (1.5)",B,"Aug 19 - Aug 19, 10:00-11:50 (T)",Lorraine Glassford
HYGN 1270,A01 (11287),Biology of the Head and Neck (3),B,"Sep 02 - Nov 28, 13:00-14:50 (W)",Aleksandra Glogowska
HYGN 1270,A01 (11287),Biology of the Head and Neck (3),B,"Sep 08 - Nov 28, 09:00-10:50 (M)",Aleksandra Glogowska
HYGN 1280,A01 (11830),"Microbiology and Infectious Diseases, Part A (1.5)",B,"Aug 19 - Aug 19, 16:00-16:50 (T)",Cindy Isaak-Ploegman
HYGN 1280,A01 (11830),"Microbiology and Infectious Diseases, Part A (1.5)",B,"Sep 02 - Nov 28, 15:00-16:50 (T)",Cindy Isaak-Ploegman
HYGN 1280,A01 (11830),"Microbiology and Infectious Diseases, Part A (1.5)",B,"Aug 25 - Aug 25, 08:00-09:50 (M)",Cindy Isaak-Ploegman
HYGN 1280,A01 (11830),"Microbiology and Infectious Diseases, Part A (1.5)",B,"Aug 19 - Aug 19, 08:00-09:50 (T)",Cindy Isaak-Ploegman
HYGN 1280,A01 (11830),"Microbiology and Infectious Diseases, Part A (1.5)",B,"Aug 21 - Aug 21, 10:00-11:50 (R)",Cindy Isaak-Ploegman
HYGN 1340,A01 (11284),"Communications, Part A (1)",B,"Sep 02 - Nov 28, 10:00-11:50 (F)",Katherine Yerex
HYGN 1340,A01 (11284),"Communications, Part A (1)",B,"Aug 29 - Aug 29, 09:00-10:50 (F)",Katherine Yerex
HYGN 1352,A01 (11285),"Community Health I, Part A (1.5)",B,"Sep 02 - Nov 28, 08:00-09:50 (F)",Flora Bertone
HYGN 1360,A01 (11286),Periodontology I (2),B,"Sep 02 - Nov 28, 08:00-09:50 (W)",Kaleigh Warden
HYGN 2100,A02 (11296),"Dental Hygiene Portfolio, Part A (1)",B,Aug 05 - Dec 23,Laura MacDonald
HYGN 2100,A02 (11296),"Dental Hygiene Portfolio, Part A (1)",B,"Sep 26 - Nov 28, 13:00-13:50 (F)",Laura MacDonald
HYGN 2100,A01 (11295),"Dental Hygiene Portfolio, Part A (1)",B,Aug 05 - Dec 23,Laura MacDonald
HYGN 2100,A01 (11295),"Dental Hygiene Portfolio, Part A (1)",B,"Sep 29 - Nov 28, 11:00-11:50 (M)",Laura MacDonald
HYGN 2300,A01 (11288),"Pathology, Part A (1.5)",B,"Aug 12 - Aug 12, 13:00-14:50 (T)",Vanessa Bromley
HYGN 2300,A01 (11288),"Pathology, Part A (1.5)",B,"Aug 12 - Aug 12, 08:00-09:50 (T)",Vanessa Bromley
HYGN 2300,A01 (11288),"Pathology, Part A (1.5)",B,"Aug 20 - Aug 20, 13:00-15:50 (W)",Vanessa Bromley
HYGN 2300,A01 (11288),"Pathology, Part A (1.5)",B,"Aug 14 - Aug 14, 13:00-15:50 (R)",Vanessa Bromley
HYGN 2300,A01 (11288),"Pathology, Part A (1.5)",B,"Aug 21 - Aug 21, 08:00-09:50 (R)",Vanessa Bromley
HYGN 2300,A01 (11288),"Pathology, Part A (1.5)",B,"Sep 03 - Sep 03, 08:00-09:50 (W)",Vanessa Bromley
HYGN 2300,A01 (11288),"Pathology, Part A (1.5)",B,"Aug 26 - Aug 26, 08:00-09:50 (T)",Vanessa Bromley
HYGN 2300,A01 (11288),"Pathology, Part A (1.5)",B,"Aug 18 - Aug 18, 10:00-11:00 (M)",Vanessa Bromley
HYGN 2312,A01 (11289),Dental Hygiene Clinical Practice II (4),B,"Aug 29 - Aug 29, 13:00-14:50 (F)",Kaleigh Warden
HYGN 2312,A01 (11289),Dental Hygiene Clinical Practice II (4),B,"Aug 18 - Aug 18, 13:00-14:50 (M)",Kaleigh Warden
HYGN 2312,A01 (11289),Dental Hygiene Clinical Practice II (4),B,"Sep 02 - Nov 28, 11:00-11:50 (T)",Kaleigh Warden
HYGN 2312,A01 (11289),Dental Hygiene Clinical Practice II (4),B,"Aug 21 - Aug 21, 10:30-11:50 (R)",Kaleigh Warden
HYGN 2312,A01 (11289),Dental Hygiene Clinical Practice II (4),B,"Aug 14 - Aug 14, 10:30-11:50 (R)",Kaleigh Warden
HYGN 2312,A01 (11289),Dental Hygiene Clinical Practice II (4),B,"Aug 15 - Aug 15, 09:00-11:50 (F)",Kaleigh Warden
HYGN 2312,A01 (11289),Dental Hygiene Clinical Practice II (4),B,"Aug 19 - Aug 19, 09:00-11:50 (T)",Kaleigh Warden
HYGN 2312,A01 (11289),Dental Hygiene Clinical Practice II (4),B,"Aug 20 - Aug 20, 08:30-11:50 (W)",Kaleigh Warden
HYGN 2312,A01 (11289),Dental Hygiene Clinical Practice II (4),B,"Aug 11 - Aug 11, 14:30-16:50 (M)",Kaleigh Warden
HYGN 2312,A01 (11289),Dental Hygiene Clinical Practice II (4),B,"Sep 19 - Nov 28, 14:00-16:50 (F)",Kaleigh Warden
HYGN 2312,A01 (11289),Dental Hygiene Clinical Practice II (4),B,"Aug 25 - Dec 05, 13:30-16:30 (MT)",Kaleigh Warden
HYGN 2312,A01 (11289),Dental Hygiene Clinical Practice II (4),B,"Aug 13 - Aug 13, 09:00-11:50 (W)",Kaleigh Warden
HYGN 2312,A01 (11289),Dental Hygiene Clinical Practice II (4),B,"Aug 25 - Dec 05, 09:00-11:50 (MRF)",Kaleigh Warden
HYGN 2314,K01 (11290),Dental Hygiene Theory and Practice III (4),B,"Sep 04 - Nov 28, 14:00-16:50 (R)",Katherine Yerex
HYGN 2314,K01 (11290),Dental Hygiene Theory and Practice III (4),B,"Sep 04 - Nov 28, 13:00-13:50 (R)",Katherine Yerex
HYGN 2314,K01 (11290),Dental Hygiene Theory and Practice III (4),B,"Sep 08 - Nov 28, 08:00-08:50 (M)",Katherine Yerex
HYGN 2340,A01 (11291),Periodontology II (2),B,"Sep 08 - Nov 28, 08:00-09:50 (W)",Katherine Yerex
HYGN 2340,A01 (11291),Periodontology II (2),B,"Aug 28 - Aug 28, 13:00-14:50 (R)",Katherine Yerex
HYGN 2340,A01 (11291),Periodontology II (2),B,"Aug 19 - Aug 19, 13:00-15:50 (T)",Katherine Yerex
HYGN 2350,A01 (11292),Biology of Oral Tissues (2),B,"Aug 28 - Aug 28, 15:00-15:50 (R)",Natalya Kravtsov
HYGN 2350,A01 (11292),Biology of Oral Tissues (2),B,"Sep 02 - Nov 28, 10:00-11:50 (W)",Natalya Kravtsov
HYGN 2350,A01 (11292),Biology of Oral Tissues (2),B,"Aug 26 - Aug 26, 10:00-11:50 (T)",Natalya Kravtsov
HYGN 2362,A01 (11293),"Community Health II, Part A (1.5)",B,"Sep 02 - Nov 28, 08:00-10:50 (T)",Flora Bertone
HYGN 2380,A01 (11294),Pain Management (2),B,"Sep 02 - Nov 28, 13:00-16:50 (W)",Kaleigh Warden
HYGN 2380,A01 (11294),Pain Management (2),B,"Aug 27 - Aug 27, 13:00-15:50 (W)",Kaleigh Warden
HYGN 4412,A01 (21014),Dental Hygiene Practice Management and Leadership (3),B,Aug 05 - Dec 23,Laura MacDonald
HYGN 4460,A01 (19749),Community Health Independent Study (3),B,Aug 05 - Dec 23,Laura MacDonald
HYGN 4470,A01 (19747),Community Health Independent Study II (3),B,Aug 05 - Dec 23,Laura MacDonald
HYGN 4492,A01 (16951),Current Issues in Dental Hygiene (3),B,Aug 05 - Dec 23,Laura MacDonald
HYGN 4520,A01 (16952),Advanced Independent Study I (3),B,Aug 05 - Dec 23,Laura MacDonald
HYGN 4530,A01 (17015),Teaching Practicum (3),B,Aug 05 - Dec 23,Laura MacDonald
HYGN 4540,A01 (18329),Advanced Teaching Practicum (3),B,Aug 05 - Dec 23,Laura MacDonald
HYGN 4550,A01 (25585),Advanced Independent Study II (3),B,Aug 05 - Dec 23,Flora Bertone
MUSC 1004,A01 (12123),Introduction to Music in History 1 (3),M,"Sep 03 - Dec 08, 08:30-09:20 (MWF)",Andrew Deruchie
MUSC 1030,A01 (21561),History of Musical Theatre (3),M,"Sep 03 - Dec 08, 10:30-11:20 (MWF)",Donna Fletcher
MUSC 1040,A01 (25005),Discovering Jazz (3),M,"Sep 03 - Dec 08, 13:00-14:15 (TR)",Jonathan Challoner
MUSC 1110,A01 (10524),Music Theory 1 (3),M,"Sep 03 - Dec 08, 09:30-10:20 (MWF)",Rebecca Simpson
MUSC 1110,A02 (20115),Music Theory 1 (3),M,"Sep 03 - Dec 08, 10:30-11:20 (MWF)",Rebecca Simpson
MUSC 1180,T04 (10542),Wind Ensemble (Part A) (1),M,"Sep 03 - Dec 08, 14:30-16:45 (TR)",Jacqueline Dawson
MUSC 1180,T09 (16965),Experimental Improv Ensemble (Part A) (1),M,"Sep 03 - Dec 08, 14:30-17:30 (F)",Gordon Fitzell
MUSC 1180,T07 (10544),Concert Choir (Part A) (1),M,"Sep 03 - Dec 08, 17:30-19:30 (W)",Catherine Robbins
MUSC 1180,T12 (22294),University of Manitoba Upper Voices (Part A) (1),M,"Sep 03 - Dec 08, 14:30-16:15 (MW)",Elroy Friesen
MUSC 1180,T03 (10540),University Singers (Part A) (1),M,"Sep 03 - Dec 08, 13:00-15:15 (TR)",Elroy Friesen
MUSC 1180,T02 (10537),Orchestra (Part A) (1),M,"Sep 03 - Dec 08, 16:45-19:00 (MW)",Minna Chung
MUSC 1180,T05 (10543),Concert Band (Part A) (1),M,"Sep 03 - Dec 08, 19:00-21:30 (T)",Jacqueline Dawson
MUSC 1184,T02 (21641),Small Jazz Ensemble (Part A) (1),M,Sep 03 - Dec 08,Fabio Ragnelli
MUSC 1184,T03 (21642),Jazz Vocal Ensemble (Part A) (1),M,"Sep 03 - Dec 08, 14:30-16:30 (R)",Karly Epp
MUSC 1184,T01 (21640),Jazz Orchestra (Part A) (1),M,"Sep 03 - Dec 08, 14:30-16:30 (MW)",Jonathan Challoner
MUSC 1190,T03 (21634),Accompanying (Part A) (1),M,"Sep 03 - Dec 08, 11:30-12:45 (T)",Judith Kehler-Siebert
MUSC 1190,T25 (26470),Wednesday Night Jazz Big Band - Part A (1),M,"Sep 03 - Dec 08, 17:30-19:00 (W)",Jonathan Challoner
MUSC 1190,T04 (21635),Chamber Music (Part A) (1),M,"Sep 03 - Dec 08, 14:30-16:30 (MW)",Judith Kehler-Siebert
MUSC 1190,T02 (21633),Musical Theatre (Part A) (1),M,"Sep 03 - Dec 08, 16:00-19:00 (T)",Donna Fletcher
MUSC 1190,T07 (21638),Opera Theatre (Part A) (1),M,"Sep 03 - Dec 08, 14:30-17:30 (F)",Katherine Twaddle
MUSC 1190,T07 (21638),Opera Theatre (Part A) (1),M,"Sep 03 - Dec 08, 11:30-12:45 (TR)",Katherine Twaddle
MUSC 1190,T08 (21639),Percussion Ensemble (Part A) (1),M,"Sep 03 - Dec 08, 19:30-21:30 (M)",Victoria Sparks
MUSC 1190,T09 (21697),Small Jazz Ensemble (Part A) (1),M,Sep 03 - Dec 08,Fabio Ragnelli
MUSC 1190,T10 (21698),Rhythm Section Ensemble (Part A) (1),M,"Sep 03 - Dec 08, 14:30-16:30 (T)",Karl Kohut
MUSC 1190,T11 (22232),Jazz Vocal Ensemble (Part A) (1),M,"Sep 03 - Dec 08, 14:30-16:30 (R)",Karly Epp
MUSC 1190,T12 (22243),Jazz Orchestra (Part A) (1),M,"Sep 03 - Dec 08, 14:30-16:30 (MW)",Jonathan Challoner
MUSC 1190,T14 (26352),Chamber Opera - Part A (1),M,"Sep 03 - Dec 08, 11:30-12:45 (TR)",Katherine Twaddle
MUSC 1190,T06 (21637),Composition Seminar (Part A) (1),M,"Sep 03 - Dec 08, 14:30-17:30 (W)",Gordon Fitzell
MUSC 1194,A01 (21600),Jazz Improvisation 1 (Part A) (1.5),M,"Sep 03 - Dec 08, 13:00-14:15 (R)",Karl Kohut
MUSC 1384,B02 (20121),Musicianship 1 Lab (0),M,"Sep 03 - Dec 08, 11:30-12:20 (M)",Darryl Friesen
MUSC 1384,A01 (25327),Musicianship 1 (2),M,"Sep 03 - Dec 08, 09:30-10:20 (MW)",Darryl Friesen
MUSC 1384,A02 (12125),Musicianship 1 (2),M,"Sep 03 - Dec 08, 10:30-11:20 (MW)",Darryl Friesen
MUSC 1384,B99 (25597),Musicianship 1 - Challenge Lab (0),M,Sep 03 - Dec 08,Darryl Friesen
MUSC 1384,B03 (20122),Musicianship 1 Lab (0),M,"Sep 03 - Dec 08, 10:00-10:50 (T)",Darryl Friesen
MUSC 1384,B04 (20123),Musicianship 1 Lab (0),M,"Sep 03 - Dec 08, 13:30-14:20 (W)",Darryl Friesen
MUSC 1386,B02 (22382),Jazz Musicianship 1 Lab (0),M,"Sep 03 - Dec 08, 09:30-10:20 (W)",Karly Epp
MUSC 1386,B01 (22381),Jazz Musicianship 1 Lab (0),M,"Sep 03 - Dec 08, 11:30-12:20 (F)",Karly Epp
MUSC 1386,A01 (21573),Jazz Musicianship 1 (2),M,"Sep 03 - Dec 08, 10:00-10:50 (TR)",Karly Epp
MUSC 1400,B06 (23140),Major Practical Study - Jazz Masterclass (Part A) (0),M,"Sep 03 - Dec 08, 14:30-16:30 (F)",Fabio Ragnelli
MUSC 1400,B07 (23141),Major Practical Study - Piano Masterclass (Part A) (0),M,"Sep 03 - Dec 08, 14:30-16:30 (F)",David Moroz
MUSC 1400,B03 (23136),Major Practical Study - Woodwind Masterclass (Part A) (0),M,"Sep 03 - Dec 08, 14:30-16:00 (F)",Douglas Harrington
MUSC 1400,B09 (23143),Major Practical Study - Guitar Masterclass (Part A) (0),M,"Sep 03 - Dec 08, 15:30-18:00 (M)",Ryszard Tyborowski
MUSC 1400,B02 (23135),Major Practical Study - Cello Masterclass (Part A) (0),M,"Sep 03 - Dec 08, 13:00-15:00 (R)",Minna Chung
MUSC 1400,B10 (24371),Major Practical Study - Composition Masterclass (Part A) (0),M,Sep 03 - Dec 08,Orjan Sandred
MUSC 1400,B01 (23133),Major Practical Study - Voice Masterclass (Part A) (0),M,"Sep 03 - Dec 08, 16:00-17:30 (R)",Mel Braun
MUSC 1400,K01 (10550),Major Practical Study (Part A) (3),M,Sep 03 - Dec 08,TBA
MUSC 1400,B05 (23138),Major Practical Study - Percussion Masterclass (Part A) (0),M,"Sep 03 - Dec 08, 14:30-16:30 (F)",Victoria Sparks
MUSC 1400,B08 (23142),Major Practical Study - Violin/Viola Masterclass (Part A) (0),M,"Sep 03 - Dec 08, 13:00-15:00 (T)",TBA
MUSC 1400,B04 (23137),Major Practical Study - Brass Masterclass (Part A) (0),M,"Sep 03 - Dec 08, 14:30-16:00 (F)",Richard Gillis
MUSC 1460,K04 (22265),Minor Practical Study (Part A) (3),M,Sep 03 - Dec 08,William Bonness
MUSC 1460,K03 (23335),Minor Practical Study (3),M,Sep 03 - Dec 08,Laura Loewen
MUSC 1930,A01 (20084),Rudiments of Music (3),M,"Sep 03 - Dec 08, 08:30-09:45 (TR)",Megan Dufrat
MUSC 2072,A01 (11385),Jazz History 1 (3),M,"Sep 03 - Dec 08, 11:30-12:45 (TR)",Jonathan Challoner
MUSC 2100,A01 (18115),Introduction to Music Teaching and Learning (3),M,"Sep 03 - Dec 08, 10:30-11:20 (MWF)",Jody Stark
MUSC 2110,A01 (10552),Music Theory 3 (3),M,"Sep 03 - Dec 08, 09:30-10:20 (MWF)",David Litke
MUSC 2122,A01 (22291),Jazz Theory 2 (3),M,"Sep 03 - Dec 08, 13:30-14:20 (MWF)",Karl Kohut
MUSC 2180,T12 (22295),University of Manitoba Upper Voices (Part A) (1),M,"Sep 03 - Dec 08, 14:30-16:15 (MW)",Elroy Friesen
MUSC 2180,T02 (10554),Orchestra (Part A) (1),M,"Sep 03 - Dec 08, 16:45-19:00 (MW)",Minna Chung
MUSC 2180,T05 (10561),Concert Band (Part A) (1),M,"Sep 03 - Dec 08, 19:00-21:30 (T)",Jacqueline Dawson
MUSC 2180,T04 (10556),Wind Ensemble (Part A) (1),M,"Sep 03 - Dec 08, 14:30-16:45 (TR)",Jacqueline Dawson
MUSC 2180,T09 (16966),Experimental Improv Ensemble (Part A) (1),M,"Sep 03 - Dec 08, 14:30-17:30 (F)",Gordon Fitzell
MUSC 2180,T07 (10562),Concert Choir (Part A) (1),M,"Sep 03 - Dec 08, 17:30-19:30 (W)",Catherine Robbins
MUSC 2180,T03 (10555),University Singers (Part A) (1),M,"Sep 03 - Dec 08, 13:00-15:15 (TR)",Elroy Friesen
MUSC 2184,T02 (21644),Small Jazz Ensemble (Part A) (1),M,Sep 03 - Dec 08,Fabio Ragnelli
MUSC 2184,T01 (21643),Jazz Orchestra (Part A) (1),M,"Sep 03 - Dec 08, 14:30-16:30 (MW)",Jonathan Challoner
MUSC 2184,T03 (21645),Jazz Vocal Ensemble (Part A) (1),M,"Sep 03 - Dec 08, 14:30-16:30 (R)",Karly Epp
MUSC 2190,T08 (21658),Percussion Ensemble (Part A) (1),M,"Sep 03 - Dec 08, 19:30-21:30 (M)",Victoria Sparks
MUSC 2190,T07 (21657),Opera Theatre (Part A) (1),M,"Sep 03 - Dec 08, 14:30-17:30 (F)",Katherine Twaddle
MUSC 2190,T13 (23370),Orchestra (Part A) (1),M,"Sep 03 - Dec 08, 16:45-19:00 (MW)",Minna Chung
MUSC 2190,T07 (21657),Opera Theatre (Part A) (1),M,"Sep 03 - Dec 08, 11:30-12:45 (TR)",Katherine Twaddle
MUSC 2190,T11 (22233),Jazz Vocal Ensemble (Part A) (1),M,"Sep 03 - Dec 08, 14:30-16:30 (R)",Karly Epp
MUSC 2190,T12 (22244),Jazz Orchestra (Part A) (1),M,"Sep 03 - Dec 08, 14:30-16:30 (MW)",Jonathan Challoner
MUSC 2190,T09 (21699),Small Jazz Ensemble (Part A) (1),M,Sep 03 - Dec 08,Fabio Ragnelli
MUSC 2190,T10 (21700),Rhythm Section Ensemble (Part A) (1),M,"Sep 03 - Dec 08, 14:30-16:30 (T)",Karl Kohut
MUSC 2190,T04 (21654),Chamber Music (Part A) (1),M,"Sep 03 - Dec 08, 14:30-16:30 (MW)",Judith Kehler-Siebert
MUSC 2190,T02 (21652),Musical Theatre (Part A) (1),M,"Sep 03 - Dec 08, 16:00-19:00 (T)",Donna Fletcher
MUSC 2190,T14 (24575),Chamber Opera - Part A (1),M,"Sep 03 - Dec 08, 11:30-12:45 (TR)",Katherine Twaddle
MUSC 2190,T25 (26471),Wednesday Night Jazz Big Band - Part A (1),M,"Sep 03 - Dec 08, 17:30-19:00 (W)",Jonathan Challoner
MUSC 2190,T03 (21653),Accompanying (Part A) (1),M,"Sep 03 - Dec 08, 11:30-12:45 (T)",Judith Kehler-Siebert
MUSC 2190,T06 (21656),Composition Seminar (Part A) (1),M,"Sep 03 - Dec 08, 14:30-17:30 (W)",Gordon Fitzell
MUSC 2194,A01 (21601),Jazz Improvisation 2 (Part A) (1.5),M,"Sep 03 - Dec 08, 13:00-14:15 (T)",Jonathan Gordon
MUSC 2384,B99 (25598),Musicianship 3 (0),M,Sep 03 - Dec 08,Darryl Friesen
MUSC 2384,B03 (20127),Musicianship 3 Lab (0),M,"Sep 03 - Dec 08, 13:30-14:20 (M)",Darryl Friesen
MUSC 2384,A02 (15076),Musicianship 3 (2),M,"Sep 03 - Dec 08, 11:30-12:20 (MW)",Darryl Friesen
MUSC 2384,A01 (26337),Musicianship 3 (2),M,"Sep 03 - Dec 08, 08:30-09:20 (MW)",Darryl Friesen
MUSC 2384,B01 (20125),Musicianship 3 Lab (0),M,"Sep 03 - Dec 08, 08:30-09:20 (T)",Darryl Friesen
MUSC 2386,B01 (22384),Jazz Musicianship 3 Lab (0),M,"Sep 03 - Dec 08, 10:30-11:20 (W)",Niall Bakkestad-Legare
MUSC 2386,A01 (21574),Jazz Musicianship 3 (2),M,"Sep 03 - Dec 08, 08:30-09:20 (TR)",Niall Bakkestad-Legare
MUSC 2400,B10 (23223),Major Practical Study - Composition Masterclass (Part A) (0),M,Sep 03 - Dec 08,Gordon Fitzell
MUSC 2400,K01 (10564),Major Practical Study (Part A) (3),M,Sep 03 - Dec 08,TBA
MUSC 2400,B09 (23180),Major Practical Study - Guitar Masterclass (Part A) (0),M,"Sep 03 - Dec 08, 15:30-18:00 (M)",Ryszard Tyborowski
MUSC 2400,B04 (23175),Major Practical Study - Brass Masterclass (Part A) (0),M,"Sep 03 - Dec 08, 14:30-16:00 (F)",Richard Gillis
MUSC 2400,B03 (23168),Major Practical Study - Woodwind Masterclass (Part A) (0),M,"Sep 03 - Dec 08, 14:30-16:00 (F)",Douglas Harrington
MUSC 2400,B08 (23179),Major Practical Study - Violin/Viola Masterclass (Part A) (0),M,"Sep 03 - Dec 08, 13:00-15:00 (T)",TBA
MUSC 2400,B07 (23151),Major Practical Study - Piano Masterclass (Part A) (0),M,"Sep 03 - Dec 08, 14:30-16:30 (F)",David Moroz
MUSC 2400,B02 (23134),Major Practical Study - Cello Masterclass (Part A) (0),M,"Sep 03 - Dec 08, 13:00-15:00 (R)",Minna Chung
MUSC 2400,B06 (23170),Major Practical Study - Jazz Masterclass (Part A) (0),M,"Sep 03 - Dec 08, 14:30-16:30 (F)",Fabio Ragnelli
MUSC 2400,B05 (23176),Major Practical Study - Percussion Masterclass (Part A) (0),M,"Sep 03 - Dec 08, 14:30-16:30 (F)",Victoria Sparks
MUSC 2400,B01 (23169),Major Practical Study - Voice Masterclass (Part A) (0),M,"Sep 03 - Dec 08, 16:00-17:30 (R)",Mel Braun
MUSC 2460,A01 (10565),Conducting (3),M,"Sep 03 - Dec 08, 10:00-11:15 (TR)",Catherine Robbins
MUSC 3012,A01 (22199),Advanced Diction 2 (Part A) (1.5),M,"Sep 03 - Dec 08, 10:00-11:15 (M)",Laura Loewen
MUSC 3040,A01 (25007),Perspectives on Indigenous Music (3),M,"Sep 03 - Dec 08, 10:00-11:15 (TR)",Melody McKiver
MUSC 3050,A01 (13152),Bibliography and Research Methods (3),M,"Sep 03 - Dec 08, 17:00-19:30 (T)",Colette Simonot-Maiello
MUSC 3074,A01 (26330),Classical Music History (3),M,"Sep 03 - Dec 08, 10:00-11:15 (TR)",Andrew Deruchie
MUSC 3112,A01 (11822),Jazz Composition and Arranging 1 (3),M,"Sep 03 - Dec 08, 10:00-11:15 (TR)",William Bonness
MUSC 3116,A01 (24297),Standard Orchestral Excerpts  and Solos 1 (Cello and Bass) (3),M,"Sep 03 - Dec 08, 13:00-14:25 (T)",Minna Chung
MUSC 3150,A01 (20085),Orchestration (3),M,"Sep 03 - Dec 08, 11:30-12:20 (MWF)",Gordon Fitzell
MUSC 3180,T07 (10590),Concert Choir (Part A) (1),M,"Sep 03 - Dec 08, 17:30-19:30 (W)",Catherine Robbins
MUSC 3180,T04 (10585),Wind Ensemble (Part A) (1),M,"Sep 03 - Dec 08, 14:30-16:45 (TR)",Jacqueline Dawson
MUSC 3180,T02 (10580),Orchestra (Part A) (1),M,"Sep 03 - Dec 08, 16:45-19:00 (MW)",Minna Chung
MUSC 3180,T03 (10582),University Singers (Part A) (1),M,"Sep 03 - Dec 08, 13:00-15:15 (TR)",Elroy Friesen
MUSC 3180,T10 (16967),Experimental Improv Ensemble (Part A) (1),M,"Sep 03 - Dec 08, 14:30-17:30 (F)",Gordon Fitzell
MUSC 3180,T12 (22296),University of Manitoba Upper Voices (Part A) (1),M,"Sep 03 - Dec 08, 14:30-16:15 (MW)",Elroy Friesen
MUSC 3180,T05 (10588),Concert Band (Part A) (1),M,"Sep 03 - Dec 08, 19:00-21:30 (T)",Jacqueline Dawson
MUSC 3180,T08 (14217),Cantata Singers (Part A) (1),M,"Sep 03 - Dec 08, 16:30-18:15 (M)",Elroy Friesen
MUSC 3184,T02 (21647),Small Jazz Ensemble (Part A) (1),M,Sep 03 - Dec 08,Fabio Ragnelli
MUSC 3184,T01 (21646),Jazz Orchestra (Part A) (1),M,"Sep 03 - Dec 08, 14:30-16:30 (MW)",Jonathan Challoner
MUSC 3184,T03 (21648),Jazz Vocal Ensemble (Part A) (1),M,"Sep 03 - Dec 08, 14:30-16:30 (R)",Karly Epp
MUSC 3190,T13 (24539),Orchestra (Part A) (1),M,"Sep 03 - Dec 08, 14:45-17:00 (M)",Minna Chung
MUSC 3190,T25 (26472),Wednesday Night Jazz Big Band - Part A (1),M,"Sep 03 - Dec 08, 17:30-19:00 (W)",Jonathan Challoner
MUSC 3190,T16 (26353),Chamber Opera - Part A (1),M,"Sep 03 - Dec 08, 11:30-12:45 (TR)",Katherine Twaddle
MUSC 3190,T13 (24539),Orchestra (Part A) (1),M,"Sep 03 - Dec 08, 16:45-19:00 (W)",Minna Chung
MUSC 3190,T07 (21695),Opera Theatre (Part A) (1),M,"Sep 03 - Dec 08, 11:30-12:45 (TR)",Katherine Twaddle
MUSC 3190,T02 (21691),Musical Theatre (Part A) (1),M,"Sep 03 - Dec 08, 16:00-19:00 (T)",Donna Fletcher
MUSC 3190,T12 (22245),Jazz Orchestra (Part A) (1),M,"Sep 03 - Dec 08, 14:30-16:30 (MW)",Jonathan Challoner
MUSC 3190,T08 (21696),Percussion Ensemble (Part A) (1),M,"Sep 03 - Dec 08, 19:30-21:30 (M)",Victoria Sparks
MUSC 3190,T06 (21694),Composition Seminar (Part A) (1),M,"Sep 03 - Dec 08, 14:30-17:30 (W)",Gordon Fitzell
MUSC 3190,T11 (22234),Jazz Vocal Ensemble (Part A) (1),M,"Sep 03 - Dec 08, 14:30-16:30 (R)",Karly Epp
MUSC 3190,T09 (21701),Small Jazz Ensemble (Part A) (1),M,Sep 03 - Dec 08,Fabio Ragnelli
MUSC 3190,T10 (21702),Rhythm Section Ensemble (Part A) (1),M,"Sep 03 - Dec 08, 14:30-16:30 (T)",Karl Kohut
MUSC 3190,T04 (21692),Chamber Music (Part A) (1),M,"Sep 03 - Dec 08, 14:30-16:30 (MW)",Judith Kehler-Siebert
MUSC 3190,T07 (21695),Opera Theatre (Part A) (1),M,"Sep 03 - Dec 08, 14:30-17:30 (F)",Katherine Twaddle
MUSC 3194,A01 (21611),Jazz Improvisation 3 (Part A) (1.5),M,"Sep 03 - Dec 08, 11:30-12:45 (R)",Emmanuel Bach Camargo
MUSC 3270,A02 (22969),Performance Skills (3),M,"Sep 03 - Dec 08, 13:00-14:15 (TR)",Katherine Twaddle
MUSC 3360,T11 (26468),Topics in Music Education: Wednesday Night Jazz Big Band - (Part A) (1.5),M,"Sep 03 - Dec 08, 17:30-19:00 (W)",Jonathan Challoner
MUSC 3450,A01 (26350),"Analytical Approaches to Rhythm, Metre, and Dance (3)",M,"Sep 03 - Dec 08, 08:30-09:45 (TR)",Rebecca Simpson
MUSC 3470,B01 (23184),Major Practical Study - Voice Masterclass (Part A) (0),M,"Sep 03 - Dec 08, 16:00-17:30 (R)",Mel Braun
MUSC 3470,B02 (23185),Major Practical Study - Cello Masterclass (Part A) (0),M,"Sep 03 - Dec 08, 13:00-15:00 (R)",Minna Chung
MUSC 3470,B03 (23147),Major Practical Study - Woodwind Masterclass (Part A) (0),M,"Sep 03 - Dec 08, 14:30-16:00 (F)",Douglas Harrington
MUSC 3470,K01 (10602),Major Practical Study (Part A) (3),M,Sep 03 - Dec 08,TBA
MUSC 3470,B06 (23187),Major Practical Study - Jazz Masterclass (Part A) (0),M,"Sep 03 - Dec 08, 14:30-16:30 (F)",Fabio Ragnelli
MUSC 3470,B10 (23221),Major Practical Study - Composition Masterclass (Part A) (0),M,Sep 03 - Dec 08,Orjan Sandred
MUSC 3470,B09 (23189),Major Practical Study - Guitar Masterclass (Part A) (0),M,"Sep 03 - Dec 08, 15:30-18:00 (M)",Ryszard Tyborowski
MUSC 3470,B04 (23186),Major Practical Study - Brass Masterclass (Part A) (0),M,"Sep 03 - Dec 08, 14:30-16:00 (F)",Richard Gillis
MUSC 3470,B05 (23167),Major Practical Study - Percussion Masterclass (Part A) (0),M,"Sep 03 - Dec 08, 14:30-16:30 (F)",Victoria Sparks
MUSC 3470,B07 (23188),Major Practical Study - Piano Masterclass (Part A) (0),M,"Sep 03 - Dec 08, 14:30-16:30 (F)",David Moroz
MUSC 3470,B08 (23166),Major Practical Study - Violin/Viola Masterclass (Part A) (0),M,"Sep 03 - Dec 08, 13:00-15:00 (T)",TBA
MUSC 3480,K03 (24526),Minor Practical Study (3),M,Sep 03 - Dec 08,Laura Loewen
MUSC 3550,A01 (10603),Recital 1 (Part A) (1.5),M,Sep 03 - Dec 08,TBA
MUSC 3554,A01 (12128),Jazz Recital 1 (Part A) (1.5),M,Sep 03 - Dec 08,TBA
MUSC 3620,A10 (26722),"Gender, Sexuality, and Music: Gender Disparity in Brass Studies (Part A) (1.5)",M,Sep 03 - Dec 08,Colette Simonot-Maiello
MUSC 3620,A02 (25498),Métis Fiddling Independent Study (3),M,Sep 03 - Dec 08,Patti Kusturok
MUSC 3650,A01 (15083),Electroacoustic Music (3),M,"Sep 03 - Dec 08, 10:00-11:15 (TR)",Orjan Sandred
MUSC 3772,A01 (20088),Vocal Pedagogy for Choirs (3),M,"Sep 03 - Dec 08, 10:00-11:15 (MW)",Catherine Robbins
MUSC 3780,A01 (26332),Woodwind Techniques (3),M,"Sep 03 - Dec 08, 08:30-09:45 (TR)",Douglas Harrington
MUSC 3790,K01 (21567),Brass Techniques (3),M,"Sep 03 - Dec 08, 08:30-09:20 (MWF)",Richard Gillis
MUSC 3820,T02 (21678),Chamber Opera (3),M,Sep 03 - Dec 08,Katherine Twaddle
MUSC 3830,T42 (26476),Business of Music (3),M,"Sep 03 - Dec 08, 17:30-20:30 (R)",Sean McManus
MUSC 3830,T41 (26355),Composition for Film and Media (3),M,"Sep 03 - Dec 08, 13:00-14:15 (TR)",Melody McKiver
MUSC 3830,T47 (26478),Undergraduate Acting for Singers - Part A (1.5),M,"Sep 03 - Dec 08, 14:30-16:00 (M)",Katherine Twaddle
MUSC 3830,T49 (26534),Topics in Music (3),M,"Sep 03 - Dec 08, 17:30-20:30 (R)",Patti Kusturok
MUSC 3830,T50 (26536),Introduction to Game Audio (3),M,"Sep 03 - Dec 08, 17:30-20:30 (R)",Mackenzie Enns
MUSC 3830,T16 (16939),Role Study (Part A) (1.5),M,Sep 03 - Dec 08,Tracy Dahl
MUSC 3964,A02 (26331),History of Western Art Music After 1900 (3),M,"Sep 03 - Dec 08, 11:30-12:45 (TR)",Andrew Deruchie
MUSC 4010,A02 (26327),French Diction and Repertoire (3),M,"Sep 03 - Dec 08, 13:30-14:20 (MWF)",Laura Loewen
MUSC 4160,K02 (15663),Major Practical Study (Part A) (1.5),M,Sep 03 - Dec 08,TBA
MUSC 4160,B07 (26743),Major Practical Study (0),M,Sep 03 - Dec 08,TBA
MUSC 4180,T12 (22297),University of Manitoba Upper Voices (Part A) (1),M,"Sep 03 - Dec 08, 14:30-16:15 (MW)",Elroy Friesen
MUSC 4180,T15 (16968),Experimental Improvisation Ensemble (Part A) (1),M,"Sep 03 - Dec 08, 14:30-17:30 (F)",Gordon Fitzell
MUSC 4180,T02 (10608),Orchestra (Part A) (1),M,"Sep 03 - Dec 08, 16:45-19:00 (MW)",Minna Chung
MUSC 4180,T03 (10610),University Singers (Part A) (1),M,"Sep 03 - Dec 08, 13:00-15:15 (TR)",Elroy Friesen
MUSC 4180,T07 (10614),Concert Choir (Part A) (1),M,"Sep 03 - Dec 08, 17:30-19:30 (W)",Catherine Robbins
MUSC 4180,T05 (16532),Concert Band (Part A) (1),M,"Sep 03 - Dec 08, 19:00-21:30 (T)",Jacqueline Dawson
MUSC 4180,T08 (10615),Cantata Singers (Part A) (1),M,"Sep 03 - Dec 08, 16:30-18:15 (M)",Elroy Friesen
MUSC 4180,T04 (10611),Wind Ensemble (Part A) (1),M,"Sep 03 - Dec 08, 14:30-16:45 (TR)",Jacqueline Dawson
MUSC 4184,T02 (21650),Small Jazz Ensemble (Part A) (1),M,Sep 03 - Dec 08,Fabio Ragnelli
MUSC 4184,T01 (21649),Jazz Orchestra (Part A) (1),M,"Sep 03 - Dec 08, 14:30-16:30 (MW)",Jonathan Challoner
MUSC 4184,T03 (21651),Jazz Vocal Ensemble (Part A) (1),M,"Sep 03 - Dec 08, 14:30-16:30 (R)",Karly Epp
MUSC 4190,T12 (22246),Jazz Orchestra (Part A) (1),M,"Sep 03 - Dec 08, 14:30-16:30 (MW)",Jonathan Challoner
MUSC 4190,T07 (21707),Opera Theatre (Part A) (1),M,"Sep 03 - Dec 08, 14:30-17:30 (F)",Katherine Twaddle
MUSC 4190,T13 (24540),Orchestra (Part A) (1),M,"Sep 03 - Dec 08, 16:45-19:00 (W)",Minna Chung
MUSC 4190,T07 (21707),Opera Theatre (Part A) (1),M,"Sep 03 - Dec 08, 11:30-12:45 (TR)",Katherine Twaddle
MUSC 4190,T10 (21710),Rhythm Section Ensemble (Part A) (1),M,"Sep 03 - Dec 08, 14:30-16:30 (T)",Karl Kohut
MUSC 4190,T04 (21704),Chamber Music (Part A) (1),M,"Sep 03 - Dec 08, 14:30-16:30 (MW)",Judith Kehler-Siebert
MUSC 4190,T09 (21709),Small Jazz Ensemble (Part A) (1),M,Sep 03 - Dec 08,Fabio Ragnelli
MUSC 4190,T24 (26354),Chamber Opera - Part A (1),M,"Sep 03 - Dec 08, 11:30-12:45 (TR)",Katherine Twaddle
MUSC 4190,T08 (21708),Percussion Ensemble (Part A) (1),M,"Sep 03 - Dec 08, 19:30-21:30 (M)",Victoria Sparks
MUSC 4190,T02 (21703),Musical Theatre (Part A) (1),M,"Sep 03 - Dec 08, 16:00-19:00 (T)",Donna Fletcher
MUSC 4190,T06 (21706),Composition Seminar (Part A) (1),M,"Sep 03 - Dec 08, 14:30-17:30 (W)",Gordon Fitzell
MUSC 4190,T25 (26473),Wednesday Night Jazz Big Band - Part A (1),M,"Sep 03 - Dec 08, 17:30-19:00 (W)",Jonathan Challoner
MUSC 4190,T11 (22235),Jazz Vocal Ensemble (Part A) (1),M,"Sep 03 - Dec 08, 14:30-16:30 (R)",Karly Epp
MUSC 4190,T13 (24540),Orchestra (Part A) (1),M,"Sep 03 - Dec 08, 14:45-17:00 (M)",Minna Chung
MUSC 4194,A01 (21626),Jazz Improvisation 4 (Part A) (1.5),M,"Sep 03 - Dec 08, 11:30-12:45 (T)",Niall Bakkestad-Legare
MUSC 4380,A01 (13127),Piano Repertoire (Part A) (1.5),M,"Sep 03 - Dec 08, 11:30-12:45 (T)",David Moroz
MUSC 4452,A01 (22342),Jazz Pedagogy (3),M,"Sep 03 - Dec 08, 16:30-19:30 (W)",Fabio Ragnelli
MUSC 4470,B08 (23200),Major Practical Study - Violin/Viola Masterclass (Part A) (0),M,"Sep 03 - Dec 08, 13:00-15:00 (T)",TBA
MUSC 4470,B07 (23199),Major Practical Study - Piano Masterclass (Part A) (0),M,"Sep 03 - Dec 08, 14:30-16:30 (F)",David Moroz
MUSC 4470,B10 (23222),Major Practical Study - Composition Masterclass (Part A) (0),M,Sep 03 - Dec 08,Orjan Sandred
MUSC 4470,B09 (23201),Major Practical Study - Guitar Masterclass (Part A) (0),M,"Sep 03 - Dec 08, 15:30-18:00 (M)",Ryszard Tyborowski
MUSC 4470,B04 (23144),Major Practical Study - Brass Masterclass (Part A) (0),M,"Sep 03 - Dec 08, 14:30-16:00 (F)",Richard Gillis
MUSC 4470,B06 (23177),Major Practical Study - Jazz Masterclass (Part A) (0),M,"Sep 03 - Dec 08, 14:30-16:30 (F)",Fabio Ragnelli
MUSC 4470,B05 (23198),Major Practical Study - Percussion Masterclass (Part A) (0),M,"Sep 03 - Dec 08, 14:30-16:30 (F)",Victoria Sparks
MUSC 4470,B03 (23152),Major Practical Study - Woodwind Masterclass (Part A) (0),M,"Sep 03 - Dec 08, 14:30-16:00 (F)",Douglas Harrington
MUSC 4470,B02 (23197),Major Practical Study - Cello Masterclass (Part A) (0),M,"Sep 03 - Dec 08, 13:00-15:00 (R)",Minna Chung
MUSC 4470,B01 (23196),Major Practical Study - Voice Masterclass (Part A) (0),M,"Sep 03 - Dec 08, 16:00-17:30 (R)",Mel Braun
MUSC 4470,K01 (10624),Major Practical Study (Part A) (3),M,Sep 03 - Dec 08,TBA
MUSC 4530,A01 (19646),Operatic Piano (Part A) (1.5),M,"Sep 03 - Dec 08, 10:00-11:15 (W)",Laura Loewen
MUSC 4560,A01 (10625),Recital 2 (Part A) (3),M,Sep 03 - Dec 08,TBA
MUSC 4564,A01 (21630),Jazz Recital 2 (Part A) (1.5),M,Sep 03 - Dec 08,TBA
MUSC 4782,A01 (22154),Instrumental Music Methods 2 (3),M,"Sep 03 - Dec 08, 10:00-11:15 (MW)",Jacqueline Dawson
MUSC 4896,A02 (26328),Cultural Perspectives for Music Educators (3),M,"Sep 03 - Dec 08, 13:30-14:20 (MWF)",Jody Stark
MUSC 5180,T04 (22271),Chamber Music (Part A) (1.5),M,Sep 03 - Dec 08,TBA
MUSC 5180,T03 (22260),Opera Theatre (Part A) (1.5),M,"Sep 03 - Dec 08, 14:30-17:30 (F)",Katherine Twaddle
MUSC 5180,T03 (22260),Opera Theatre (Part A) (1.5),M,"Sep 03 - Dec 08, 11:30-12:45 (TR)",Katherine Twaddle
MUSC 5400,K01 (10627),Major Practical Study (Part A) (3),M,Sep 03 - Dec 08,TBA
MUSC 5560,A01 (10628),Recital (Part A) (3),M,Sep 03 - Dec 08,TBA
MUSC 7002,A01 (25328),Graduate Theory Preparation (1),M,"Sep 03 - Dec 08, 10:30-11:45 (F)",David Litke
MUSC 7050,A01 (11816),Bibliography and Research Methods (3),M,"Sep 03 - Dec 08, 17:00-19:30 (T)",Colette Simonot-Maiello
MUSC 7070,A02 (19439),Advanced Diction 2 (Part A) (0.5),M,"Sep 03 - Dec 08, 10:00-11:15 (M)",Laura Loewen
MUSC 7120,T03 (26543),Seminar in Musicology: Perspectives on Indigenous Music (3),M,"Sep 03 - Dec 08, 10:00-11:15 (TR)",Melody McKiver
MUSC 7180,A01 (10629),Ensemble (Part A) (1.5),M,Sep 03 - Dec 08,TBA
MUSC 7210,T02 (26351),"Seminar in Music Theory and Analysis: Analytical Approaches to Rhythm, Metre, and Dance (3)",M,"Sep 03 - Dec 08, 08:30-09:45 (TR)",Rebecca Simpson
MUSC 7380,A01 (22033),Piano Repertoire Seminar - (Part A) (1),M,"Sep 03 - Dec 08, 11:30-12:45 (T)",David Moroz
MUSC 7400,K10 (26516),Major Practical Study 1 (Part A) (1.5),M,Sep 03 - Dec 08,David Moroz
MUSC 7400,K11 (26517),Major Practical Study 1 (Part A) (1.5),M,Sep 03 - Dec 08,Minna Chung
MUSC 7400,K07 (26513),Major Practical Study 1 (Part A) (1.5),M,Sep 03 - Dec 08,Tracy Dahl
MUSC 7400,K06 (26512),Major Practical Study 1 (Part A) (1.5),M,Sep 03 - Dec 08,Judith Kehler-Siebert
MUSC 7400,K05 (26511),Major Practical Study 1 (Part A) (1.5),M,Sep 03 - Dec 08,Elroy Friesen
MUSC 7400,K04 (26510),Major Practical Study 1 (Part A) (1.5),M,Sep 03 - Dec 08,Jacqueline Dawson
MUSC 7410,K10 (26508),Major Practical Study 2 (Part A) (1.5),M,Sep 03 - Dec 08,Tracy Dahl
MUSC 7410,K08 (26505),Major Practical Study 2 (Part A) (1.5),M,Sep 03 - Dec 08,Minna Chung
MUSC 7410,K07 (26504),Major Practical Study 2 (Part A) (1.5),M,Sep 03 - Dec 08,Jacqueline Dawson
MUSC 7410,K11 (26509),Major Practical Study 2 (Part A) (1.5),M,Sep 03 - Dec 08,TBA
MUSC 7410,K06 (26503),Major Practical Study 2 (Part A) (1.5),M,Sep 03 - Dec 08,Tracy Dahl
MUSC 7410,K09 (26506),Major Practical Study 2 (Part A) (1.5),M,Sep 03 - Dec 08,Judith Kehler-Siebert
MUSC 7530,A01 (18972),Operatic Piano (Part A) (1),M,"Sep 03 - Dec 08, 10:00-11:15 (W)",Laura Loewen
MUSC 7860,T17 (21690),Sonata Duo (3),M,"Sep 03 - Dec 08, 13:00-16:00 (R)",Judith Kehler-Siebert
KIN 2200,A01 (16355),Basic Trauma and Life Support (3),M,"Sep 03 - Dec 08, 11:30-12:45 (F)",Mandy Los
KIN 2200,A01 (16355),Basic Trauma and Life Support (3),M,"Sep 03 - Dec 08, 11:30-14:15 (W)",Mandy Los
KIN 2610,A01 (11864),Health and Physical Aspects of Aging (3),M,"Sep 03 - Dec 08, 14:30-15:45 (TR)",Barbara Tallman
KIN 3160,A01 (11217),Pathology and Sport Medicine (3),M,"Sep 03 - Dec 08, 11:30-12:45 (TR)",Byron Bahniuk
KIN 3160,B02 (11227),Pathology and Sport Medicine (0),M,"Sep 03 - Dec 08, 14:30-15:45 (R)",Byron Bahniuk
KIN 3160,B01 (11219),Pathology and Sport Medicine (0),M,"Sep 03 - Dec 08, 16:00-17:15 (R)",Byron Bahniuk
KIN 3330,A01 (11655),Functional Assessment and Restoration A (3),M,"Sep 03 - Dec 08, 14:30-17:15 (T)",Byron Bahniuk
KIN 3330,A01 (11655),Functional Assessment and Restoration A (3),M,"Sep 03 - Dec 08, 08:30-09:20 (MWF)",Byron Bahniuk
KIN 3912,A01 (11656),Athletic Therapy Practicum (Part A) (2),M,"Aug 05 - Dec 23, 08:30-09:45 (T)",Mandy Los
KIN 4070,A01 (22905),Development and Movement Disorders (3),M,"Sep 03 - Dec 08, 09:30-10:20 (MWF)",Cheryl Glazebrook
KIN 4330,A01 (11225),Advanced Biomechanics (3),M,"Sep 03 - Dec 08, 11:30-12:45 (TR)",Jonathan Singer
KIN 4330,A01 (11225),Advanced Biomechanics (3),M,"Sep 03 - Dec 08, 10:30-12:15 (W)",Jonathan Singer
KIN 4400,A01 (20251),Therapeutic Exercise Rehabilitation (3),M,"Sep 03 - Dec 08, 13:00-14:15 (TR)",Mandy Los
KIN 4460,A01 (11771),Fitness Appraisal and Lifestyle Counselling (3),M,"Sep 03 - Dec 08, 13:30-14:45 (MW)",Janet Lawson
KIN 4460,B01 (12398),Fitness Appraisal and Lifestyle Counselling (0),M,"Sep 03 - Dec 08, 11:30-14:15 (F)",Janet Lawson
KIN 4460,B02 (12399),Fitness Appraisal and Lifestyle Counselling (0),M,"Sep 03 - Dec 08, 08:30-11:15 (F)",Janet Lawson
KIN 4540,A01 (25853),Advanced Topics in Sport Psychology (3),M,"Sep 03 - Dec 08, 10:30-11:20 (MWF)",Benjamin Schellenberg
KIN 4910,A01 (11467),Athletic Therapy Practicum (Part A) (3),M,"Aug 05 - Dec 23, 10:00-11:15 (T)",Mandy Los
KPER 1200,D01 (20357),"Physical Activity, Health and Wellness (3)",DE,Sep 03 - Dec 08,Shelley Harms
KPER 1200,G07 (26295),"Physical Activity, Health and Wellness (3)",M,"Sep 03 - Dec 08, 13:30-14:20 (MWF)",Edgar Galeano
KPER 1200,A01 (16155),"Physical Activity, Health and Wellness (3)",M,"Sep 03 - Dec 08, 14:30-15:20 (MWF)",Shelley Harms
KPER 1400,D01 (16357),Concepts of Recreation and Leisure (3),DE,Sep 03 - Dec 08,Daniel Henhawk
KPER 1500,K01 (16064),Foundations of Physical Education and Kinesiology (3),M,"Sep 03 - Dec 08, 11:30-12:20 (MWF)",Janet Lawson
KPER 2120,A01 (17563),Academic Skills in Kinesiology and Recreation Management (3),M,"Sep 03 - Dec 08, 09:30-10:20 (MWF)",Stephanie Chesser
KPER 2200,B03 (17576),Planning Principles (0),M,"Sep 18 - Dec 08, 13:00-14:15 (R)",Shelley Harms
KPER 2200,B01 (17574),Planning Principles (0),M,"Sep 18 - Dec 08, 13:00-14:15 (R)",Shelley Harms
KPER 2200,B05 (21283),Planning Principles (0),M,"Sep 18 - Dec 08, 13:00-14:15 (R)",Shelley Harms
KPER 2200,A01 (17573),Planning Principles (3),M,"Sep 03 - Sep 16, 13:00-14:15 (TR)",Shelley Harms
KPER 2200,B02 (17575),Planning Principles (0),M,"Sep 18 - Dec 08, 13:00-14:15 (R)",Shelley Harms
KPER 2200,A01 (17573),Planning Principles (3),M,"Sep 23 - Dec 08, 13:00-14:15 (T)",Shelley Harms
KPER 2200,B04 (17577),Planning Principles (0),M,"Sep 18 - Dec 08, 13:00-14:15 (R)",Shelley Harms
KPER 2320,B02 (17582),Human Anatomy (0),M,"Sep 03 - Dec 08, 14:30-17:15 (W)",Steven Passmore
KPER 2320,B03 (17583),Human Anatomy (0),M,"Sep 03 - Dec 08, 14:30-17:15 (F)",Steven Passmore
KPER 2320,B05 (21286),Human Anatomy (0),M,"Sep 03 - Dec 08, 18:00-20:45 (W)",Steven Passmore
KPER 2320,B01 (17581),Human Anatomy (0),M,"Sep 03 - Dec 08, 14:30-17:15 (M)",Steven Passmore
KPER 2320,A01 (17567),Human Anatomy (3),M,"Sep 03 - Dec 08, 10:30-11:20 (MWF)",Steven Passmore
KPER 2350,B02 (24805),Introduction to Research (0),M,"Dec 02 - Dec 02, 10:00-11:15 (T)",Veronica Silva
KPER 2350,B02 (24805),Introduction to Research (0),M,"Nov 18 - Nov 18, 10:00-11:15 (T)",Veronica Silva
KPER 2350,B02 (24805),Introduction to Research (0),M,"Oct 28 - Oct 28, 10:00-11:15 (T)",Veronica Silva
KPER 2350,B03 (24806),Introduction to Research (0),M,"Nov 20 - Nov 20, 08:30-09:45 (R)",Veronica Silva
KPER 2350,B03 (24806),Introduction to Research (0),M,"Oct 02 - Oct 02, 08:30-09:45 (R)",Veronica Silva
KPER 2350,B03 (24806),Introduction to Research (0),M,"Oct 16 - Oct 16, 08:30-09:45 (R)",Veronica Silva
KPER 2350,B03 (24806),Introduction to Research (0),M,"Oct 30 - Oct 30, 08:30-09:45 (R)",Veronica Silva
KPER 2350,B03 (24806),Introduction to Research (0),M,"Dec 04 - Dec 04, 08:30-09:45 (R)",Veronica Silva
KPER 2350,B04 (24807),Introduction to Research (0),M,"Dec 04 - Dec 04, 10:00-11:15 (R)",Veronica Silva
KPER 2350,B04 (24807),Introduction to Research (0),M,"Nov 20 - Nov 20, 10:00-11:15 (R)",Veronica Silva
KPER 2350,B04 (24807),Introduction to Research (0),M,"Oct 30 - Oct 30, 10:00-11:15 (R)",Veronica Silva
KPER 2350,B04 (24807),Introduction to Research (0),M,"Oct 16 - Oct 16, 10:00-11:15 (R)",Veronica Silva
KPER 2350,B04 (24807),Introduction to Research (0),M,"Oct 02 - Oct 02, 10:00-11:15 (R)",Veronica Silva
KPER 2350,B03 (24806),Introduction to Research (0),M,"Sep 18 - Sep 18, 08:30-09:45 (R)",Veronica Silva
KPER 2350,B02 (24805),Introduction to Research (0),M,"Oct 07 - Oct 07, 10:00-11:15 (T)",Veronica Silva
KPER 2350,B01 (24803),Introduction to Research (0),M,"Oct 07 - Oct 07, 08:30-09:45 (T)",Veronica Silva
KPER 2350,B02 (24805),Introduction to Research (0),M,"Oct 14 - Oct 14, 10:00-11:15 (T)",Veronica Silva
KPER 2350,A01 (24802),Introduction to Research (3),M,"Sep 03 - Dec 08, 11:30-12:45 (TR)",Veronica Silva
KPER 2350,B01 (24803),Introduction to Research (0),M,"Oct 14 - Oct 14, 08:30-09:45 (T)",Veronica Silva
KPER 2350,B01 (24803),Introduction to Research (0),M,"Sep 16 - Sep 16, 08:30-09:45 (T)",Veronica Silva
KPER 2350,B01 (24803),Introduction to Research (0),M,"Oct 28 - Oct 28, 08:30-09:45 (T)",Veronica Silva
KPER 2350,B01 (24803),Introduction to Research (0),M,"Nov 18 - Nov 18, 08:30-09:45 (T)",Veronica Silva
KPER 2350,B02 (24805),Introduction to Research (0),M,"Sep 16 - Sep 16, 10:00-11:15 (T)",Veronica Silva
KPER 2350,B01 (24803),Introduction to Research (0),M,"Dec 02 - Dec 02, 08:30-09:45 (T)",Veronica Silva
KPER 2350,B04 (24807),Introduction to Research (0),M,"Sep 18 - Sep 18, 10:00-11:15 (R)",Veronica Silva
KPER 2540,D01 (20521),Psychology of Sport and Physical Activity (3),DE,Sep 03 - Dec 08,Shirley Toogood
KPER 3460,B05 (18568),Sociology of Physical Activity and Leisure (0),M,"Sep 03 - Dec 08, 12:30-13:20 (F)",Amanda Baker
KPER 3460,A01 (18561),Sociology of Physical Activity and Leisure (3),M,"Sep 03 - Dec 08, 11:30-12:20 (MW)",Amanda Baker
KPER 3460,B01 (18562),Sociology of Physical Activity and Leisure (0),M,"Sep 03 - Dec 08, 11:30-12:20 (F)",Amanda Baker
KPER 3460,B06 (26294),Sociology of Physical Activity and Leisure (0),M,"Sep 03 - Dec 08, 12:30-13:20 (F)",Amanda Baker
KPER 3460,B02 (18565),Sociology of Physical Activity and Leisure (0),M,"Sep 03 - Dec 08, 11:30-12:20 (F)",Amanda Baker
KPER 3460,B04 (18567),Sociology of Physical Activity and Leisure (0),M,"Sep 03 - Dec 08, 12:30-13:20 (W)",Amanda Baker
KPER 3460,B03 (18566),Sociology of Physical Activity and Leisure (0),M,"Sep 03 - Dec 08, 12:30-13:20 (W)",Amanda Baker
KPER 3470,B05 (20355),Exercise Physiology (0),M,"Oct 24 - Oct 24, 14:30-17:15 (F)",Trisha Scribbans
KPER 3470,B05 (20355),Exercise Physiology (0),M,"Sep 12 - Sep 12, 14:30-17:15 (F)",Trisha Scribbans
KPER 3470,B04 (18555),Exercise Physiology (0),M,"Sep 17 - Sep 17, 14:30-17:15 (W)",Trisha Scribbans
KPER 3470,B05 (20355),Exercise Physiology (0),M,"Nov 28 - Nov 28, 14:30-17:15 (F)",Trisha Scribbans
KPER 3470,B05 (20355),Exercise Physiology (0),M,"Nov 07 - Nov 07, 14:30-17:15 (F)",Trisha Scribbans
KPER 3470,B04 (18555),Exercise Physiology (0),M,"Dec 03 - Dec 03, 14:30-17:15 (W)",Trisha Scribbans
KPER 3470,B05 (20355),Exercise Physiology (0),M,"Sep 26 - Sep 26, 14:30-17:15 (F)",Trisha Scribbans
KPER 3470,B04 (18555),Exercise Physiology (0),M,"Oct 29 - Oct 29, 14:30-17:15 (W)",Trisha Scribbans
KPER 3470,B04 (18555),Exercise Physiology (0),M,"Oct 01 - Oct 01, 14:30-17:15 (W)",Trisha Scribbans
KPER 3470,B05 (20355),Exercise Physiology (0),M,"Oct 10 - Oct 10, 14:30-17:15 (F)",Trisha Scribbans
KPER 3470,B04 (18555),Exercise Physiology (0),M,"Nov 19 - Nov 19, 14:30-17:15 (W)",Trisha Scribbans
KPER 3470,B04 (18555),Exercise Physiology (0),M,"Oct 15 - Oct 15, 14:30-17:15 (W)",Trisha Scribbans
KPER 3470,B03 (18553),Exercise Physiology (0),M,"Sep 15 - Sep 15, 14:30-17:15 (M)",Trisha Scribbans
KPER 3470,A01 (18530),Exercise Physiology (3),M,"Sep 03 - Dec 08, 09:30-10:20 (MWF)",Trisha Scribbans
KPER 3470,B01 (18552),Exercise Physiology (0),M,"Nov 24 - Nov 24, 14:30-17:15 (M)",Trisha Scribbans
KPER 3470,B01 (18552),Exercise Physiology (0),M,"Sep 22 - Sep 22, 14:30-17:15 (M)",Trisha Scribbans
KPER 3470,B01 (18552),Exercise Physiology (0),M,"Oct 20 - Oct 20, 14:30-17:15 (M)",Trisha Scribbans
KPER 3470,B01 (18552),Exercise Physiology (0),M,"Oct 06 - Oct 06, 14:30-17:15 (M)",Trisha Scribbans
KPER 3470,B01 (18552),Exercise Physiology (0),M,"Sep 08 - Sep 08, 14:30-17:15 (M)",Trisha Scribbans
KPER 3470,B01 (18552),Exercise Physiology (0),M,"Nov 03 - Nov 03, 14:30-17:15 (M)",Trisha Scribbans
KPER 3470,B02 (18554),Exercise Physiology (0),M,"Oct 22 - Oct 22, 14:30-17:15 (W)",Trisha Scribbans
KPER 3470,B02 (18554),Exercise Physiology (0),M,"Nov 05 - Nov 05, 14:30-17:15 (W)",Trisha Scribbans
KPER 3470,B03 (18553),Exercise Physiology (0),M,"Sep 29 - Sep 29, 14:30-17:15 (M)",Trisha Scribbans
KPER 3470,B02 (18554),Exercise Physiology (0),M,"Oct 08 - Oct 08, 14:30-17:15 (W)",Trisha Scribbans
KPER 3470,B02 (18554),Exercise Physiology (0),M,"Sep 10 - Sep 10, 14:30-17:15 (W)",Trisha Scribbans
KPER 3470,B02 (18554),Exercise Physiology (0),M,"Nov 26 - Nov 26, 14:30-17:15 (W)",Trisha Scribbans
KPER 3470,B02 (18554),Exercise Physiology (0),M,"Sep 24 - Sep 24, 14:30-17:15 (W)",Trisha Scribbans
KPER 3470,B03 (18553),Exercise Physiology (0),M,"Nov 17 - Nov 17, 14:30-17:15 (M)",Trisha Scribbans
KPER 3470,B03 (18553),Exercise Physiology (0),M,"Oct 14 - Oct 14, 14:30-17:15 (T)",Trisha Scribbans
KPER 3470,B03 (18553),Exercise Physiology (0),M,"Dec 01 - Dec 01, 14:30-17:15 (M)",Trisha Scribbans
KPER 3470,B03 (18553),Exercise Physiology (0),M,"Oct 27 - Oct 27, 14:30-17:15 (M)",Trisha Scribbans
KPER 3550,A01 (18540),Growth and Motor Development (3),M,"Sep 03 - Dec 08, 10:00-11:15 (TR)",Cheryl Glazebrook
KPER 4310,A01 (18543),Physical Activity Counselling (3),M,"Sep 03 - Dec 08, 12:30-13:20 (MWF)",Shaelyn Strachan
KPER 4630,A02 (20826),Supervised Fieldwork Experience (Part A) (6),M,"Sep 03 - Dec 08,  (MTWRF)",Colleen Plumton
KPER 4630,A01 (20756),Supervised Fieldwork Experience (12),M,"Sep 03 - Dec 08,  (MTWRF)",Colleen Plumton
KPER 4632,A01 (20806),Supervised Fieldwork Experience A (6),M,"Sep 03 - Dec 08,  (MTWRF)",Colleen Plumton
KPER 4810,A01 (22142),Senior Thesis Preparation (3),M,Sep 03 - Dec 08,Stephen Cornish
KPER 7000,A01 (19378),Research in Kinesiology and Recreation Studies (3),M,"Sep 03 - Dec 08, 08:30-11:15 (R)",Jay Johnson
KPER 7404,K01 (26266),Indigenous Land-Based Skills (3),M,"Oct 23 - Oct 23, 14:30-17:15 (R)",Brian Rice
KPER 7404,K01 (26266),Indigenous Land-Based Skills (3),M,"Oct 16 - Oct 16, 14:30-17:15 (R)",Brian Rice
KPER 7404,K01 (26266),Indigenous Land-Based Skills (3),M,"Nov 20 - Nov 20, 14:30-17:15 (R)",Brian Rice
KPER 7404,K01 (26266),Indigenous Land-Based Skills (3),M,"Nov 27 - Nov 27, 14:30-17:15 (R)",Brian Rice
KPER 7404,K01 (26266),Indigenous Land-Based Skills (3),M,"Dec 04 - Dec 04, 14:30-17:15 (R)",Brian Rice
KPER 7404,K01 (26266),Indigenous Land-Based Skills (3),M,"Oct 04 - Oct 04, 10:00-13:00 (S)",Brian Rice
KPER 7404,K01 (26266),Indigenous Land-Based Skills (3),M,"Sep 13 - Sep 13, 10:00-13:00 (S)",Brian Rice
KPER 7404,K01 (26266),Indigenous Land-Based Skills (3),M,"Nov 01 - Nov 01, 10:00-13:00 (S)",Brian Rice
KPER 7404,K01 (26266),Indigenous Land-Based Skills (3),M,"Sep 04 - Sep 04, 14:30-17:15 (R)",Brian Rice
KPER 7404,K01 (26266),Indigenous Land-Based Skills (3),M,"Sep 11 - Sep 11, 14:30-17:15 (R)",Brian Rice
KPER 7404,K01 (26266),Indigenous Land-Based Skills (3),M,"Oct 02 - Oct 02, 14:30-17:15 (R)",Brian Rice
KPER 7404,K01 (26266),Indigenous Land-Based Skills (3),M,"Oct 25 - Oct 25, 10:00-13:00 (S)",Brian Rice
KPER 7404,K01 (26266),Indigenous Land-Based Skills (3),M,"Sep 25 - Sep 25, 14:30-17:15 (R)",Brian Rice
KPER 7800,T05 (26686),Biomechanical mechanisms of mediolateral dynamic stability. (3),M,Sep 03 - Dec 08,Jonathan Singer
KPER 7800,T07 (26723),Knowledge Mobilization in Sport and Recreation (3),M,"Sep 03 - Dec 08, 09:00-12:00 (R)",Janet Lawson
PHED 2442,A01 (24801),Health Education (3),M,"Sep 03 - Dec 08, 11:30-12:45 (TR)",Fabiana Turelli
PHED 2710,A01 (11229),Human Movement Principles (3),M,"Sep 03 - Dec 08, 08:30-09:45 (TR)",Shelley Harms
PHED 3722,B03 (25399),Coaching Theory and Practice - HOCKEY (0),M,"Sep 03 - Dec 08, 13:00-14:15 (T)",Gordon Burnett
PHED 3722,B02 (18550),Coaching Theory and Practice - VOLLEYBALL (0),M,"Sep 03 - Dec 08, 13:00-14:15 (T)",Arnd Ludwig
PHED 3722,A01 (18548),Coaching Theory and Practice (3),M,"Sep 03 - Dec 08, 10:30-11:20 (MWF)",Neale Gillespie
PHED 3722,B01 (18549),Coaching Theory and Practice - TRACK & FIELD (0),M,"Sep 03 - Dec 08, 13:00-14:15 (T)",Claude Berube
REC 2100,A01 (17571),Introduction to Leisure Travel (3),M,"Sep 03 - Dec 08, 13:00-14:15 (TR)",Lesley Gaudry
REC 2100,D01 (20358),Introduction to Leisure Travel (3),DE,Sep 03 - Dec 08,Christine Van Winkle
REC 2130,K01 (18547),Introduction to Outdoor and Land-Based Recreation (3),M,"Sep 03 - Dec 08, 14:30-17:15 (W)",Amanda Baker
REC 3072,A01 (18556),Community Development Principles (3),M,"Sep 03 - Dec 08, 14:30-17:15 (R)",
REC 3220,A01 (18545),Program Planning and Evaluation (3),M,"Sep 03 - Dec 08, 14:30-15:45 (T)",Christine Van Winkle
REC 3220,A01 (18545),Program Planning and Evaluation (3),M,"Sep 03 - Dec 08, 13:00-14:15 (TR)",Christine Van Winkle
REC 3770,K01 (20758),Indigenous Perspectives on Land-Based Education (3),M,"Sep 13 - Sep 13, 10:00-13:00 (S)",Brian Rice
REC 3770,K01 (20758),Indigenous Perspectives on Land-Based Education (3),M,"Oct 25 - Oct 25, 10:00-13:00 (S)",Brian Rice
REC 3770,K01 (20758),Indigenous Perspectives on Land-Based Education (3),M,"Nov 01 - Nov 01, 10:00-13:00 (S)",Brian Rice
REC 3770,K01 (20758),Indigenous Perspectives on Land-Based Education (3),M,"Sep 04 - Sep 04, 14:30-17:15 (R)",Brian Rice
REC 3770,K01 (20758),Indigenous Perspectives on Land-Based Education (3),M,"Sep 11 - Sep 11, 14:30-17:15 (R)",Brian Rice
REC 3770,K01 (20758),Indigenous Perspectives on Land-Based Education (3),M,"Sep 25 - Sep 25, 14:30-17:15 (R)",Brian Rice
REC 3770,K01 (20758),Indigenous Perspectives on Land-Based Education (3),M,"Oct 02 - Oct 02, 14:30-17:15 (R)",Brian Rice
REC 3770,K01 (20758),Indigenous Perspectives on Land-Based Education (3),M,"Nov 27 - Nov 27, 14:30-17:15 (R)",Brian Rice
REC 3770,K01 (20758),Indigenous Perspectives on Land-Based Education (3),M,"Dec 04 - Dec 04, 14:30-17:15 (R)",Brian Rice
REC 3770,K01 (20758),Indigenous Perspectives on Land-Based Education (3),M,"Oct 04 - Oct 04, 10:00-13:00 (S)",Brian Rice
REC 3770,K01 (20758),Indigenous Perspectives on Land-Based Education (3),M,"Oct 23 - Oct 23, 14:30-17:15 (R)",Brian Rice
REC 3770,K01 (20758),Indigenous Perspectives on Land-Based Education (3),M,"Oct 16 - Oct 16, 14:30-17:15 (R)",Brian Rice
REC 3770,K01 (20758),Indigenous Perspectives on Land-Based Education (3),M,"Nov 20 - Nov 20, 14:30-17:15 (R)",Brian Rice
REC 3850,A01 (21309),Planning of Recreation Areas and Facilities (3),M,"Sep 03 - Dec 08, 10:00-11:15 (TR)",Daniel Henhawk
REC 4250,A01 (24022),Leisure and Aging (3),M,"Sep 03 - Dec 08, 13:30-14:20 (MWF)",Stephanie Chesser
ABIZ 0450,A01 (10820),Agricultural Economics & Marketing 2 (4),M,"Sep 08 - Dec 05, 08:30-09:20 (MWF)",Brian Voth
ABIZ 0450,A01 (10820),Agricultural Economics & Marketing 2 (4),M,"Sep 08 - Dec 05, 14:30-15:45 (T)",Brian Voth
ABIZ 0460,A01 (10822),Financial Management 1 (4),M,"Sep 08 - Dec 05, 08:30-09:45 (TR)",Lacey Calder
ABIZ 0460,B01 (24691),Financial Management 1 (0),M,"Sep 08 - Dec 05, 11:30-12:45 (R)",Jonah Langelotz
ABIZ 0460,B02 (24693),Financial Management 1 (0),M,"Sep 08 - Dec 05, 12:00-13:15 (F)",Jonah Langelotz
ABIZ 0460,B03 (24692),Financial Management 1 (0),M,"Sep 08 - Dec 05, 13:00-14:15 (R)",Jonah Langelotz
ABIZ 0750,A01 (18533),Advanced Ag Financial Management & Lending (3),M,"Sep 08 - Dec 05, 13:00-15:45 (M)",Gavin Betker
ANSC 0420,A01 (10137),Animal Biology and Nutrition (4),M,"Sep 08 - Dec 05, 08:30-09:20 (MWF)",Nhamo Gozho
ANSC 0420,B01 (10141),Animal Biology and Nutrition (0),M,"Sep 08 - Dec 05, 13:30-14:45 (W)",Nhamo Gozho
ANSC 0420,B02 (10142),Animal Biology and Nutrition (0),M,"Sep 08 - Dec 05, 14:30-15:45 (R)",Nhamo Gozho
ANSC 0420,B03 (11408),Animal Biology and Nutrition (0),M,"Sep 08 - Dec 05, 14:30-15:45 (T)",Nhamo Gozho
ANSC 0680,K01 (10143),Dairy Cattle Production and Management (4),M,"Sep 08 - Dec 05, 14:30-17:15 (W)",Melanie Buckler
ANSC 0680,K01 (10143),Dairy Cattle Production and Management (4),M,"Sep 08 - Dec 05, 10:30-11:20 (MWF)",Melanie Buckler
ANSC 0700,K01 (10144),Poultry Production and Management (4),M,"Sep 08 - Dec 05, 11:30-12:45 (TR)",Anna Rogiewicz
ANSC 0700,K01 (10144),Poultry Production and Management (4),M,"Sep 08 - Dec 05, 14:30-17:15 (R)",Anna Rogiewicz
ENTM 0620,A01 (10858),Insect Pest Management (4),M,"Sep 08 - Dec 05, 09:30-10:20 (MWF)",Reid Miller
ENTM 0620,B01 (10859),Insect Pest Management (0),M,"Sep 08 - Dec 05, 10:00-11:15 (R)",Reid Miller
ENTM 0620,B02 (10860),Insect Pest Management (0),M,"Sep 08 - Dec 05, 11:30-12:45 (R)",Reid Miller
ENTM 0620,B03 (11679),Insect Pest Management (0),M,"Sep 08 - Dec 05, 13:00-14:15 (R)",Reid Miller
PLNT 0410,B01 (17630),Crop Production Principles and Practices (0),M,"Sep 08 - Dec 05, 13:00-14:15 (T)",Kristen Macmillan
PLNT 0410,A01 (17629),Crop Production Principles and Practices (4),M,"Sep 08 - Dec 05, 12:00-13:15 (MW)",Kristen Macmillan
PLNT 0410,B03 (17632),Crop Production Principles and Practices (0),M,"Sep 08 - Dec 05, 13:30-14:45 (W)",Kristen Macmillan
PLNT 0410,B02 (17631),Crop Production Principles and Practices (0),M,"Sep 08 - Dec 05, 14:30-15:45 (T)",Kristen Macmillan
PLNT 0780,B02 (10864),Plant Disease Management (0),M,"Sep 08 - Dec 05, 11:30-12:45 (T)",Dilantha Fernando
PLNT 0780,A01 (10862),Plant Disease Management (4),M,"Sep 08 - Dec 05, 11:30-12:20 (MWF)",Dilantha Fernando
PLNT 0780,B01 (10863),Plant Disease Management (0),M,"Sep 08 - Dec 05, 10:00-11:15 (T)",Dilantha Fernando
PLNT 0820,A01 (22797),Organic Crop Production on the Prairies (3),M,"Sep 08 - Dec 05, 10:30-11:20 (MWF)",Jonathan Rosset
DAGR 0410,B01 (11825),Skills for Agricultural Communication and Decision Making (0),M,"Sep 08 - Dec 05, 14:30-15:45 (T)",Philip Fenez
DAGR 0410,B02 (11827),Skills for Agricultural Communication and Decision Making (0),M,"Sep 08 - Dec 05, 11:30-12:45 (T)",Philip Fenez
DAGR 0410,B03 (11826),Skills for Agricultural Communication and Decision Making (0),M,"Sep 08 - Dec 05, 14:30-15:45 (R)",Philip Fenez
DAGR 0410,K01 (10878),Skills for Agricultural Communication and Decision Making (4),M,"Sep 08 - Dec 05, 09:30-10:20 (MWF)",Daniel Sellers
DAGR 0410,K01 (10878),Skills for Agricultural Communication and Decision Making (4),M,Sep 08 - Dec 05,Daniel Sellers
DAGR 0480,K01 (17628),Introductory Farm Management (3),M,Sep 08 - Dec 05,Philip Fenez
DAGR 0480,K01 (17628),Introductory Farm Management (3),M,"Sep 08 - Dec 05, 10:00-11:15 (TR)",Philip Fenez
DAGR 0540,A01 (21353),Exploring New Opportunities in Adding On-Farm Value (4),M,Sep 08 - Dec 05,Jonah Langelotz
DAGR 0540,A01 (21353),Exploring New Opportunities in Adding On-Farm Value (4),M,"Sep 08 - Dec 05, 13:30-16:15 (W)",Jonah Langelotz
DAGR 0540,A01 (21353),Exploring New Opportunities in Adding On-Farm Value (4),M,"Sep 08 - Dec 05, 14:30-15:45 (R)",Jonah Langelotz
DAGR 0630,T17 (24581),Special Project - Agricultural Technologies for Farm Management Decision Making (0),OC,Sep 01 - Oct 31,Lacey Calder
DAGR 0630,T15 (25827),Soybean Field Agronomy (0),OC,Sep 01 - Oct 09,Kristen Macmillan
DAGR 0660,T11 (26305),Precision Livestock Farming (3),M,"Sep 08 - Dec 05, 13:30-14:20 (MWF)",Gabriel Machado Dallago
DAGR 0660,T11 (26305),Precision Livestock Farming (3),M,"Sep 08 - Dec 05, 14:30-15:20 (M)",Gabriel Machado Dallago
DAGR 0980,K01 (18536),Farm Management Project 1 (3),M,"Sep 08 - Dec 05, 08:30-09:45 (TR)",Garrett Sawatzky
DAGR 0980,K01 (18536),Farm Management Project 1 (3),M,Sep 08 - Dec 05,Garrett Sawatzky
SOIL 0420,B01 (17616),Soil Resources and Productivity (0),M,"Sep 08 - Dec 05, 14:30-15:45 (R)",David Lobb
SOIL 0420,B02 (17635),Soil Resources and Productivity (0),M,"Sep 08 - Dec 05, 11:30-12:45 (R)",David Lobb
SOIL 0420,B03 (17634),Soil Resources and Productivity (0),M,"Sep 08 - Dec 05, 11:30-12:45 (T)",David Lobb
SOIL 0420,K01 (17615),Soil Resources and Productivity (4),M,"Sep 08 - Dec 05, 10:30-11:20 (MWF)",David Lobb
SOIL 0630,K01 (10810),Soil Fertility (4),M,"Sep 08 - Dec 05, 13:00-14:15 (TR)",Joanne Thiessen Martens
SOIL 0630,K01 (10810),Soil Fertility (4),M,"Sep 08 - Dec 05, 14:30-15:45 (F)",Joanne Thiessen Martens
GEOL 1340,B03 (11685),The Dynamic Earth (0),M,"Sep 03 - Dec 08, 14:30-17:25 (T)",Ricardo Ferreira Louro Silva
GEOL 1340,B08 (25993),The Dynamic Earth (0),M,"Sep 03 - Dec 08, 14:30-17:25 (F)",Ricardo Ferreira Louro Silva
GEOL 1340,B07 (25992),The Dynamic Earth (0),M,"Sep 03 - Dec 08, 14:30-17:25 (F)",Ricardo Ferreira Louro Silva
GEOL 1340,B06 (25281),The Dynamic Earth (0),M,"Sep 03 - Dec 08, 14:30-17:25 (R)",Ricardo Ferreira Louro Silva
GEOL 1340,B05 (25278),The Dynamic Earth (0),M,"Sep 03 - Dec 08, 14:30-17:25 (R)",Ricardo Ferreira Louro Silva
GEOL 1340,B04 (16189),The Dynamic Earth (0),M,"Sep 03 - Dec 08, 14:30-17:25 (T)",Ricardo Ferreira Louro Silva
GEOL 1340,B02 (10407),The Dynamic Earth (0),M,"Sep 03 - Dec 08, 14:30-17:25 (M)",Ricardo Ferreira Louro Silva
GEOL 1340,B01 (10406),The Dynamic Earth (0),M,"Sep 03 - Dec 08, 14:30-17:25 (M)",Ricardo Ferreira Louro Silva
GEOL 1340,A01 (10404),The Dynamic Earth (3),M,"Sep 03 - Dec 08, 10:30-11:20 (MWF)",Ricardo Ferreira Louro Silva
GEOL 1410,D01 (25994),Natural Disasters and Global Change (3),DE,Sep 03 - Dec 08,Zou Zou Kuzyk
GEOL 1410,A01 (17141),Natural Disasters and Global Change (3),M,"Sep 03 - Dec 08, 11:30-12:45 (TR)",Derek Drayson
GEOL 1420,A01 (11435),Exploring the Planets (3),M,"Sep 03 - Dec 08, 09:30-10:20 (MWF)",Ekaterina Reguir
GEOL 2060,A01 (10165),Introductory Geophysics (3),M,"Sep 03 - Dec 08, 13:00-14:15 (TR)",Edward Barrow
GEOL 2060,B01 (11214),Introductory Geophysics (0),M,"Sep 03 - Dec 08, 14:30-17:25 (M)",Edward Barrow
GEOL 2440,K01 (10396),Structural Geology 1 (3),M,"Sep 03 - Dec 08, 11:30-12:45 (TR)",Jeffrey Young
GEOL 2440,B01 (20533),Structural Geology 1 (0),M,"Sep 03 - Dec 08, 14:30-17:25 (T)",Jeffrey Young
GEOL 2500,A01 (10856),Introduction to Mineralogy (3),M,"Sep 03 - Dec 08, 10:00-11:15 (TR)",Anton Chakhmouradian
GEOL 2500,B01 (20534),Introduction to Mineralogy (0),M,"Sep 03 - Dec 08, 14:30-17:25 (R)",Anton Chakhmouradian
GEOL 2570,A01 (25995),Energy and Mineral Resources (3),M,"Sep 03 - Dec 08, 11:30-12:20 (MWF)",Lisa Friedrich
GEOL 2800,B02 (11333),Optics and Spectroscopy of Minerals (0),M,"Sep 03 - Dec 08, 14:30-17:25 (F)",Anton Chakhmouradian
GEOL 2800,A01 (10166),Optics and Spectroscopy of Minerals (3),M,"Sep 03 - Dec 08, 12:30-13:20 (MWF)",Anton Chakhmouradian
GEOL 2800,B01 (10986),Optics and Spectroscopy of Minerals (0),M,"Sep 03 - Dec 08, 14:30-17:25 (W)",Anton Chakhmouradian
GEOL 3110,A01 (24789),Petrogenesis of Igneous Rocks (3),M,"Sep 03 - Dec 08, 09:30-10:20 (MWF)",Derek Drayson
GEOL 3110,B01 (24790),Petrogenesis of Igneous Rocks (0),M,"Sep 03 - Dec 08, 14:30-17:25 (T)",Derek Drayson
GEOL 3130,A01 (25996),Communication Methods in the Geological Sciences (3),M,"Sep 03 - Dec 08, 10:00-11:15 (TR)",Lisa Friedrich
GEOL 3130,B01 (25997),Communication Methods in the Geological Sciences (0),M,"Sep 03 - Dec 08, 14:30-17:25 (R)",Lisa Friedrich
GEOL 3440,B01 (24792),Structure and Metamorphism (0),M,"Sep 03 - Dec 08, 14:30-17:25 (M)",Jeffrey Young
GEOL 3440,A01 (24791),Structure and Metamorphism (3),M,"Sep 03 - Dec 08, 08:30-09:45 (TR)",Jeffrey Young
GEOL 3450,B01 (20535),Hydrogeology (0),M,"Sep 03 - Dec 08, 14:30-17:25 (F)",Michael Schindler
GEOL 3450,A01 (18482),Hydrogeology (3),M,"Sep 03 - Dec 08, 11:30-12:45 (TR)",Michael Schindler
GEOL 3900,K01 (10182),Sedimentology (3),M,"Sep 03 - Dec 08, 11:30-12:20 (MWF)",Ricardo Ferreira Louro Silva
GEOL 3900,B01 (11215),Sedimentology (0),M,"Sep 03 - Dec 08, 14:30-17:25 (W)",Ricardo Ferreira Louro Silva
GEOL 4250,B01 (26006),Theory and Application of Geophysical Inversion Methods (0),M,"Sep 03 - Dec 08, 14:30-17:25 (W)",Seogi Kang
GEOL 4250,A01 (26005),Theory and Application of Geophysical Inversion Methods (3),M,"Sep 03 - Dec 08, 11:30-12:20 (MWF)",Seogi Kang
GEOL 4270,T05 (26007),"Geotourism: ""The Birth, Death and Exhumation of an Atlantic Sedimentary Basin"" (3)",OC,Aug 27 - Sep 04,Ricardo Ferreira Louro Silva
GEOL 4300,B01 (20536),Mineral Deposits (0),M,"Sep 03 - Dec 08, 14:30-17:25 (T)",Mostafa Fayek
GEOL 4300,A01 (10184),Mineral Deposits (3),M,"Sep 03 - Dec 08, 13:30-14:20 (MWF)",Mostafa Fayek
GEOL 4670,A01 (11905),Global Tectonics (3),M,"Sep 03 - Dec 08, 12:30-13:20 (MWF)",Derek Drayson
GEOL 4670,B01 (20537),Global Tectonics (0),M,"Sep 03 - Dec 08, 14:30-17:25 (F)",Derek Drayson
GEOL 4870,A01 (10401),Honours Thesis (Part A) (3),M,Sep 03 - Dec 08,Lisa Friedrich
GEOL 4920,A01 (10198),Technical Report (3),M,Sep 03 - Dec 08,Alfredo Camacho
GEOL 7540,A01 (26629),Isotope Geology and Geochronology (3),M,Sep 03 - Dec 08,Mostafa Fayek
GEOL 7740,T25 (24392),Electron Microscopy Techniques in Earth Sciences (3),M,Sep 03 - Dec 08,Michael Schindler
GEOL 7760,A01 (10402),Seminar in Geological Sciences (Part A) (1.5),M,"Sep 03 - Dec 08, 13:00-14:15 (TR)",Zou Zou Kuzyk
EER 1000,A01 (13810),Earth: A User's Guide (3),M,"Sep 03 - Dec 08, 14:30-15:45 (TR)",Maliheh Rabie
EER 1000,A02 (17591),Earth: A User's Guide (3),M,"Sep 03 - Dec 08, 12:30-13:20 (MWF)",Ekaterina Reguir
ENVR 1000,A02 (10874),Environmental Science 1 - Concepts (3),M,"Sep 03 - Dec 08, 11:30-12:20 (MWF)",Juan Aveiro Talavera
ENVR 1000,A01 (10873),Environmental Science 1 - Concepts (3),M,"Sep 03 - Dec 08, 13:00-14:15 (TR)",Brock Edwards
ENVR 1000,D01 (10793),Environmental Science 1 - Concepts (3),DE,Sep 03 - Dec 08,Leslie Goodman
ENVR 2000,A02 (20800),Environmental Science 2 - Issues (3),M,"Sep 03 - Dec 08, 10:00-11:15 (TR)",Juan Aveiro Talavera
ENVR 2000,A01 (10875),Environmental Science 2 - Issues (3),M,"Sep 03 - Dec 08, 14:30-15:20 (MWF)",Brock Edwards
ENVR 2030,A01 (26281),Introduction to Sustainability (3),M,"Sep 03 - Dec 08, 10:30-11:20 (MWF)",Johny Stephen
ENVR 2350,A01 (10876),Technical Communication in the Environmental Sectors (3),M,"Sep 03 - Dec 08, 10:00-11:15 (TR)",Brock Edwards
ENVR 2810,A01 (17194),Environmental Critical Thinking and Scientific Research (3),M,"Sep 03 - Dec 08, 14:30-17:15 (W)",John Iacozza
ENVR 2900,A01 (10913),Professional Development in the Environmental Sectors 1 (Part A) (0.75),M,"Sep 03 - Dec 08, 17:30-20:30 (M)",Leslie Goodman
ENVR 3110,K01 (16133),Environmental Conservation and Restoration (3),M,"Sep 03 - Dec 08, 11:30-12:45 (TR)",Stephane McLachlan
ENVR 3110,B01 (21557),Environmental Conservation and Restoration (0),M,"Sep 03 - Dec 08, 14:30-17:25 (R)",Stephane McLachlan
ENVR 3160,A01 (11732),Environmental Responsibilities and the Law (3),M,"Sep 03 - Dec 08, 17:30-20:30 (W)",Johny Stephen
ENVR 3400,A01 (11898),Introduction to Environment and Health (3),M,"Sep 03 - Dec 08, 13:00-14:15 (TR)",Alistair Brown
ENVR 3500,A01 (12543),Project in Environmental Science (3),M,Sep 03 - Dec 08,Bruce Erickson
ENVR 3890,A01 (20561),Geography and Wellness (3),M,"Sep 03 - Dec 08, 14:30-15:20 (MWF)",
ENVR 3900,A01 (10914),Professional Development in the Environmental Sectors 2 (Part A) (0.75),M,"Sep 03 - Dec 08, 17:30-20:30 (M)",Leslie Goodman
ENVR 3910,A01 (10879),Coop Work Term Report 1 (1.5),M,Sep 03 - Dec 08,Leslie Goodman
ENVR 3920,A01 (10980),Coop Work Term Report 2 (1.5),M,Sep 03 - Dec 08,Leslie Goodman
ENVR 3980,K01 (15689),Coop Work Term 1 (0),WKT,Sep 03 - Dec 08,Leslie Goodman
ENVR 3990,A01 (10981),Coop Work Term 2 (0),WKT,Sep 03 - Dec 08,Leslie Goodman
ENVR 4000,T10 (20565),Data Science with R for Environmental Research (3),M,"Sep 03 - Dec 08, 14:30-17:25 (T)",Jose Rodriguez Gil
ENVR 4000,T29 (25973),Human Dimensions of Wildlife (3),M,"Sep 03 - Dec 08, 08:30-09:45 (TR)",John Campbell
ENVR 4050,K01 (11343),Ecosystem Management (3),M,"Sep 03 - Dec 08, 13:30-16:15 (F)",Johny Stephen
ENVR 4140,A01 (26311),Advanced Topics in Ecosystem Services (3),M,"Sep 03 - Dec 08, 14:30-15:45 (TR)",Roy Collins
ENVR 4500,A01 (10888),Thesis Project in Environmental Science and Studies (Part A) (3),M,"Sep 03 - Dec 08, 08:30-11:20 (F)",Bruce Erickson
ENVR 4800,A01 (25974),Climate and Society (3),M,"Sep 03 - Dec 08, 14:30-17:15 (M)",Nicole Wilson
ENVR 4850,A01 (22456),Wildlife Management (3),M,"Sep 03 - Dec 08, 14:30-17:15 (R)",David Walker
ENVR 4850,B01 (22457),Wildlife Management (0),M,Sep 03 - Dec 08,David Walker
ENVR 4980,A01 (10982),Work Term 3 (0),WKT,Sep 03 - Dec 08,Leslie Goodman
GEOG 1280,A02 (10962),Introduction to Human Geography (3),M,"Sep 03 - Dec 08, 10:30-11:20 (MWF)",
GEOG 1280,D01 (10773),Introduction to Human Geography (3),DE,Sep 03 - Dec 08,Lisa Ford
GEOG 1280,A01 (11596),Introduction to Human Geography (3),M,"Sep 03 - Dec 08, 11:30-12:45 (TR)",Lisa Ford
GEOG 1290,A02 (10965),Introduction to Physical Geography (3),M,"Sep 03 - Dec 08, 11:30-12:20 (MWF)",Janna Wilson
GEOG 1290,A03 (11351),Introduction to Physical Geography (3),M,"Sep 03 - Dec 08, 10:00-11:15 (TR)",Lisa Ford
GEOG 1290,D01 (10774),Introduction to Physical Geography (3),DE,Sep 03 - Dec 08,Janna Wilson
GEOG 1700,A01 (16278),Social Justice in the 21st Century: Global Political Economy and Environmental Change (3),M,"Sep 03 - Dec 08, 11:30-12:20 (MWF)",Jonah Olsen
GEOG 2272,A01 (11735),Natural Hazards (PS) (3),M,"Sep 03 - Dec 08, 12:30-13:20 (MWF)",Janna Wilson
GEOG 2300,A01 (10966),"Atmospheric Thermodynamics, Clouds and Precipitation (PS) (3)",M,"Sep 03 - Dec 08, 11:30-12:45 (TR)",
GEOG 2310,A01 (16141),Introduction to Process Hydrology (PS) (3),M,"Sep 03 - Dec 08, 10:00-11:15 (TR)",Kristina Brown
GEOG 2330,A01 (11733),"Place, Populations and Mobility: Geographic Perspectives (HS) (3)",M,"Sep 03 - Dec 08, 11:30-12:20 (MWF)",Lisa Ford
GEOG 2520,A01 (17191),Geography of Natural Resources (HS) (3),M,"Sep 03 - Dec 08, 09:30-10:20 (MWF)",Mohammad Alam
GEOG 2540,A01 (10967),Weather and Climate (PS) (3),M,"Sep 03 - Dec 08, 10:30-11:20 (MWF)",Alexander Crawford-Alley
GEOG 2570,A01 (10970),Geography of Canada (A) (3),M,"Sep 03 - Dec 08, 11:30-12:45 (TR)",Janna Wilson
GEOG 2580,D01 (20593),Geography of the United States (A) (3),DE,Sep 03 - Dec 08,
GEOG 2640,D01 (17860),Geography of Culture and Inequality (HS) (3),DE,Sep 03 - Dec 08,Olga Shugurova
GEOG 2700,D01 (25975),Introduction to Arctic System Science (3),DE,Sep 03 - Dec 08,John Iacozza
GEOG 2870,A01 (25362),Introduction to Economic Geography (HS) (3),M,"Sep 03 - Dec 08, 13:00-14:15 (TR)",Jonah Olsen
GEOG 2930,A01 (16650),Introduction to Oceanography (3),M,"Sep 03 - Dec 08, 11:30-12:45 (TR)",Jens Ehn
GEOG 3200,B01 (25977),Introduction to Remote Sensing (TS) (0),M,"Sep 03 - Dec 08, 14:30-17:15 ()",John Iacozza
GEOG 3200,A01 (25976),Introduction to Remote Sensing (TS) (3),M,"Sep 03 - Dec 08, 08:30-09:20 (MWF)",John Iacozza
GEOG 3460,D01 (10776),Urban Geography (HS) (Part A) (3),DE,Sep 03 - Dec 08,Jonathan Peyton
GEOG 3702,A01 (26282),Contemporaty Environmental Issues in Arctic Science (3),M,"Sep 03 - Dec 08, 10:30-11:20 (MWF)",John Iacozza
GEOG 3730,B01 (13133),Geographic Information Systems (TS) (0),M,"Sep 03 - Dec 08, 14:30-17:25 (T)",David Walker
GEOG 3730,B02 (13134),Geographic Information Systems (TS) (0),M,"Sep 03 - Dec 08, 17:30-20:25 (T)",David Walker
GEOG 3730,A01 (13132),Geographic Information Systems (TS) (3),M,"Sep 03 - Dec 08, 10:00-11:15 (TR)",David Walker
GEOG 3760,D01 (17808),Canada's Natural Environments and Landscapes (Part A) (3),DE,Sep 03 - Dec 08,Olga Shugurova
GEOG 3890,A01 (20562),Geography and Wellness (HS) (3),M,"Sep 03 - Dec 08, 14:30-15:20 (MWF)",
GEOG 3920,A01 (20018),Biological Oceanography (3),M,"Sep 03 - Dec 08, 10:00-11:15 (TR)",Christopher Mundy
GEOG 4050,K01 (11353),Ecosystem Management (3),M,"Sep 03 - Dec 08, 13:30-16:15 (F)",Johny Stephen
GEOG 4290,A01 (18469),Geographies of Health and Health Care (3),M,"Sep 03 - Dec 08, 12:30-13:20 (MWF)",Lisa Ford
GEOG 4390,A01 (25979),Global Climate Change (3),M,"Sep 03 - Dec 08, 14:30-17:20 (W)",Alexander Crawford-Alley
GEOG 4560,A01 (26349),Techniques in Climatology (3),M,"Sep 03 - Dec 08, 13:00-14:15 (TR)",Timothy Papakyriakou
GEOG 4660,A01 (10978),Honours Thesis (Part A) (3),M,"Sep 03 - Dec 08, 08:30-11:20 (F)",Bruce Erickson
GEOG 4670,T29 (25981),Human Dimensions of Wildlife (3),M,"Sep 03 - Dec 08, 08:30-09:45 (TR)",John Campbell
GEOG 4670,T12 (25980),Physical Oceanography of the High Latitudes (3),M,"Sep 03 - Dec 08, 14:30-15:45 (TR)",Jens Ehn
GEOG 4670,T02 (25982),Global Cryosphere (3),M,"Sep 03 - Dec 08, 08:30-09:45 (TR)",Karen Crawford-Alley
GEOG 4750,A01 (20563),Understanding Contemporary Environmentalism: Power and Discourse (3),M,"Sep 03 - Dec 08, 14:30-17:25 (T)",Bruce Erickson
GEOG 4780,A01 (25983),Storms-Mesoscale (3),M,"Sep 03 - Dec 08, 14:30-15:45 (TR)",
GEOG 4800,A01 (25984),Climate and Society (3),M,"Sep 03 - Dec 08, 14:30-17:15 (M)",Nicole Wilson
GEOG 7010,T32 (25985),Advanced Topics in Ecosystem Services (3),M,"Sep 03 - Dec 08, 14:30-15:45 (TR)",Roy Collins
GEOG 7010,K01 (14803),Ecosystem Management (3),M,"Sep 03 - Dec 08, 13:30-16:15 (F)",Johny Stephen
GEOG 7010,T50 (26152),Global Cryosphere (3),M,"Sep 03 - Dec 08, 08:30-09:45 (TR)",Karen Crawford-Alley
GEOG 7010,T15 (20585),Data Science with R for Environmental Research (3),M,"Sep 03 - Dec 08, 14:30-17:25 (T)",Jose Rodriguez Gil
GEOG 7010,T63 (25986),Physical Oceanography of High Latitude Oceans (3),M,"Sep 03 - Dec 08, 14:30-15:45 (TR)",Jens Ehn
GEOG 7010,T34 (25504),Biological Oceanography (3),M,"Sep 03 - Dec 08, 10:00-11:15 (TR)",Christopher Mundy
GEOG 7440,A01 (25987),Climate Change (3),M,"Sep 03 - Dec 08, 14:30-17:20 (W)",Alexander Crawford-Alley
GEOG 7470,A01 (26531),Techniques in Climatology (3),M,"Sep 03 - Dec 08, 13:00-14:15 (TR)",Timothy Papakyriakou
GEOG 7750,A01 (24490),Understanding Contemporary Environmentalism: Power and Discourse (3),M,"Sep 03 - Dec 08, 14:30-17:25 (T)",Bruce Erickson
GEOG 7780,A01 (25988),Storms-Mesoscale (3),M,"Sep 03 - Dec 08, 14:30-15:45 (TR)",
GEOG 7800,A01 (25989),Climate and Society (3),M,"Sep 03 - Dec 08, 14:30-17:20 (M)",Nicole Wilson
NRI 7222,K01 (23541),Human Dimensions of Natural Resources and Environmental Management (3),M,"Sep 03 - Dec 08, 09:30-12:30 (F)",Iain Davidson-Hunt
NRI 7242,A01 (25907),Resource and Environmental Management Policy (3),M,"Sep 03 - Dec 08, 13:30-16:30 (R)",C Haque
NRI 7262,A01 (11332),Master's Thesis Research Seminar (3),M,"Sep 03 - Dec 08, 09:30-12:30 (M)",Glen Hostetler
NRI 7310,A01 (24921),Ph.D. Thesis Research Seminar (Part A) (1.5),M,"Sep 03 - Dec 08, 13:30-16:30 (M)",C Haque
NRI 7340,A01 (25906),Environmental Justice and Ecosystem Health (3),M,"Sep 03 - Dec 08, 13:30-16:30 (T)",Shirley Thompson
HEAL 1500,A01 (21293),Foundations of Human Biology 1 (3),M,"Sep 03 - Dec 08, 10:30-11:20 (MWF)",Etienne Leygue
HEAL 1600,A01 (13082),Health and Health Professions (3),M,"Sep 03 - Dec 08, 18:00-21:00 (T)",
HEAL 2600,D01 (26633),Integration of Health Determinants of Individuals (3),DE,Sep 03 - Dec 08,
HEAL 3000,A01 (19297),Introduction to Social Epidemiology (3),M,"Sep 03 - Dec 08, 13:00-14:15 (TR)",
HEAL 4600,D01 (26634),Integration of Health Determinants for Canada and  the World (3),DE,Sep 03 - Dec 08,
HEAL 4630,A01 (18449),Mechanisms of Disease 2 (3),M,"Sep 03 - Dec 08, 14:30-15:45 (TR)",Angeliki Pantazi
HEAL 4650,A01 (26110),Research Project in Interdisciplinary Health (3),M,Sep 03 - Dec 08,Angeliki Pantazi
HEAL 4652,A01 (26312),Advanced Research Project in Interdisciplinary Health Part A (3),M,Sep 03 - Dec 08,Sari Hannila