COURSE,SECTION (CRN),TITLE (CREDIT HOURS),CAMPUS,COURSE TIME,INSTRUCTOR
ANTH 1210,A01 (50492),Ancient Peoples and Places (3),M,"Jan 06 - Apr 09, 09:30-10:20 (MWF)",TBA
ANTH 1210,D01 (52118),Ancient Peoples and Places (3),DE,Jan 06 - Apr 09,Barbara Hewitt
ANTH 1210,A02 (50493),Ancient Peoples and Places (3),M,"Jan 06 - Apr 09, 11:30-12:45 (TR)",TBA
ANTH 1220,A03 (52093),Socio-Cultural Anthropology (3),M,"Jan 06 - Apr 09, 10:00-11:15 (TR)",Nicole Hayes
ANTH 1220,A02 (50496),Socio-Cultural Anthropology (3),M,"Jan 06 - Apr 09, 13:30-14:20 (MWF)",Sölmundur Pálsson
ANTH 1220,A01 (50495),Socio-Cultural Anthropology (3),M,"Jan 06 - Apr 09, 10:30-11:20 (MWF)",TBA
ANTH 1220,D01 (50705),Socio-Cultural Anthropology (3),DE,Jan 06 - Apr 09,TBA
ANTH 2000,D01 (52701),"Culture, Society, and Power (3)",DE,Jan 06 - Apr 09,Anna Fournier
ANTH 2000,A01 (51859),"Culture, Society, and Power (3)",M,"Jan 06 - Apr 09, 11:30-12:45 (TR)",Sölmundur Pálsson
ANTH 2100,A01 (51860),Introduction to Archaeology (3),M,"Jan 06 - Apr 09, 11:30-12:20 (MWF)",Kent Fowler
ANTH 2240,A01 (64274),Plagues and People (3),M,"Jan 06 - Apr 09, 10:30-11:20 (MWF)",Jose Sanchez
ANTH 2430,A01 (50500),"Ecology, Technology and Society (3)",M,"Jan 06 - Apr 09, 13:30-14:20 (MWF)",Nicole Hayes
ANTH 2530,A01 (62113),Anthropology of Political Systems (3),M,"Jan 06 - Apr 09, 10:00-11:15 (TR)",Sölmundur Pálsson
ANTH 2560,D01 (57368),Anthropology of Illness (3),DE,Jan 06 - Apr 09,Barbara Hewitt
ANTH 2640,A01 (65253),Manitoba Archaeology (3),M,"Jan 06 - Apr 09, 11:30-14:15 (R)",Sara Halwas
ANTH 2880,A01 (65219),Human Evolution (3),M,"Jan 06 - Apr 09, 12:30-13:20 (MWF)",Jose Sanchez
ANTH 3600,A01 (64283),Archaeological Method and Theory (3),M,"Jan 06 - Apr 09, 16:00-17:15 (TR)",Sara Halwas
ANTH 3750,A01 (52496),Anthropological Perspectives on Globalization and the World-System (3),M,"Jan 06 - Apr 09, 14:30-15:45 (TR)",Nicole Hayes
ANTH 4700,A01 (65254),Forensic Anthropology (3),M,"Jan 06 - Apr 09, 14:30-17:15 (W)",Jose Sanchez
ANTH 4710,A01 (65255),Bringing the Past to Life Through Bioarchaeology and Palaeopathology (3),M,"Jan 06 - Apr 09, 11:30-14:15 (W)",Julia Gamble
ANTH 4790,T09 (65256),Advanced Faunal Analysis (3),M,"Jan 06 - Apr 09, 11:30-14:15 (M)",
ANTH 4850,A01 (55720),Advanced Seminar in Anthropological Theory (3),M,"Jan 06 - Apr 09, 11:30-14:15 (T)",Kathleen Buddle
ANTH 7140,A01 (64285),Ethnographic Research Methods (3),M,"Jan 06 - Apr 09, 14:30-17:15 (M)",Kathleen Buddle
ANTH 7460,A01 (65257),Advanced Faunal Analysis in Archaeology (3),M,"Jan 06 - Apr 09, 11:30-14:15 (M)",
ANTH 7930,T14 (65258),Special Problems in Bioanth Research (3),M,"Jan 06 - Apr 09, 11:30-14:15 (W)",Julia Gamble
ANTH 7950,T02 (66200),Anthropology Reading and Research: Transnational Migration and Diaspora (3),M,Jan 06 - Apr 09,Kathleen Buddle
ARTS 1110,A02 (50613),Introduction to University (3),M,"Jan 06 - Apr 09, 14:30-15:45 (T)",TBA
ARTS 1110,B07 (50607),Introduction to University (0),M,"Jan 06 - Apr 09, 14:30-15:45 (R)",TBA
ARTS 1110,D01 (62065),Introduction to University (3),DE,Jan 06 - Apr 09,TBA
ARTS 1110,B14 (53416),Introduction to University (0),M,"Jan 06 - Apr 09, 20:30-21:45 (W)",TBA
ARTS 1110,B13 (53415),Introduction to University (0),M,"Jan 06 - Apr 09, 20:30-21:45 (W)",TBA
ARTS 1110,B10 (50609),Introduction to University (0),M,"Jan 06 - Apr 09, 14:30-15:45 (R)",TBA
ARTS 1110,B09 (50608),Introduction to University (0),M,"Jan 06 - Apr 09, 14:30-15:45 (R)",TBA
ARTS 1110,B08 (55944),Introduction to University (0),M,"Jan 06 - Apr 09, 14:30-15:45 (R)",TBA
ARTS 1110,A01 (50612),Introduction to University (3),M,"Jan 06 - Apr 09, 11:30-12:45 (T)",TBA
ARTS 1110,B04 (50604),Introduction to University (0),M,"Jan 06 - Apr 09, 11:30-12:45 (R)",TBA
ARTS 1110,B03 (50603),Introduction to University (0),M,"Jan 06 - Apr 09, 11:30-12:45 (R)",TBA
ARTS 1110,B02 (51233),Introduction to University (0),M,"Jan 06 - Apr 09, 11:30-12:45 (R)",TBA
ARTS 1110,B01 (50601),Introduction to University (0),M,"Jan 06 - Apr 09, 11:30-12:45 (R)",TBA
ARTS 1110,A03 (50614),Introduction to University (3),M,"Jan 06 - Apr 09, 19:00-20:15 (W)",TBA
ARTS 1160,D01 (53398),Leadership: An Interdisciplinary Approach (3),DE,Jan 06 - Apr 09,Jeffery Taylor
ARTS 3010,K01 (59483),Arts Co-operative Option 1 (1),WKT,Jan 06 - Apr 09,Laura Basilious
ARTS 3020,K01 (60148),Arts Co-operative Option 2 (1),WKT,Jan 06 - Apr 09,Laura Basilious
ARTS 3030,K01 (60995),Arts Co-operative Option 3 (1),WKT,Jan 06 - Apr 09,Laura Basilious
ASIA 1430,A01 (50105),Asian Civilization from 1500 (B) (3),M,"Jan 06 - Apr 09, 11:30-12:20 (MWF)",Jeong Kim
ASIA 1750,A02 (61297),Introduction to Korean (Part B) (3),M,"Jan 06 - Apr 09, 13:00-14:15 (TR)",Hyekyung Song
ASIA 1750,A01 (51693),Introduction to Korean (Part B) (3),M,"Jan 06 - Apr 09, 13:30-14:20 (MWF)",Hyekyung Song
ASIA 1750,B02 (61298),Introduction to Korean (Part B) (0),M,"Jan 06 - Apr 09, 10:00-10:50 (M)",Linxiao Wang
ASIA 1750,B01 (58663),Introduction to Korean (Part B) (0),M,"Jan 06 - Apr 09, 10:00-10:50 (T)",Haelee Cha
ASIA 1760,B01 (53133),Introduction to Chinese (Mandarin) (Part B) (0),M,"Jan 06 - Apr 09, 13:30-14:20 (R)",TBA
ASIA 1760,A01 (50632),Introduction to Chinese (Mandarin) (Part B) (3),M,"Jan 06 - Apr 09, 09:30-10:20 (MWF)",Shu Zhu
ASIA 1760,A02 (52817),Introduction to Chinese (Mandarin) (Part B) (3),M,"Jan 06 - Apr 09, 13:30-14:20 (MWF)",Shu Zhu
ASIA 1760,B02 (53134),Introduction to Chinese (Mandarin) (Part B) (0),M,"Jan 06 - Apr 09, 14:30-15:20 (R)",TBA
ASIA 1770,B05 (57446),Introduction to Japanese (Part B) (0),M,"Mar 17 - Mar 17, 14:30-15:20 (T)",Mei Miyakawa
ASIA 1770,B05 (57446),Introduction to Japanese (Part B) (0),M,"Jan 13 - Jan 13, 14:30-15:20 (T)",Mei Miyakawa
ASIA 1770,B04 (50636),Introduction to Japanese (Part B) (0),M,"Jan 14 - Jan 14, 17:00-17:50 (W)",Ryunosuke Yamaguchi
ASIA 1770,B04 (50636),Introduction to Japanese (Part B) (0),M,"Jan 21 - Jan 21, 17:00-17:50 (W)",Ryunosuke Yamaguchi
ASIA 1770,B04 (50636),Introduction to Japanese (Part B) (0),M,"Jan 28 - Jan 28, 17:00-17:50 (W)",Ryunosuke Yamaguchi
ASIA 1770,B04 (50636),Introduction to Japanese (Part B) (0),M,"Feb 04 - Feb 04, 17:00-17:50 (W)",Ryunosuke Yamaguchi
ASIA 1770,B04 (50636),Introduction to Japanese (Part B) (0),M,"Apr 08 - Apr 08, 17:00-17:50 (W)",Ryunosuke Yamaguchi
ASIA 1770,B04 (50636),Introduction to Japanese (Part B) (0),M,"Apr 01 - Apr 01, 17:00-17:50 (W)",Ryunosuke Yamaguchi
ASIA 1770,B04 (50636),Introduction to Japanese (Part B) (0),M,"Mar 25 - Mar 25, 17:00-17:50 (W)",Ryunosuke Yamaguchi
ASIA 1770,B04 (50636),Introduction to Japanese (Part B) (0),M,"Mar 18 - Mar 18, 17:00-17:50 (W)",Ryunosuke Yamaguchi
ASIA 1770,A05 (57445),Introduction to Japanese (Part B) (3),M,"Jan 06 - Apr 09, 11:30-12:45 (TR)",TBA
ASIA 1770,B02 (50634),Introduction to Japanese (Part B) (0),M,"Jan 27 - Jan 27, 15:30-16:20 (T)",Mei Miyakawa
ASIA 1770,B02 (50634),Introduction to Japanese (Part B) (0),M,"Feb 17 - Feb 17, 15:30-16:20 (T)",Mei Miyakawa
ASIA 1770,B05 (57446),Introduction to Japanese (Part B) (0),M,"Apr 07 - Apr 07, 14:30-15:20 (T)",Mei Miyakawa
ASIA 1770,B02 (50634),Introduction to Japanese (Part B) (0),M,"Mar 03 - Mar 03, 15:30-16:20 (T)",Mei Miyakawa
ASIA 1770,B02 (50634),Introduction to Japanese (Part B) (0),M,"Mar 10 - Mar 10, 15:30-16:20 (T)",Mei Miyakawa
ASIA 1770,B02 (50634),Introduction to Japanese (Part B) (0),M,"Mar 17 - Mar 17, 15:30-16:20 (T)",Mei Miyakawa
ASIA 1770,B02 (50634),Introduction to Japanese (Part B) (0),M,"Mar 24 - Mar 24, 15:30-16:20 (T)",Mei Miyakawa
ASIA 1770,B02 (50634),Introduction to Japanese (Part B) (0),M,"Mar 31 - Mar 31, 15:30-16:20 (T)",Mei Miyakawa
ASIA 1770,B02 (50634),Introduction to Japanese (Part B) (0),M,"Apr 07 - Apr 07, 15:30-16:20 (T)",Mei Miyakawa
ASIA 1770,B02 (50634),Introduction to Japanese (Part B) (0),M,"Jan 20 - Jan 20, 15:30-16:20 (T)",Mei Miyakawa
ASIA 1770,B02 (50634),Introduction to Japanese (Part B) (0),M,"Jan 13 - Jan 13, 15:30-16:20 (T)",Mei Miyakawa
ASIA 1770,B02 (50634),Introduction to Japanese (Part B) (0),M,"Feb 24 - Feb 24, 15:30-16:20 (T)",Mei Miyakawa
ASIA 1770,B04 (50636),Introduction to Japanese (Part B) (0),M,"Mar 11 - Mar 11, 17:00-17:50 (W)",Ryunosuke Yamaguchi
ASIA 1770,B04 (50636),Introduction to Japanese (Part B) (0),M,"Mar 04 - Mar 04, 17:00-17:50 (W)",Ryunosuke Yamaguchi
ASIA 1770,B02 (50634),Introduction to Japanese (Part B) (0),M,"Feb 03 - Feb 10, 15:30-16:20 (T)",Mei Miyakawa
ASIA 1770,B05 (57446),Introduction to Japanese (Part B) (0),M,"Mar 31 - Mar 31, 14:30-15:20 (T)",Mei Miyakawa
ASIA 1770,B04 (50636),Introduction to Japanese (Part B) (0),M,"Feb 18 - Feb 18, 17:00-17:50 (W)",Ryunosuke Yamaguchi
ASIA 1770,B04 (50636),Introduction to Japanese (Part B) (0),M,"Feb 25 - Feb 25, 17:00-17:50 (W)",Ryunosuke Yamaguchi
ASIA 1770,B05 (57446),Introduction to Japanese (Part B) (0),M,"Jan 27 - Jan 27, 14:30-15:20 (T)",Mei Miyakawa
ASIA 1770,B05 (57446),Introduction to Japanese (Part B) (0),M,"Feb 03 - Feb 03, 14:30-15:20 (T)",Mei Miyakawa
ASIA 1770,A01 (50637),Introduction to Japanese (Part B) (3),M,"Jan 06 - Apr 09, 13:30-14:20 (MWF)",Yukimi Mizuno
ASIA 1770,B05 (57446),Introduction to Japanese (Part B) (0),M,"Feb 17 - Feb 17, 14:30-15:20 (T)",Mei Miyakawa
ASIA 1770,B05 (57446),Introduction to Japanese (Part B) (0),M,"Feb 24 - Feb 24, 14:30-15:20 (T)",Mei Miyakawa
ASIA 1770,A02 (50638),Introduction to Japanese (Part B) (3),M,"Jan 06 - Apr 09, 09:30-10:20 (MWF)",Yuhko Kayama
ASIA 1770,A04 (50639),Introduction to Japanese (Part B) (3),M,"Jan 06 - Apr 09, 11:30-12:20 (MWF)",Satoru Nakagawa
ASIA 1770,B05 (57446),Introduction to Japanese (Part B) (0),M,"Mar 10 - Mar 10, 14:30-15:20 (T)",Mei Miyakawa
ASIA 1770,B01 (50633),Introduction to Japanese (Part B) (0),M,"Feb 03 - Feb 10, 13:30-14:20 (T)",Ryunosuke Yamaguchi
ASIA 1770,B05 (57446),Introduction to Japanese (Part B) (0),M,"Mar 24 - Mar 24, 14:30-15:20 (T)",Mei Miyakawa
ASIA 1770,B01 (50633),Introduction to Japanese (Part B) (0),M,"Jan 13 - Jan 13, 13:30-14:20 (T)",Ryunosuke Yamaguchi
ASIA 1770,B01 (50633),Introduction to Japanese (Part B) (0),M,"Mar 31 - Mar 31, 13:30-14:20 (T)",Ryunosuke Yamaguchi
ASIA 1770,B01 (50633),Introduction to Japanese (Part B) (0),M,"Jan 20 - Jan 20, 13:30-14:20 (T)",Ryunosuke Yamaguchi
ASIA 1770,B05 (57446),Introduction to Japanese (Part B) (0),M,"Jan 20 - Jan 20, 14:30-15:20 (T)",Mei Miyakawa
ASIA 1770,B05 (57446),Introduction to Japanese (Part B) (0),M,"Mar 03 - Mar 03, 14:30-15:20 (T)",Mei Miyakawa
ASIA 1770,B01 (50633),Introduction to Japanese (Part B) (0),M,"Mar 24 - Mar 24, 13:30-14:20 (T)",Ryunosuke Yamaguchi
ASIA 1770,B01 (50633),Introduction to Japanese (Part B) (0),M,"Mar 10 - Mar 10, 13:30-14:20 (T)",Ryunosuke Yamaguchi
ASIA 1770,B01 (50633),Introduction to Japanese (Part B) (0),M,"Mar 03 - Mar 03, 13:30-14:20 (T)",Ryunosuke Yamaguchi
ASIA 1770,B01 (50633),Introduction to Japanese (Part B) (0),M,"Mar 17 - Mar 17, 13:30-14:20 (T)",Ryunosuke Yamaguchi
ASIA 1770,B01 (50633),Introduction to Japanese (Part B) (0),M,"Feb 17 - Feb 17, 13:30-14:20 (T)",Ryunosuke Yamaguchi
ASIA 1770,B01 (50633),Introduction to Japanese (Part B) (0),M,"Apr 07 - Apr 07, 13:30-14:20 (T)",Ryunosuke Yamaguchi
ASIA 1770,B01 (50633),Introduction to Japanese (Part B) (0),M,"Jan 27 - Jan 27, 13:30-14:20 (T)",Ryunosuke Yamaguchi
ASIA 1770,B01 (50633),Introduction to Japanese (Part B) (0),M,"Feb 24 - Feb 24, 13:30-14:20 (T)",Ryunosuke Yamaguchi
ASIA 2600,A01 (65353),Japanese Film (3),M,"Jan 06 - Apr 09, 13:00-14:15 (TR)",Adrian Thieret
ASIA 2630,A01 (64261),Chinese Civilization (3),M,"Jan 06 - Apr 09, 10:00-11:15 (TR)",Adrian Thieret
ASIA 2750,B01 (58666),Intermediate Korean (Part B) (0),M,"Jan 06 - Apr 09, 11:30-12:20 (R)",Haelee Cha
ASIA 2750,A01 (55967),Intermediate Korean (Part B) (3),M,"Jan 06 - Apr 09, 14:30-15:45 (TR)",Hyekyung Song
ASIA 2760,B01 (58669),Intermediate Chinese (Mandarin) (Part B) (0),M,"Jan 06 - Apr 09, 14:30-15:20 (M)",Chi Man Brittany Chan
ASIA 2760,A01 (50641),Intermediate Chinese (Mandarin) (Part B) (3),M,"Jan 06 - Apr 09, 11:30-12:20 (MWF)",Shu Zhu
ASIA 2770,B01 (50642),Intermediate Japanese (Part B) (0),M,"Mar 06 - Mar 06, 09:30-10:20 (F)",Ryunosuke Yamaguchi
ASIA 2770,B01 (50642),Intermediate Japanese (Part B) (0),M,"Feb 20 - Feb 20, 09:30-10:20 (F)",Ryunosuke Yamaguchi
ASIA 2770,B01 (50642),Intermediate Japanese (Part B) (0),M,"Feb 13 - Feb 13, 09:30-10:20 (F)",Ryunosuke Yamaguchi
ASIA 2770,B01 (50642),Intermediate Japanese (Part B) (0),M,"Feb 06 - Feb 06, 09:30-10:20 (F)",Ryunosuke Yamaguchi
ASIA 2770,B01 (50642),Intermediate Japanese (Part B) (0),M,"Jan 30 - Jan 30, 09:30-10:20 (F)",Ryunosuke Yamaguchi
ASIA 2770,B01 (50642),Intermediate Japanese (Part B) (0),M,"Jan 23 - Jan 23, 09:30-10:20 (F)",Ryunosuke Yamaguchi
ASIA 2770,B01 (50642),Intermediate Japanese (Part B) (0),M,"Jan 16 - Jan 16, 09:30-10:20 (F)",Ryunosuke Yamaguchi
ASIA 2770,B01 (50642),Intermediate Japanese (Part B) (0),M,"Apr 03 - Apr 03, 09:30-10:20 (F)",Ryunosuke Yamaguchi
ASIA 2770,B01 (50642),Intermediate Japanese (Part B) (0),M,"Mar 27 - Mar 27, 09:30-10:20 (F)",Ryunosuke Yamaguchi
ASIA 2770,B01 (50642),Intermediate Japanese (Part B) (0),M,"Mar 20 - Mar 20, 09:30-10:20 (F)",Ryunosuke Yamaguchi
ASIA 2770,B01 (50642),Intermediate Japanese (Part B) (0),M,"Mar 13 - Mar 13, 09:30-10:20 (F)",Ryunosuke Yamaguchi
ASIA 2770,A01 (50644),Intermediate Japanese (Part B) (3),M,"Jan 06 - Apr 09, 11:30-12:20 (MWF)",Yuhko Kayama
ASIA 2770,B01 (50642),Intermediate Japanese (Part B) (0),M,"Feb 27 - Feb 27, 09:30-10:20 (F)",Ryunosuke Yamaguchi
ASIA 3750,A01 (65354),Advanced Korean (Part B) (3),M,"Jan 06 - Apr 09, 12:30-13:20 (MWF)",Hyekyung Song
ASIA 3760,A01 (65355),Advanced Chinese (Mandarin) (Part B) (3),M,"Jan 06 - Apr 09, 15:30-16:20 (MWF)",Shu Zhu
ASIA 3770,A01 (64262),Advanced Japanese (Part B) (3),M,"Jan 06 - Apr 09, 13:30-14:20 (MWF)",Yuhko Kayama
CDN 1000,D01 (62665),Introduction to Canada (3),DE,Jan 06 - Apr 09,Olga Skarlato
CATH 1190,A02 (51589),Introduction to Catholic Studies (3),M,"Jan 06 - Apr 09, 10:00-11:15 (TR)",Meredith Bacola
CATH 1190,A01 (50675),Introduction to Catholic Studies (3),M,"Jan 06 - Apr 09, 13:30-14:20 (MWF)",Michael Caligiuri
CATH 2800,A01 (65507),Catholicism on Film (3),M,"Jan 06 - Apr 09, 10:00-11:15 (TR)",Timothy Penner
CATH 3900,A01 (65508),Catholic Social Teaching (3),M,"Jan 06 - Apr 09, 13:00-14:15 (TR)",Meredith Bacola
CLAS 1270,D01 (50624),Introduction to Ancient Greek Culture (3),DE,Jan 06 - Apr 09,Paul Monaghan
CLAS 1270,A02 (56160),Introduction to Ancient Greek Culture (3),M,"Jan 06 - Apr 09, 14:30-15:20 (MWF)",Keith Collins
CLAS 1280,A01 (50010),Introduction to Ancient Roman Culture (3),M,"Jan 06 - Apr 09, 12:30-13:20 (MWF)",Lea Stirling
CLAS 1280,D01 (50625),Introduction to Ancient Roman Culture (3),DE,Jan 06 - Apr 09,Harrison Grey
CLAS 1520,A02 (58585),Greek and Roman Mythology (3),M,"Jan 06 - Apr 09, 13:00-14:15 (TR)",Keith Collins
CLAS 1520,D01 (58586),Greek and Roman Mythology (3),DE,Jan 06 - Apr 09,Heather Barkman
CLAS 1520,A01 (58584),Greek and Roman Mythology (3),M,"Jan 06 - Apr 09, 11:30-12:20 (MWF)",Harrison Grey
CLAS 2500,T02 (65273),The World of Myth and Legend (3),M,"Jan 06 - Apr 09, 09:30-10:20 (MWF)",Robert Nau
CLAS 2680,A01 (65274),Roman Art and Archaeology (3),M,"Jan 06 - Apr 09, 10:00-11:15 (TR)",Lea Stirling
CLAS 3682,A01 (65275),Greek and Roman Epic (3),M,"Jan 06 - Apr 09, 11:30-12:45 (TR)",Robert Nau
CLAS 3710,T13 (65276),Minos and Agamemnon (3),M,"Jan 06 - Apr 09, 10:30-11:20 (MWF)",Mark Lawall
CLAS 7002,A01 (59801),Proseminar in Classical Studies 2 (0),M,Jan 06 - Apr 09,Christopher Sampson
CLAS 7310,T12 (65277),Minos and Agamemnon (3),M,Jan 06 - Apr 09,Mark Lawall
GRK 1020,A01 (50002),Introduction to the Reading of Ancient Greek 2 (3),M,"Jan 06 - Apr 09, 10:30-11:20 (MWF)",Keith Collins
GRK 2732,A01 (65278),Readings in Greek Poetry (3),M,"Jan 06 - Apr 09, 13:30-14:20 (MWF)",Christopher Sampson
GRK 3790,A01 (65279),The Greek Tragedians (3),M,"Jan 06 - Apr 09, 13:30-14:20 (MWF)",Christopher Sampson
GRK 7100,T11 (65280),Bacchae (3),M,Jan 06 - Apr 09,Christopher Sampson
LATN 1080,A01 (60158),Introduction to the Reading of Latin 1 (3),M,"Jan 06 - Apr 09, 12:30-13:20 (MWF)",Keith Collins
LATN 1090,A01 (50007),Introduction to the Reading of Latin 2 (3),M,"Jan 06 - Apr 09, 11:30-12:20 (MWF)",Robert Nau
LATN 2720,A01 (64527),Selected Readings in Republican and Augustan Poetry (3),M,"Jan 06 - Apr 09, 13:00-14:15 (TR)",Rory Egan
LATN 3740,A01 (65281),Roman Comedy (3),M,"Jan 06 - Apr 09, 13:00-14:15 (TR)",Rory Egan
LATN 7200,T11 (65282),Roman Comedy (3),M,Jan 06 - Apr 09,Rory Egan
ECON 1010,A03 (52500),Introduction to Microeconomic Principles (3),M,"Jan 06 - Apr 09, 11:30-12:20 (MWF)",Maryam Afandak
ECON 1010,A04 (59786),Introduction to Microeconomic Principles (3),M,"Jan 06 - Apr 09, 10:00-11:15 (TR)",Md. Alauddin
ECON 1010,A05 (61926),Introduction to Microeconomic Principles (3),M,"Jan 06 - Apr 09, 11:30-12:45 (TR)",Rashed Ahmed
ECON 1010,D01 (51743),Introduction to Microeconomic Principles (3),DE,Jan 06 - Apr 09,Md. Alauddin
ECON 1010,D02 (65283),Introduction to Microeconomic Principles (3),DE,Jan 06 - Apr 09,Zheting Zhu
ECON 1010,A01 (52173),Introduction to Microeconomic Principles (3),M,"Jan 06 - Apr 09, 09:30-10:20 (MWF)",Rashed Ahmed
ECON 1010,A02 (51682),Introduction to Microeconomic Principles (3),M,"Jan 06 - Apr 09, 10:30-11:20 (MWF)",Deepthi Mohan
ECON 1020,D01 (51744),Introduction to Macroeconomic Principles (3),DE,Jan 06 - Apr 09,Atish Kumar Neogi
ECON 1020,A01 (51666),Introduction to Macroeconomic Principles (3),M,"Jan 06 - Apr 09, 12:30-13:20 (MWF)",Mehmet Oguzoglu
ECON 1020,A04 (65284),Introduction to Macroeconomic Principles (3),M,"Jan 06 - Apr 09, 13:00-14:15 (TR)",Mohammad Saquib Hasan
ECON 1020,A03 (51668),Introduction to Macroeconomic Principles (3),M,"Jan 06 - Apr 09, 08:30-09:45 (TR)",Mohammad Saquib Hasan
ECON 1020,A02 (60257),Introduction to Macroeconomic Principles (3),M,"Jan 06 - Apr 09, 13:30-14:20 (MWF)",Shayne St Denis
ECON 1020,D02 (65739),Introduction to Macroeconomic Principles (3),DE,Jan 06 - Apr 09,Atish Kumar Neogi
ECON 1220,A01 (55738),Introduction to Global and Environmental Economic Issues and Policies (3),M,"Jan 06 - Apr 09, 12:30-13:20 (MWF)",Deepthi Mohan
ECON 2010,A02 (55739),Microeconomic Theory 1 (3),M,"Jan 06 - Apr 09, 11:30-12:20 (MWF)",Irwin Lipnowski
ECON 2010,D01 (53381),Microeconomic Theory 1 (3),DE,Jan 06 - Apr 09,Md. Aslam Hossain
ECON 2010,A01 (52999),Microeconomic Theory 1 (3),M,"Jan 06 - Apr 09, 10:30-11:20 (MWF)",Irwin Lipnowski
ECON 2020,A01 (61936),Macroeconomic Theory 1 (3),M,"Jan 06 - Apr 09, 13:00-14:15 (TR)",Carlos Yepez
ECON 2020,D01 (53382),Macroeconomic Theory 1 (3),DE,Jan 06 - Apr 09,Md. Aslam Hossain
ECON 2040,A01 (54508),Quantitative Methods in Economics (3),M,"Jan 06 - Apr 09, 14:30-15:45 (TR)",Onomeabure Abolade
ECON 2040,D01 (57450),Quantitative Methods in Economics (3),DE,Jan 06 - Apr 09,Maryam Afandak
ECON 2350,A01 (65285),Community Economic Development (3),M,"Jan 06 - Apr 09, 16:00-17:15 (TR)",Angela Gail Ciceron
ECON 2362,A01 (51862),Economics of Gender (3),M,"Jan 06 - Apr 09, 13:00-14:15 (TR)",Anamary Maqueira Linares
ECON 2390,A01 (59899),Introduction to Environmental Economics (3),M,"Jan 06 - Apr 09, 10:00-11:15 (TR)",Soodeh Saberian Ranjbar
ECON 2540,A01 (63621),Political Economy 1: Production and Distribution (3),M,"Jan 06 - Apr 09, 12:30-13:20 (MWF)",Shayan Haghighat Javan
ECON 2550,A01 (50380),Political Economy 2: Economic Growth and Fluctuations in a Global Economic Environment (3),M,"Jan 06 - Apr 09, 11:30-12:20 (MWF)",Robert Chernomas
ECON 2610,T07 (65286),Law and Economics (3),M,"Jan 06 - Apr 09, 13:30-14:20 (MWF)",Irwin Lipnowski
ECON 2610,T05 (63622),Game Theory (3),M,"Jan 06 - Apr 09, 11:30-12:45 (TR)",Safoura Moeeni
ECON 2670,A01 (64363),Income Distribution (3),M,"Jan 06 - Apr 09, 10:30-11:20 (MWF)",
ECON 3010,A01 (53004),Microeconomic Theory 2 (3),M,"Jan 06 - Apr 09, 13:00-14:15 (TR)",Safoura Moeeni
ECON 3020,A01 (53005),Macroeconomic Theory 2 (3),M,"Jan 06 - Apr 09, 11:30-12:45 (TR)",Federico Guzman
ECON 3030,A01 (53006),Mathematical Economics 2 (3),M,"Jan 06 - Apr 09, 08:30-09:45 (TR)",Julia Witt
ECON 3040,A01 (53007),Introduction to Econometrics (3),M,"Jan 06 - Apr 09, 14:30-15:45 (TR)",Ryan Godwin
ECON 3040,A02 (58511),Introduction to Econometrics (3),M,"Jan 06 - Apr 09, 16:00-17:15 (TR)",Ryan Godwin
ECON 3650,A01 (64406),Monetary Macroeconomics and Policy (3),M,"Jan 06 - Apr 09, 10:00-11:15 (TR)",Carlos Yepez
ECON 3692,A01 (61853),Economic Determinants of Health (3),M,"Jan 06 - Apr 09, 10:30-11:20 (MWF)",Robert Chernomas
ECON 4040,A02 (65287),Seminar in Applied Econometrics (3),M,"Jan 06 - Apr 09, 16:00-17:15 (TR)",Edgar Villa Perez
ECON 4040,A01 (53010),Seminar in Applied Econometrics (3),M,"Jan 06 - Apr 09, 14:30-15:45 (TR)",Edgar Villa Perez
ECON 4434,A01 (65288),Emerging Issues in Economic Development (3),M,"Jan 06 - Apr 09, 08:30-09:45 (TR)",Jonathan Jenner
ECON 4490,T20 (65289),Heterodox Labour Economics (3),M,"Jan 06 - Apr 09, 14:30-17:15 (M)",Fletcher Baragar
ECON 4490,T18 (64407),Heterodox Feminist (3),M,"Jan 06 - Apr 09, 11:30-14:15 (F)",Arpita Biswas
ECON 4490,T08 (65290),Topics in Environmental Health (3),M,"Jan 06 - Apr 09, 11:30-12:45 (TR)",Soodeh Saberian Ranjbar
ECON 4610,A01 (65291),Economics and Society Field Placement Seminar (Part B) (1.5),M,"Jan 06 - Apr 09, 14:30-17:15 (W)",
ECON 4620,A01 (65292),Economics and Society Field Placement (Part B) (3),M,Jan 06 - Apr 09,
ECON 4822,A02 (53693),Economic Research and Communication (Part B) (3),M,"Jan 06 - Apr 09, 11:30-14:15 (M)",Janelle Mann
ECON 7000,A01 (51225),M.A. Research Workshop (3),M,"Jan 06 - Apr 09, 14:30-17:15 (M)",Mehmet Oguzoglu
ECON 7020,A01 (62670),Econometrics II (3),M,"Jan 06 - Apr 09, 10:00-11:15 (TR)",Edgar Villa Perez
ECON 7130,A01 (65293),Advanced Development Economics (3),M,"Jan 06 - Apr 09, 11:30-14:15 (W)",John Serieux
ECON 7300,T25 (64412),Heterodox Feminist (3),M,"Jan 06 - Apr 09, 11:30-14:15 (F)",Arpita Biswas
ECON 7300,T05 (65294),Heterodox Labour Economics (3),M,"Jan 06 - Apr 09, 14:30-17:15 (M)",Fletcher Baragar
ECON 7300,T14 (65295),Topics in Environmental Health (3),M,"Jan 06 - Apr 09, 11:30-12:45 (TR)",Soodeh Saberian Ranjbar
ECON 7430,A01 (55737),Advanced Theory of Resource Economics (3),M,Jan 06 - Apr 09,Chad Lawley
ECON 7540,A01 (65296),Advanced History of Economic Thought (3),M,"Jan 06 - Apr 09, 14:30-17:15 (W)",Fletcher Baragar
ECON 7640,A01 (63632),International Money and Finance (3),M,"Jan 06 - Apr 09, 11:30-14:15 (M)",John Serieux
ECON 7660,A01 (55749),Advanced Macroeconomic Theory 2 (3),M,"Jan 06 - Apr 09, 14:30-15:45 (TR)",Federico Guzman
ENGL 0930,A01 (51681),English Composition (3),M,"Jan 06 - Apr 09, 09:30-10:20 (MWF)",Jeremy Strong
ENGL 0930,A02 (50024),English Composition (3),M,"Jan 06 - Apr 09, 10:30-11:20 (MWF)",Jeremy Strong
ENGL 0930,A04 (51064),English Composition (3),M,"Jan 06 - Apr 09, 12:30-13:20 (MWF)",Natalie LoVetri
ENGL 0930,A07 (51065),English Composition (3),M,"Jan 06 - Apr 09, 11:30-12:45 (TR)",Natalie LoVetri
ENGL 0930,D01 (50626),English Composition (3),DE,Jan 06 - Apr 09,Jenifer Mohammed
ENGL 0930,A03 (51062),English Composition (3),M,"Jan 06 - Apr 09, 11:30-12:20 (MWF)",Jeremy Strong
ENGL 0930,A05 (51061),English Composition (3),M,"Jan 06 - Apr 09, 10:00-11:15 (TR)",Natalie LoVetri
ENGL 0930,A06 (51063),English Composition (3),M,"Jan 06 - Apr 09, 13:00-14:15 (TR)",Shelley Mahoney
ENGL 1200,A03 (50051),Representative Literary Works (Part B) (3),M,"Jan 06 - Apr 09, 10:00-11:15 (TR)",Pamela Perkins
ENGL 1200,A11 (52727),Representative Literary Works (Part B) (3),M,"Jan 06 - Apr 09, 11:30-12:20 (MWF)",Michelle Faubert
ENGL 1200,A09 (63203),Representative Literary Works (Part B) (3),M,"Jan 06 - Apr 09, 12:30-13:20 (MWF)",Dana Medoro
ENGL 1200,A04 (52512),Representative Literary Works (Part B) (3),M,"Jan 06 - Apr 09, 13:00-14:15 (TR)",Hee-Jung Joo
ENGL 1200,A05 (52513),Representative Literary Works (Part B) (3),M,"Jan 06 - Apr 09, 09:30-10:20 (MWF)",David Annandale
ENGL 1200,D01 (50627),Representative Literary Works (Part B) (3),DE,Jan 06 - Apr 09,Jenifer Mohammed
ENGL 1200,A06 (50054),Representative Literary Works (Part B) (3),M,"Jan 06 - Apr 09, 10:30-11:20 (MWF)",Jenifer Mohammed
ENGL 1200,A07 (50056),Representative Literary Works (Part B) (3),M,"Jan 06 - Apr 09, 13:30-14:20 (MWF)",Judith Owens
ENGL 1200,A01 (50052),Representative Literary Works (Part B) (3),M,"Jan 06 - Apr 09, 10:00-11:15 (TR)",Glenn Clark
ENGL 1200,A08 (50053),Representative Literary Works (Part B) (3),M,"Jan 06 - Apr 09, 11:30-12:45 (TR)",Mark Libin
ENGL 1340,A04 (63204),Introduction to Literary Analysis (3),M,"Jan 06 - Apr 09, 13:30-14:20 (MWF)",Jenifer Mohammed
ENGL 1340,A06 (63206),Introduction to Literary Analysis (3),M,"Jan 06 - Apr 09, 10:00-11:15 (TR)",Jeremy Strong
ENGL 1340,A07 (63207),Introduction to Literary Analysis (3),M,"Jan 06 - Apr 09, 13:00-14:15 (TR)",Timothy Penner
ENGL 1340,A01 (50075),Introduction to Literary Analysis (3),M,"Jan 06 - Apr 09, 10:30-11:20 (MWF)",Lindsay Diehl
ENGL 1340,A02 (59633),Introduction to Literary Analysis (3),M,"Jan 06 - Apr 09, 09:30-10:20 (MWF)",James Horton
ENGL 1340,A03 (62854),Introduction to Literary Analysis (3),M,"Jan 06 - Apr 09, 11:30-12:20 (MWF)",Jenifer Mohammed
ENGL 1340,A05 (63205),Introduction to Literary Analysis (3),M,"Jan 06 - Apr 09, 11:30-12:45 (TR)",Jeffrey Sapiro
ENGL 1400,A05 (52779),Thematic Approaches to the Study of Literature (3),M,"Jan 06 - Apr 09, 08:30-09:45 (TR)",Jeffrey Sapiro
ENGL 1400,A04 (52521),Thematic Approaches to the Study of Literature (3),M,"Jan 06 - Apr 09, 10:30-11:20 (MWF)",James Horton
ENGL 1400,A07 (52781),Thematic Approaches to the Study of Literature (3),M,"Jan 06 - Apr 09, 14:30-15:45 (TR)",Jeffrey Sapiro
ENGL 1400,A03 (52520),Thematic Approaches to the Study of Literature (3),M,"Jan 06 - Apr 09, 09:30-10:20 (MWF)",Jenifer Mohammed
ENGL 1400,A06 (61229),Thematic Approaches to the Study of Literature (3),M,"Jan 06 - Apr 09, 10:00-11:15 (TR)",Jeffrey Sapiro
ENGL 1400,A08 (65709),Thematic Approaches to the Study of Literature (3),M,"Jan 06 - Apr 09, 11:30-12:45 (TR)",Shelley Mahoney
ENGL 1400,A01 (52518),Thematic Approaches to the Study of Literature (3),M,"Jan 06 - Apr 09, 12:30-13:20 (MWF)",Jamie Paris
ENGL 1400,A02 (52519),Thematic Approaches to the Study of Literature (3),M,"Jan 06 - Apr 09, 14:30-15:20 (MWF)",Jamie Paris
ENGL 2070,A01 (65710),Literature of the Sixteenth Century (Part B) (3),M,"Jan 06 - Apr 09, 11:30-12:20 (MWF)",Judith Owens
ENGL 2170,A01 (65712),American Literature to 1900 (Part B) (3),M,"Jan 06 - Apr 09, 10:30-11:20 (MWF)",Dana Medoro
ENGL 2180,A01 (65713),American Literature since 1900 (Part B) (3),M,"Jan 06 - Apr 09, 10:00-11:15 (TR)",Hee-Jung Joo
ENGL 2270,A01 (65714),Canadian Literature (Part B) (3),M,"Jan 06 - Apr 09, 12:30-13:20 (MWF)",Lindsay Diehl
ENGL 2280,A01 (65715),Film and Literature (Part B) (3),M,"Jan 06 - Apr 09, 13:30-15:55 (W)",George Toles
ENGL 2280,A01 (65715),Film and Literature (Part B) (3),M,"Jan 06 - Apr 09, 13:30-15:20 (M)",George Toles
ENGL 2760,A01 (65717),Introductory Creative Writing (3),M,"Jan 06 - Apr 09, 14:30-15:45 (TR)",Alison Calder
ENGL 2810,T04 (66097),Victorian Animals (3),M,"Jan 06 - Apr 09, 11:30-12:45 (TR)",Steve Asselin
ENGL 2820,T04 (65718),British Drama 1930 to the Present (3),M,"Jan 06 - Apr 09, 13:00-14:15 (TR)",Margaret Groome
ENGL 2900,T11 (65719),Canadian Memoir (3),M,"Jan 06 - Apr 09, 11:30-12:45 (TR)",Warren Cariou
ENGL 2960,A01 (65974),Drama 1 (3),M,"Jan 06 - Apr 09, 11:30-12:45 (TR)",William Kerr
ENGL 3130,T01 (65720),"The Romantic Family: Godwin, Wollstonecraft, and The Shelleys (3)",M,"Jan 06 - Apr 09, 09:30-10:20 (MWF)",Michelle Faubert
ENGL 3630,T04 (65832),Video Games and Theory (3),M,"Jan 06 - Apr 09, 11:30-12:20 (MWF)",David Annandale
ENGL 3810,T02 (65721),Robert Louis Stevenson and Fictions of Place (3),M,"Jan 06 - Apr 09, 13:00-14:15 (TR)",Pamela Perkins
ENGL 3810,T04 (65835),King Arthur and the Matter of Britain (3),M,"Jan 06 - Apr 09, 10:00-11:15 (TR)",David Watt
ENGL 3810,T03 (65833),Shakespeare and BIPOC Adaptation (3),M,"Jan 06 - Apr 09, 10:30-11:20 (MWF)",Jamie Paris
ENGL 3820,T03 (65722),Global Murder: World Crime Writing (3),M,"Jan 06 - Apr 09, 13:30-14:20 (MWF)",Lucas Tromly
ENGL 4630,T53 (65724),"Shakespeare, Religion, and Popular Culture (3)",M,"Jan 06 - Apr 09, 14:30-17:15 (T)",Glenn Clark
ENGL 4630,T54 (65725),The Family in Capitalism (3),M,"Jan 06 - Apr 09, 14:30-17:15 (R)",Mark Libin
ENGL 4630,T52 (65723),Words and Pictures: Victorian Book Histories (3),M,"Jan 06 - Apr 09, 14:30-17:15 (W)",Vanessa Warne
ENGL 7840,T05 (65726),The Family in Capitalism (3),M,"Jan 06 - Apr 09, 14:30-17:15 (R)",Mark Libin
ENGL 7920,T06 (65975),"Shakespeare, Religion, and Popular Culture (3)",M,"Jan 06 - Apr 09, 14:30-17:15 (T)",Glenn Clark
ENGL 7980,T07 (65728),Words and Pictures: Victorian Book Histories (3),M,"Jan 06 - Apr 09, 14:30-17:15 (W)",Vanessa Warne
FILM 1290,A01 (52096),The Art of the Film 1 (3),M,"Jan 06 - Apr 09, 13:00-14:50 (T)",Scott Crompton
FILM 1290,A01 (52096),The Art of the Film 1 (3),M,"Jan 06 - Apr 09, 13:00-15:25 (R)",Scott Crompton
FILM 1290,A02 (59651),The Art of the Film 1 (3),M,"Jan 06 - Apr 09, 09:30-11:20 (W)",George Toles
FILM 1290,A02 (59651),The Art of the Film 1 (3),M,"Jan 06 - Apr 09, 09:30-11:55 (M)",George Toles
FILM 1310,A01 (51708),Film History (3),M,"Jan 06 - Apr 09, 13:30-14:20 (MWF)",David Annandale
FILM 1310,A02 (62004),Film History (3),M,"Jan 06 - Apr 09, 10:00-12:25 (T)",Scott Crompton
FILM 1310,A02 (62004),Film History (3),M,"Jan 06 - Apr 09, 10:00-11:50 (R)",Scott Crompton
FILM 2250,T01 (65820),Film and The City (3),M,"Jan 06 - Apr 09, 13:00-14:15 (TR)",Brenda Austin-Smith
FILM 2280,A01 (65716),Film and Literature (Part B) (3),M,"Jan 06 - Apr 09, 13:30-15:20 (M)",George Toles
FILM 2280,A01 (65716),Film and Literature (Part B) (3),M,"Jan 06 - Apr 09, 13:30-15:55 (W)",George Toles
FILM 3250,T32 (65730),The Cult Film (3),M,"Jan 06 - Apr 09, 10:00-11:15 (TR)",Brenda Austin-Smith
FILM 3250,T20 (65729),Video Games and Theory (3),M,"Jan 06 - Apr 09, 11:30-12:20 (MWF)",David Annandale
FILM 3660,T02 (65731),Intermediate Filmmaking (3),M,"Jan 06 - Apr 09, 18:00-20:45 (W)",Shereen Jerrett
THTR 1220,A03 (50932),Introduction to Theatre (Part B) (3),M,"Jan 06 - Apr 09, 14:30-16:20 (W)",Thomas Soares
THTR 1220,A01 (62016),Introduction to Theatre (Part B) (3),M,"Jan 06 - Apr 09, 13:00-14:50 (T)",William Kerr
THTR 1220,A03 (50932),Introduction to Theatre (Part B) (3),M,"Jan 06 - Apr 09, 14:30-16:20 (M)",Thomas Soares
THTR 1220,A02 (50931),Introduction to Theatre (Part B) (3),M,"Jan 06 - Apr 09, 14:30-16:20 (R)",Thomas Soares
THTR 1220,A01 (62016),Introduction to Theatre (Part B) (3),M,"Jan 06 - Apr 09, 13:00-14:50 (R)",William Kerr
THTR 1220,A02 (50931),Introduction to Theatre (Part B) (3),M,"Jan 06 - Apr 09, 14:30-16:20 (T)",Thomas Soares
THTR 2150,A01 (50658),Theatrical Techniques: Onstage (Part B) (3),M,"Jan 06 - Apr 09, 10:00-11:15 (TR)",Katrina Dunn
THTR 2160,A01 (50659),Theatrical Techniques: Backstage (Part B) (3),M,"Jan 06 - Apr 09, 18:00-20:45 (M)",Karen Schellenberg
THTR 2470,A01 (65732),Fundamentals of Dramatic Analysis (3),M,"Jan 06 - Apr 09, 11:30-12:45 (TR)",William Kerr
THTR 2600,T03 (65733),British Drama 1930 To The Present (3),M,"Jan 06 - Apr 09, 13:00-14:15 (TR)",Margaret Groome
THTR 3000,B01 (64235),Mad Forest (0),M,"Jan 06 - Apr 09, 13:30-15:20 (WF)",TBA
THTR 3000,B02 (64236),Mad Forest (0),M,"Jan 06 - Apr 09, 17:00-21:00 (TWR)",TBA
THTR 3000,T04 (65734),Mad Forest (3),M,"Jan 06 - Apr 09, 13:30-16:30 (M)",Jacqueline Loewen
THTR 3610,T21 (65735),Shakespeare and BIPOC Adaptation (3),M,"Jan 06 - Apr 09, 10:30-11:20 (MWF)",Jamie Paris
FREN 1154,B04 (54759),Introductory French 2 (0),M,"Jan 06 - Apr 09, 13:30-14:20 (F)",Martina Caceres
FREN 1154,B03 (52507),Introductory French 2 (0),M,"Jan 06 - Apr 09, 11:30-12:20 (W)",Zachary Bahr
FREN 1154,B02 (52506),Introductory French 2 (0),M,"Jan 06 - Apr 09, 11:30-12:20 (T)",Emma Allan
FREN 1154,B01 (52508),Introductory French 2 (0),M,"Jan 06 - Apr 09, 11:30-12:20 (M)",Martina Caceres
FREN 1154,A04 (52504),Introductory French 2 (3),M,"Jan 06 - Apr 09, 10:00-11:15 (TR)",Melanie Cure
FREN 1154,A03 (52505),Introductory French 2 (3),M,"Jan 06 - Apr 09, 12:30-13:20 (MWF)",Krysteena Gadzala
FREN 1154,A02 (52503),Introductory French 2 (3),M,"Jan 06 - Apr 09, 10:30-11:20 (MWF)",Andrew Osborne
FREN 1154,A01 (54757),Introductory French 2 (3),M,"Jan 06 - Apr 09, 09:30-10:20 (MWF)",Krysteena Gadzala
FREN 1194,A01 (64493),Français pour bilingues et francophones 2 (3),M,"Jan 06 - Apr 09, 10:00-11:15 (TR)",Dominique Laporte
FREN 1204,A02 (64496),Intermediate French 2 (3),M,"Jan 06 - Apr 09, 10:00-11:15 (TR)",Andrew Osborne
FREN 1204,A01 (64495),Intermediate French 2 (3),M,"Jan 06 - Apr 09, 10:30-11:20 (MWF)",Etienne-Marie Lassi
FREN 1252,A01 (63157),Français oral 1 (3),M,"Jan 06 - Apr 09, 11:30-12:45 (TR)",Krysteena Gadzala
FREN 2630,T02 (65410),Le Paris littéraire et culturel après la Révolution (B) (3),M,"Jan 06 - Apr 09, 13:00-14:15 (TR)",Dominique Laporte
FREN 3020,A01 (54763),Révision intensive de la grammaire française (A) (3),M,"Jan 06 - Apr 09, 12:30-13:20 (MWF)",Andrew Osborne
FREN 3770,A01 (65821),Lire la bande dessinée (B) (3),M,"Jan 06 - Apr 09, 10:00-11:15 (TR)",Irene Chassaing
FREN 4610,T16 (65411),Lire la bande dessinée (3),M,"Jan 06 - Apr 09, 10:00-11:15 (TR)",Irene Chassaing
FREN 7580,T12 (65412),Lire la bande dessinée (3),M,"Jan 06 - Apr 09, 10:00-11:15 (TR)",Irene Chassaing
FSIE 2600,A01 (65819),Explorations of Hispanic Pop Culture (3),M,"Jan 06 - Apr 09, 10:00-11:15 (TR)",Caterina Reitano
ITLN 1080,B01 (56019),Introductory Italian (Part B) (0),M,"Jan 06 - Apr 09, 10:30-11:20 (M)",Veronica Vecchione
ITLN 1080,A01 (52510),Introductory Italian (Part B) (3),M,"Jan 06 - Apr 09, 11:30-12:45 (TR)",Paolo Matteucci
ITLN 1080,A02 (56018),Introductory Italian (Part B) (3),M,"Jan 06 - Apr 09, 11:30-12:20 (MWF)",Paolo Matteucci
ITLN 1080,B02 (56008),Introductory Italian (Part B) (0),M,"Jan 06 - Apr 09, 10:00-10:50 (R)",Veronica Vecchione
SPAN 1182,B01 (65414),Introductory Spanish 1 (0),M,"Jan 06 - Apr 09, 08:30-09:20 (T)",TBA
SPAN 1182,A01 (65413),Introductory Spanish 1 (3),M,"Jan 06 - Apr 09, 11:30-12:45 (TR)",Caterina Reitano
SPAN 1184,B01 (64511),Introductory Spanish 2 (0),M,"Jan 06 - Apr 09, 09:30-10:20 (W)",Eric Felico Perez
SPAN 1184,A01 (64508),Introductory Spanish 2 (3),M,"Jan 06 - Apr 09, 10:30-11:20 (MWF)",Caterina Reitano
SPAN 1272,A02 (54837),Intermediate Spanish Grammar and Conversation 2 (3),M,"Jan 06 - Apr 09, 09:30-10:20 (MWF)",Enrique Fernandez
SPAN 1272,B02 (60884),Intermediate Spanish Grammar and Conversation 2 (0),M,"Jan 06 - Apr 09, 08:30-09:20 (W)",Eric Felico Perez
SPAN 1280,A01 (64514),Spanish for Native Speakers (3),M,"Jan 06 - Apr 09, 09:30-10:20 (MWF)",Enrique Fernandez
SPAN 3340,A01 (65415),Spanish Syntax and Grammar (3),M,"Jan 06 - Apr 09, 11:30-12:20 (MWF)",Maria Rodrigo Tamarit
GRMN 1122,B01 (63103),Introductory German 1 (A) (0),M,"Jan 06 - Apr 09, 14:30-15:20 (M)",TBA
GRMN 1122,A01 (63102),Introductory German 1 (A) (3),M,"Jan 06 - Apr 09, 09:30-10:20 (MWF)",Karin James
GRMN 1124,A01 (63104),Introductory German 2 (A) (3),M,"Jan 06 - Apr 09, 11:30-12:20 (MWF)",Karin James
GRMN 1124,B02 (63108),Introductory German 2 (A) (0),M,"Jan 06 - Apr 09, 11:30-12:20 (T)",TBA
GRMN 1124,B04 (63110),Introductory German 2 (A) (0),M,"Jan 06 - Apr 09, 10:30-11:20 (W)",TBA
GRMN 1124,B01 (63107),Introductory German 2 (A) (0),M,"Jan 06 - Apr 09, 13:30-14:20 (M)",TBA
GRMN 1124,A02 (63105),Introductory German 2 (A) (3),M,"Jan 06 - Apr 09, 14:30-15:45 (TR)",Rosemarie Finlay
GRMN 2104,A02 (65126),Intermediate German 2 (A) (3),M,"Jan 06 - Apr 09, 11:30-12:20 (MWF)",Lars Richter
GRMN 2120,A01 (65356),Introduction to German Culture from 1918 to the Present (C) (3),M,"Jan 06 - Apr 09, 12:30-13:20 (MWF)",Lars Richter
GRMN 2530,A01 (65357),My Friend the Tree: Environment and Ecology in German Culture in English Translation (C) (3),M,"Jan 06 - Apr 09, 09:30-10:20 (MWF)",Lars Richter
GRMN 3204,A01 (63113),Advanced German 2 (A) (3),M,"Jan 06 - Apr 09, 13:30-14:20 (MWF)",Karin James
GRMN 3234,T03 (65358),Reviewing German Grammar Part 2 (A) (3),M,"Jan 06 - Apr 09, 11:30-12:45 (TR)",Rosemarie Finlay
GRMN 3510,T06 (65359),"Museums and Public Memory: Education, Transformation, Peace-Building (C) (3)",M,"Jan 06 - Apr 09, 13:00-15:45 (R)",Stephan Jaeger
GRMN 4570,A01 (65360),"Honours Thesis in German Studies (B,C) (3)",M,Jan 06 - Apr 09,Stephan Jaeger
GRMN 4670,T08 (65361),"Museums and Public Memory: Education, Transformation, Peace-Building (C) (3)",M,"Jan 06 - Apr 09, 13:00-15:45 (R)",Stephan Jaeger
GRMN 6000,A01 (65362),Reading Language Test (0),M,Jan 06 - Apr 09,Karin James
GRMN 7360,T08 (65363),"Museums and Public Memory: Education, Transformation, Peace-Building (3)",M,"Jan 06 - Apr 09, 13:00-15:45 (R)",Stephan Jaeger
HUNG 1000,B01 (66114),Introduction to Hungarian 1 (0),M,"Jan 06 - Apr 09, 19:00-19:50 (M)",TBA
HUNG 1000,A01 (66113),Introduction to Hungarian 1 (3),M,"Jan 06 - Apr 09, 17:30-18:45 (MR)",TBA
HUNG 1002,A01 (65364),Introduction to Hungarian 2 (3),M,"Jan 06 - Apr 09, 17:30-18:45 (MR)",TBA
HUNG 1002,B01 (65365),Introduction to Hungarian 2 (0),M,"Jan 06 - Apr 09, 19:00-19:50 (M)",TBA
POL 1892,A01 (65366),Introductory Polish 1 (3),M,"Jan 06 - Apr 09, 10:30-11:20 (MWF)",Magdalena Blackmore
POL 1892,B01 (65367),Introductory Polish 1 (0),M,"Jan 06 - Apr 09, 08:30-09:20 (W)",TBA
POL 1894,B01 (63121),Introductory Polish 2 (0),M,"Jan 06 - Apr 09, 08:30-09:20 (F)",TBA
POL 1894,A01 (63120),Introductory Polish 2 (3),M,"Jan 06 - Apr 09, 09:30-10:20 (MWF)",Magdalena Blackmore
POL 2660,T07 (65368),Polish Culture Until 1918 (3),M,"Jan 06 - Apr 09, 13:30-14:20 (MWF)",Magdalena Blackmore
RUSN 1302,D01 (65369),Introductory Russian 1 (3),DE,Jan 06 - Apr 09,Elena Baraban
RUSN 1304,B01 (63125),Introductory Russian 2 (0),M,"Jan 06 - Apr 09, 14:30-15:20 (W)",TBA
RUSN 1304,B02 (65370),Introductory Russian 2 (0),M,"Jan 06 - Apr 09, 09:00-09:50 (R)",TBA
RUSN 1304,A01 (63124),Introductory Russian 2 (3),M,"Jan 06 - Apr 09, 10:30-11:20 (MWF)",Elena Baraban
RUSN 2814,A01 (63127),Intermediate Russian 2 (3),M,Jan 06 - Apr 09,Elena Baraban
RUSN 3630,A01 (65371),"Russian Politics, Government, and Society (3)",M,"Jan 06 - Apr 09, 14:30-17:15 (W)",Oksana Dudko
RUSN 3770,A01 (65372),Tolstoy (3),M,"Jan 06 - Apr 09, 12:30-13:20 (MWF)",Elena Baraban
RUSN 4620,T01 (66217),Tolstoy (3),M,Jan 06 - Apr 09,Elena Baraban
SLAV 7400,T06 (66218),Tolstoy (3),M,Jan 06 - Apr 09,Elena Baraban
UKRN 1312,B01 (65374),Introductory Ukrainian 1 (0),M,"Jan 06 - Apr 09, 08:30-09:20 (M)",TBA
UKRN 1312,A01 (65373),Introductory Ukrainian 1 (3),M,"Jan 06 - Apr 09, 09:30-10:20 (MWF)",Iryna Konstantiuk
UKRN 2600,T02 (65385),Chernobyl: Narratives and Environment (3),M,"Jan 06 - Apr 09, 14:30-17:15 (M)",Iryna Konstantiuk
UKRN 2724,A01 (63133),Intermediate Ukrainian 2 (3),M,"Jan 06 - Apr 09, 12:30-13:20 (MWF)",Iryna Konstantiuk
GPE 3700,A01 (55945),A Survey of Global Political Economy (3),M,"Jan 06 - Apr 09, 11:30-12:45 (TR)",Jonathan Jenner
GPE 4510,A01 (65430),Global Political Economy Field Placement Seminar (Part B) (1.5),M,"Jan 06 - Apr 09, 14:30-17:15 (W)",
GPE 4520,A01 (65431),Global Political Economy Field Placement (Part B) (3),M,Jan 06 - Apr 09,
GPE 4700,A01 (50674),Studies in Global Political Economy (Part B) (3),M,"Jan 06 - Apr 09, 14:30-17:15 (F)",Niall Harney
HIST 1200,D01 (52697),An Introduction to the History of Western Civilization (G) (Part B) (3),DE,Jan 06 - Apr 09,Marc-Andre Gagnon
HIST 1270,A01 (64558),New Directions in History: Inquiries into the Power Relations of the Modern World (G) (3),M,"Jan 06 - Apr 09, 12:30-13:20 (MWF)",Esyllt Jones
HIST 1350,A01 (55805),An Introduction to the History of Western Civilization to 1500 (G) (3),M,"Jan 06 - Apr 09, 13:00-14:15 (TR)",Dale Barbour
HIST 1360,A03 (65329),An Introduction to the History of Western Civilization from 1500 (G) (3),M,"Jan 06 - Apr 09, 12:30-13:20 (MWF)",Dale Barbour
HIST 1360,A04 (65330),An Introduction to the History of Western Civilization from 1500 (G) (3),M,"Jan 06 - Apr 09, 10:30-11:20 (MWF)",Robert Penner
HIST 1360,A02 (64365),An Introduction to the History of Western Civilization from 1500 (G) (3),M,"Jan 06 - Apr 09, 10:00-11:15 (TR)",Lloyd Penner
HIST 1360,A01 (52739),An Introduction to the History of Western Civilization from 1500 (G) (3),M,"Jan 06 - Apr 09, 09:30-10:20 (MWF)",Lloyd Penner
HIST 1370,A01 (52103),Modern World History: 1500-1800 (M) (3),M,"Jan 06 - Apr 09, 14:30-15:20 (MWF)",Dale Barbour
HIST 1370,A02 (65331),Modern World History: 1500-1800 (M) (3),M,"Jan 06 - Apr 09, 14:30-15:45 (TR)",Naomi Calnitsky
HIST 1380,A02 (52850),Modern World History: 1800-Present (M) (3),M,"Jan 06 - Apr 09, 11:30-12:45 (TR)",Dale Barbour
HIST 1400,A01 (52968),History of the Canadian Nation since 1867 (C) (3),M,"Jan 06 - Apr 09, 14:30-15:45 (TR)",George Buri
HIST 1400,A02 (64366),History of the Canadian Nation since 1867 (C) (3),M,"Jan 06 - Apr 09, 13:30-14:20 (MWF)",Lloyd Penner
HIST 1430,A01 (50104),Asian Civilizations from 1500 (B) (3),M,"Jan 06 - Apr 09, 11:30-12:20 (MWF)",Jeong Kim
HIST 2010,A01 (58738),Indigenous History in Canada (C) (Part B) (3),M,"Jan 06 - Apr 09, 14:30-17:15 (M)",
HIST 2010,A02 (65332),Indigenous History in Canada (C) (Part B) (3),M,"Jan 06 - Apr 09, 13:00-14:15 (TR)",Jarvis Brownlie
HIST 2110,T07 (65333),Britain in World War II (3),M,"Jan 06 - Apr 09, 08:30-09:45 (TR)",Allison Abra
HIST 2110,T04 (65347),From Tea to Spam: Commodities and Imperialism in Asia (G) (3),M,"Jan 06 - Apr 09, 13:30-14:20 (MWF)",Jeong Kim
HIST 2110,T08 (65346),Public History and Commemoration in Canada since 1900 (G) (3),M,"Jan 06 - Apr 09, 14:30-15:45 (TR)",Gregory Bak
HIST 2150,A01 (64371),Independent Latin America (A) (3),M,"Jan 06 - Apr 09, 11:30-12:20 (MWF)",Naomi Calnitsky
HIST 2230,A01 (62266),History of the United States from 1607 (A) (Part B) (3),M,"Jan 06 - Apr 09, 11:30-12:45 (TR)",George Buri
HIST 2240,A01 (64996),History of Antisemitism and the Holocaust (E) (Part B) (3),M,"Jan 06 - Apr 09, 18:00-20:45 (T)",Jody Perrun
HIST 2360,A01 (62268),Europe 1870 to the Present (E) (3),M,"Jan 06 - Apr 09, 12:30-13:20 (MWF)",Robert Penner
HIST 2400,A01 (65705),History of Human Rights and Social Justice in the Modern World (M) (3),M,"Jan 06 - Apr 09, 10:00-11:15 (TR)",Naomi Calnitsky
HIST 2420,A01 (50107),The Medieval World (D) (Part B) (3),M,"Jan 06 - Apr 09, 09:30-10:20 (MWF)",Robert Penner
HIST 2500,A01 (63413),History of Africa (R) (Part B) (3),M,"Jan 06 - Apr 09, 10:00-11:15 (TR)",Joyce Chadya
HIST 2610,A01 (63416),Making of Modern Ukraine (E) (3),M,"Jan 06 - Apr 09, 14:30-15:20 (MWF)",Nataliya Venger
HIST 2680,A01 (65335),A History of Socialism from the French Revolution to the Present (M) (3),M,"Jan 06 - Apr 09, 09:30-10:20 (MWF)",George Buri
HIST 2732,A01 (63427),"Modern World History, 1945-1992: The Age of Three Worlds (M) (3)",M,"Jan 06 - Apr 09, 13:00-14:15 (TR)",Mark Gabbert
HIST 3214,A01 (65337),Canada's Left: Rebellion and Repression (C) (3),M,"Jan 06 - Apr 09, 18:00-20:45 (M)",Julie Guard
HIST 3580,T01 (65338),1968 (M) (3),M,"Jan 06 - Apr 09, 13:30-14:20 (MWF)",George Buri
HIST 3910,D01 (59673),The Ukrainians in Canada (C) (3),DE,Jan 06 - Apr 09,Milana Nikolko
HIST 3990,T08 (65339),Reagan's America and Thatcher's Britain (G) (Part B) (3),M,"Jan 06 - Apr 09, 08:30-11:15 (R)",Christopher Frank
HIST 4000,T28 (66067),"History on a Plate: Food, Power, and Empire (G) (3)",M,"Jan 06 - Apr 09, 08:30-11:15 (W)",Jennifer Dueck
HIST 4000,T49 (65342),Red River Indigenous Histories (G) (3),M,"Jan 06 - Apr 09, 11:30-14:15 (T)",
HIST 4000,T51 (65341),Health and Society Research Seminar (G) (3),M,"Jan 06 - Apr 09, 14:30-17:15 (M)",Esyllt Jones
HIST 4000,T01 (66177),Urban Apartheid in South Africa (G) (3),M,"Jan 06 - Apr 09, 11:30-14:15 (W)",Joyce Chadya
HIST 4400,A01 (65344),Historical Method and Historiography (G) (Part B) (3),M,"Jan 06 - Apr 09, 11:30-14:15 (M)",Benjamin Baader
HIST 7110,A01 (61030),Advanced Historical Methodologies (Part B) (3),OC,"Jan 06 - Apr 09, 11:30-14:15 (R)",David Churchill
HIST 7372,A01 (65348),History of Archiving and Archival Records (Part B) (3),M,"Jan 06 - Apr 09, 11:30-14:15 (F)",Gregory Bak
HIST 7772,T01 (66178),Urban Apartheid in South Africa (3),M,"Jan 06 - Apr 09, 11:30-14:15 (W)",Joyce Chadya
HIST 7772,T46 (65350),Health and Society Research Seminar (3),M,"Jan 06 - Apr 09, 14:30-17:15 (M)",Esyllt Jones
HIST 7772,T27 (66068),"History on a Plate: Food, Power, and Empire (3)",M,"Jan 06 - Apr 09, 08:30-11:15 (W)",Jennifer Dueck
HIST 7772,T44 (65351),Red River Indigenous Histories (3),M,"Jan 06 - Apr 09, 11:30-14:15 (T)",
HIST 7776,A01 (66221),Major Research Paper (0),M,Jan 06 - Apr 09,Ryan Eyford
HIST 9070,T05 (65966),UW GHIST 7003 - History of South Africa (Part B) (3),OC,"Jan 06 - Apr 09, 16:00-17:15 (TR)",Eliakim Sibanda
HIST 9610,T02 (65965),UW GHIST 7517 - Advanced Studies in Canadian Social History (Part B) (3),OC,"Jan 03 - Apr 30, 13:00-16:00 (W)",Janis Thiessen
HIST 9648,T08 (65972),UW GHIST 7001 - Frontiers and Borderlands (3),OC,"Jan 03 - Apr 30, 14:30-15:45 (MW)",Jason Yaremko
HIST 9678,T01 (65973),"UW GHIST 7010 - Sex, Race, and Gender in the Early Modern Period (3)",OC,"Jan 03 - Apr 30, 17:30-20:30 (T)",Darlene Abreu-Ferreira
ICEL 1204,A01 (65828),Introductory Icelandic 2 (3),M,"Jan 06 - Apr 09, 10:30-11:20 (MWF)",Peter Buchan
ICEL 1204,B01 (65829),Introductory Icelandic 2 (0),M,"Jan 06 - Apr 09, 09:30-10:20 (W)",Peter Buchan
ICEL 2400,A01 (65404),Icelandic Folktales (3),M,"Jan 06 - Apr 09, 11:30-12:45 (TR)",Peter Buchan
ICEL 2510,A01 (65823),Discovering Icelandic Language and Culture (3),M,"Jan 06 - Apr 09, 10:00-11:15 (TR)",Peter Buchan
ICEL 3320,A01 (65405),Old Norse Mythology (3),M,"Jan 06 - Apr 09, 14:30-17:15 (R)",Peter Buchan
INDG 1200,A01 (62080),Indigenous Peoples in Canada (Part B) (3),M,"Jan 06 - Apr 09, 12:30-13:20 (MWF)",Honoure Black
INDG 1220,A01 (63559),"Indigenous Peoples in Canada, Part 1 (3)",M,"Jan 06 - Apr 09, 10:30-11:20 (MWF)",
INDG 1220,D01 (62081),"Indigenous Peoples in Canada, Part 1 (3)",DE,Jan 06 - Apr 09,Krysta Alexson
INDG 1220,A02 (65432),"Indigenous Peoples in Canada, Part 1 (3)",M,"Jan 06 - Apr 09, 10:00-11:15 (TR)",Cary Miller
INDG 1240,G07 (62577),"Indigenous Peoples in Canada, Part 2 (3)",M,"Jan 06 - Apr 09, 14:30-15:45 (TR)",Diedre Desmarais
INDG 1240,D06 (65436),"Indigenous Peoples in Canada, Part 2 (3)",DE,Jan 06 - Apr 09,TBA
INDG 1240,D05 (65435),"Indigenous Peoples in Canada, Part 2 (3)",DE,Jan 06 - Apr 09,TBA
INDG 1240,D04 (65434),"Indigenous Peoples in Canada, Part 2 (3)",DE,Jan 06 - Apr 09,Kirk Kitzul
INDG 1240,D03 (65433),"Indigenous Peoples in Canada, Part 2 (3)",DE,Jan 06 - Apr 09,Arielle Garand
INDG 1240,D02 (64052),"Indigenous Peoples in Canada, Part 2 (3)",DE,Jan 06 - Apr 09,Lauren Petersen
INDG 1240,D01 (62086),"Indigenous Peoples in Canada, Part 2 (3)",DE,Jan 06 - Apr 09,
INDG 1240,A05 (65054),"Indigenous Peoples in Canada, Part 2 (3)",M,"Jan 06 - Apr 09, 10:30-11:20 (MWF)",Honoure Black
INDG 1240,A04 (65053),"Indigenous Peoples in Canada, Part 2 (3)",M,"Jan 06 - Apr 09, 14:30-17:15 (M)",
INDG 1240,A03 (62085),"Indigenous Peoples in Canada, Part 2 (3)",M,"Jan 06 - Apr 09, 11:30-12:45 (TR)",
INDG 1240,A02 (62084),"Indigenous Peoples in Canada, Part 2 (3)",M,"Jan 06 - Apr 09, 10:00-11:15 (TR)",
INDG 1240,A06 (65055),"Indigenous Peoples in Canada, Part 2 (3)",M,"Jan 06 - Apr 09, 13:00-14:15 (TR)",Niigaanwewidam Sinclair
INDG 1240,A01 (62083),"Indigenous Peoples in Canada, Part 2 (3)",M,"Jan 06 - Apr 09, 09:30-10:20 (MWF)",Elizabeth Spence
INDG 1260,A02 (65064),Introductory Cree 2 (3),M,"Jan 06 - Apr 09, 20:00-20:50 (M)",Sharissa Neault
INDG 1260,A02 (65064),Introductory Cree 2 (3),M,"Jan 06 - Apr 09, 19:00-19:50 (M)",Sharissa Neault
INDG 1260,A02 (65064),Introductory Cree 2 (3),M,"Jan 06 - Apr 09, 18:00-18:50 (M)",Sharissa Neault
INDG 1262,A01 (65438),Introductory Cree 2 - Pass/Fail Option (3),M,"Jan 06 - Apr 09, 18:00-18:50 (M)",Sharissa Neault
INDG 1262,A01 (65438),Introductory Cree 2 - Pass/Fail Option (3),M,"Jan 06 - Apr 09, 20:00-20:50 (M)",Sharissa Neault
INDG 1262,A01 (65438),Introductory Cree 2 - Pass/Fail Option (3),M,"Jan 06 - Apr 09, 19:00-19:50 (M)",Sharissa Neault
INDG 1280,A01 (62176),Introductory Anishinaabemowin (Ojibwe) 2 (3),M,"Jan 06 - Apr 09, 13:00-14:15 (TR)",
INDG 1282,A01 (65437),Introductory Anishinaabemowin (Ojibwe) 2 - Pass/Fail Option (3),M,"Jan 06 - Apr 09, 13:00-14:15 (TR)",
INDG 2000,T04 (65736),Indigenous Public Art and Design (3),M,"Jan 06 - Apr 09, 11:30-14:15 (R)",Honoure Black
INDG 2012,A02 (66021),Indigenous History in Canada (Part B) (3),M,"Jan 06 - Apr 09, 13:00-14:15 (TR)",Jarvis Brownlie
INDG 2012,A01 (62359),Indigenous History in Canada (Part B) (3),M,"Jan 06 - Apr 09, 14:30-17:15 (M)",
INDG 2020,G07 (65791),The Métis in Canada (3),M,"Jan 06 - Apr 09, 12:30-13:20 (MWF)",Elizabeth Spence
INDG 2254,B01 (63902),Intermediate Cree 2 (0),M,"Jan 06 - Apr 09, 16:00-16:50 (T)",TBA
INDG 2254,A01 (62358),Intermediate Cree 2 (3),M,"Jan 06 - Apr 09, 14:30-15:45 (TR)",TBA
INDG 2264,B01 (66039),Intermediate Cree 2 - Pass/Fail Option (0),M,"Jan 06 - Apr 09, 16:00-16:50 (T)",TBA
INDG 2264,A01 (66034),Intermediate Cree 2 - Pass/Fail Option (3),M,"Jan 06 - Apr 09, 14:30-15:45 (TR)",TBA
INDG 2274,A01 (62181),Intermediate Anishinaabemowin (Ojibwe) 2 (3),M,"Jan 06 - Apr 09, 14:30-15:45 (TR)",Patricia Nadeau
INDG 2284,A01 (66040),Intermediate Anishinaabemowin (Ojibwe) 2 - Pass/Fail Option (3),M,"Jan 06 - Apr 09, 14:30-15:45 (TR)",Patricia Nadeau
INDG 2310,A01 (65740),Anishinaabe (Ojibwe) Literature (3),M,"Jan 06 - Apr 09, 10:00-11:15 (TR)",Niigaanwewidam Sinclair
INDG 3000,T02 (65528),Hydro-power Development and Indigenous Communities in Manitoba (3),M,"Jan 06 - Apr 09, 11:30-12:45 (TR)",
INDG 3000,T05 (65529),Reading Contemporary Métis Fiction (3),M,"Jan 06 - Apr 09, 14:30-17:15 (W)",
INDG 3190,A01 (62184),Advanced Anisinaabemowin (Ojibwe) 2 (3),M,"Jan 06 - Apr 09, 19:00-21:45 (T)",Patricia Nadeau
INDG 3350,A01 (65521),Indigenous Organizations (Part B) (3),M,"Jan 06 - Apr 09, 08:30-11:15 (M)",
INDG 3380,A01 (64393),Gender and Indigenous Societies (3),M,"Jan 06 - Apr 09, 10:00-11:15 (TR)",
INDG 4230,A01 (64394),Traditional Knowledge and Indigenous Studies Research (3),M,"Jan 06 - Apr 09, 14:30-17:15 (R)",
INDG 4300,T01 (65531),Critical Theory and Indigenous Studies (3),M,"Jan 06 - Apr 09, 14:30-17:15 (T)",
INDG 7220,T22 (66160),Drafting a Prior Learning Assessment for Indigenous Language Speaker (3),M,Jan 06 - Apr 09,
INDG 7220,T23 (66202),Indigenous Knowledge and Colonialism (3),M,Jan 06 - Apr 09,
INDG 7230,A01 (62525),Methodology and Research Issues in Indigenous Studies (3),M,"Jan 06 - Apr 09, 14:30-17:15 (R)",
INDG 7310,A01 (65532),Critical Theory and Indigenous Studies (3),M,"Jan 06 - Apr 09, 14:30-17:15 (T)",
ARA 1000,A01 (65803),Elementary Arabic (Part B) (3),M,"Jan 06 - Apr 09, 09:30-10:20 (MWF)",Rawia Azzahrawi
ARA 1000,B01 (65804),Elementary Arabic (Part B) (0),M,"Jan 06 - Apr 09, 12:30-13:20 (W)",Rawia Azzahrawi
JUD 3010,T11 (65805),Funny Jews (3),M,"Jan 06 - Apr 09, 14:30-15:45 (TR)",Itai Zutra
YDSH 1220,A01 (64598),Yiddish (Part B) (3),M,"Jan 06 - Apr 09, 11:30-12:45 (TR)",Itai Zutra
LABR 1260,A01 (56039),Working for a Living (3),M,"Jan 06 - Apr 09, 18:00-20:45 (T)",Adam King
LABR 1290,A01 (56040),Labour Unions and Workers' Rights in Canada (3),M,"Jan 06 - Apr 09, 10:00-11:15 (TR)",Jeffery Taylor
LABR 2100,A01 (58624),The Political Economy of Labour (3),M,"Jan 06 - Apr 09, 14:30-15:45 (TR)",David Camfield
LABR 3010,A01 (65232),Labour Law (3),M,"Jan 06 - Apr 09, 18:00-20:45 (W)",Johanna Willows
LABR 3050,A01 (63662),Issues in Occupational Health and Safety and Workers' Compensation (3),M,"Jan 06 - Apr 09, 18:00-20:45 (R)",Adam King
LABR 3214,A01 (65233),Canada's Left: Rebellion and Repression (C) (3),M,"Jan 06 - Apr 09, 18:00-20:45 (M)",Julie Guard
LABR 3240,A01 (65235),Becoming an Advocate (3),M,"Jan 13 - Feb 07, 18:00-20:45 (T)",TBA
LABR 4510,A01 (65236),Labour Studies Field Placement Seminar (Part B) (1.5),M,"Jan 06 - Apr 09, 14:30-17:15 (W)",
LABR 4520,A01 (65237),Labour Studies Field Placement (Part B) (3),M,Jan 06 - Apr 09,
ASLL 1000,B01 (61096),American Sign Language 1 (0),M,"Jan 06 - Apr 09, 18:00-18:50 (W)",TBA
ASLL 1000,A01 (59809),American Sign Language 1 (3),M,"Jan 06 - Apr 09, 19:00-21:45 (W)",TBA
LING 1000,A02 (64170),Introduction to Linguistics 1: Foundations of Language (3),M,"Jan 06 - Apr 09, 11:30-12:45 (TR)",Olena Gordiyenko
LING 1000,A01 (62069),Introduction to Linguistics 1: Foundations of Language (3),M,"Jan 06 - Apr 09, 10:30-11:20 (MWF)",Olena Gordiyenko
LING 1010,A01 (60970),Introduction to Linguistics 2: Language in Context (3),M,"Jan 06 - Apr 09, 12:30-13:20 (MWF)",Ronald Russell
LING 2340,A01 (65309),Language Endangerment (3),M,"Jan 06 - Apr 09, 12:30-13:20 (MWF)",Nicole Rosen
LING 2800,A01 (64173),Communication Disorders (3),M,"Jan 06 - Apr 09, 11:30-12:20 (MWF)",Robert Hagiwara
LING 2840,A01 (64174),Anatomy of Speech Production (3),M,"Jan 06 - Apr 09, 13:30-14:20 (MWF)",Robert Hagiwara
LING 3210,A01 (64175),Sociolinguistics (3),M,"Jan 06 - Apr 09, 13:00-14:15 (TR)",Veronica Loureiro-Rodriguez
LING 3350,A01 (65310),Language and Gesture (3),M,"Jan 06 - Apr 09, 14:30-15:45 (TR)",Terence Janzen
LING 3410,A01 (65311),Syntactic Analysis (3),M,"Jan 06 - Apr 09, 11:30-12:45 (TR)",William Oxford
LING 3860,A01 (63887),Child Language Development (3),M,"Jan 06 - Apr 09, 17:30-20:15 (T)",SeyedehSana Fekrazad
LING 4110,A01 (64178),Phonological Theory (3),M,"Jan 06 - Apr 09, 14:30-15:45 (MW)",Ronald Russell
LING 4300,A01 (65312),Field Methods (3),M,"Jan 06 - Apr 09, 13:00-14:15 (TR)",William Oxford
LING 7550,A01 (64179),Phonology (3),M,"Jan 06 - Apr 09, 14:30-15:45 (MW)",Ronald Russell
LING 7650,A01 (65323),Field Methods (3),M,"Jan 06 - Apr 09, 13:00-14:15 (TR)",William Oxford
LING 7940,T04 (66223),Clitics in the Amora'i language (3),M,Jan 06 - Apr 09,Jila Ghomeshi
PHIL 1200,D01 (50651),Introduction to Philosophy (Part B) (3),DE,Jan 06 - Apr 09,Patrick Walsh
PHIL 1200,A04 (51236),Introduction to Philosophy (Part B) (3),M,"Jan 06 - Apr 09, 11:30-12:45 (TR)",Robert Shaver
PHIL 1200,A03 (50147),Introduction to Philosophy (Part B) (3),M,"Jan 06 - Apr 09, 11:30-12:20 (MWF)",Simone Mahrenholz
PHIL 1200,A02 (50146),Introduction to Philosophy (Part B) (3),M,"Jan 06 - Apr 09, 13:30-14:20 (MWF)",Carl Matheson
PHIL 1200,A01 (52112),Introduction to Philosophy (Part B) (3),M,"Jan 06 - Apr 09, 13:00-14:15 (TR)",Dimitrios Dentsoras
PHIL 1290,A02 (51237),Critical Thinking (3),M,"Jan 06 - Apr 09, 12:30-13:20 (MWF)",
PHIL 1290,A01 (50149),Critical Thinking (3),M,"Jan 06 - Apr 09, 13:30-14:20 (MWF)",Gerald Beaulieu
PHIL 1290,A03 (50150),Critical Thinking (3),M,"Jan 06 - Apr 09, 14:30-15:20 (MWF)",Patrick Walsh
PHIL 1290,A04 (52784),Critical Thinking (3),M,"Jan 06 - Apr 09, 15:30-16:20 (MWF)",David Hampton
PHIL 1290,A05 (52785),Critical Thinking (3),M,"Jan 06 - Apr 09, 13:00-14:15 (TR)",Phillip Veldhuis
PHIL 1290,D01 (50652),Critical Thinking (3),DE,Jan 06 - Apr 09,
PHIL 1300,A01 (61102),Introduction to Logic (3),M,"Jan 06 - Apr 09, 13:30-14:20 (MWF)",
PHIL 1300,A02 (64491),Introduction to Logic (3),M,"Jan 06 - Apr 09, 10:30-11:20 (MWF)",Patrick Walsh
PHIL 1520,A01 (65259),"Goodness, Beauty, and Justice (3)",M,"Jan 06 - Apr 09, 14:30-15:45 (TR)",Eliza Wells
PHIL 2170,T07 (65260),Philosophy of Psychology (3),M,"Jan 06 - Apr 09, 12:30-13:20 (MWF)",Christopher Tillman
PHIL 2170,T17 (65261),Free Will (3),M,"Jan 06 - Apr 09, 14:30-15:45 (TR)",Gerald Beaulieu
PHIL 2170,T20 (65263),Social Epistemology (3),M,"Jan 06 - Apr 09, 11:30-12:20 (MWF)",
PHIL 2170,T16 (64163),Probability Theory (3),M,"Jan 06 - Apr 09, 10:30-11:20 (MWF)",
PHIL 2420,D01 (64165),Applied Ethics 2 (3),DE,Jan 06 - Apr 09,Peter Denton
PHIL 2630,A01 (65264),Continental Rationalism (3),M,"Jan 06 - Apr 09, 11:30-12:45 (TR)",Dimitrios Dentsoras
PHIL 2710,A01 (65265),Twentieth-Century European Philosophy: Existentialism (3),M,"Jan 06 - Apr 09, 13:30-14:20 (MWF)",Simone Mahrenholz
PHIL 2740,A01 (62166),Ethics and Biomedicine (3),M,"Jan 06 - Apr 09, 14:30-17:15 (W)",Arthur Schafer
PHIL 2750,A01 (63143),Ethics and the Environment (3),M,"Jan 06 - Apr 09, 14:30-15:20 (MWF)",David Hampton
PHIL 2790,A01 (51876),Moral Philosophy (Part B) (3),M,"Jan 06 - Apr 09, 10:00-11:15 (TR)",Robert Shaver
PHIL 2840,A01 (65266),The Ethics of War and Peace (3),M,"Jan 06 - Apr 09, 13:00-14:15 (TR)",Robert Leland
PHIL 3650,T09 (65267),Contemporary Metaphysics (3),M,"Jan 06 - Apr 09, 14:30-17:15 (T)",Christopher Tillman
PHIL 3780,T08 (65268),Social Roles (3),M,"Jan 06 - Apr 09, 14:30-17:15 (W)",Eliza Wells
PHIL 4460,T13 (65269),"Law, Ethics and Technology (3)",M,"Jan 06 - Apr 09, 14:30-17:15 (R)",Neil McArthur
PHIL 7160,T07 (65270),Metaphysics (3),M,"Jan 06 - Apr 09, 14:30-17:15 (T)",Christopher Tillman
PHIL 7200,T08 (65271),"Law, Ethics and Technology (3)",M,"Jan 06 - Apr 09, 14:30-17:15 (R)",Neil McArthur
PHIL 7210,T03 (65827),Social Roles (3),M,"Jan 06 - Apr 09, 14:30-17:15 (W)",Eliza Wells
POLS 1502,B02 (62610),Introduction to Political Studies (0),M,"Jan 06 - Apr 09, 09:30-10:20 (M)",TBA
POLS 1502,B01 (62609),Introduction to Political Studies (0),M,"Jan 06 - Apr 09, 08:30-09:20 (M)",TBA
POLS 1502,B05 (62613),Introduction to Political Studies (0),M,"Jan 06 - Apr 09, 09:30-10:20 (W)",TBA
POLS 1502,B06 (62614),Introduction to Political Studies (0),M,"Jan 06 - Apr 09, 10:30-11:20 (W)",TBA
POLS 1502,B07 (62615),Introduction to Political Studies (0),M,"Jan 06 - Apr 09, 08:30-09:20 (F)",TBA
POLS 1502,B08 (62616),Introduction to Political Studies (0),M,"Jan 06 - Apr 09, 09:30-10:20 (F)",TBA
POLS 1502,B09 (62617),Introduction to Political Studies (0),M,"Jan 06 - Apr 09, 10:30-11:20 (F)",TBA
POLS 1502,B03 (62611),Introduction to Political Studies (0),M,"Jan 06 - Apr 09, 10:30-11:20 (M)",TBA
POLS 1502,B04 (62612),Introduction to Political Studies (0),M,"Jan 06 - Apr 09, 08:30-09:20 (W)",TBA
POLS 1502,A01 (62608),Introduction to Political Studies (3),M,"Jan 06 - Apr 09, 13:00-14:15 (TR)",Tami Jacoby
POLS 2302,A01 (65238),Introduction to Political Theory (3),M,"Jan 06 - Apr 09, 11:30-12:45 (TR)",Sarah Hannan
POLS 2502,D01 (65239),Introduction to International Relations (3),DE,Jan 06 - Apr 09,Bryce Offenberger
POLS 2802,A01 (62042),Introduction to Indigenous Politics (3),M,"Jan 06 - Apr 09, 10:00-11:15 (TR)",
POLS 3140,T15 (65240),Colonialism and Political Theory (3),M,"Jan 06 - Apr 09, 11:30-14:15 (M)",Steven Lecce
POLS 3380,A01 (63177),Contemporary Political Theory (3),M,"Jan 06 - Apr 09, 14:30-17:15 (T)",Steven Lecce
POLS 3514,A01 (65242),Canadian Foreign and Defence Policy 2 (3),M,"Jan 06 - Apr 09, 14:30-17:15 (M)",Andrea Charron
POLS 3630,A01 (65243),"Russian Politics, Government, and Society (3)",M,"Jan 06 - Apr 09, 14:30-17:15 (W)",Oksana Dudko
POLS 3740,A01 (64809),Provincial Politics (3),M,"Jan 06 - Apr 09, 11:30-14:15 (W)",Royce Koop
POLS 3870,A01 (63181),Politics of Indigenous-Settler Relations (3),M,"Jan 06 - Apr 09, 11:30-14:15 (W)",
POLS 3880,A01 (65245),Comparative Foreign Policy (3),M,"Jan 06 - Apr 09, 11:30-14:15 (T)",Bryce Offenberger
POLS 3950,D01 (64810),Research Methods in the Study of Politics (3),DE,Jan 06 - Apr 09,Marc-Andre Gagnon
POLS 4160,T04 (64434),Cases in International Law (3),M,"Jan 06 - Apr 09, 14:30-17:15 (T)",Robert Peeler
POLS 4160,T32 (62050),Quantitative Methods for Policy Analysis (3),M,"Jan 06 - Apr 09, 18:00-20:45 (M)",Karine Levasseur
POLS 4160,T38 (65737),The Politics of Revolution (3),M,"Jan 06 - Apr 09, 11:30-14:15 (M)",Oksana Dudko
POLS 4160,T35 (65247),Canadian Party Systems (3),M,"Jan 06 - Apr 09, 11:30-14:15 (T)",Royce Koop
POLS 4170,T04 (66173),The Politics of Colonization in Canada (3),M,"Jan 06 - Apr 09, 11:30-14:15 (W)",
POLS 4190,A01 (65505),Manitoba Politics and Government (3),M,"Jan 06 - Apr 09, 14:30-17:15 (R)",Constance Macrae-Buchanan
POLS 4310,T09 (65248),Politics of Procreation (3),M,"Jan 06 - Apr 09, 11:30-14:15 (W)",Sarah Hannan
POLS 4540,A01 (64440),Strategic Studies 1 (3),M,"Jan 06 - Apr 09, 11:30-14:15 (R)",Bryce Offenberger
POLS 4950,A01 (65936),Qualitative Methods and Communication (3),M,"Jan 06 - Apr 09, 18:00-20:45 (R)",Ardith McGeown Plant
POLS 7110,A01 (66139),Major Research Paper (0),M,Jan 06 - Apr 09,Robert Peeler
POLS 7134,A01 (65937),Qualitative Methods and Communications for the Public Sector (3),M,"Jan 06 - Apr 09, 18:00-20:45 (R)",Ardith McGeown Plant
POLS 7138,A01 (62059),Quantitative Methods for Policy Analysis (3),M,"Jan 06 - Apr 09, 18:00-20:45 (M)",Karine Levasseur
POLS 7270,T22 (65249),Canadian Party Systems (3),M,"Jan 06 - Apr 09, 11:30-14:15 (T)",Royce Koop
POLS 7270,T09 (65041),Cases in International Law (3),M,"Jan 06 - Apr 09, 14:30-17:15 (T)",Robert Peeler
POLS 7270,T30 (65738),The Politics of Revolution (3),M,"Jan 06 - Apr 09, 11:30-14:15 (M)",Oksana Dudko
POLS 7270,T01 (65506),Manitoba Politics & Government (3),M,"Jan 06 - Apr 09, 14:30-17:15 (R)",Constance Macrae-Buchanan
POLS 7270,T02 (64441),Strategic Studies 1 (3),M,"Jan 06 - Apr 09, 11:30-14:15 (R)",Bryce Offenberger
POLS 7270,T29 (65250),Politics of Procreation (3),M,"Jan 06 - Apr 09, 11:30-14:15 (W)",Sarah Hannan
POLS 7300,D01 (65039),Research Methods in Politics (3),DE,Jan 06 - Apr 09,Marc-Andre Gagnon
POLS 7800,K01 (61715),MPA Co-operative Education Term 1 (0),WKT,Jan 06 - Apr 09,TBA
POLS 7810,K01 (60586),MPA Co-operative Education Term 2 (0),WKT,Jan 06 - Apr 09,TBA
POLS 7980,A01 (57717),Professional Development (3),OC,Jan 06 - Apr 09,Linda Deriviere
POLS 9420,A01 (64445),UW GPOL 7730 Principles of Public Finance for Policy Analysis (3),OC,"Jan 03 - Apr 30, 18:00-20:45 (T)",Linda Deriviere
POLS 9610,A01 (55980),UW GPOL 7760 MPA Capstone Seminar (3),OC,"Jan 03 - Apr 30, 18:00-20:45 (W)",Aaron Moore
PSYC 1200,A03 (50312),Introduction to Psychology (Part B) (3),M,"Jan 06 - Apr 09, 08:30-09:45 (R)",Dawson Clary
PSYC 1200,A03 (50312),Introduction to Psychology (Part B) (3),M,Jan 06 - Apr 09,Dawson Clary
PSYC 1200,A05 (50317),Introduction to Psychology (Part B) (3),M,Jan 06 - Apr 09,Dawson Clary
PSYC 1200,A07 (50310),Introduction to Psychology (Part B) (3),M,Jan 06 - Apr 09,Dawson Clary
PSYC 1200,A07 (50310),Introduction to Psychology (Part B) (3),M,"Jan 06 - Apr 09, 08:30-09:45 (T)",Dawson Clary
PSYC 1200,A08 (50311),Introduction to Psychology (Part B) (3),M,Jan 06 - Apr 09,Dawson Clary
PSYC 1200,A08 (50311),Introduction to Psychology (Part B) (3),M,"Jan 06 - Apr 09, 11:30-12:45 (R)",Dawson Clary
PSYC 1200,A09 (50315),Introduction to Psychology (Part B) (3),M,Jan 06 - Apr 09,Dawson Clary
PSYC 1200,A10 (50316),Introduction to Psychology (Part B) (3),M,"Jan 06 - Apr 09, 13:00-14:15 (T)",Dawson Clary
PSYC 1200,A02 (50309),Introduction to Psychology (Part B) (3),M,"Jan 06 - Apr 09, 14:30-15:20 (M)",Dawson Clary
PSYC 1200,A10 (50316),Introduction to Psychology (Part B) (3),M,Jan 06 - Apr 09,Dawson Clary
PSYC 1200,A11 (50319),Introduction to Psychology (Part B) (3),M,"Jan 06 - Apr 09, 14:30-15:45 (TR)",Chace Laffin
PSYC 1200,A12 (51182),Introduction to Psychology (Part B) (3),M,"Jan 06 - Apr 09, 13:00-14:15 (R)",Dawson Clary
PSYC 1200,A12 (51182),Introduction to Psychology (Part B) (3),M,Jan 06 - Apr 09,Dawson Clary
PSYC 1200,D01 (50655),Introduction to Psychology (Part B) (3),DE,Jan 06 - Apr 09,Dawson Clary
PSYC 1200,A09 (50315),Introduction to Psychology (Part B) (3),M,"Jan 06 - Apr 09, 11:30-12:45 (T)",Dawson Clary
PSYC 1200,A02 (50309),Introduction to Psychology (Part B) (3),M,Jan 06 - Apr 09,Dawson Clary
PSYC 1200,A05 (50317),Introduction to Psychology (Part B) (3),M,"Jan 06 - Apr 09, 14:30-15:20 (W)",Dawson Clary
PSYC 1200,A01 (50308),Introduction to Psychology (Part B) (3),M,"Jan 06 - Apr 09, 09:30-10:20 (MWF)",Chace Laffin
PSYC 2260,B01 (50322),Introduction to Research Methods in Psychology (0),M,"Jan 06 - Apr 09, 14:30-17:15 (M)",Wan Wang
PSYC 2260,B03 (50326),Introduction to Research Methods in Psychology (0),M,"Jan 06 - Apr 09, 14:30-17:15 (T)",Wan Wang
PSYC 2260,B02 (50323),Introduction to Research Methods in Psychology (0),M,"Jan 06 - Apr 09, 08:30-11:15 (T)",Wan Wang
PSYC 2260,B06 (50328),Introduction to Research Methods in Psychology (0),M,"Jan 06 - Apr 09, 17:30-20:15 (T)",Wan Wang
PSYC 2260,A03 (50331),Introduction to Research Methods in Psychology (3),M,"Jan 06 - Apr 09, 13:30-14:20 (MWF)",Wan Wang
PSYC 2260,D01 (51007),Introduction to Research Methods in Psychology (3),DE,Jan 06 - Apr 09,Johnson Li
PSYC 2260,B04 (50325),Introduction to Research Methods in Psychology (0),M,"Jan 06 - Apr 09, 08:30-11:15 (R)",Wan Wang
PSYC 2260,A02 (50330),Introduction to Research Methods in Psychology (3),M,"Jan 06 - Apr 09, 11:30-12:20 (MWF)",Wan Wang
PSYC 2260,A01 (50329),Introduction to Research Methods in Psychology (3),M,"Jan 06 - Apr 09, 09:30-10:20 (MWF)",Wan Wang
PSYC 2260,B05 (50327),Introduction to Research Methods in Psychology (0),M,"Jan 06 - Apr 09, 14:30-17:15 (R)",Wan Wang
PSYC 2290,A02 (51690),Child Development (3),M,"Jan 06 - Apr 09, 08:30-09:20 (MWF)",Jocelyn Proulx
PSYC 2360,A01 (53087),Brain and Behaviour (3),M,"Jan 06 - Apr 09, 11:30-12:45 (TR)",Jonathan Marotta
PSYC 2360,D01 (63577),Brain and Behaviour (3),DE,Jan 06 - Apr 09,Debbie Kelly
PSYC 2380,D01 (56135),Psychology of Gender (3),DE,Jan 06 - Apr 09,Erin Dowling
PSYC 2440,D01 (50657),Behaviour Modification Principles (3),DE,Jan 06 - Apr 09,Toby Martin
PSYC 2480,A01 (52177),Cognitive Processes (3),M,"Jan 06 - Apr 09, 10:00-11:15 (TR)",Randall Jamieson
PSYC 2480,D01 (62070),Cognitive Processes (3),DE,Jan 06 - Apr 09,Launa Leboe-Mcgowan
PSYC 2490,A02 (52544),Abnormal Psychology (3),M,"Jan 06 - Apr 09, 11:30-12:20 (MWF)",Joshua Leclair
PSYC 2490,D01 (52708),Abnormal Psychology (3),DE,Jan 06 - Apr 09,Lara Penner-Goeke
PSYC 2530,D01 (52707),Psychology of Personality (3),DE,Jan 06 - Apr 09,
PSYC 2530,A01 (52545),Psychology of Personality (3),M,"Jan 06 - Apr 09, 11:30-12:45 (TR)",
PSYC 2540,A01 (54685),Social Psychology (3),M,"Jan 06 - Apr 09, 13:00-14:15 (TR)",Jacqueline Vorauer
PSYC 2540,D01 (55391),Social Psychology (3),DE,Jan 06 - Apr 09,TBA
PSYC 2660,D01 (53438),Sport Psychology (3),DE,Jan 06 - Apr 09,Katharine Kalinowski
PSYC 3070,A01 (64454),Adult Development (3),M,"Jan 06 - Apr 09, 10:30-11:20 (MWF)",Jocelyn Proulx
PSYC 3150,D01 (52705),Behaviour Modification Applications (3),DE,Jan 06 - Apr 09,Sophie Robitaille
PSYC 3160,A01 (62208),Perception and Attention (3),M,"Jan 06 - Apr 09, 14:30-15:45 (TR)",Nicholaus Brosowsky
PSYC 3200,A01 (59214),Thinking Critically About Psychological Research (3),M,"Jan 06 - Apr 09, 09:30-10:20 (MWF)",Jason Leboe-Mcgowan
PSYC 3310,D01 (52704),Adolescent Development (3),DE,Jan 06 - Apr 09,Karli Pedreira
PSYC 3350,A01 (60656),Behavioural Neuroscience (3),M,"Jan 06 - Apr 09, 11:30-12:45 (TR)",Tammy Ivanco
PSYC 3470,A01 (62213),Dyadic Relations (3),M,"Jan 06 - Apr 09, 08:30-09:45 (TR)",Nicholas Evans
PSYC 3520,A01 (64135),Independent Research in Psychology 1 (3),M,Jan 06 - Apr 09,Steven Greening
PSYC 3580,A01 (65386),Language and Thought (3),M,"Jan 06 - Apr 09, 10:00-11:15 (TR)",Ashley Chung Fat Yim
PSYC 3630,A03 (63933),Psychological Measurement and Assessment (3),M,"Jan 06 - Apr 09, 17:30-20:15 (W)",Ryan Heckert
PSYC 3630,B01 (51866),Psychological Measurement and Assessment (0),M,"Jan 06 - Apr 09, 08:30-11:15 (F)",TBA
PSYC 3630,B03 (63934),Psychological Measurement and Assessment (0),M,"Jan 06 - Apr 09, 17:30-20:15 (M)",Ryan Heckert
PSYC 3630,A01 (51865),Psychological Measurement and Assessment (3),M,"Jan 06 - Apr 09, 13:00-14:15 (TR)",Gillian Foster
PSYC 3860,A01 (63885),Child Language Development (3),M,"Jan 06 - Apr 09, 17:30-20:15 (T)",SeyedehSana Fekrazad
PSYC 4420,A01 (64455),Neuroimaging: Imaging Thoughts (3),M,"Jan 06 - Apr 09, 14:30-17:15 (M)",Steven Greening
PSYC 4520,A03 (64456),Honours Research Seminar (Part B) (3),M,"Jan 06 - Apr 09, 13:00-14:15 (TR)",Melanie Glenwright
PSYC 4520,A01 (50342),Honours Research Seminar (Part B) (3),M,"Jan 06 - Apr 09, 10:00-11:15 (TR)",Daniel Bailis
PSYC 4520,A02 (50343),Honours Research Seminar (Part B) (3),M,"Jan 06 - Apr 09, 11:30-12:45 (TR)",Jessica Cameron
PSYC 4540,T53 (65394),"Language, Cognition, and Emotion (3)",M,"Jan 06 - Apr 09, 11:30-14:15 (W)",Ashley Chung Fat Yim
PSYC 4540,T48 (65387),Seminar in Basic Operant Research (3),M,"Jan 06 - Apr 09, 08:30-11:15 (M)",Rasha Baruni
PSYC 4540,T46 (64460),The Psychology of Social Change (3),M,"Jan 06 - Apr 09, 11:30-14:15 (W)",Danielle Gaucher
PSYC 4540,T42 (63588),Mind Wandering and Inattention (3),M,"Jan 06 - Apr 09, 11:30-14:15 (M)",Nicholaus Brosowsky
PSYC 4540,T54 (65395),Current Issues in the Psychophysiology of Stress (3),M,"Jan 06 - Apr 09, 08:30-11:15 (W)",Ryan Giuliano
PSYC 4540,T57 (65943),Cognitive Neuroscience of Psychopathology (3),M,"Jan 06 - Apr 09, 08:30-11:15 (W)",Tasmia Hai
PSYC 4540,T59 (65946),Clinical Hypnosis (3),M,"Jan 06 - Apr 09, 14:30-17:15 (M)",Joshua Leclair
PSYC 4540,T32 (65388),Verbal Behaviour (3),M,"Jan 06 - Apr 09, 08:30-11:15 (F)",Toby Martin
PSYC 7024,A01 (51541),Psycho-educational Assessment and Measurement 2 (3),M,"Jan 06 - Apr 09, 14:30-17:15 (R)",Janine Montgomery
PSYC 7040,A01 (62229),"Teaching Strategies, Learning Styles, and Academic Remediation (3)",M,"Jan 06 - Apr 09, 14:30-17:15 (T)",Janine Montgomery
PSYC 7050,A01 (50345),Junior Practicum in School Psychology (Part B) (1.5),M,Jan 06 - Apr 09,Linda Sander
PSYC 7060,A01 (51211),Senior Practicum in School Psychology (Part B) (3),M,Jan 06 - Apr 09,Linda Sander
PSYC 7070,A01 (59688),"Social, Emotional, and Personality Assessment of Children/Youth (3)",M,"Jan 06 - Apr 09, 11:30-14:15 (T)",Richard Kruk
PSYC 7130,A01 (50347),School Psychology Research Design and Program Evaluation (3),M,"Jan 06 - Apr 09, 18:00-20:30 (W)",Alexander Peniuta
PSYC 7140,A01 (51760),Clinical Research Design (3),M,"Jan 06 - Apr 09, 11:30-14:15 (T)",Natalie Mota
PSYC 7210,A01 (51350),Quantitative Methods in Psychology 2 (3),M,"Jan 06 - Apr 09, 10:00-11:15 (TR)",Sunmee Kim
PSYC 7210,B01 (63905),Quantitative Methods in Psychology 2 (0),M,"Jan 06 - Apr 09, 14:30-17:15 (W)",Sunmee Kim
PSYC 7260,A01 (51349),Case Conceptualization and Communication 1 (Part B) (0),M,"Jan 06 - Apr 09, 11:30-14:15 (M)",Corey Mackenzie
PSYC 7270,A01 (51542),Case Conceptualization and Communication 2 (Part B) (0),M,"Jan 06 - Apr 09, 11:30-14:15 (M)",Corey Mackenzie
PSYC 7290,A01 (63597),Psychopathology and Diagnosis (3),M,"Jan 06 - Apr 09, 11:30-14:15 (R)",Joshua Leclair
PSYC 7310,T52 (65947),Clinical Hypnosis (3),M,"Jan 06 - Apr 09, 14:30-17:15 (M)",Joshua Leclair
PSYC 7310,T50 (65944),Cognitive Neuroscience of Psychopathology (3),M,"Jan 06 - Apr 09, 08:30-11:15 (W)",Tasmia Hai
PSYC 7310,T48 (65398),Current Issues in the Psychophysiology of Stress (3),M,"Jan 06 - Apr 09, 08:30-11:15 (W)",Ryan Giuliano
PSYC 7310,T47 (65397),"Language, Cognition, and Emotion (3)",M,"Jan 06 - Apr 09, 11:30-14:15 (W)",Ashley Chung Fat Yim
PSYC 7310,T40 (65964),The Psychology of Social Change (3),M,"Jan 06 - Apr 09, 11:30-14:15 (W)",Danielle Gaucher
PSYC 7310,T36 (63587),Mind Wandering and Inattention (3),M,"Jan 06 - Apr 09, 11:30-14:15 (M)",Nicholaus Brosowsky
PSYC 7420,A01 (64866),Multivariate Methods in Psychology (3),M,"Jan 06 - Apr 09, 14:30-17:15 (T)",Sunmee Kim
PSYC 7780,A01 (65152),M.A. Thesis Proposal Development (0),M,Jan 06 - Apr 09,Shaylene Nancekivell
PSYC 7830,A01 (51870),Interventions II (3),M,"Jan 06 - Apr 09, 08:30-11:15 (F)",Jennifer Theule
PSYC 7910,A01 (53689),Clerkship-Practicum in Clinical Psychology (Part B) (0),M,Jan 06 - Apr 09,Harold Wallbridge
PSYC 7930,A01 (53691),Clerkship-Practicum in Clinical Psychology (Part B) (0),M,Jan 06 - Apr 09,Harold Wallbridge
PSYC 7940,A01 (62863),Clerkship-Practicum in Clinical Psychology (Part B) (0),M,Jan 06 - Apr 09,Harold Wallbridge
PSYC 7950,A02 (65131),Clerkship-Practicum in Clinical Psychology (Part B) (0),M,Jan 06 - Apr 09,Harold Wallbridge
PSYC 7980,A01 (53674),Internship in Clinical Psychology (Part B) (0),M,Jan 06 - Apr 09,Kristin Reynolds
PSYC 8050,A01 (64468),Human Brain Functions (3),M,"Jan 06 - Apr 09, 14:30-17:15 (M)",Steven Greening
PSYC 8080,A01 (51746),Case Conceptualization and Communication 3 (Part B) (1.5),M,"Jan 06 - Apr 09, 11:30-14:15 (M)",Corey Mackenzie
PSYC 8090,A01 (65940),Clinical Supervision in Psychology (3),M,"Jan 06 - Apr 09, 14:30-17:15 (R)",Edward Johnson
PSYC 8212,A01 (65399),Verbal Behaviour (3),M,"Jan 06 - Apr 09, 08:30-11:15 (F)",Toby Martin
PSYC 8230,A01 (64469),Clinical Neuropsychology (3),M,"Jan 06 - Apr 09, 11:30-14:15 (W)",Lorna Jakobson
PSYC 8270,A01 (65400),Seminar in Basic Operant Research (3),M,"Jan 06 - Apr 09, 08:30-11:15 (M)",Rasha Baruni
RLGN 1322,D01 (60926),Introduction to Eastern Religions (3),DE,Jan 06 - Apr 09,Trishia Goulet
RLGN 1324,A01 (60927),Introduction to Western Religions (3),M,"Jan 06 - Apr 09, 10:00-11:15 (TR)",TBA
RLGN 1420,D01 (65313),Ethics in World Religions (3),DE,Jan 06 - Apr 09,Matthew Sheedy
RLGN 1440,A01 (61644),Evil in World Religions (3),M,"Jan 06 - Apr 09, 08:30-09:45 (TR)",TBA
RLGN 1450,A01 (63604),Religion and the Media (3),M,"Jan 06 - Apr 09, 10:30-11:20 (MWF)",Catherine van Reenen
RLGN 2020,A01 (60929),Introduction to Buddhism (3),M,"Jan 06 - Apr 09, 14:30-15:45 (TR)",David Drewes
RLGN 2072,A01 (65314),Storytelling and Religion (3),M,"Jan 06 - Apr 09, 10:00-11:15 (TR)",Justin Lewis
RLGN 2112,A01 (65315),"Medicine, Magic, and Miracle in the Ancient World (3)",M,"Jan 06 - Apr 09, 13:00-14:15 (TR)",TBA
RLGN 2170,A01 (65316),Introduction to the New Testament (3),M,"Jan 06 - Apr 09, 10:30-11:20 (MWF)",TBA
RLGN 2222,A01 (60605),The Supernatural in Popular Culture (3),M,"Jan 06 - Apr 09, 09:30-10:20 (MWF)",Trishia Goulet
RLGN 2690,A01 (62198),Women and Religion 2 (3),M,"Jan 06 - Apr 09, 11:30-12:20 (MWF)",Trishia Goulet
RLGN 2770,A01 (65317),Contemporary Judaism (3),M,"Jan 06 - Apr 09, 13:00-14:15 (TR)",Justin Lewis
RLGN 2778,A01 (65318),Introduction to Islam (3),M,"Jan 06 - Apr 09, 08:30-09:20 (MWF)",Walter Luzzi
RLGN 3530,T02 (66152),Religion and Artificial Intelligence (3),M,"Jan 06 - Apr 09, 11:30-12:45 (TR)",Danielle Dubois
RLGN 3640,A01 (65319),Religion in the Hellenistic and Roman Mediterranean (3),M,"Jan 06 - Apr 09, 12:30-13:20 (MWF)",TBA
RLGN 4430,T01 (66153),Religion and Artificial Intelligence (3),M,"Jan 06 - Apr 09, 11:30-12:45 (TR)",Danielle Dubois
RLGN 4430,T36 (65831),Religion in the Hellenistic and Roman Mediterranean (3),M,"Jan 06 - Apr 09, 12:30-13:20 (MWF)",TBA
RLGN 7030,T03 (66154),Religion and Artificial Intelligence (3),M,"Jan 06 - Apr 09, 11:30-12:45 (TR)",Danielle Dubois
RLGN 9330,A01 (66148),UW REL-4504 The Problem of Evil (3),OC,"Jan 05 - Apr 22, 14:30-17:15 (T)",Carlos Colorado
SOC 1000,A03 (61159),Introduction to Sociology (3),M,"Jan 06 - Apr 09, 12:30-13:20 (MWF)",Valerie Hiebert
SOC 1000,A02 (61157),Introduction to Sociology (3),M,"Jan 06 - Apr 09, 11:30-12:45 (TR)",Jeffery Biegun
SOC 1000,A05 (61162),Introduction to Sociology (3),M,"Jan 06 - Apr 09, 14:30-15:45 (TR)",Md Bhuiyan
SOC 1000,A06 (61163),Introduction to Sociology (3),M,"Jan 06 - Apr 09, 13:00-14:15 (TR)",Md Bhuiyan
SOC 1000,A07 (61165),Introduction to Sociology (3),M,"Jan 06 - Apr 09, 15:30-16:20 (MWF)",
SOC 1000,A08 (65297),Introduction to Sociology (3),M,"Jan 06 - Apr 09, 10:30-11:20 (MWF)",Valerie Hiebert
SOC 1000,D01 (63187),Introduction to Sociology (3),DE,Jan 06 - Apr 09,Kaitlyn Kuryk
SOC 1000,G07 (63736),Introduction to Sociology (3),M,"Jan 06 - Apr 09, 09:30-10:20 (MWF)",Jihad Othman
SOC 1000,A04 (61161),Introduction to Sociology (3),M,"Jan 06 - Apr 09, 09:30-10:20 (MWF)",Dennis Hiebert
SOC 1000,A01 (61155),Introduction to Sociology (3),M,"Jan 06 - Apr 09, 10:00-11:15 (TR)",
SOC 2220,A01 (51066),Sociological Theoretical Foundations (3),M,"Jan 06 - Apr 09, 10:30-11:20 (MWF)",Athena Engman
SOC 2292,D01 (61874),Understanding Social Research (3),DE,Jan 06 - Apr 09,Abdul-Bari Abdul-Karim
SOC 2294,A01 (61177),Understanding Social Statistics (3),M,"Jan 06 - Apr 09, 10:00-11:15 (TR)",Jason Edgerton
SOC 2294,A03 (61178),Understanding Social Statistics (3),M,"Jan 06 - Apr 09, 15:30-16:20 (MWF)",Abdul-Bari Abdul-Karim
SOC 2294,A02 (61175),Understanding Social Statistics (3),M,"Jan 06 - Apr 09, 11:30-12:45 (TR)",Jason Edgerton
SOC 2350,A01 (65298),Social Movements (3),M,"Jan 06 - Apr 09, 11:30-12:20 (MWF)",Xiyuan Xia
SOC 2370,A01 (65299),Ethnic Relations (3),M,"Jan 06 - Apr 09, 10:30-11:20 (MWF)",Chenyu Liu
SOC 2380,A01 (65300),Sociology of Religion (3),M,"Jan 06 - Apr 09, 12:30-13:20 (MWF)",Dennis Hiebert
SOC 2510,A01 (61180),Criminology (3),M,"Jan 06 - Apr 09, 10:00-11:15 (TR)",Joseph Asomah
SOC 2510,A03 (63191),Criminology (3),M,"Jan 06 - Apr 09, 14:30-15:45 (TR)",Edward Klassen
SOC 2510,D01 (50707),Criminology (3),DE,Jan 06 - Apr 09,David Bowman
SOC 2510,A02 (52531),Criminology (3),M,"Jan 06 - Apr 09, 13:30-14:20 (MWF)",Jihad Othman
SOC 2610,A01 (50628),Sociology of Criminal Justice and Corrections (3),M,"Jan 06 - Apr 09, 14:30-15:45 (TR)",Edward Cormier
SOC 2610,A02 (51351),Sociology of Criminal Justice and Corrections (3),M,"Jan 06 - Apr 09, 10:30-11:20 (MWF)",Melanie Murchison
SOC 2610,A03 (64303),Sociology of Criminal Justice and Corrections (3),M,"Jan 06 - Apr 09, 11:30-12:20 (MWF)",Melanie Murchison
SOC 3100,A01 (63192),Practicum in Criminological/Sociological Research (Part B) (3),M,"Jan 06 - Apr 09, 14:30-15:45 (MW)",Edward Cormier
SOC 3310,A01 (64304),"Theorizing Crime, Law, and Social Justice (3)",M,"Jan 06 - Apr 09, 13:00-14:15 (TR)",Edward Klassen
SOC 3330,A01 (64305),Origins of Sociological Thought (3),M,"Jan 06 - Apr 09, 10:30-11:20 (MWF)",Charles Axelrod
SOC 3390,A01 (64306),Contemporary Sociological Theory (3),M,"Jan 06 - Apr 09, 09:30-10:20 (MWF)",Athena Engman
SOC 3400,A01 (65742),Policing and Crime Prevention (3),M,"Jan 06 - Apr 09, 10:00-11:15 (TR)",Tandeep Sidhu
SOC 3450,A01 (65301),Sociological Perspectives on the Social Determinants of Health (3),M,"Jan 06 - Apr 09, 13:30-14:20 (MWF)",
SOC 3460,T04 (65302),"Gender, Race and Social Justice (3)",M,"Jan 06 - Apr 09, 14:30-17:15 (M)",Delia Douglas
SOC 3460,T07 (65382),Sociology of Consumption (3),M,"Jan 06 - Apr 09, 10:00-11:15 (TR)",Tiffany Hall
SOC 3540,A01 (64308),The Sociology of Health Care Systems (3),M,"Jan 06 - Apr 09, 11:30-12:45 (TR)",
SOC 3720,A01 (63872),The Criminal Law and Its Procedure (3),M,"Jan 06 - Apr 09, 18:00-20:45 (W)",James Wood
SOC 3740,T09 (65384),"Race, Ethnicity, and the Criminal Justice System (3)",M,"Jan 06 - Apr 09, 14:30-15:45 (TR)",Tandeep Sidhu
SOC 3740,T06 (65303),Gender-Based Violence (3),M,"Jan 06 - Apr 09, 12:30-13:20 (MWF)",Marie Laperriere
SOC 3740,T08 (65383),Law and Film (3),M,"Jan 06 - Apr 09, 10:00-11:15 (TR)",Melanie Murchison
SOC 3790,A01 (65305),"Women, Crime and Social Justice (3)",M,"Jan 06 - Apr 09, 13:30-14:20 (MWF)",Marie Laperriere
SOC 3860,A01 (65306),"Genocide, Crime and Society (3)",M,"Jan 06 - Apr 09, 13:30-14:20 (MWF)",Xiyuan Xia
SOC 3880,A01 (64311),Global Criminology and Criminal Justice (3),M,"Jan 06 - Apr 09, 13:00-14:15 (TR)",Joseph Asomah
SOC 4450,A01 (50589),Honours Seminar (Part B) (3),M,"Jan 06 - Apr 09, 14:30-17:15 (R)",Jill Bucklaschuk
SOC 4560,A01 (61193),Advanced Sociological Theory (3),M,"Jan 06 - Apr 09, 14:30-17:15 (M)",Athena Engman
SOC 4570,A01 (64313),Quantitative Social Analysis (3),M,"Jan 06 - Apr 09, 14:30-17:15 (T)",Zhenxiang Chen
SOC 7190,T06 (65307),Theories of Capitalism (3),M,"Jan 06 - Apr 09, 11:30-14:15 (T)",Charles Axelrod
SOC 7420,A01 (57102),Qualitative Research Methods for Sociological Inquiry (3),M,"Jan 06 - Apr 09, 11:30-14:15 (M)",Laura Funk
SOC 7450,T08 (65308),Genocide and Society (3),M,"Jan 06 - Apr 09, 14:30-17:15 (W)",Andrew Woolford
WOMN 1500,A01 (51544),Introduction to Women's and Gender Studies in the Humanities (3),M,"Jan 06 - Apr 09, 09:30-10:20 (MWF)",Jessica Fontaine
WOMN 1500,A03 (66220),Introduction to Women's and Gender Studies in the Humanities (3),M,"Jan 06 - Apr 09, 08:30-09:45 (TR)",TBA
WOMN 1500,A02 (51543),Introduction to Women's and Gender Studies in the Humanities (3),M,"Jan 06 - Apr 09, 13:00-14:15 (TR)",Jocelyn Thorpe
WOMN 1600,A02 (59827),Introduction to Women's and Gender Studies in the Social Sciences (3),M,"Jan 06 - Apr 09, 10:00-11:15 (TR)",TBA
WOMN 1600,D01 (51579),Introduction to Women's and Gender Studies in the Social Sciences (3),DE,Jan 06 - Apr 09,Lisa Bednar
WOMN 1600,A01 (51545),Introduction to Women's and Gender Studies in the Social Sciences (3),M,"Jan 06 - Apr 09, 11:30-12:20 (MWF)",Elizabeth Millward
WOMN 2540,T22 (65325),"Ukrainian Feminism, Media and Popular Culture (3)",M,"Jan 06 - Apr 09, 10:30-11:20 (MWF)",Olga Khamedova
WOMN 2540,T13 (65324),African American Feminisms (3),M,"Jan 06 - Apr 09, 14:30-15:20 (MWF)",Nancy Kang
WOMN 3000,A01 (64324),Interdisciplinary Research in Women's and Gender Studies (3),M,"Jan 06 - Apr 09, 11:30-14:15 (W)",Adele Perry
WOMN 3500,T10 (65326),Creative Writing for Social Change (3),M,"Jan 06 - Apr 09, 11:30-14:15 (R)",Christine Stewart
WOMN 3560,A01 (65327),Feminist Perspectives on Violence Against Women (3),M,"Jan 06 - Apr 09, 11:30-14:15 (T)",Shawna Ferris
WOMN 4200,A01 (65328),Seminar in Women's and Gender Studies (3),M,"Jan 06 - Apr 09, 11:30-14:15 (M)",Kiera Ladner
BIOL 1000,A01 (51567),Biology: Foundations of Life (3),M,"Jan 06 - Apr 09, 08:30-09:45 (TR)",Elizabeth Hughes
BIOL 1000,D01 (50700),Biology: Foundations of Life (3),DE,Jan 06 - Apr 09,Cole Robson-Hyska
BIOL 1010,A04 (51459),Biology: Biological Diversity and Interaction (3),M,Jan 06 - Apr 09,Roniele Cordeiro
BIOL 1010,A01 (58957),Biology: Biological Diversity and Interaction (3),M,"Jan 06 - Apr 09, 11:30-12:20 (MWF)",Elizabeth Hughes
BIOL 1010,D01 (59720),Biology: Biological Diversity and Interaction (3),DE,Jan 06 - Apr 09,Michael Shaw
BIOL 1010,A04 (51459),Biology: Biological Diversity and Interaction (3),M,"Jan 06 - Apr 09, 13:00-14:15 (TR)",Roniele Cordeiro
BIOL 1010,G07 (64906),Biology: Biological Diversity and Interaction (3),M,"Jan 06 - Apr 09, 10:30-11:20 (MWF)",Emily McKinnon
BIOL 1030,B10 (50236),"Biology 2: Biological Diversity, Function and Interactions (0)",M,"Jan 06 - Apr 09, 14:30-17:20 (W)",Roniele Cordeiro
BIOL 1030,B04 (50223),"Biology 2: Biological Diversity, Function and Interactions (0)",M,"Jan 06 - Apr 09, 14:30-17:20 (W)",Roniele Cordeiro
BIOL 1030,A04 (61908),"Biology 2: Biological Diversity, Function and Interactions (3)",M,"Jan 06 - Apr 09, 16:00-17:15 (MW)",Byron Van Nest
BIOL 1030,B01 (50220),"Biology 2: Biological Diversity, Function and Interactions (0)",M,"Jan 06 - Apr 09, 08:30-11:20 (T)",Roniele Cordeiro
BIOL 1030,A05 (50215),"Biology 2: Biological Diversity, Function and Interactions (3)",M,"Jan 06 - Apr 09, 11:30-12:45 (TR)",Kevin Scott
BIOL 1030,A03 (50212),"Biology 2: Biological Diversity, Function and Interactions (3)",M,"Jan 06 - Apr 09, 14:30-15:45 (MW)",Byron Van Nest
BIOL 1030,B05 (50224),"Biology 2: Biological Diversity, Function and Interactions (0)",M,"Jan 06 - Apr 09, 08:30-11:20 (R)",Roniele Cordeiro
BIOL 1030,A02 (50210),"Biology 2: Biological Diversity, Function and Interactions (3)",M,"Jan 06 - Apr 09, 09:30-10:20 (MWF)",Fuat Balci
BIOL 1030,B06 (50225),"Biology 2: Biological Diversity, Function and Interactions (0)",M,"Jan 06 - Apr 09, 14:30-17:20 (R)",Roniele Cordeiro
BIOL 1030,B07 (50232),"Biology 2: Biological Diversity, Function and Interactions (0)",M,"Jan 06 - Apr 09, 19:00-21:50 (R)",Roniele Cordeiro
BIOL 1030,B08 (50234),"Biology 2: Biological Diversity, Function and Interactions (0)",M,"Jan 06 - Apr 09, 08:30-11:20 (F)",Roniele Cordeiro
BIOL 1030,B09 (50235),"Biology 2: Biological Diversity, Function and Interactions (0)",M,"Jan 06 - Apr 09, 14:30-17:20 (F)",Roniele Cordeiro
BIOL 1030,B03 (50222),"Biology 2: Biological Diversity, Function and Interactions (0)",M,"Jan 06 - Apr 09, 08:30-11:20 (W)",Roniele Cordeiro
BIOL 1030,B02 (50221),"Biology 2: Biological Diversity, Function and Interactions (0)",M,"Jan 06 - Apr 09, 14:30-17:20 (T)",Roniele Cordeiro
BIOL 1030,A01 (50209),"Biology 2: Biological Diversity, Function and Interactions (3)",M,"Jan 06 - Apr 09, 08:30-09:20 (MWF)",Fuat Balci
BIOL 1030,G07 (56364),"Biology 2: Biological Diversity, Function and Interactions (3)",M,"Jan 06 - Apr 09, 11:30-12:20 (MWF)",Emily McKinnon
BIOL 1412,B10 (51380),Physiology of the Human Body (0),M,"Jan 06 - Apr 09, 12:00-13:50 (W)",Kristie Lester
BIOL 1412,B02 (51571),Physiology of the Human Body (0),M,"Jan 06 - Apr 09, 09:00-10:50 (T)",Kristie Lester
BIOL 1412,B03 (51373),Physiology of the Human Body (0),M,"Jan 06 - Apr 09, 12:00-13:50 (T)",Kristie Lester
BIOL 1412,B50 (63664),Physiology of the Human Body (0),M,"Jan 06 - Apr 09, 14:30-16:20 (W)",Kristie Lester
BIOL 1412,B24 (51394),Physiology of the Human Body (0),M,"Jan 06 - Apr 09, 14:30-16:20 (F)",Kristie Lester
BIOL 1412,B23 (51393),Physiology of the Human Body (0),M,"Jan 06 - Apr 09, 14:30-16:20 (F)",Kristie Lester
BIOL 1412,B22 (51392),Physiology of the Human Body (0),M,"Jan 06 - Apr 09, 12:00-13:50 (F)",Kristie Lester
BIOL 1412,B04 (51374),Physiology of the Human Body (0),M,"Jan 06 - Apr 09, 12:00-13:50 (T)",Kristie Lester
BIOL 1412,B21 (51391),Physiology of the Human Body (0),M,"Jan 06 - Apr 09, 12:00-13:50 (F)",Kristie Lester
BIOL 1412,B11 (51381),Physiology of the Human Body (0),M,"Jan 06 - Apr 09, 14:30-16:20 (W)",Kristie Lester
BIOL 1412,B20 (51390),Physiology of the Human Body (0),M,"Jan 06 - Apr 09, 09:00-10:50 (F)",Kristie Lester
BIOL 1412,B05 (51375),Physiology of the Human Body (0),M,"Jan 06 - Apr 09, 14:30-16:20 (T)",Kristie Lester
BIOL 1412,B18 (51388),Physiology of the Human Body (0),M,"Jan 06 - Apr 09, 14:30-16:20 (R)",Kristie Lester
BIOL 1412,B06 (51376),Physiology of the Human Body (0),M,"Jan 06 - Apr 09, 14:30-16:20 (T)",Kristie Lester
BIOL 1412,B17 (51387),Physiology of the Human Body (0),M,"Jan 06 - Apr 09, 14:30-16:20 (R)",Kristie Lester
BIOL 1412,B07 (51377),Physiology of the Human Body (0),M,"Jan 06 - Apr 09, 09:00-10:50 (W)",Kristie Lester
BIOL 1412,B16 (51386),Physiology of the Human Body (0),M,"Jan 06 - Apr 09, 12:00-13:50 (R)",Kristie Lester
BIOL 1412,B08 (51378),Physiology of the Human Body (0),M,"Jan 06 - Apr 09, 09:00-10:50 (W)",Kristie Lester
BIOL 1412,B15 (51385),Physiology of the Human Body (0),M,"Jan 06 - Apr 09, 12:00-13:50 (R)",Kristie Lester
BIOL 1412,B09 (51379),Physiology of the Human Body (0),M,"Jan 06 - Apr 09, 12:00-13:50 (W)",Kristie Lester
BIOL 1412,B14 (51384),Physiology of the Human Body (0),M,"Jan 06 - Apr 09, 09:00-10:50 (R)",Kristie Lester
BIOL 1412,B19 (51389),Physiology of the Human Body (0),M,"Jan 06 - Apr 09, 09:00-10:50 (F)",Kristie Lester
BIOL 1412,B12 (51382),Physiology of the Human Body (0),M,"Jan 06 - Apr 09, 14:30-16:20 (W)",Kristie Lester
BIOL 1412,B13 (51383),Physiology of the Human Body (0),M,"Jan 06 - Apr 09, 09:00-10:50 (R)",Kristie Lester
BIOL 1412,A02 (51369),Physiology of the Human Body (3),M,"Jan 06 - Apr 09, 14:30-15:45 (TR)",Olivia Lee
BIOL 1412,A03 (51370),Physiology of the Human Body (3),M,"Jan 06 - Apr 09, 16:00-18:45 (W)",Diana Mlinar
BIOL 1412,A04 (51371),Physiology of the Human Body (3),M,"Jan 06 - Apr 09, 08:30-09:45 (TR)",Cole Robson-Hyska
BIOL 1412,A01 (51368),Physiology of the Human Body (3),M,"Jan 06 - Apr 09, 13:30-14:20 (MWF)",Cole Robson-Hyska
BIOL 1412,A05 (51460),Physiology of the Human Body (3),M,"Jan 06 - Apr 09, 09:30-10:20 (MWF)",Olivia Lee
BIOL 1412,A05 (51460),Physiology of the Human Body (3),M,Jan 06 - Apr 09,Olivia Lee
BIOL 1412,B01 (51372),Physiology of the Human Body (0),M,"Jan 06 - Apr 09, 09:00-10:50 (T)",Kristie Lester
BIOL 2210,B03 (51399),The Chordates (0),M,"Jan 06 - Apr 09, 14:30-17:25 (R)",Joy Stacey
BIOL 2210,A01 (51396),The Chordates (3),M,"Jan 06 - Apr 09, 12:30-13:20 (MWF)",Margaret Docker
BIOL 2210,B01 (51397),The Chordates (0),M,"Jan 06 - Apr 09, 14:30-17:25 (T)",Joy Stacey
BIOL 2210,B02 (51398),The Chordates (0),M,"Jan 06 - Apr 09, 14:30-17:25 (W)",Joy Stacey
BIOL 2242,B01 (64185),The Flowering Plants (0),M,"Jan 06 - Apr 09, 14:30-17:25 (T)",Reid Miller
BIOL 2242,B03 (64187),The Flowering Plants (0),M,"Jan 06 - Apr 09, 18:00-20:55 (W)",Reid Miller
BIOL 2242,A01 (64184),The Flowering Plants (3),M,"Jan 06 - Apr 09, 10:00-11:15 (TR)",Reid Miller
BIOL 2242,B02 (64186),The Flowering Plants (0),M,"Jan 06 - Apr 09, 14:30-17:25 (W)",Reid Miller
BIOL 2262,B02 (53739),Biology of Algae (0),M,"Jan 06 - Apr 09, 18:00-20:55 (R)",Cale Gushulak
BIOL 2262,B01 (52363),Biology of Algae (0),M,"Jan 06 - Apr 09, 14:30-17:25 (R)",Cale Gushulak
BIOL 2262,A01 (51569),Biology of Algae (3),M,"Jan 06 - Apr 09, 11:30-12:20 (MWF)",Cale Gushulak
BIOL 2380,A01 (51357),Introductory Toxicology (3),M,"Jan 06 - Apr 09, 14:30-15:45 (TR)",Kenneth Jeffries
BIOL 2390,A01 (64189),Introductory Ecology (3),M,"Jan 06 - Apr 09, 13:00-14:15 (TR)",Kevin Scott
BIOL 2420,A01 (51400),Human Physiology 2 (3),M,"Jan 06 - Apr 09, 09:30-10:20 (MWF)",Dirk Weihrauch
BIOL 2500,B01 (51408),Genetics 1 (0),M,"Jan 06 - Apr 09, 10:00-11:15 (T)",TBA
BIOL 2500,B02 (51409),Genetics 1 (0),M,"Jan 06 - Apr 09, 10:00-11:15 (R)",TBA
BIOL 2500,A01 (51362),Genetics 1 (3),M,"Jan 06 - Apr 09, 14:30-15:45 (TR)",Jennifer Doering
BIOL 2520,A01 (51395),Cell Biology (3),M,"Jan 06 - Apr 09, 09:30-10:20 (MWF)",Jae-Hyeok Lee
BIOL 3200,A01 (65454),Advanced Invertebrate Biology (3),M,"Jan 06 - Apr 09, 10:00-11:15 (TR)",Patricia Ramey-Balci
BIOL 3300,B02 (56141),Evolutionary Biology (0),M,"Jan 06 - Apr 09, 14:30-16:20 (W)",Anne Worley
BIOL 3300,B01 (52134),Evolutionary Biology (0),M,"Jan 06 - Apr 09, 14:30-16:20 (W)",Anne Worley
BIOL 3300,A01 (52133),Evolutionary Biology (3),M,"Jan 06 - Apr 09, 12:30-13:20 (MWF)",Anne Worley
BIOL 3310,B01 (65487),Foundations of Population Ecology (0),M,"Jan 06 - Apr 09, 14:30-16:45 (F)",Justin Kreller
BIOL 3310,A01 (65486),Foundations of Population Ecology (3),M,"Jan 06 - Apr 09, 13:30-14:20 (MWF)",Justin Kreller
BIOL 3318,A01 (51401),Boreal Ecology (3),M,"Jan 06 - Apr 09, 11:30-12:45 (TR)",James Roth
BIOL 3452,B01 (63100),Environmental Plant Physiology (0),M,"Jan 06 - Apr 09, 14:30-17:15 (M)",Sylvie Renault
BIOL 3452,A01 (63169),Environmental Plant Physiology (3),M,"Jan 06 - Apr 09, 11:30-12:45 (TR)",Sylvie Renault
BIOL 3472,B02 (51712),Environmental Physiology of Animals 2 (0),M,"Jan 06 - Apr 09, 14:30-17:25 (R)",Kevin Scott
BIOL 3472,B01 (51711),Environmental Physiology of Animals 2 (0),M,"Jan 06 - Apr 09, 14:30-17:25 (W)",Kevin Scott
BIOL 3472,A01 (51710),Environmental Physiology of Animals 2 (3),M,"Jan 06 - Apr 09, 13:30-14:20 (MWF)",Dirk Weihrauch
BIOL 3500,A01 (51411),Genetics 2 (3),M,"Jan 06 - Apr 09, 12:30-13:20 (MWF)",Veerahennedige Fernando
BIOL 3500,B02 (51818),Genetics 2 (0),M,"Jan 06 - Apr 09, 14:30-17:20 (W)",Veerahennedige Fernando
BIOL 3500,B03 (60844),Genetics 2 (0),M,"Jan 06 - Apr 09, 14:30-17:20 (R)",Veerahennedige Fernando
BIOL 3500,B01 (51817),Genetics 2 (0),M,"Jan 06 - Apr 09, 14:30-17:20 (T)",Veerahennedige Fernando
BIOL 4100,A01 (51405),Honours Thesis (Part B) (3),M,Jan 06 - Apr 09,Kevin Fraser
BIOL 4212,A01 (63250),Systematics and Biogeography of Fishes (3),M,"Jan 06 - Apr 09, 09:30-10:20 (MWF)",Margaret Docker
BIOL 4212,B01 (63251),Systematics and Biogeography of Fishes (0),M,"Jan 06 - Apr 09, 14:30-17:15 (T)",Margaret Docker
BIOL 4216,B01 (65456),Biology of Birds (0),M,"Jan 06 - Apr 09, 14:30-17:15 (R)",Kevin Fraser
BIOL 4216,A01 (65455),Biology of Birds (3),M,"Jan 06 - Apr 09, 11:30-12:20 (MWF)",Kevin Fraser
BIOL 4400,A01 (63252),Revegetation of Disturbed Lands (3),M,"Jan 06 - Apr 09, 09:30-10:20 (MWF)",Sylvie Renault
BIOL 4460,A01 (62815),Comparative Animal Energetics (3),M,"Jan 06 - Apr 09, 11:30-12:45 (TR)",Jason Treberg
BIOL 4500,A01 (63095),Molecular Genetics of Plant Development (3),M,"Jan 06 - Apr 09, 10:00-11:15 (TR)",Jae-Hyeok Lee
BIOL 4544,A01 (61931),Advanced Developmental and Cellular Biology (3),M,"Jan 06 - Apr 09, 13:30-14:20 (MWF)",Steven Whyard
BIOL 4544,B01 (61932),Advanced Developmental and Cellular Biology (0),M,"Jan 06 - Apr 09, 14:30-17:20 (W)",Steven Whyard
BIOL 4556,A01 (65459),Molecular Biology Techniques for Eukaryotes - RNA (3),M,"Jan 06 - Apr 09, 10:00-11:15 (TR)",Dirk Weihrauch
BIOL 4556,B01 (65460),Molecular Biology Techniques for Eukaryotes - RNA (0),M,"Jan 06 - Apr 09, 14:30-17:15 (R)",Dirk Weihrauch
BIOL 4570,A01 (65457),Developmental Neuroscience (3),M,"Jan 06 - Apr 09, 13:00-14:15 (TR)",Lei Xing
BIOL 4620,A01 (65458),Eukaryotic Systems Biology (3),M,"Jan 06 - Apr 09, 14:30-17:15 (M)",Olivia Wilkins
BIOL 4650,A01 (62818),Biology and Society (3),M,"Jan 06 - Apr 09, 11:30-12:20 (MWF)",Joy Stacey
BIOL 4650,B01 (62817),Biology and Society (0),M,"Jan 06 - Apr 09, 14:30-16:20 (M)",Joy Stacey
BIOL 4890,T04 (66176),Laboratory Skills in Paleolimnology (3),M,Jan 06 - Apr 09,Cale Gushulak
BIOL 4890,T40 (66169),RNA Technologies (3),M,Jan 06 - Apr 09,Steven Whyard
BIOL 7220,A01 (56495),Critical Thinking in Biological Sciences (3),M,"Jan 06 - Apr 09, 12:30-15:20 (M)",Jason Treberg
BIOL 7556,B01 (65462),Molecular Biology of Eukaryotes (RNA) (0),M,"Jan 06 - Apr 09, 14:30-17:15 (R)",Dirk Weihrauch
BIOL 7556,A01 (65461),Molecular Biology of Eukaryotes (RNA) (3),M,"Jan 06 - Apr 09, 10:00-11:15 (TR)",Dirk Weihrauch
BIOL 7600,T07 (65106),Developmental Neuroscience (3),M,"Jan 06 - Apr 09, 13:00-14:15 (TR)",Lei Xing
CHEM 1100,A01 (60786),Introductory Chemistry 1: Atomic and Molecular Structure and Energetics (3),M,"Jan 06 - Apr 09, 13:00-14:15 (TR)",Kevin McEleney
CHEM 1100,A02 (60787),Introductory Chemistry 1: Atomic and Molecular Structure and Energetics (3),M,"Jan 06 - Apr 09, 12:30-13:20 (MWF)",Mario Bieringer
CHEM 1110,A03 (60790),"Introductory Chemistry 2: Interaction, Reactivity, and Chemical Properties (3)",M,"Jan 06 - Apr 09, 14:30-15:45 (TR)",James Xidos
CHEM 1110,A02 (60789),"Introductory Chemistry 2: Interaction, Reactivity, and Chemical Properties (3)",M,"Jan 06 - Apr 09, 13:00-14:15 (TR)",Jeremy Mitchell-Koch
CHEM 1110,A04 (60791),"Introductory Chemistry 2: Interaction, Reactivity, and Chemical Properties (3)",M,"Jan 06 - Apr 09, 14:30-15:45 (MW)",Hans Schreckenbach
CHEM 1110,A01 (60788),"Introductory Chemistry 2: Interaction, Reactivity, and Chemical Properties (3)",M,"Jan 06 - Apr 09, 08:30-09:45 (TR)",Carl Bartels
CHEM 1120,A05 (60812),Introduction to Chemistry Techniques (3),M,"Jan 06 - Apr 09, 08:30-11:20 (R)",James Xidos
CHEM 1120,A02 (60809),Introduction to Chemistry Techniques (3),M,"Jan 06 - Apr 09, 08:30-11:20 (T)",James Xidos
CHEM 1120,A04 (60811),Introduction to Chemistry Techniques (3),M,"Jan 06 - Apr 09, 14:30-17:20 (W)",Olesya Fedoryak
CHEM 1120,A03 (60810),Introduction to Chemistry Techniques (3),M,"Jan 06 - Apr 09, 08:30-11:20 (W)",James Xidos
CHEM 1120,A06 (60813),Introduction to Chemistry Techniques (3),M,"Jan 06 - Apr 09, 14:30-17:20 (R)",Olesya Fedoryak
CHEM 1120,A01 (60808),Introduction to Chemistry Techniques (3),M,"Jan 06 - Apr 09, 14:30-17:20 (T)",Olesya Fedoryak
CHEM 1122,A03 (61699),Introduction to Chemistry Techniques for Engineering 1 (1.5),M,"Jan 06 - Jan 06,  (T)",Olesya Fedoryak
CHEM 1122,A03 (61699),Introduction to Chemistry Techniques for Engineering 1 (1.5),M,"Feb 13 - Feb 13, 14:30-17:20 (F)",Olesya Fedoryak
CHEM 1122,A03 (61699),Introduction to Chemistry Techniques for Engineering 1 (1.5),M,"Mar 27 - Mar 27, 14:30-17:20 (F)",Olesya Fedoryak
CHEM 1122,A03 (61699),Introduction to Chemistry Techniques for Engineering 1 (1.5),M,"Jan 30 - Jan 30, 14:30-17:20 (F)",Olesya Fedoryak
CHEM 1122,A03 (61699),Introduction to Chemistry Techniques for Engineering 1 (1.5),M,"Jan 16 - Jan 16, 14:30-17:20 (F)",Olesya Fedoryak
CHEM 1122,A02 (61698),Introduction to Chemistry Techniques for Engineering 1 (1.5),M,"Feb 23 - Feb 23, 14:30-17:20 (M)",James Xidos
CHEM 1122,A02 (61698),Introduction to Chemistry Techniques for Engineering 1 (1.5),M,"Mar 16 - Mar 16, 14:30-17:20 (M)",James Xidos
CHEM 1122,A02 (61698),Introduction to Chemistry Techniques for Engineering 1 (1.5),M,"Jan 12 - Jan 12, 14:30-17:20 (M)",James Xidos
CHEM 1122,A02 (61698),Introduction to Chemistry Techniques for Engineering 1 (1.5),M,"Jan 26 - Jan 26, 14:30-17:20 (M)",James Xidos
CHEM 1122,A02 (61698),Introduction to Chemistry Techniques for Engineering 1 (1.5),M,"Mar 23 - Mar 23, 14:30-17:20 (M)",James Xidos
CHEM 1122,A02 (61698),Introduction to Chemistry Techniques for Engineering 1 (1.5),M,"Jan 06 - Jan 06,  (T)",James Xidos
CHEM 1122,A02 (61698),Introduction to Chemistry Techniques for Engineering 1 (1.5),M,"Mar 09 - Mar 09, 14:30-17:20 (M)",James Xidos
CHEM 1122,A03 (61699),Introduction to Chemistry Techniques for Engineering 1 (1.5),M,"Mar 20 - Mar 20, 14:30-17:20 (F)",Olesya Fedoryak
CHEM 1122,A03 (61699),Introduction to Chemistry Techniques for Engineering 1 (1.5),M,"Feb 27 - Feb 27, 14:30-17:20 (F)",Olesya Fedoryak
CHEM 1122,A03 (61699),Introduction to Chemistry Techniques for Engineering 1 (1.5),M,"Mar 13 - Mar 13, 14:30-17:20 (F)",Olesya Fedoryak
CHEM 1122,A02 (61698),Introduction to Chemistry Techniques for Engineering 1 (1.5),M,"Feb 09 - Feb 09, 14:30-17:20 (M)",James Xidos
CHEM 1122,A01 (61697),Introduction to Chemistry Techniques for Engineering 1 (1.5),M,"Jan 28 - Jan 28, 14:30-17:20 (W)",Olesya Fedoryak
CHEM 1122,A01 (61697),Introduction to Chemistry Techniques for Engineering 1 (1.5),M,"Feb 25 - Feb 25, 14:30-17:20 (W)",Olesya Fedoryak
CHEM 1122,A01 (61697),Introduction to Chemistry Techniques for Engineering 1 (1.5),M,"Mar 25 - Mar 25, 14:30-17:20 (W)",Olesya Fedoryak
CHEM 1122,A01 (61697),Introduction to Chemistry Techniques for Engineering 1 (1.5),M,"Mar 11 - Mar 11, 14:30-17:20 (W)",Olesya Fedoryak
CHEM 1122,A01 (61697),Introduction to Chemistry Techniques for Engineering 1 (1.5),M,"Jan 14 - Jan 14, 14:30-17:20 (W)",Olesya Fedoryak
CHEM 1122,A01 (61697),Introduction to Chemistry Techniques for Engineering 1 (1.5),M,"Mar 18 - Mar 18, 14:30-17:20 (W)",Olesya Fedoryak
CHEM 1122,A01 (61697),Introduction to Chemistry Techniques for Engineering 1 (1.5),M,"Jan 06 - Jan 06,  (T)",Olesya Fedoryak
CHEM 1122,A01 (61697),Introduction to Chemistry Techniques for Engineering 1 (1.5),M,"Feb 11 - Feb 11, 14:30-17:20 (W)",Olesya Fedoryak
CHEM 1130,A01 (60792),Introduction to Organic Chemistry (3),M,"Jan 06 - Apr 09, 12:30-13:20 (MWF)",TBA
CHEM 2110,A01 (60793),Organic Chemistry 2: Foundations of Organic Synthesis (3),M,"Jan 06 - Apr 09, 11:30-12:20 (MWF)",Frank Schweizer
CHEM 2110,A02 (60794),Organic Chemistry 2: Foundations of Organic Synthesis (3),M,"Jan 06 - Apr 09, 13:30-14:20 (MWF)",Frank Schweizer
CHEM 2122,A03 (60817),Experimental Organic Chemistry (3),M,Jan 06 - Jan 09,Jeremy Mitchell-Koch
CHEM 2122,A03 (60817),Experimental Organic Chemistry (3),M,"Jan 26 - Apr 09, 14:30-17:20 (T)",Jeremy Mitchell-Koch
CHEM 2122,A02 (60816),Experimental Organic Chemistry (3),M,"Jan 26 - Apr 09, 08:30-11:20 (T)",Jeremy Mitchell-Koch
CHEM 2122,A03 (60817),Experimental Organic Chemistry (3),M,"Jan 12 - Jan 23, 14:30-17:20 (T)",Jeremy Mitchell-Koch
CHEM 2122,A01 (60815),Experimental Organic Chemistry (3),M,"Jan 12 - Jan 23, 14:30-17:20 (M)",Jeremy Mitchell-Koch
CHEM 2122,A01 (60815),Experimental Organic Chemistry (3),M,"Jan 26 - Apr 09, 14:30-17:20 (M)",Jeremy Mitchell-Koch
CHEM 2122,A01 (60815),Experimental Organic Chemistry (3),M,Jan 06 - Jan 09,Jeremy Mitchell-Koch
CHEM 2122,A02 (60816),Experimental Organic Chemistry (3),M,"Jan 12 - Jan 23, 08:30-11:20 (T)",Jeremy Mitchell-Koch
CHEM 2122,A05 (60819),Experimental Organic Chemistry (3),M,Jan 06 - Jan 09,Jeremy Mitchell-Koch
CHEM 2122,A05 (60819),Experimental Organic Chemistry (3),M,"Jan 26 - Apr 09, 14:30-17:20 (W)",Jeremy Mitchell-Koch
CHEM 2122,A02 (60816),Experimental Organic Chemistry (3),M,Jan 06 - Jan 09,Jeremy Mitchell-Koch
CHEM 2122,A05 (60819),Experimental Organic Chemistry (3),M,"Jan 12 - Jan 23, 14:30-17:20 (W)",Jeremy Mitchell-Koch
CHEM 2300,A01 (60795),Inorganic Chemistry 1: Structure and Applications (3),M,"Jan 06 - Apr 09, 12:30-13:20 (MWF)",Scott Kroeker
CHEM 2520,A01 (63034),Introduction to Analytical Chemistry Techniques (2),M,"Jan 06 - Apr 09, 14:30-17:20 (T)",Joey Lussier
CHEM 2520,A02 (63035),Introduction to Analytical Chemistry Techniques (2),M,"Jan 06 - Apr 09, 14:30-17:20 (W)",Joey Lussier
CHEM 2520,A03 (63036),Introduction to Analytical Chemistry Techniques (2),M,"Jan 06 - Apr 09, 08:30-11:20 (R)",Joey Lussier
CHEM 2710,A01 (60796),"Biochemistry 2: Catabolism, Synthesis, and Information Pathways (3)",M,"Jan 06 - Apr 09, 11:30-12:45 (TR)",Gerd Prehna
CHEM 2710,A02 (60797),"Biochemistry 2: Catabolism, Synthesis, and Information Pathways (3)",M,"Jan 06 - Apr 09, 08:30-09:45 (TR)",Mazdak Khajehpour
CHEM 2720,A02 (60821),Principles and Practices of the Modern Biochemistry Laboratory (3),M,"Jan 06 - Apr 09, 14:30-17:20 (W)",Ellert Nichols
CHEM 2720,A01 (60820),Principles and Practices of the Modern Biochemistry Laboratory (3),M,"Jan 06 - Apr 09, 14:30-17:20 (T)",Ellert Nichols
CHEM 2740,A01 (60822),Introduction to the Biochemistry Laboratory (3),M,"Jan 06 - Apr 09, 14:30-17:20 (M)",Olesya Fedoryak
CHEM 2750,A01 (60800),Elements of Biochemistry 2 (3),M,"Jan 06 - Apr 09, 12:30-13:20 (MWF)",Ellert Nichols
CHEM 3120,A01 (60824),Advanced Organic Chemistry Laboratory Techniques (2),M,"Jan 06 - Apr 09, 08:30-11:20 (R)",Kevin McEleney
CHEM 3120,A02 (60823),Advanced Organic Chemistry Laboratory Techniques (2),M,"Jan 06 - Apr 09, 14:30-17:20 (R)",Kevin McEleney
CHEM 3600,A01 (60802),Physical Chemistry 2 (3),M,"Jan 06 - Apr 09, 13:30-14:20 (MWF)",Katie Mitchell-Koch
CHEM 3620,A01 (60825),Physical Chemistry Laboratory (2),M,"Jan 06 - Apr 09, 14:30-17:20 (T)",Carl Bartels
CHEM 3760,A02 (60830),Advanced Methods for the Biochemistry Laboratory (4),M,"Jan 06 - Apr 09, 13:30-17:20 (F)",Ellert Nichols
CHEM 3760,A01 (60829),Advanced Methods for the Biochemistry Laboratory (4),M,"Jan 06 - Apr 09, 13:30-17:20 (R)",Ellert Nichols
CHEM 3840,A02 (60834),Integrated Chemistry Laboratory 2 (3),M,"Jan 06 - Apr 09, 14:30-17:20 (R)",Joey Lussier
CHEM 4100,A01 (65500),Materials Chemistry (3),M,"Jan 06 - Apr 09, 13:00-14:15 (TR)",Scott Kroeker
CHEM 4126,A01 (65498),Natural Products Chemistry and Biosynthesis (3),M,"Jan 06 - Apr 09, 10:00-11:15 (TR)",John Sorensen
CHEM 4150,A01 (65502),"Symmetry, Spectroscopy, and Structure (3)",M,"Jan 06 - Apr 09, 11:30-12:45 (TR)",Kathleen Gough
CHEM 4170,A01 (65501),Introduction to Polymer Chemistry (3),M,"Jan 06 - Apr 09, 13:30-14:20 (MWF)",Carl Bartels
CHEM 4580,T01 (65503),Methods in Mechanistic Organic Chemistry (3),M,"Jan 06 - Apr 09, 11:30-12:45 (TR)",Rebecca Davis
CHEM 4610,A01 (53208),Advanced Chemical Techniques (Part B) (3),M,"Jan 06 - Apr 09, 14:30-15:45 (MW)",Abishek Iyer
CHEM 4620,A01 (51304),Biochemistry of Nucleic Acids (3),M,"Jan 06 - Apr 09, 09:30-10:20 (MWF)",Sean McKenna
CHEM 4630,A01 (65464),Biochemistry of Proteins (3),M,"Jan 06 - Apr 09, 13:00-14:15 (TR)",Zev Ripstein
CHEM 4710,A01 (50623),Research Project in Chemistry or Biochemistry (Part B) (3),M,Jan 06 - Apr 09,Christian Kuss
CHEM 4804,T01 (64264),Selected Topics in Synthetic Biology (3),M,"Jan 06 - Apr 09, 13:00-14:15 (TR)",Nediljko Budisa
CHEM 7400,T01 (58017),Advanced Biochemistry (3),M,"Jan 06 - Apr 09, 14:30-17:20 (R)",Mazdak Khajehpour
CHEM 7400,T07 (65155),Protein X-ray Crystallography (3),M,Jan 06 - Apr 09,Joerg Stetefeld
CHEM 7400,T04 (64265),Selected Topics in Synthetic Biology (3),M,"Jan 06 - Apr 09, 13:00-14:15 (TR)",Nediljko Budisa
CHEM 7450,T10 (65499),Natural Products Chemistry and Biosynthesis (3),M,"Jan 06 - Apr 09, 10:00-11:15 (TR)",John Sorensen
CHEM 7450,T02 (65504),Methods in Mechanistic Organic Chemistry (3),M,"Jan 06 - Apr 09, 11:30-12:45 (TR)",Rebecca Davis
CHEM 7600,T02 (66219),Materials Chemistry (3),M,"Jan 06 - Apr 09, 13:00-14:15 (TR)",Scott Kroeker
CHEM 7600,T08 (66129),X-Ray Diffraction and its Applications (3),M,Jan 06 - Apr 09,Abishek Iyer
CHEM 7700,T06 (66216),Essentials in Analytical Chemistry (3),M,"Jan 06 - Apr 09, 10:00-11:15 (TR)",Sabine Kuss
CHEM 7800,T02 (64269),PC3 - The Pan-Canadian Computational Chemistry Course (3),OC,Jan 06 - Apr 09,Hans Schreckenbach
COMP 1006,A01 (63188),Introduction to Tools and Techniques in Computer Science 2 (1.5),M,"Jan 06 - Apr 09, 14:30-15:45 (M)",Franklin Bristow
COMP 1010,B05 (50112),Introductory Computer Science 1 (0),M,"Jan 06 - Apr 09, 16:00-17:15 (T)",TBA
COMP 1010,A01 (50102),Introductory Computer Science 1 (3),M,"Jan 06 - Apr 09, 12:30-13:20 (MWF)",Emanuel Wiens
COMP 1010,B04 (50111),Introductory Computer Science 1 (0),M,"Jan 06 - Apr 09, 14:30-15:45 (T)",TBA
COMP 1010,B03 (50116),Introductory Computer Science 1 (0),M,"Jan 06 - Apr 09, 13:00-14:15 (T)",TBA
COMP 1010,B02 (50110),Introductory Computer Science 1 (0),M,"Jan 06 - Apr 09, 11:30-12:45 (T)",TBA
COMP 1010,B01 (62018),Introductory Computer Science 1 (0),M,"Jan 06 - Apr 09, 10:00-11:15 (T)",TBA
COMP 1012,B10 (52852),Computer Programming for Scientists and Engineers (0),M,"Jan 06 - Apr 09, 12:30-13:20 (F)",Saulo dos Santos
COMP 1012,A02 (51874),Computer Programming for Scientists and Engineers (3),M,"Jan 06 - Apr 09, 11:30-12:20 (MWF)",Ruppa Thulasiram
COMP 1012,B08 (54753),Computer Programming for Scientists and Engineers (0),M,"Jan 06 - Apr 09, 09:30-10:20 (F)",Saulo dos Santos
COMP 1012,B07 (52081),Computer Programming for Scientists and Engineers (0),M,"Jan 06 - Apr 09, 16:30-17:20 (W)",Saulo dos Santos
COMP 1012,B02 (51875),Computer Programming for Scientists and Engineers (0),M,"Jan 06 - Apr 09, 10:30-11:20 (W)",Saulo dos Santos
COMP 1012,B01 (52825),Computer Programming for Scientists and Engineers (0),M,"Jan 06 - Apr 09, 09:30-10:20 (W)",Saulo dos Santos
COMP 1012,B11 (51718),Computer Programming for Scientists and Engineers (0),M,"Jan 06 - Apr 09, 13:30-14:20 (F)",Saulo dos Santos
COMP 1012,B03 (51717),Computer Programming for Scientists and Engineers (0),M,"Jan 06 - Apr 09, 12:30-13:20 (W)",Saulo dos Santos
COMP 1012,B04 (52078),Computer Programming for Scientists and Engineers (0),M,"Jan 06 - Apr 09, 13:30-14:20 (W)",Saulo dos Santos
COMP 1012,B06 (52079),Computer Programming for Scientists and Engineers (0),M,"Jan 06 - Apr 09, 15:30-16:20 (W)",Saulo dos Santos
COMP 1012,B12 (51720),Computer Programming for Scientists and Engineers (0),M,"Jan 06 - Apr 09, 14:30-15:20 (F)",Saulo dos Santos
COMP 1012,B09 (51719),Computer Programming for Scientists and Engineers (0),M,"Jan 06 - Apr 09, 10:30-11:20 (F)",Saulo dos Santos
COMP 1012,B05 (52080),Computer Programming for Scientists and Engineers (0),M,"Jan 06 - Apr 09, 14:30-15:20 (W)",Saulo dos Santos
COMP 1012,A01 (51716),Computer Programming for Scientists and Engineers (3),M,"Jan 06 - Apr 09, 14:30-15:45 (TR)",Saulo dos Santos
COMP 1012,B13 (51721),Computer Programming for Scientists and Engineers (0),M,"Jan 06 - Apr 09, 15:30-16:20 (F)",Saulo dos Santos
COMP 1020,B04 (50128),Introductory Computer Science 2 (0),M,"Jan 06 - Apr 09, 11:30-12:45 (R)",John Braico
COMP 1020,A01 (58057),Introductory Computer Science 2 (3),M,"Jan 06 - Apr 09, 10:30-11:20 (MWF)",Sogand Sadrhaghighi
COMP 1020,B03 (58046),Introductory Computer Science 2 (0),M,"Jan 06 - Apr 09, 10:00-11:15 (R)",John Braico
COMP 1020,B02 (50123),Introductory Computer Science 2 (0),M,"Jan 06 - Apr 09, 08:30-09:45 (R)",John Braico
COMP 1020,B05 (50133),Introductory Computer Science 2 (0),M,"Jan 06 - Apr 09, 11:30-12:45 (R)",John Braico
COMP 1020,B01 (50132),Introductory Computer Science 2 (0),M,"Jan 06 - Apr 09, 08:30-09:45 (R)",John Braico
COMP 1020,A04 (64201),Introductory Computer Science 2 (3),M,"Jan 06 - Apr 09, 19:00-20:15 (TR)",Joshua Hernandez
COMP 1020,A03 (50122),Introductory Computer Science 2 (3),M,"Jan 06 - Apr 09, 11:30-12:20 (MWF)",Hamid Mansoor
COMP 1020,D01 (62960),Introductory Computer Science 2 (3),DE,Jan 06 - Apr 09,Lauren Himbeault
COMP 1020,B19 (64200),Introductory Computer Science 2 (0),M,"Jan 06 - Apr 09, 17:30-18:45 (R)",John Braico
COMP 1020,B07 (64194),Introductory Computer Science 2 (0),M,"Jan 06 - Apr 09, 11:30-12:45 (R)",John Braico
COMP 1020,B18 (64199),Introductory Computer Science 2 (0),M,"Jan 06 - Apr 09, 17:30-18:45 (R)",John Braico
COMP 1020,B06 (64195),Introductory Computer Science 2 (0),M,"Jan 06 - Apr 09, 11:30-12:45 (R)",John Braico
COMP 1020,B09 (50134),Introductory Computer Science 2 (0),M,"Jan 06 - Apr 09, 13:00-14:15 (R)",John Braico
COMP 1020,B13 (50125),Introductory Computer Science 2 (0),M,"Jan 06 - Apr 09, 14:30-15:45 (R)",John Braico
COMP 1020,B11 (64198),Introductory Computer Science 2 (0),M,"Jan 06 - Apr 09, 13:00-14:15 (R)",John Braico
COMP 1020,B14 (64197),Introductory Computer Science 2 (0),M,"Jan 06 - Apr 09, 14:30-15:45 (R)",John Braico
COMP 1020,B10 (64196),Introductory Computer Science 2 (0),M,"Jan 06 - Apr 09, 13:00-14:15 (R)",John Braico
COMP 1020,B15 (50131),Introductory Computer Science 2 (0),M,"Jan 06 - Apr 09, 14:30-15:45 (R)",John Braico
COMP 1020,B16 (50130),Introductory Computer Science 2 (0),M,"Jan 06 - Apr 09, 16:00-17:15 (R)",John Braico
COMP 1020,B12 (50129),Introductory Computer Science 2 (0),M,"Jan 06 - Apr 09, 14:30-15:45 (R)",John Braico
COMP 1020,B17 (50127),Introductory Computer Science 2 (0),M,"Jan 06 - Apr 09, 16:00-17:15 (R)",John Braico
COMP 1020,A02 (50121),Introductory Computer Science 2 (3),M,"Jan 06 - Apr 09, 10:00-11:15 (TR)",John Braico
COMP 1020,B08 (50124),Introductory Computer Science 2 (0),M,"Jan 06 - Apr 09, 13:00-14:15 (R)",John Braico
COMP 1600,A02 (55699),Navigating Your Digital World (3),M,"Jan 06 - Apr 09, 10:30-11:20 (MWF)",Christina Penner
COMP 2006,A01 (64213),Tools and Techniques in Computer Science 2 (1.5),M,"Jan 06 - Apr 09, 14:30-15:45 (T)",Robert Guderian
COMP 2060,T01 (65379),Introduction to Video Game Development (3),M,"Jan 06 - Apr 09, 10:30-11:20 (MWF)",Daniel Rea
COMP 2080,A01 (60163),Algorithms: Design and Implementation (3),M,"Jan 06 - Apr 09, 11:30-12:45 (TR)",Leqi Zhu
COMP 2080,A02 (58045),Algorithms: Design and Implementation (3),M,"Jan 06 - Apr 09, 09:30-10:20 (MWF)",Pakching Li
COMP 2140,A01 (50140),Data Structures: Analysis and Implementation (3),M,"Jan 06 - Apr 09, 09:30-10:20 (MWF)",Timothy Zapp
COMP 2280,A03 (65147),Introduction to Computer Systems (3),M,"Jan 06 - Apr 09, 08:30-09:45 (TR)",Jacob Janzen
COMP 2280,A02 (60164),Introduction to Computer Systems (3),M,"Jan 06 - Apr 09, 11:30-12:20 (MWF)",Robert Guderian
COMP 2400,A02 (66079),Programming Paradigms (3),M,"Jan 06 - Apr 09, 13:00-14:15 (TR)",Timothy Zapp
COMP 2450,A01 (66080),Software Development 1 (3),M,"Jan 06 - Apr 09, 14:30-15:45 (TR)",Zachary Havens
COMP 2452,A01 (65376),Software Development 2 (3),M,"Jan 06 - Apr 09, 10:00-11:15 (TR)",Franklin Bristow
COMP 2452,A02 (65377),Software Development 2 (3),M,"Jan 06 - Apr 09, 14:30-15:45 (TR)",Franklin Bristow
COMP 2600,A01 (64224),Technical Communication in Computer Science (3),M,"Jan 06 - Apr 09, 11:30-12:45 (TR)",Tristan Miller
COMP 3170,A01 (50162),Analysis of Algorithms and Data Structures (3),M,"Jan 06 - Apr 09, 10:00-11:15 (TR)",Avery Miller
COMP 3190,A01 (59525),Introduction to Artificial Intelligence (3),M,"Jan 06 - Apr 09, 09:30-10:20 (MWF)",John Anderson
COMP 3350,A01 (50163),Software Engineering 1 (3),M,"Jan 06 - Apr 09, 09:30-10:20 (MWF)",Taufiqul Islam Khan
COMP 3350,A02 (59660),Software Engineering 1 (3),M,"Jan 06 - Apr 09, 11:30-12:45 (TR)",Lauren Himbeault
COMP 3370,A01 (57474),Computer Organization (3),M,"Jan 06 - Apr 09, 11:30-12:20 (MWF)",Parimala Thulasiraman
COMP 3380,A02 (66078),Databases Concepts and Usage (3),M,"Jan 06 - Apr 09, 13:00-14:15 (TR)",Adam Pazdor
COMP 3430,A01 (50168),Operating Systems (3),M,"Jan 06 - Apr 09, 13:30-14:20 (MWF)",Saulo dos Santos
COMP 3490,A01 (65144),Computer Graphics 1 (3),M,"Jan 06 - Apr 09, 14:30-15:45 (TR)",Chengzhou Tang
COMP 3580,A01 (65378),Application Security (3),M,"Jan 06 - Apr 09, 08:30-09:45 (TR)",Noman Mohammed
COMP 4020,A02 (65133),Human-Computer Interaction 2 (3),M,"Jan 06 - Apr 09, 14:30-15:45 (MW)",Houda El Mimouni
COMP 4020,A01 (51838),Human-Computer Interaction 2 (3),M,"Jan 06 - Apr 09, 14:30-15:45 (MW)",Andrea Bunt
COMP 4060,T14 (64209),Robotics for Human-Robot Interaction (3),M,"Jan 06 - Apr 09, 14:30-15:45 (TR)",James Young
COMP 4060,T29 (66077),Embedded Real-Time Networking (3),M,Jan 06 - Apr 09,Michael Zapp
COMP 4062,T13 (65423),Software Quality (3),M,"Jan 06 - Apr 09, 14:30-15:45 (MW)",Shaiful Chowdhury
COMP 4062,T14 (65425),Designing Technology for the Aging Population (3),M,"Jan 06 - Apr 09, 13:00-14:15 (WF)",Celine Latulipe
COMP 4062,T15 (65427),Advanced Information Visualization (3),M,"Jan 06 - Apr 09, 16:00-17:15 (TR)",Hamid Mansoor
COMP 4062,T03 (65421),Algorithms in Comparative Genomics (3),M,"Jan 06 - Apr 09, 11:30-12:45 (TR)",Olivier Tremblay-Savard
COMP 4062,T12 (65419),3D Computer Vision (3),M,"Jan 06 - Apr 09, 10:00-11:15 (TR)",Chengzhou Tang
COMP 4190,A01 (52158),Artificial Intelligence (3),M,"Jan 06 - Apr 09, 11:30-12:20 (MWF)",Sadaf Salehkalaibar
COMP 4350,A01 (50181),Software Engineering 2 (3),M,"Jan 06 - Apr 09, 11:30-12:45 (TR)",Shaowei Wang
COMP 4360,A01 (62964),Machine Learning (3),M,"Jan 06 - Apr 09, 08:30-09:45 (TR)",Christopher Henry
COMP 4420,A01 (50182),Advanced Design and Analysis of Algorithms (3),M,"Jan 06 - Apr 09, 09:30-10:20 (MWF)",Stephane Durocher
COMP 4490,A01 (65381),Computer Graphics 2 (3),M,"Jan 06 - Apr 09, 10:30-11:20 (MWF)",John Braico
COMP 4522,A01 (62963),Honours Project (6),M,Jan 06 - Apr 09,Olivier Tremblay-Savard
COMP 4522,A02 (64004),Honours Project (Part B) (3),M,Jan 06 - Apr 09,Michael Zapp
COMP 4560,A01 (62883),Industrial Project (3),M,Jan 06 - Apr 09,Robert Guderian
COMP 4580,A01 (50193),Computer Security (3),M,"Jan 06 - Apr 09, 13:30-14:20 (MWF)",Azadeh Tabiban
COMP 4620,B01 (64203),Professional Practice in Computer Science (0),M,"Jan 06 - Apr 09, 14:30-15:45 (R)",Christina Penner
COMP 4620,A02 (55318),Professional Practice in Computer Science (3),M,"Jan 06 - Apr 09, 14:30-15:45 (MW)",Christina Penner
COMP 4620,A01 (62965),Professional Practice in Computer Science (3),M,"Jan 06 - Apr 09, 10:00-11:15 (TR)",Christina Penner
COMP 4710,A01 (66011),Introduction to Data Mining (3),M,"Jan 06 - Apr 09, 10:00-11:15 (TR)",Mengjun Hu
COMP 7570,T06 (65424),Designing Technology for the Aging Population (3),M,"Jan 06 - Apr 09, 13:00-14:15 (WF)",Celine Latulipe
COMP 7570,T01 (66158),Introduction to Randomized Algorithms (3),M,"Jan 06 - Apr 09, 14:30-15:45 (TR)",Anurag Naredla
COMP 7570,T05 (64211),Robotics for Human-Robot Interaction (3),M,"Jan 06 - Apr 09, 14:30-15:45 (TR)",James Young
COMP 7890,T07 (65422),Software Quality (3),M,"Jan 06 - Apr 09, 14:30-15:45 (MW)",Shaiful Chowdhury
COMP 7920,T02 (65426),Advanced Information Visualization (3),M,"Jan 06 - Apr 09, 16:00-17:15 (TR)",Hamid Mansoor
COMP 7934,T02 (65420),Algorithms in Comparative Genomics (3),M,"Jan 06 - Apr 09, 11:30-12:45 (TR)",Olivier Tremblay-Savard
COMP 7950,T06 (65418),3D Computer Vision (3),M,"Jan 06 - Apr 09, 10:00-11:15 (TR)",Chengzhou Tang
MATH 1010,D01 (60848),Applied Finite Mathematics (3),DE,Jan 06 - Apr 09,Darja Barr
MATH 1010,B03 (53255),Applied Finite Mathematics (0),M,"Jan 06 - Apr 09, 15:30-16:20 (F)",TBA
MATH 1010,B04 (53256),Applied Finite Mathematics (0),M,"Jan 06 - Apr 09, 15:30-16:20 (F)",TBA
MATH 1010,B05 (53257),Applied Finite Mathematics (0),M,"Jan 06 - Apr 09, 15:30-16:20 (F)",TBA
MATH 1010,A02 (65439),Applied Finite Mathematics (3),M,"Jan 06 - Apr 09, 10:30-11:20 (MWF)",Michelle Davidson
MATH 1010,B06 (60646),Applied Finite Mathematics (0),M,"Jan 06 - Apr 09, 15:30-16:20 (F)",TBA
MATH 1010,A01 (50363),Applied Finite Mathematics (3),M,"Jan 06 - Apr 09, 12:30-13:20 (MWF)",Jamie De Jong
MATH 1010,B02 (53254),Applied Finite Mathematics (0),M,"Jan 06 - Apr 09, 15:30-16:20 (F)",TBA
MATH 1010,B01 (53253),Applied Finite Mathematics (0),M,"Jan 06 - Apr 09, 15:30-16:20 (F)",TBA
MATH 1020,A02 (50365),Mathematics in Art (3),M,"Jan 06 - Apr 09, 13:00-14:15 (TR)",Matthis Grunsky
MATH 1020,A01 (50364),Mathematics in Art (3),M,"Jan 06 - Apr 09, 08:30-09:45 (TR)",Michelle Davidson
MATH 1020,D01 (65051),Mathematics in Art (3),DE,Jan 06 - Apr 09,Darja Barr
MATH 1210,B02 (51762),Techniques of Classical and Linear Algebra (0),M,"Jan 06 - Apr 09, 08:30-09:20 (M)",TBA
MATH 1210,B09 (51914),Techniques of Classical and Linear Algebra (0),M,"Jan 06 - Apr 09, 08:30-09:20 (W)",TBA
MATH 1210,B04 (51764),Techniques of Classical and Linear Algebra (0),M,"Jan 06 - Apr 09, 11:30-12:20 (M)",TBA
MATH 1210,B10 (51916),Techniques of Classical and Linear Algebra (0),M,"Jan 06 - Apr 09, 15:30-16:20 (W)",TBA
MATH 1210,B01 (51761),Techniques of Classical and Linear Algebra (0),M,"Jan 06 - Apr 09, 08:30-09:20 (M)",TBA
MATH 1210,A01 (50712),Techniques of Classical and Linear Algebra (3),M,"Jan 06 - Apr 09, 09:30-10:20 (MWF)",Nicholas Harland
MATH 1210,B11 (65440),Techniques of Classical and Linear Algebra (0),M,"Jan 06 - Apr 09, 15:30-16:20 (W)",TBA
MATH 1210,A03 (51913),Techniques of Classical and Linear Algebra (3),M,"Jan 06 - Apr 09, 12:30-13:20 (MWF)",Michael Astwood
MATH 1210,B08 (51333),Techniques of Classical and Linear Algebra (0),M,"Jan 06 - Apr 09, 16:00-16:50 (T)",TBA
MATH 1210,B07 (51332),Techniques of Classical and Linear Algebra (0),M,"Jan 06 - Apr 09, 14:30-15:20 (T)",TBA
MATH 1210,B03 (51763),Techniques of Classical and Linear Algebra (0),M,"Jan 06 - Apr 09, 10:30-11:20 (M)",TBA
MATH 1210,B05 (50713),Techniques of Classical and Linear Algebra (0),M,"Jan 06 - Apr 09, 08:30-09:20 (T)",TBA
MATH 1210,B06 (50714),Techniques of Classical and Linear Algebra (0),M,"Jan 06 - Apr 09, 08:30-09:20 (T)",TBA
MATH 1210,B12 (51917),Techniques of Classical and Linear Algebra (0),M,"Jan 06 - Apr 09, 16:30-17:20 (W)",TBA
MATH 1210,A02 (51331),Techniques of Classical and Linear Algebra (3),M,"Jan 06 - Apr 09, 13:30-14:20 (MWF)",Varvara Shepelska
MATH 1220,B03 (53265),Linear Algebra 1 (0),M,"Jan 06 - Apr 09, 14:30-15:20 (F)",TBA
MATH 1220,B01 (53263),Linear Algebra 1 (0),M,"Jan 06 - Apr 09, 08:30-09:20 (F)",TBA
MATH 1220,A01 (53262),Linear Algebra 1 (3),M,"Jan 06 - Apr 09, 10:30-11:20 (MWF)",Christopher Heggerud
MATH 1220,B02 (53264),Linear Algebra 1 (0),M,"Jan 06 - Apr 09, 12:30-13:20 (F)",TBA
MATH 1232,B01 (53267),Integral Calculus (0),M,"Jan 06 - Apr 09, 14:30-15:20 (W)",TBA
MATH 1232,A01 (53266),Integral Calculus (3),M,"Jan 06 - Apr 09, 13:00-14:15 (TR)",Jeremy Wu
MATH 1232,B02 (53268),Integral Calculus (0),M,"Jan 06 - Apr 09, 16:30-17:20 (W)",TBA
MATH 1240,B04 (53274),Elementary Discrete Mathematics (0),M,"Jan 06 - Apr 09, 15:30-16:20 (M)",TBA
MATH 1240,B03 (53273),Elementary Discrete Mathematics (0),M,"Jan 06 - Apr 09, 14:30-15:20 (M)",TBA
MATH 1240,A03 (57332),Elementary Discrete Mathematics (3),M,"Jan 06 - Apr 09, 10:00-11:15 (TR)",Karen Gunderson
MATH 1240,A04 (63049),Elementary Discrete Mathematics (3),M,"Jan 06 - Apr 09, 13:30-14:20 (MWF)",Andrii Arman
MATH 1240,B02 (53272),Elementary Discrete Mathematics (0),M,"Jan 06 - Apr 09, 14:30-15:20 (M)",TBA
MATH 1240,A02 (57333),Elementary Discrete Mathematics (3),M,"Jan 06 - Apr 09, 08:30-09:45 (TR)",Andrii Arman
MATH 1240,B05 (57334),Elementary Discrete Mathematics (0),M,"Jan 06 - Apr 09, 15:30-16:20 (M)",TBA
MATH 1240,B01 (53271),Elementary Discrete Mathematics (0),M,"Jan 06 - Apr 09, 14:30-15:20 (M)",TBA
MATH 1240,B06 (57335),Elementary Discrete Mathematics (0),M,"Jan 06 - Apr 09, 16:30-17:20 (M)",TBA
MATH 1240,A01 (53270),Elementary Discrete Mathematics (3),M,"Jan 06 - Apr 09, 12:30-13:20 (MWF)",Robert Craigen
MATH 1240,B16 (63054),Elementary Discrete Mathematics (0),M,"Jan 06 - Apr 09, 15:30-16:20 (W)",TBA
MATH 1240,B15 (63053),Elementary Discrete Mathematics (0),M,"Jan 06 - Apr 09, 15:30-16:20 (W)",TBA
MATH 1240,B14 (63052),Elementary Discrete Mathematics (0),M,"Jan 06 - Apr 09, 14:30-15:20 (W)",TBA
MATH 1240,B13 (63051),Elementary Discrete Mathematics (0),M,"Jan 06 - Apr 09, 14:30-15:20 (W)",TBA
MATH 1240,B11 (57341),Elementary Discrete Mathematics (0),M,"Jan 06 - Apr 09, 16:00-16:50 (T)",TBA
MATH 1240,B10 (57339),Elementary Discrete Mathematics (0),M,"Jan 06 - Apr 09, 16:00-16:50 (T)",TBA
MATH 1240,B12 (57340),Elementary Discrete Mathematics (0),M,"Jan 06 - Apr 09, 14:30-15:20 (W)",TBA
MATH 1240,B09 (57338),Elementary Discrete Mathematics (0),M,"Jan 06 - Apr 09, 14:30-15:20 (T)",TBA
MATH 1240,B08 (57337),Elementary Discrete Mathematics (0),M,"Jan 06 - Apr 09, 14:30-15:20 (T)",TBA
MATH 1240,B07 (57336),Elementary Discrete Mathematics (0),M,"Jan 06 - Apr 09, 08:30-09:20 (T)",TBA
MATH 1300,B06 (50372),Vector Geometry and Linear Algebra (0),M,"Jan 06 - Apr 09, 08:30-09:20 (F)",TBA
MATH 1300,B19 (63063),Vector Geometry and Linear Algebra (0),M,"Jan 06 - Apr 09, 16:30-17:20 (F)",TBA
MATH 1300,B18 (63062),Vector Geometry and Linear Algebra (0),M,"Jan 06 - Apr 09, 15:30-16:20 (F)",TBA
MATH 1300,B01 (51423),Vector Geometry and Linear Algebra (0),M,"Jan 06 - Apr 09, 08:30-09:20 (W)",TBA
MATH 1300,B16 (63060),Vector Geometry and Linear Algebra (0),M,"Jan 06 - Apr 09, 08:30-09:20 (F)",TBA
MATH 1300,B04 (50371),Vector Geometry and Linear Algebra (0),M,"Jan 06 - Apr 09, 15:30-16:20 (W)",TBA
MATH 1300,B15 (57351),Vector Geometry and Linear Algebra (0),M,"Jan 06 - Apr 09, 16:30-17:20 (M)",TBA
MATH 1300,B14 (57384),Vector Geometry and Linear Algebra (0),M,"Jan 06 - Apr 09, 14:30-15:20 (M)",TBA
MATH 1300,B07 (50373),Vector Geometry and Linear Algebra (0),M,"Jan 06 - Apr 09, 10:30-11:20 (F)",TBA
MATH 1300,B02 (51424),Vector Geometry and Linear Algebra (0),M,"Jan 06 - Apr 09, 08:30-09:20 (W)",TBA
MATH 1300,B12 (50379),Vector Geometry and Linear Algebra (0),M,"Jan 06 - Apr 09, 08:30-09:20 (M)",TBA
MATH 1300,B05 (51426),Vector Geometry and Linear Algebra (0),M,"Jan 06 - Apr 09, 16:30-17:20 (W)",TBA
MATH 1300,B11 (50378),Vector Geometry and Linear Algebra (0),M,"Jan 06 - Apr 09, 08:30-09:20 (M)",TBA
MATH 1300,B08 (50374),Vector Geometry and Linear Algebra (0),M,"Jan 06 - Apr 09, 11:30-12:20 (F)",TBA
MATH 1300,B10 (50377),Vector Geometry and Linear Algebra (0),M,"Jan 06 - Apr 09, 14:30-15:20 (F)",TBA
MATH 1300,B03 (51425),Vector Geometry and Linear Algebra (0),M,"Jan 06 - Apr 09, 11:30-12:20 (W)",TBA
MATH 1300,B09 (50376),Vector Geometry and Linear Algebra (0),M,"Jan 06 - Apr 09, 14:30-15:20 (F)",TBA
MATH 1300,B13 (57342),Vector Geometry and Linear Algebra (0),M,"Jan 06 - Apr 09, 12:30-13:20 (M)",TBA
MATH 1300,B17 (63061),Vector Geometry and Linear Algebra (0),M,"Jan 06 - Apr 09, 14:30-15:20 (F)",TBA
MATH 1300,A03 (50375),Vector Geometry and Linear Algebra (3),M,"Jan 06 - Apr 09, 13:30-14:20 (MWF)",Xinli Wang
MATH 1300,A02 (50370),Vector Geometry and Linear Algebra (3),M,"Jan 06 - Apr 09, 10:00-11:15 (TR)",Xinli Wang
MATH 1300,A01 (51420),Vector Geometry and Linear Algebra (3),M,"Jan 06 - Apr 09, 10:30-11:20 (MWF)",Andrii Arman
MATH 1300,A04 (63059),Vector Geometry and Linear Algebra (3),M,"Jan 06 - Apr 09, 14:30-15:45 (TR)",Robert Martin
MATH 1500,A02 (50382),Introduction to Calculus (3),M,"Jan 06 - Apr 09, 09:30-10:20 (MWF)",Jamie De Jong
MATH 1500,B04 (50385),Introduction to Calculus (0),M,"Jan 06 - Apr 09, 14:30-15:45 (T)",TBA
MATH 1500,A01 (50381),Introduction to Calculus (3),M,"Jan 06 - Apr 09, 10:30-11:20 (MWF)",Liliana Menjivar Lopez
MATH 1500,B05 (51088),Introduction to Calculus (0),M,"Jan 06 - Apr 09, 14:30-15:45 (T)",TBA
MATH 1500,B26 (63066),Introduction to Calculus (0),M,"Jan 06 - Apr 09, 14:30-15:45 (F)",TBA
MATH 1500,B25 (63065),Introduction to Calculus (0),M,"Jan 06 - Apr 09, 13:00-14:15 (F)",TBA
MATH 1500,B24 (50396),Introduction to Calculus (0),M,"Jan 06 - Apr 09, 11:30-12:45 (F)",TBA
MATH 1500,B23 (50400),Introduction to Calculus (0),M,"Jan 06 - Apr 09, 10:00-11:15 (F)",TBA
MATH 1500,B06 (51428),Introduction to Calculus (0),M,"Jan 06 - Apr 09, 14:30-15:45 (T)",TBA
MATH 1500,B22 (50395),Introduction to Calculus (0),M,"Jan 06 - Apr 09, 08:30-09:45 (F)",TBA
MATH 1500,B21 (50394),Introduction to Calculus (0),M,"Jan 06 - Apr 09, 16:00-17:15 (R)",TBA
MATH 1500,B07 (51087),Introduction to Calculus (0),M,"Jan 06 - Apr 09, 14:30-15:45 (T)",TBA
MATH 1500,B20 (50393),Introduction to Calculus (0),M,"Jan 06 - Apr 09, 16:00-17:15 (R)",TBA
MATH 1500,B19 (50399),Introduction to Calculus (0),M,"Jan 06 - Apr 09, 16:00-17:15 (R)",TBA
MATH 1500,B08 (51429),Introduction to Calculus (0),M,"Jan 06 - Apr 09, 16:00-17:15 (T)",TBA
MATH 1500,B18 (50398),Introduction to Calculus (0),M,"Jan 06 - Apr 09, 14:30-15:45 (R)",TBA
MATH 1500,B09 (51430),Introduction to Calculus (0),M,"Jan 06 - Apr 09, 16:00-17:15 (T)",TBA
MATH 1500,B10 (59747),Introduction to Calculus (0),M,"Jan 06 - Apr 09, 16:00-17:15 (T)",TBA
MATH 1500,B11 (50389),Introduction to Calculus (0),M,"Jan 06 - Apr 09, 16:00-17:15 (T)",TBA
MATH 1500,B12 (50390),Introduction to Calculus (0),M,"Jan 06 - Apr 09, 08:30-09:45 (R)",TBA
MATH 1500,B13 (50397),Introduction to Calculus (0),M,"Jan 06 - Apr 09, 08:30-09:45 (R)",TBA
MATH 1500,B14 (50386),Introduction to Calculus (0),M,"Jan 06 - Apr 09, 08:30-09:45 (R)",TBA
MATH 1500,B15 (50392),Introduction to Calculus (0),M,"Jan 06 - Apr 09, 14:30-15:45 (R)",TBA
MATH 1500,B16 (50391),Introduction to Calculus (0),M,"Jan 06 - Apr 09, 14:30-15:45 (R)",TBA
MATH 1500,B03 (51427),Introduction to Calculus (0),M,"Jan 06 - Apr 09, 08:30-09:45 (T)",TBA
MATH 1500,B01 (51085),Introduction to Calculus (0),M,"Jan 06 - Apr 09, 08:30-09:45 (T)",TBA
MATH 1500,B17 (50387),Introduction to Calculus (0),M,"Jan 06 - Apr 09, 14:30-15:45 (R)",TBA
MATH 1500,A03 (50383),Introduction to Calculus (3),M,"Jan 06 - Apr 09, 08:30-09:45 (TR)",Jamie De Jong
MATH 1500,A05 (63064),Introduction to Calculus (3),M,"Jan 06 - Apr 09, 08:30-09:20 (MWF)",Robert Craigen
MATH 1500,A04 (50384),Introduction to Calculus (3),M,"Jan 06 - Apr 09, 14:30-15:45 (TR)",Maximilian Tornes
MATH 1500,B02 (51086),Introduction to Calculus (0),M,"Jan 06 - Apr 09, 08:30-09:45 (T)",TBA
MATH 1510,B01 (63239),Applied Calculus 1 (0),M,"Jan 06 - Apr 09, 12:30-13:20 (F)",TBA
MATH 1510,G07 (50401),Applied Calculus 1 (3),M,"Jan 06 - Apr 09, 11:30-13:20 (MW)",TBA
MATH 1510,G07 (50401),Applied Calculus 1 (3),M,"Jan 06 - Apr 09, 11:30-12:20 (F)",TBA
MATH 1524,A01 (63039),Mathematics for Management and Social Sciences (3),M,"Jan 06 - Apr 09, 10:00-11:15 (TR)",Robert Martin
MATH 1524,B07 (63046),Mathematics for Management and Social Sciences (0),M,"Jan 06 - Apr 09, 14:30-15:45 (W)",TBA
MATH 1524,B09 (65170),Mathematics for Management and Social Sciences (0),M,"Jan 06 - Apr 09, 14:30-15:45 (W)",TBA
MATH 1524,B10 (63047),Mathematics for Management and Social Sciences (0),M,"Jan 06 - Apr 09, 14:30-15:45 (F)",TBA
MATH 1524,B06 (63045),Mathematics for Management and Social Sciences (0),M,"Jan 06 - Apr 09, 14:30-15:45 (W)",TBA
MATH 1524,B11 (63048),Mathematics for Management and Social Sciences (0),M,"Jan 06 - Apr 09, 14:30-15:45 (F)",TBA
MATH 1524,A04 (66161),Mathematics for Management and Social Sciences (3),M,"Jan 06 - Apr 09, 12:30-13:20 (MWF)",John Lopez Santander
MATH 1524,B12 (65171),Mathematics for Management and Social Sciences (0),M,"Jan 06 - Apr 09, 14:30-15:45 (F)",TBA
MATH 1524,B02 (63042),Mathematics for Management and Social Sciences (0),M,"Jan 06 - Apr 09, 14:30-15:45 (M)",TBA
MATH 1524,B05 (63044),Mathematics for Management and Social Sciences (0),M,"Jan 06 - Apr 09, 14:30-15:45 (W)",TBA
MATH 1524,A02 (63040),Mathematics for Management and Social Sciences (3),M,"Jan 06 - Apr 09, 13:30-14:20 (MWF)",Michael Szestopalow
MATH 1524,A03 (64132),Mathematics for Management and Social Sciences (3),M,"Jan 06 - Apr 09, 14:30-15:45 (TR)",Angel Barría Comicheo
MATH 1524,B03 (63043),Mathematics for Management and Social Sciences (0),M,"Jan 06 - Apr 09, 14:30-15:45 (M)",TBA
MATH 1524,B13 (66162),Mathematics for Management and Social Sciences (0),M,"Jan 06 - Apr 09, 14:30-15:45 (M)",TBA
MATH 1524,B15 (66164),Mathematics for Management and Social Sciences (0),M,"Jan 06 - Apr 09, 14:30-15:45 (F)",TBA
MATH 1524,B01 (63041),Mathematics for Management and Social Sciences (0),M,"Jan 06 - Apr 09, 14:30-15:45 (M)",TBA
MATH 1524,B08 (64134),Mathematics for Management and Social Sciences (0),M,"Jan 06 - Apr 09, 14:30-15:45 (W)",TBA
MATH 1524,B14 (66163),Mathematics for Management and Social Sciences (0),M,"Jan 06 - Apr 09, 14:30-15:45 (W)",TBA
MATH 1524,B04 (64133),Mathematics for Management and Social Sciences (0),M,"Jan 06 - Apr 09, 14:30-15:45 (M)",TBA
MATH 1700,B14 (57346),Calculus 2 (0),M,"Jan 06 - Apr 09, 15:30-16:20 (W)",TBA
MATH 1700,B11 (50410),Calculus 2 (0),M,"Jan 06 - Apr 09, 08:30-09:20 (W)",TBA
MATH 1700,B12 (52646),Calculus 2 (0),M,"Jan 06 - Apr 09, 08:30-09:20 (W)",TBA
MATH 1700,B10 (51298),Calculus 2 (0),M,"Jan 06 - Apr 09, 16:00-16:50 (T)",TBA
MATH 1700,B15 (57348),Calculus 2 (0),M,"Jan 06 - Apr 09, 15:30-16:20 (W)",TBA
MATH 1700,B17 (57350),Calculus 2 (0),M,"Jan 06 - Apr 09, 15:30-16:20 (W)",TBA
MATH 1700,A01 (50408),Calculus 2 (3),M,"Jan 06 - Apr 09, 09:30-10:20 (MWF)",Varvara Shepelska
MATH 1700,B09 (51297),Calculus 2 (0),M,"Jan 06 - Apr 09, 16:00-16:50 (T)",TBA
MATH 1700,B08 (52647),Calculus 2 (0),M,"Jan 06 - Apr 09, 16:00-16:50 (T)",TBA
MATH 1700,B01 (57352),Calculus 2 (0),M,"Jan 06 - Apr 09, 14:30-15:20 (M)",TBA
MATH 1700,B18 (50413),Calculus 2 (0),M,"Jan 06 - Apr 09, 16:00-16:50 (R)",TBA
MATH 1700,B16 (57349),Calculus 2 (0),M,"Jan 06 - Apr 09, 15:30-16:20 (W)",TBA
MATH 1700,B13 (51299),Calculus 2 (0),M,"Jan 06 - Apr 09, 08:30-09:20 (W)",TBA
MATH 1700,B06 (50412),Calculus 2 (0),M,"Jan 06 - Apr 09, 15:30-16:20 (M)",TBA
MATH 1700,B19 (52645),Calculus 2 (0),M,"Jan 06 - Apr 09, 16:00-16:50 (R)",TBA
MATH 1700,A02 (50409),Calculus 2 (3),M,"Jan 06 - Apr 09, 13:00-14:15 (TR)",Yang Zhang
MATH 1700,B07 (51300),Calculus 2 (0),M,"Jan 06 - Apr 09, 15:30-16:20 (M)",TBA
MATH 1700,B02 (57353),Calculus 2 (0),M,"Jan 06 - Apr 09, 14:30-15:20 (M)",TBA
MATH 1700,B03 (60649),Calculus 2 (0),M,"Jan 06 - Apr 09, 14:30-15:20 (M)",TBA
MATH 1700,B20 (52644),Calculus 2 (0),M,"Jan 06 - Apr 09, 16:00-16:50 (R)",TBA
MATH 1700,A03 (53261),Calculus 2 (3),M,"Jan 06 - Apr 09, 11:30-12:20 (MWF)",Varvara Shepelska
MATH 1700,A04 (57355),Calculus 2 (3),M,"Jan 06 - Apr 09, 08:30-09:45 (TR)",
MATH 1700,D01 (50715),Calculus 2 (3),DE,Jan 06 - Apr 09,Craig Cowan
MATH 1700,B04 (60650),Calculus 2 (0),M,"Jan 06 - Apr 09, 14:30-15:20 (M)",TBA
MATH 1700,B05 (50411),Calculus 2 (0),M,"Jan 06 - Apr 09, 15:30-16:20 (M)",TBA
MATH 1700,A05 (57356),Calculus 2 (3),M,"Jan 06 - Apr 09, 14:30-15:45 (TR)",Kenneth Gordon
MATH 1710,A02 (50415),Applied Calculus 2 (3),M,"Jan 06 - Apr 09, 13:00-14:15 (TR)",Andriy Prymak
MATH 1710,B02 (50417),Applied Calculus 2 (0),M,"Jan 06 - Apr 09, 08:30-09:20 (R)",TBA
MATH 1710,B05 (52648),Applied Calculus 2 (0),M,"Jan 06 - Apr 09, 08:30-09:20 (W)",TBA
MATH 1710,B04 (65441),Applied Calculus 2 (0),M,"Jan 06 - Apr 09, 14:30-15:20 (R)",TBA
MATH 1710,B03 (50418),Applied Calculus 2 (0),M,"Jan 06 - Apr 09, 14:30-15:20 (R)",TBA
MATH 1710,A01 (50414),Applied Calculus 2 (3),M,"Jan 06 - Apr 09, 08:30-09:20 (MWF)",Jesse Hulse
MATH 1710,B01 (50416),Applied Calculus 2 (0),M,"Jan 06 - Apr 09, 08:30-09:20 (R)",TBA
MATH 1710,B07 (52650),Applied Calculus 2 (0),M,"Jan 06 - Apr 09, 10:30-11:20 (W)",TBA
MATH 1710,B06 (52649),Applied Calculus 2 (0),M,"Jan 06 - Apr 09, 08:30-09:20 (W)",TBA
MATH 2020,A01 (53275),Algebra 1 (3),M,"Jan 06 - Apr 09, 10:30-11:20 (MWF)",Siddarth Sankaran
MATH 2020,B01 (63240),Algebra 1 (0),M,"Jan 06 - Apr 09, 12:30-13:20 (M)",TBA
MATH 2040,A01 (55750),Curves and Surfaces (3),M,"Jan 06 - Apr 09, 13:30-14:20 (MWF)",Siddarth Sankaran
MATH 2040,B01 (55751),Curves and Surfaces (0),M,"Jan 06 - Apr 09, 15:30-16:20 (W)",TBA
MATH 2070,B02 (53278),Graph Theory 1 (0),M,"Jan 06 - Apr 09, 16:30-17:20 (M)",TBA
MATH 2070,B01 (53277),Graph Theory 1 (0),M,"Jan 06 - Apr 09, 15:30-16:20 (M)",TBA
MATH 2070,A01 (53276),Graph Theory 1 (3),M,"Jan 06 - Apr 09, 13:00-14:15 (TR)",Margherita Ferrari
MATH 2130,A01 (51071),Engineering Mathematical Analysis 1 (3),M,"Jan 06 - Apr 09, 08:30-09:20 (MWF)",Michelle Davidson
MATH 2130,B01 (63241),Engineering Mathematical Analysis 1 (0),M,"Jan 06 - Apr 09, 11:30-12:45 (R)",Michelle Davidson
MATH 2132,B01 (63242),Engineering Mathematical Analysis 2 (0),M,"Jan 06 - Apr 09, 11:30-12:45 (T)",TBA
MATH 2132,A01 (51431),Engineering Mathematical Analysis 2 (3),M,"Jan 06 - Apr 09, 08:30-09:20 (MWF)",TBA
MATH 2136,B02 (65100),Mathematics for Computer Engineering (0),M,"Jan 06 - Apr 09, 13:00-14:15 (R)",TBA
MATH 2136,B01 (64295),Mathematics for Computer Engineering (0),M,"Jan 06 - Apr 09, 13:00-14:15 (R)",TBA
MATH 2136,A01 (64294),Mathematics for Computer Engineering (3),M,"Jan 06 - Apr 09, 11:30-12:45 (TR)",Michael Szestopalow
MATH 2150,A01 (53280),Multivariable Calculus (3),M,"Jan 06 - Apr 09, 13:30-14:20 (MWF)",Leo Butler
MATH 2150,B01 (63243),Multivariable Calculus (0),M,"Jan 06 - Apr 09, 16:30-17:20 (W)",TBA
MATH 2170,B01 (63244),Number Theory 1 (0),M,"Jan 06 - Apr 09, 16:30-17:20 (M)",TBA
MATH 2170,A01 (53281),Number Theory 1 (3),M,"Jan 06 - Apr 09, 10:00-11:15 (TR)",Nicholas Harland
MATH 2180,A01 (53282),Real Analysis 1 (3),M,"Jan 06 - Apr 09, 08:30-09:45 (TR)",Jeremy Wu
MATH 2180,B01 (63245),Real Analysis 1 (0),M,"Jan 06 - Apr 09, 12:30-13:20 (F)",TBA
MATH 2720,A01 (57357),Multivariable Calculus (3),M,"Jan 06 - Apr 09, 14:30-15:45 (TR)",Xinli Wang
MATH 2720,B01 (63246),Multivariable Calculus (0),M,"Jan 06 - Apr 09, 16:30-17:20 (F)",TBA
MATH 3132,A01 (51432),Engineering Mathematical Analysis 3 (3),M,"Jan 06 - Apr 09, 08:30-09:45 (TR)",Richard Slevinsky
MATH 3132,B01 (63248),Engineering Mathematical Analysis 3 (0),M,"Jan 06 - Apr 09, 11:30-12:45 (T)",Richard Slevinsky
MATH 3322,A01 (53283),Algebra 3 (3),M,"Jan 06 - Apr 09, 10:30-11:20 (MWF)",Adam Clay
MATH 3330,A01 (60851),Computational Algebra (3),M,"Jan 06 - Apr 09, 10:00-11:15 (TR)",Yang Zhang
MATH 3340,A01 (53285),Complex Analysis 1 (3),M,"Jan 06 - Apr 09, 13:00-14:15 (TR)",Robert Martin
MATH 3420,A01 (53286),Numerical Analysis 2 (3),M,"Jan 06 - Apr 09, 13:30-14:20 (MWF)",Richard Slevinsky
MATH 3460,A01 (53287),Partial Differential Equations (3),M,"Jan 06 - Apr 09, 14:30-15:45 (MW)",Craig Cowan
MATH 3476,A01 (65442),Real Analysis 3 (3),M,"Jan 06 - Apr 09, 14:30-15:45 (TR)",Andriy Prymak
MATH 3480,A01 (65443),Set Theory (3),M,"Jan 06 - Apr 09, 11:30-12:20 (MWF)",TBA
MATH 4270,A01 (53289),Algebraic Topology (3),M,"Jan 06 - Apr 09, 09:30-10:20 (MWF)",Derek Krepski
MATH 4280,A01 (53309),Basic Functional Analysis (3),M,"Jan 06 - Apr 09, 14:30-15:45 (MW)",Raphael Clouatre
MATH 4300,A01 (65444),Combinatorial Geometry (3),M,"Jan 06 - Apr 09, 11:30-12:45 (TR)",Karen Gunderson
MATH 4360,A01 (65445),Introduction to Differential Geometry (3),M,"Jan 06 - Apr 09, 10:30-11:20 (MWF)",Derek Krepski
MATH 4440,A01 (65446),Numerical Analysis of Partial Differential Equations (3),M,"Jan 06 - Apr 09, 14:00-15:15 (TR)",Shiu Lui
MATH 4450,A01 (65447),Number Theory 2 (3),M,"Jan 06 - Apr 09, 12:30-13:20 (MWF)",Siddarth Sankaran
MATH 4460,A01 (65448),Partial Differential Equations 2 (3),M,"Jan 06 - Apr 09, 10:00-11:15 (TR)",Craig Cowan
MATH 4490,A01 (63075),Optimization (3),M,"Jan 06 - Apr 09, 10:30-11:20 (MWF)",Michael Szestopalow
MATH 7270,A01 (55304),Algebraic Topology (3),M,"Jan 06 - Apr 09, 09:30-10:20 (MWF)",Derek Krepski
MATH 7280,A01 (55305),Basic Functional Analysis (3),M,"Jan 06 - Apr 09, 14:30-15:45 (MW)",Raphael Clouatre
MATH 7300,A01 (65449),Combinatorial Geometry (3),M,"Jan 06 - Apr 09, 11:30-12:45 (TR)",Karen Gunderson
MATH 7360,A01 (65450),Introduction to Differential Geometry (3),M,"Jan 06 - Apr 09, 10:30-11:20 (MWF)",Derek Krepski
MATH 7440,A01 (65451),Numerical Analysis of Partial Differential Equations (3),M,"Jan 06 - Apr 09, 14:00-15:15 (TR)",Shiu Lui
MATH 7450,A01 (65452),Number Theory 2 (3),M,"Jan 06 - Apr 09, 12:30-13:20 (MWF)",Siddarth Sankaran
MATH 7460,A01 (65453),Partial Differential Equations 2 (3),M,"Jan 06 - Apr 09, 10:00-11:15 (TR)",Craig Cowan
MATH 7490,A01 (63076),Optimization (3),M,"Jan 06 - Apr 09, 10:30-11:20 (MWF)",Michael Szestopalow
MBIO 1010,B01 (51715),Microbiology I (0),M,"Jan 06 - Apr 09, 08:30-11:25 (M)",Madison Egan
MBIO 1010,B02 (51551),Microbiology I (0),M,"Jan 06 - Apr 09, 14:30-17:25 (M)",Madison Egan
MBIO 1010,B03 (51552),Microbiology I (0),M,"Jan 06 - Apr 09, 08:30-11:25 (T)",Madison Egan
MBIO 1010,B04 (51714),Microbiology I (0),M,"Jan 06 - Apr 09, 14:30-17:25 (T)",Madison Egan
MBIO 1010,B99 (51553),Microbiology I (0),M,Jan 06 - Apr 09,Madison Egan
MBIO 1010,A02 (51840),Microbiology I (3),M,"Jan 06 - Apr 09, 10:30-11:20 (MWF)",Sean Booth
MBIO 1010,A01 (51550),Microbiology I (3),M,"Jan 06 - Apr 09, 12:30-13:20 (MWF)",Madison Egan
MBIO 1220,A03 (51458),Essentials of Microbiology (3),M,Jan 06 - Apr 09,Elizabeth Hughes
MBIO 1220,A03 (51458),Essentials of Microbiology (3),M,"Jan 06 - Apr 09, 12:30-13:20 (MWF)",Elizabeth Hughes
MBIO 1220,A04 (64110),Essentials of Microbiology (3),M,"Jan 06 - Apr 09, 10:00-11:15 (TR)",Diana Mlinar
MBIO 1220,A01 (50457),Essentials of Microbiology (3),M,"Jan 06 - Apr 09, 11:30-12:20 (MWF)",Diana Mlinar
MBIO 1220,A02 (51215),Essentials of Microbiology (3),M,"Jan 06 - Apr 09, 09:30-10:20 (MWF)",Diana Mlinar
MBIO 2020,B02 (51556),Microbiology II (0),M,"Jan 06 - Apr 09, 08:30-11:25 (R)",Christopher Rathgeber
MBIO 2020,B01 (51555),Microbiology II (0),M,"Jan 06 - Apr 09, 14:30-17:25 (W)",Christopher Rathgeber
MBIO 2020,A01 (51554),Microbiology II (3),M,"Jan 06 - Apr 09, 10:30-11:20 (MWF)",Ann Brassinga
MBIO 2020,B04 (51558),Microbiology II (0),M,"Jan 06 - Apr 09, 14:30-17:25 (F)",Christopher Rathgeber
MBIO 2020,B99 (51559),Microbiology II (0),M,Jan 06 - Apr 09,Christopher Rathgeber
MBIO 2020,B03 (51557),Microbiology II (0),M,"Jan 06 - Apr 09, 14:30-17:25 (R)",Christopher Rathgeber
MBIO 2230,A01 (63081),Introductory Biogeochemistry (3),M,"Jan 06 - Apr 09, 10:30-11:20 (MWF)",Matthew Bakker
MBIO 2420,A01 (57046),Introductory Virology (3),M,"Jan 06 - Apr 09, 09:30-10:20 (MWF)",Peter Pelka
MBIO 2710,A01 (60798),"Biochemistry 2: Catabolism, Synthesis, and Information Pathways (3)",M,"Jan 06 - Apr 09, 11:30-12:45 (TR)",Gerd Prehna
MBIO 2710,A02 (60799),"Biochemistry 2: Catabolism, Synthesis, and Information Pathways (3)",M,"Jan 06 - Apr 09, 08:30-09:45 (TR)",Mazdak Khajehpour
MBIO 2750,A01 (60801),Elements of Biochemistry 2 (3),M,"Jan 06 - Apr 09, 12:30-13:20 (MWF)",Ellert Nichols
MBIO 3000,A01 (51221),Applied Biological Safety (3),M,"Jan 06 - Apr 09, 08:30-09:45 (TR)",Natasha Theriault
MBIO 3010,A01 (57048),Mechanisms of Microbial Disease (3),M,"Jan 06 - Apr 09, 10:00-11:15 (TR)",Miguel Uyaguari Diaz
MBIO 3032,A01 (65428),Microbiology III: Physiology and Metabolism (3),M,"Jan 06 - Apr 09, 13:00-14:15 (TR)",Richard Sparling
MBIO 3300,T01 (65429),Exploring Microbial Dark Matter (3),M,"Jan 06 - Apr 09, 09:30-10:20 (MWF)",Marike Palmer
MBIO 3410,A01 (63082),Molecular Biology (3),M,"Jan 06 - Apr 09, 11:30-12:20 (MWF)",Damien Rivers
MBIO 3430,A01 (50481),Molecular Evolution (3),M,"Jan 06 - Apr 09, 11:30-12:45 (TR)",Georg Hausner
MBIO 3450,A01 (50483),Regulation of Biochemical Processes (3),M,"Jan 06 - Apr 09, 10:30-11:20 (MWF)",Ivan Oresnik
MBIO 3600,A02 (60208),Molecular Microbiology Techniques (3),M,"Jan 06 - Apr 09, 14:30-17:25 (TR)",Damien Rivers
MBIO 3700,A02 (60865),Experimental Microbiology Laboratory (3),M,"Jan 06 - Apr 09, 14:30-17:25 (T)",Christopher Rathgeber
MBIO 4020,A01 (50630),Immunology (3),M,"Jan 06 - Apr 09, 13:00-14:15 (TR)",Deborah Court
MBIO 4300,A01 (62029),Infectious Diseases Around the World (3),M,"Jan 06 - Apr 09, 08:30-09:20 (MWF)",Diana Mlinar
MBIO 4410,A01 (50631),Virology (3),M,"Jan 06 - Apr 09, 08:30-09:45 (TR)",Diana Mlinar
MBIO 4520,B01 (63084),Industrial Bioprocesses (0),M,"Jan 06 - Apr 09, 14:30-17:25 (W)",Damien Rivers
MBIO 4520,A01 (63083),Industrial Bioprocesses (3),M,"Jan 06 - Apr 09, 12:30-13:20 (MWF)",Richard Sparling
MBIO 4530,A01 (51884),Project in Microbiology (Part B) (3),M,Jan 06 - Apr 09,Ivan Oresnik
MBIO 4672,A01 (51235),Applied Molecular Biology (3),M,"Jan 06 - Apr 09, 10:00-11:15 (TR)",Silvia Cardona
MBIO 7010,A01 (50692),Graduate Seminar in Microbiology 1 (Part B) (1.5),M,"Jan 06 - Apr 09, 14:30-16:20 (TR)",Sean Booth
MBIO 7020,A01 (50694),Graduate Seminar in Microbiology 2 (Part B) (1.5),M,"Jan 06 - Apr 09, 14:30-16:20 (TR)",Ann Brassinga
MBIO 7040,A01 (51422),Graduate Microbiology (Part B) (1.5),M,"Jan 06 - Apr 09, 11:30-13:20 (MWF)",Matthew Bakker
MBIO 7050,A01 (57047),Environmental Microbiology (Part B) (1.5),M,Jan 06 - Apr 09,Vladimir Yurkov
MBIO 7060,A01 (58404),Microbial Interactions (Part B) (1.5),M,Jan 06 - Apr 09,Vladimir Yurkov
MBIO 7070,A01 (59443),Bioprocessing (Part B) (1.5),M,Jan 06 - Apr 09,Vladimir Yurkov
MBIO 7100,A01 (58405),Advanced Concepts in Molecular Biology (Part B) (1.5),M,Jan 06 - Apr 09,Vladimir Yurkov
MBIO 7160,T02 (66165),Fungal Pathogen Evolution (3),M,Jan 06 - Apr 09,Aleeza Gerstein
ASTR 1830,A01 (61976),Life in the Universe (3),M,"Jan 06 - Apr 09, 11:30-12:45 (TR)",Tyrone Woods
ASTR 2070,A01 (57053),Observational Astronomy Techniques (3),M,"Jan 06 - Apr 09, 10:30-11:20 (MWF)",Danielle Pahud
ASTR 2070,B01 (63135),Observational Astronomy Techniques (0),M,"Jan 06 - Apr 09, 19:00-21:45 (T)",Danielle Pahud
ASTR 3230,A01 (64255),The Phenomenology of Galaxies (3),M,"Jan 06 - Apr 09, 10:00-11:15 (TR)",Tyrone Woods
ASTR 4020,A01 (65469),Cosmology and Black Holes (3),M,"Jan 06 - Apr 09, 09:30-10:20 (MWF)",Andreas Shalchi Toussi
ASTR 4200,A01 (65471),Radio Astronomy (3),M,"Jan 06 - Apr 09, 13:00-14:15 (TR)",Samar Safi-Harb
ASTR 7020,A01 (65470),Cosmology and Black Holes (3),M,"Jan 06 - Apr 09, 09:30-10:20 (MWF)",Andreas Shalchi Toussi
ASTR 7200,A01 (65472),Radio Astronomy (3),M,"Jan 06 - Apr 09, 13:00-14:15 (TR)",Samar Safi-Harb
PHYS 1018,A01 (63974),The Mechanics of Nature (3),M,"Jan 06 - Apr 09, 11:30-12:45 (TR)",Andriy Yamchuk
PHYS 1020,A01 (50298),General Physics 1 (3),M,"Jan 06 - Apr 09, 11:30-12:20 (MWF)",Wouter Deconinck
PHYS 1020,B01 (50296),General Physics 1 (0),M,"Jan 06 - Apr 09, 14:30-17:25 (R)",Ruth Cameron
PHYS 1020,B02 (50297),General Physics 1 (0),M,"Jan 06 - Apr 09, 14:30-17:25 (F)",Ruth Cameron
PHYS 1020,B99 (52730),General Physics 1 (0),M,Jan 06 - Apr 09,Ruth Cameron
PHYS 1030,B01 (50303),General Physics 2 (0),M,"Jan 06 - Apr 09, 14:30-17:25 (M)",Ruth Cameron
PHYS 1030,B02 (50299),General Physics 2 (0),M,"Jan 06 - Apr 09, 08:30-11:25 (T)",Ruth Cameron
PHYS 1030,B03 (50300),General Physics 2 (0),M,"Jan 06 - Apr 09, 11:30-14:20 (T)",Ruth Cameron
PHYS 1030,B05 (50302),General Physics 2 (0),M,"Jan 06 - Apr 09, 11:30-14:25 (W)",Ruth Cameron
PHYS 1030,B04 (50301),General Physics 2 (0),M,"Jan 06 - Apr 09, 14:30-17:25 (T)",Ruth Cameron
PHYS 1030,B06 (50304),General Physics 2 (0),M,"Jan 06 - Apr 09, 14:30-17:25 (W)",Ruth Cameron
PHYS 1030,B99 (52731),General Physics 2 (0),M,Jan 06 - Apr 09,Ruth Cameron
PHYS 1030,A01 (50306),General Physics 2 (3),M,"Jan 06 - Apr 09, 08:30-09:20 (MWF)",Prem Basnet
PHYS 1030,A02 (65479),General Physics 2 (3),M,"Jan 06 - Apr 09, 11:30-12:20 (MWF)",TBA
PHYS 1050,B03 (50321),Physics 1: Mechanics (0),M,"Jan 06 - Apr 09, 14:30-17:25 (F)",Ruth Cameron
PHYS 1050,B02 (52747),Physics 1: Mechanics (0),M,"Jan 06 - Apr 09, 08:30-11:25 (F)",Ruth Cameron
PHYS 1050,B99 (52732),Physics 1: Mechanics (0),M,Jan 06 - Apr 09,Ruth Cameron
PHYS 1050,B01 (51339),Physics 1: Mechanics (0),M,"Jan 06 - Apr 09, 14:30-17:25 (R)",Ruth Cameron
PHYS 1050,A01 (50324),Physics 1: Mechanics (3),M,"Jan 06 - Apr 09, 13:30-14:20 (MWF)",Peter Blunden
PHYS 1070,B04 (50335),Physics 2: Waves and Modern Physics (0),M,"Jan 06 - Apr 09, 14:30-17:25 (W)",Ruth Cameron
PHYS 1070,B03 (50334),Physics 2: Waves and Modern Physics (0),M,"Jan 06 - Apr 09, 14:30-17:25 (T)",Ruth Cameron
PHYS 1070,B06 (51329),Physics 2: Waves and Modern Physics (0),M,"Jan 06 - Apr 09, 14:30-17:25 (R)",Ruth Cameron
PHYS 1070,B99 (52733),Physics 2: Waves and Modern Physics (0),M,Jan 06 - Apr 09,Ruth Cameron
PHYS 1070,B01 (50332),Physics 2: Waves and Modern Physics (0),M,"Jan 06 - Apr 09, 14:30-17:25 (M)",Ruth Cameron
PHYS 1070,B05 (58037),Physics 2: Waves and Modern Physics (0),M,"Jan 06 - Apr 09, 08:30-11:25 (R)",Ruth Cameron
PHYS 1070,B02 (50333),Physics 2: Waves and Modern Physics (0),M,"Jan 06 - Apr 09, 08:30-11:25 (T)",Ruth Cameron
PHYS 1070,A01 (50336),Physics 2: Waves and Modern Physics (3),M,"Jan 06 - Apr 09, 09:30-10:20 (MWF)",
PHYS 1070,A02 (51099),Physics 2: Waves and Modern Physics (3),M,"Jan 06 - Apr 09, 13:30-14:20 (MWF)",Gerald Gwinner
PHYS 2010,A01 (62481),Computational Modeling of Natural and Human-Created Systems (3),M,"Jan 06 - Apr 09, 10:00-11:15 (TR)",Jesko Sirker
PHYS 2152,A01 (51103),Modern Physics for Engineers (3),M,"Jan 06 - Apr 09, 12:30-13:20 (MWF)",
PHYS 2152,B99 (55395),Modern Physics for Engineers (0),M,Jan 06 - Apr 09,Ruth Cameron
PHYS 2152,B01 (51102),Modern Physics for Engineers (0),M,"Jan 06 - Apr 09, 14:30-17:25 (M)",Ruth Cameron
PHYS 2152,B02 (51100),Modern Physics for Engineers (0),M,"Jan 06 - Apr 09, 14:30-17:25 (T)",Ruth Cameron
PHYS 2152,B03 (51101),Modern Physics for Engineers (0),M,"Jan 06 - Apr 09, 14:30-17:25 (W)",Ruth Cameron
PHYS 2386,A01 (57054),Introduction to Quantum Mechanics and Special Relativity (3),M,"Jan 06 - Apr 09, 10:00-11:15 (TR)",Roy Roshko
PHYS 2610,B01 (63249),Circuit Theory and Introductory Electronics (0),M,"Jan 06 - Apr 09, 14:30-17:15 (M)",Johan Van Lierop
PHYS 2610,A01 (50352),Circuit Theory and Introductory Electronics (3),M,"Jan 06 - Apr 09, 13:00-14:15 (TR)",Johan Van Lierop
PHYS 2650,A01 (50353),Classical Mechanics 1 (3),M,"Jan 06 - Apr 09, 14:30-15:45 (TR)",Canming Hu
PHYS 3220,A01 (50354),Medical Physics and Physiological Measurement (3),M,"Jan 06 - Apr 09, 10:00-11:15 (TR)",Stephen Pistorius
PHYS 3300,T01 (65473),Thinking like a Physicist (3),M,"Jan 06 - Apr 09, 08:30-09:20 (MWF)",Roy Roshko
PHYS 3386,A01 (57057),Quantum Mechanics 2 (3),M,"Jan 06 - Apr 09, 09:30-10:20 (MWF)",Juliette Mammei
PHYS 3430,A01 (50356),Honours Physics Laboratory (Part B) (3),M,"Jan 06 - Apr 09, 14:30-17:15 (TR)",Wouter Deconinck
PHYS 3630,A01 (52124),Electro - and Magnetostatic Theory (3),M,"Jan 06 - Apr 09, 13:30-14:20 (MWF)",Danielle Pahud
PHYS 3670,A01 (57058),Classical Thermodynamics (3),M,"Jan 06 - Apr 09, 08:30-09:20 (MWF)",Johan Van Lierop
PHYS 4250,A01 (50359),Computational Physics (3),M,"Jan 06 - Apr 09, 11:30-12:20 (MWF)",Savino Longo
PHYS 4300,T13 (65478),Experimental Design (3),M,"Jan 06 - Apr 09, 13:00-14:15 (TR)",Gerald Gwinner
PHYS 4516,A01 (57060),Introduction to Nuclear and Particle Physics (3),M,"Jan 06 - Apr 09, 11:30-12:45 (TR)",Kyle Shiells
PHYS 4520,A01 (57061),Introduction to Solid State Physics (3),M,"Jan 06 - Apr 09, 10:30-11:20 (MWF)",Canming Hu
PHYS 4678,A01 (51222),Honours Thesis - Dissertation (3),M,Jan 06 - Apr 09,Ruth Cameron
PHYS 7410,A01 (65474),Diagnostic Methods (3),M,Jan 06 - Apr 09,Daniel Rickey
PHYS 7422,A01 (65475),Physics of X-ray Imaging (3),M,Jan 06 - Apr 09,Harry Ingleby
PHYS 7430,A01 (65476),Physics of Nuclear Medicine (3),M,Jan 06 - Apr 09,Jonathan Thiessen
PHYS 7440,T62 (65477),Experimental Design (3),M,"Jan 06 - Apr 09, 13:00-14:15 (TR)",Gerald Gwinner
PHYS 7440,T32 (64287),Quantum Solids (3),M,"Jan 06 - Apr 09, 10:30-11:20 (MWF)",Canming Hu
PHYS 7570,A01 (65468),Nuclear Physics (3),M,Jan 06 - Apr 09,Michael Gericke
PHYS 7590,A01 (62482),Electromagnetic Theory (3),M,"Jan 06 - Apr 09, 11:30-12:45 (TR)",Khodr Shamseddine
PHYS 7720,A01 (60557),Quantum Mechanics 1 (3),M,"Jan 06 - Apr 09, 10:00-11:15 (TR)",Savino Longo
DATA 2010,A01 (62205),Tools and Techniques for Data Science (3),M,"Jan 06 - Apr 09, 13:30-14:20 (MWF)",Lei Ding
DATA 2010,B01 (62206),Tools and Techniques for Data Science (0),M,"Jan 06 - Apr 09, 12:30-13:20 (W)",TBA
DATA 4010,A01 (63289),Data Science Capstone Project (Part B) (3),M,"Jan 06 - Apr 09, 14:30-15:45 (MW)",Margherita Ferrari
SCI 1002,B01 (64799),Research Project Course (0),M,"Jan 06 - Apr 09, 08:30-11:20 (R)",Melanie Lalonde
SCI 1002,T03 (62671),Research Project Course (3),M,"Jan 06 - Apr 09, 09:30-10:20 (MWF)",Melanie Lalonde
SCI 2002,B01 (64477),DIY Science - Interacting with the World Around You (0),M,"Jan 06 - Apr 09, 14:30-17:15 (R)",Jacob Burgess
SCI 2002,T01 (63136),DIY Science - Interacting with the World Around You (3),M,"Jan 06 - Apr 09, 14:30-17:15 (T)",Jacob Burgess
SCI 3980,K11 (59586),Co-operative Education Work Term 1 (0),WKT,Jan 06 - Apr 09,Riyalyn Timpog
SCI 3980,K10 (59582),Co-operative Education Work Term 1 (0),WKT,Jan 06 - Apr 09,Riyalyn Timpog
SCI 3980,K05 (59566),Co-operative Education Work Term 1 (0),WKT,Jan 06 - Apr 09,Riyalyn Timpog
SCI 3980,K14 (60904),Co-operative Education Work Term 1 (0),WKT,Jan 06 - Apr 09,Geoffrey Anderson
SCI 3980,K08 (59578),Co-operative Education Work Term 1 (0),WKT,Jan 06 - Apr 09,Lisa Wise
SCI 3980,K07 (59574),Co-operative Education Work Term 1 (0),WKT,Jan 06 - Apr 09,Riyalyn Timpog
SCI 3980,K06 (59570),Co-operative Education Work Term 1 (0),WKT,Jan 06 - Apr 09,Riyalyn Timpog
SCI 3980,K12 (59590),Co-operative Education Work Term 1 (0),WKT,Jan 06 - Apr 09,Riyalyn Timpog
SCI 3980,K13 (59594),Co-operative Education Work Term 1 (0),WKT,Jan 06 - Apr 09,Geoffrey Anderson
SCI 3980,K04 (59562),Co-operative Education Work Term 1 (0),WKT,Jan 06 - Apr 09,Riyalyn Timpog
SCI 3980,K01 (59143),Co-operative Education Work Term 1 (0),WKT,Jan 06 - Apr 09,Geoffrey Anderson
SCI 3980,K02 (59144),Co-operative Education Work Term 1 (0),WKT,Jan 06 - Apr 09,Geoffrey Anderson
SCI 3990,K04 (59563),Co-operative Education Work Term 2 (0),WKT,Jan 06 - Apr 09,Riyalyn Timpog
SCI 3990,K12 (59591),Co-operative Education Work Term 2 (0),WKT,Jan 06 - Apr 09,Riyalyn Timpog
SCI 3990,K13 (59595),Co-operative Education Work Term 2 (0),WKT,Jan 06 - Apr 09,Geoffrey Anderson
SCI 3990,K11 (59587),Co-operative Education Work Term 2 (0),WKT,Jan 06 - Apr 09,Riyalyn Timpog
SCI 3990,K10 (59583),Co-operative Education Work Term 2 (0),WKT,Jan 06 - Apr 09,Riyalyn Timpog
SCI 3990,K01 (59145),Co-operative Education Work Term 2 (0),WKT,Jan 06 - Apr 09,Geoffrey Anderson
SCI 3990,K14 (60905),Co-operative Education Work Term 2 (0),WKT,Jan 06 - Apr 09,Geoffrey Anderson
SCI 3990,K08 (59579),Co-operative Education Work Term 2 (0),WKT,Jan 06 - Apr 09,Lisa Wise
SCI 3990,K02 (59146),Co-operative Education Work Term 2 (0),WKT,Jan 06 - Apr 09,Geoffrey Anderson
SCI 3990,K05 (59567),Co-operative Education Work Term 2 (0),WKT,Jan 06 - Apr 09,Riyalyn Timpog
SCI 3990,K06 (59571),Co-operative Education Work Term 2 (0),WKT,Jan 06 - Apr 09,Riyalyn Timpog
SCI 3990,K07 (59575),Co-operative Education Work Term 2 (0),WKT,Jan 06 - Apr 09,Riyalyn Timpog
SCI 4000,T03 (62865),Entrepreneurial Mindset for Scientists and Engineers (3),M,"Jan 06 - Apr 09, 17:30-20:15 (W)",Joshua Zaporzan
SCI 4980,K07 (59576),Co-operative Education Work Term 3 (0),WKT,Jan 06 - Apr 09,Riyalyn Timpog
SCI 4980,K12 (59592),Co-operative Education Work Term 3 (0),WKT,Jan 06 - Apr 09,Riyalyn Timpog
SCI 4980,K05 (59568),Co-operative Education Work Term 3 (0),WKT,Jan 06 - Apr 09,Riyalyn Timpog
SCI 4980,K13 (59596),Co-operative Education Work Term 3 (0),WKT,Jan 06 - Apr 09,Geoffrey Anderson
SCI 4980,K11 (59588),Co-operative Education Work Term 3 (0),WKT,Jan 06 - Apr 09,Riyalyn Timpog
SCI 4980,K01 (59147),Co-operative Education Work Term 3 (0),WKT,Jan 06 - Apr 09,Geoffrey Anderson
SCI 4980,K10 (59584),Co-operative Education Work Term 3 (0),WKT,Jan 06 - Apr 09,Riyalyn Timpog
SCI 4980,K06 (59572),Co-operative Education Work Term 3 (0),WKT,Jan 06 - Apr 09,Riyalyn Timpog
SCI 4980,K08 (59580),Co-operative Education Work Term 3 (0),WKT,Jan 06 - Apr 09,Lisa Wise
SCI 4980,K04 (59564),Co-operative Education Work Term 3 (0),WKT,Jan 06 - Apr 09,Riyalyn Timpog
SCI 4980,K14 (60907),Co-operative Education Work Term 3 (0),WKT,Jan 06 - Apr 09,Geoffrey Anderson
SCI 4980,K02 (59148),Co-operative Education Work Term 3 (0),WKT,Jan 06 - Apr 09,Geoffrey Anderson
SCI 4990,K14 (60908),Co-operative Education Work Term 4 (0),WKT,Jan 06 - Apr 09,Geoffrey Anderson
SCI 4990,K13 (59597),Co-operative Education Work Term 4 (0),WKT,Jan 06 - Apr 09,Geoffrey Anderson
SCI 4990,K04 (59565),Co-operative Education Work Term 4 (0),WKT,Jan 06 - Apr 09,Riyalyn Timpog
SCI 4990,K11 (59589),Co-operative Education Work Term 4 (0),WKT,Jan 06 - Apr 09,Riyalyn Timpog
SCI 4990,K01 (59149),Co-operative Education Work Term 4 (0),WKT,Jan 06 - Apr 09,Geoffrey Anderson
SCI 4990,K02 (59150),Co-operative Education Work Term 4 (0),WKT,Jan 06 - Apr 09,Geoffrey Anderson
SCI 4990,K05 (59569),Co-operative Education Work Term 4 (0),WKT,Jan 06 - Apr 09,Riyalyn Timpog
SCI 4990,K12 (59593),Co-operative Education Work Term 4 (0),WKT,Jan 06 - Apr 09,Riyalyn Timpog
SCI 4990,K07 (59577),Co-operative Education Work Term 4 (0),WKT,Jan 06 - Apr 09,Riyalyn Timpog
SCI 4990,K08 (59581),Co-operative Education Work Term 4 (0),WKT,Jan 06 - Apr 09,Lisa Wise
SCI 4990,K10 (59585),Co-operative Education Work Term 4 (0),WKT,Jan 06 - Apr 09,Riyalyn Timpog
SCI 4990,K06 (59573),Co-operative Education Work Term 4 (0),WKT,Jan 06 - Apr 09,Riyalyn Timpog
STAT 1000,B03 (55892),Basic Statistical Analysis 1 (0),M,"Jan 06 - Apr 09, 14:30-15:20 (W)",TBA
STAT 1000,B04 (65406),Basic Statistical Analysis 1 (0),M,"Jan 06 - Apr 09, 14:30-15:20 (W)",TBA
STAT 1000,B05 (58372),Basic Statistical Analysis 1 (0),M,"Jan 06 - Apr 09, 14:30-15:20 (W)",TBA
STAT 1000,B07 (55894),Basic Statistical Analysis 1 (0),M,"Jan 06 - Apr 09, 16:30-17:20 (W)",TBA
STAT 1000,B08 (55895),Basic Statistical Analysis 1 (0),M,"Jan 06 - Apr 09, 16:30-17:20 (W)",TBA
STAT 1000,B09 (55897),Basic Statistical Analysis 1 (0),M,"Jan 06 - Apr 09, 18:00-18:50 (W)",TBA
STAT 1000,B10 (55896),Basic Statistical Analysis 1 (0),M,"Jan 06 - Apr 09, 08:30-09:20 (R)",TBA
STAT 1000,B11 (58374),Basic Statistical Analysis 1 (0),M,"Jan 06 - Apr 09, 14:30-15:20 (R)",TBA
STAT 1000,B12 (55902),Basic Statistical Analysis 1 (0),M,"Jan 06 - Apr 09, 14:30-15:20 (R)",TBA
STAT 1000,B13 (55898),Basic Statistical Analysis 1 (0),M,"Jan 06 - Apr 09, 14:30-15:20 (R)",TBA
STAT 1000,B14 (55899),Basic Statistical Analysis 1 (0),M,"Jan 06 - Apr 09, 14:30-15:20 (R)",TBA
STAT 1000,B15 (55903),Basic Statistical Analysis 1 (0),M,"Jan 06 - Apr 09, 15:30-16:20 (R)",TBA
STAT 1000,B16 (55904),Basic Statistical Analysis 1 (0),M,"Jan 06 - Apr 09, 15:30-16:20 (R)",TBA
STAT 1000,B17 (55906),Basic Statistical Analysis 1 (0),M,"Jan 06 - Apr 09, 16:30-17:20 (R)",TBA
STAT 1000,B18 (55900),Basic Statistical Analysis 1 (0),M,"Jan 06 - Apr 09, 08:30-09:20 (F)",TBA
STAT 1000,B19 (55905),Basic Statistical Analysis 1 (0),M,"Jan 06 - Apr 09, 08:30-09:20 (F)",TBA
STAT 1000,B20 (55907),Basic Statistical Analysis 1 (0),M,"Jan 06 - Apr 09, 14:30-15:20 (F)",TBA
STAT 1000,B21 (55908),Basic Statistical Analysis 1 (0),M,"Jan 06 - Apr 09, 14:30-15:20 (F)",TBA
STAT 1000,B22 (55901),Basic Statistical Analysis 1 (0),M,"Jan 06 - Apr 09, 14:30-15:20 (F)",TBA
STAT 1000,B23 (55909),Basic Statistical Analysis 1 (0),M,"Jan 06 - Apr 09, 14:30-15:20 (F)",TBA
STAT 1000,B24 (62054),Basic Statistical Analysis 1 (0),M,"Jan 06 - Apr 09, 15:30-16:20 (F)",TBA
STAT 1000,B25 (55910),Basic Statistical Analysis 1 (0),M,"Jan 06 - Apr 09, 15:30-16:20 (F)",TBA
STAT 1000,B26 (58373),Basic Statistical Analysis 1 (0),M,"Jan 06 - Apr 09, 14:30-15:20 (F)",TBA
STAT 1000,D01 (51177),Basic Statistical Analysis 1 (3),DE,Jan 06 - Apr 09,Ankit Doshi
STAT 1000,G07 (65634),Basic Statistical Analysis 1 (3),M,"Jan 06 - Apr 09, 13:30-14:20 (MWF)",Emily McKinnon
STAT 1000,B02 (55891),Basic Statistical Analysis 1 (0),M,"Jan 06 - Apr 09, 08:30-09:20 (W)",TBA
STAT 1000,B01 (55890),Basic Statistical Analysis 1 (0),M,"Jan 06 - Apr 09, 08:30-09:20 (W)",TBA
STAT 1000,B06 (55893),Basic Statistical Analysis 1 (0),M,"Jan 06 - Apr 09, 15:30-16:20 (W)",TBA
STAT 1000,A01 (50080),Basic Statistical Analysis 1 (3),M,"Jan 06 - Apr 09, 12:30-13:20 (MWF)",Tessa Reimer
STAT 1000,A05 (50084),Basic Statistical Analysis 1 (3),M,"Jan 06 - Apr 09, 19:00-21:45 (W)",Funmilola Taiwo
STAT 1000,A04 (58371),Basic Statistical Analysis 1 (3),M,"Jan 06 - Apr 09, 14:30-15:45 (MW)",Tessa Reimer
STAT 1000,A02 (50081),Basic Statistical Analysis 1 (3),M,"Jan 06 - Apr 09, 13:00-14:15 (TR)",Andrew Morris
STAT 1000,A03 (50083),Basic Statistical Analysis 1 (3),M,"Jan 06 - Apr 09, 10:00-11:15 (TR)",Andrew Morris
STAT 1150,B01 (55912),Introduction to Statistics and Computing (0),M,"Jan 06 - Apr 09, 09:30-10:20 (T)",TBA
STAT 1150,A01 (55911),Introduction to Statistics and Computing (3),M,"Jan 06 - Apr 09, 14:30-15:45 (MW)",Andrew Morris
STAT 1150,B10 (64245),Introduction to Statistics and Computing (0),M,"Jan 06 - Apr 09, 15:30-16:20 (W)",TBA
STAT 1150,B09 (64244),Introduction to Statistics and Computing (0),M,"Jan 06 - Apr 09, 14:30-15:20 (W)",TBA
STAT 1150,B08 (64243),Introduction to Statistics and Computing (0),M,"Jan 06 - Apr 09, 09:30-10:20 (W)",TBA
STAT 1150,B07 (64242),Introduction to Statistics and Computing (0),M,"Jan 06 - Apr 09, 14:30-15:20 (T)",TBA
STAT 1150,B06 (64241),Introduction to Statistics and Computing (0),M,"Jan 06 - Apr 09, 13:30-14:20 (T)",TBA
STAT 1150,A02 (64240),Introduction to Statistics and Computing (3),M,"Jan 06 - Apr 09, 10:00-11:15 (TR)",Carrie Madden
STAT 1150,B04 (59948),Introduction to Statistics and Computing (0),M,"Jan 06 - Apr 09, 10:30-11:20 (W)",TBA
STAT 1150,B05 (63987),Introduction to Statistics and Computing (0),M,"Jan 06 - Apr 09, 13:30-14:20 (W)",TBA
STAT 1150,B03 (55914),Introduction to Statistics and Computing (0),M,"Jan 06 - Apr 09, 15:30-16:20 (T)",TBA
STAT 1150,B02 (55913),Introduction to Statistics and Computing (0),M,"Jan 06 - Apr 09, 10:30-11:20 (T)",TBA
STAT 2000,B03 (55915),Basic Statistical Analysis 2 (0),M,"Jan 06 - Apr 09, 14:30-15:20 (M)",TBA
STAT 2000,A02 (50086),Basic Statistical Analysis 2 (3),M,"Jan 06 - Apr 09, 10:30-11:20 (MWF)",Tessa Reimer
STAT 2000,B09 (56527),Basic Statistical Analysis 2 (0),M,"Jan 06 - Apr 09, 14:30-15:20 (T)",TBA
STAT 2000,B04 (55917),Basic Statistical Analysis 2 (0),M,"Jan 06 - Apr 09, 14:30-15:20 (M)",TBA
STAT 2000,B08 (58375),Basic Statistical Analysis 2 (0),M,"Jan 06 - Apr 09, 14:30-15:20 (T)",TBA
STAT 2000,B02 (62055),Basic Statistical Analysis 2 (0),M,"Jan 06 - Apr 09, 14:30-15:20 (M)",TBA
STAT 2000,D01 (50650),Basic Statistical Analysis 2 (3),DE,Jan 06 - Apr 09,Ankit Doshi
STAT 2000,B05 (55918),Basic Statistical Analysis 2 (0),M,"Jan 06 - Apr 09, 15:30-16:20 (M)",TBA
STAT 2000,B01 (55916),Basic Statistical Analysis 2 (0),M,"Jan 06 - Apr 09, 08:30-09:20 (M)",TBA
STAT 2000,B06 (55923),Basic Statistical Analysis 2 (0),M,"Jan 06 - Apr 09, 08:30-09:20 (T)",TBA
STAT 2000,B10 (55919),Basic Statistical Analysis 2 (0),M,"Jan 06 - Apr 09, 15:30-16:20 (T)",TBA
STAT 2000,A01 (50085),Basic Statistical Analysis 2 (3),M,"Jan 06 - Apr 09, 11:30-12:45 (TR)",Carrie Madden
STAT 2000,B07 (55924),Basic Statistical Analysis 2 (0),M,"Jan 06 - Apr 09, 14:30-15:20 (T)",TBA
STAT 2150,B01 (55930),Statistics and Computing (0),M,"Jan 06 - Apr 09, 13:30-14:20 (R)",TBA
STAT 2150,B04 (63965),Statistics and Computing (0),M,"Jan 06 - Apr 09, 10:30-11:20 (F)",TBA
STAT 2150,B02 (55931),Statistics and Computing (0),M,"Jan 06 - Apr 09, 14:30-15:20 (R)",TBA
STAT 2150,B03 (55929),Statistics and Computing (0),M,"Jan 06 - Apr 09, 09:30-10:20 (F)",TBA
STAT 2150,A01 (55928),Statistics and Computing (3),M,"Jan 06 - Apr 09, 10:00-11:15 (TR)",Ankit Doshi
STAT 2220,A01 (50089),Contemporary Statistics for Engineers (3),M,"Jan 06 - Apr 09, 13:30-14:20 (MWF)",Guanhong Xiao
STAT 2220,B01 (63237),Contemporary Statistics for Engineers (0),M,"Jan 06 - Apr 09, 13:00-14:15 (R)",TBA
STAT 2300,A01 (64246),Principles of Data Collection (3),M,"Jan 06 - Apr 09, 10:30-11:20 (MWF)",Balage Don Harshani De Silva
STAT 2400,A01 (51089),Introduction to Probability 1 (3),M,"Jan 06 - Apr 09, 09:30-10:20 (MWF)",Alexandre Leblanc
STAT 2400,B01 (63232),Introduction to Probability 1 (0),M,"Jan 06 - Apr 09, 14:30-15:45 (W)",TBA
STAT 2800,A01 (59789),Introduction to Probability 2 (3),M,"Jan 06 - Apr 09, 11:30-12:20 (MWF)",Xiaoting Li
STAT 2800,B01 (63233),Introduction to Probability 2 (0),M,"Jan 06 - Apr 09, 14:30-15:45 (M)",TBA
STAT 3000,A01 (64253),Applied Linear Statistical Models (3),M,"Jan 06 - Apr 09, 10:00-11:15 (TR)",Jenna Tichon
STAT 3030,A01 (59790),Introduction to Stochastic Processes (3),M,"Jan 06 - Apr 09, 11:30-12:45 (TR)",Xiaoke Qin
STAT 3100,A01 (59791),Introduction to Statistical Inference (3),M,"Jan 06 - Apr 09, 13:00-14:15 (TR)",Kevin McGregor
STAT 3100,B01 (63235),Introduction to Statistical Inference (0),M,"Jan 06 - Apr 09, 14:30-15:45 (W)",TBA
STAT 3550,A01 (62052),Nonlinear Regression Models (3),M,"Jan 06 - Apr 09, 13:30-14:20 (MWF)",Liqun Wang
STAT 3690,A01 (59793),Multivariate Analysis (3),M,"Jan 06 - Apr 09, 09:30-10:20 (MWF)",Wenmin Zhang
STAT 4000,A01 (60914),Applied Statistical Modelling (3),M,"Jan 06 - Apr 09, 13:00-14:15 (TR)",Jenna Tichon
STAT 4250,A01 (60145),Statistical Learning (3),M,"Jan 06 - Apr 09, 11:30-12:20 (MWF)",Mohammad Jafari Jozani
STAT 4250,B01 (63236),Statistical Learning (0),M,"Jan 06 - Apr 09, 14:30-15:45 (M)",TBA
STAT 4530,A01 (65407),Design of Experiments (3),M,"Jan 06 - Apr 09, 11:30-12:45 (TR)",Saumendranath Mandal
STAT 4630,A01 (65408),Stochastic Processes (3),M,"Jan 06 - Apr 09, 13:00-14:15 (TR)",Yuliya Martsynyuk
STAT 4900,T02 (65409),Causal Inference (3),M,"Jan 06 - Apr 09, 08:30-09:20 (MWF)",Sumeet Kalia
STAT 4950,A01 (63006),Honours Thesis in Statistics (Part B) (3),M,"Jan 06 - Apr 09, 10:00-11:15 (TR)",Alexandre Leblanc
STAT 7060,A01 (64251),Advanced Theory of Probability (3),M,"Jan 06 - Apr 09, 08:30-09:45 (TR)",Yuliya Martsynyuk
STAT 7140,A01 (60147),Linear Models (3),M,"Jan 06 - Apr 09, 10:00-11:15 (TR)",Saumendranath Mandal
STAT 7240,T06 (65961),Causal Inference (3),M,"Jan 06 - Apr 09, 08:30-09:20 (MWF)",Sumeet Kalia
STAT 7250,T01 (64047),Statistical Learning (3),M,"Jan 06 - Apr 09, 11:30-12:20 (MWF)",Mohammad Jafari Jozani
STAT 7250,B01 (64252),Statistical Learning (0),M,"Jan 06 - Apr 09, 14:30-15:45 (M)",TBA
STAT 7320,A01 (58489),Research Project in Statistics (3),M,Jan 06 - Apr 09,Palavinnage Muthukumarana
STAT 7350,T04 (65416),Dynamic Data Science Applications (1.5),M,"Feb 23 - Apr 08, 09:30-10:20 (MWF)",TBA
STAT 7360,T07 (65417),Measurement Error Models (1.5),M,"Jan 07 - Feb 13, 12:30-13:20 (MWF)",Liqun Wang
CIVL 2770,B01 (50505),Civil Engineering Materials (0),M,"Jan 06 - Apr 09, 14:30-17:15 (M)",Huma Khalid
CIVL 2770,A01 (50459),Civil Engineering Materials (5),M,"Jan 06 - Apr 09, 11:30-12:20 (MWF)",Huma Khalid
CIVL 2770,B02 (50506),Civil Engineering Materials (0),M,"Jan 06 - Apr 09, 14:30-17:15 (W)",Huma Khalid
CIVL 2780,A01 (50507),Civil Engineering Systems (4),M,"Jan 06 - Apr 09, 09:30-10:20 (MWF)",Chandra Rajulapati
CIVL 2780,A01 (50507),Civil Engineering Systems (4),M,"Jan 06 - Apr 09, 11:30-12:50 (R)",Chandra Rajulapati
CIVL 2790,A01 (50510),Fluid Mechanics (4),M,"Jan 06 - Apr 09, 14:30-17:15 (R)",Ricardo Mantilla
CIVL 2790,A01 (50510),Fluid Mechanics (4),M,"Jan 06 - Apr 09, 10:00-11:15 (TR)",Ricardo Mantilla
CIVL 3590,A01 (50566),Numerical Methods in Engineering Analysis (4),M,"Jan 06 - Apr 09, 10:30-11:20 (MWF)",Chandra Rajulapati
CIVL 3590,A01 (50566),Numerical Methods in Engineering Analysis (4),M,"Jan 06 - Apr 09, 14:30-16:20 (T)",Chandra Rajulapati
CIVL 3700,A01 (50567),Environmental Engineering Design (4),M,"Jan 06 - Apr 09, 10:00-11:15 (TR)",Qiuyan Yuan
CIVL 3700,A01 (50567),Environmental Engineering Design (4),M,"Jan 06 - Apr 09, 11:30-12:50 (R)",Qiuyan Yuan
CIVL 3740,A01 (50568),Hydraulics (4),M,"Jan 06 - Apr 09, 08:30-09:20 (MWF)",Karen Dow
CIVL 3740,A01 (50568),Hydraulics (4),M,"Jan 06 - Apr 09, 11:30-12:50 (T)",Karen Dow
CIVL 3770,A01 (57520),Design of Steel Structures (4),M,"Jan 06 - Apr 09, 11:30-12:20 (MWF)",Young Cha
CIVL 3770,A01 (57520),Design of Steel Structures (4),M,"Jan 06 - Apr 09, 13:00-14:20 (T)",Young Cha
CIVL 4020,A01 (63085),Masonry Design (4),M,"Jan 06 - Apr 09, 09:30-10:20 (MWF)",Dagmar Svecova
CIVL 4020,A01 (63085),Masonry Design (4),M,"Jan 06 - Apr 09, 14:30-16:20 (W)",Dagmar Svecova
CIVL 4030,A01 (63306),Advanced Structural Design (4),M,"Jan 06 - Apr 09, 14:30-16:20 (M)",Ehab El-Salakawy
CIVL 4030,A01 (63306),Advanced Structural Design (4),M,"Jan 06 - Apr 09, 10:30-11:20 (MWF)",Ehab El-Salakawy
CIVL 4040,A01 (65747),Structural Dynamics (4),M,"Jan 06 - Apr 09, 14:30-16:20 (F)",Graziano Fiorillo
CIVL 4040,A01 (65747),Structural Dynamics (4),M,"Jan 06 - Apr 09, 12:30-13:15 (MWF)",Graziano Fiorillo
CIVL 4100,A01 (65748),Engineering Management and the Environment (4),M,"Jan 06 - Apr 09, 14:30-16:20 (W)",Beata Gorczyca
CIVL 4100,A01 (65748),Engineering Management and the Environment (4),M,"Jan 06 - Apr 09, 13:30-14:20 (MWF)",Beata Gorczyca
CIVL 4230,A01 (65749),Geotechnical Engineering (4),M,"Jan 06 - Apr 09, 11:30-12:50 (T)",Marolo Alfaro
CIVL 4230,A01 (65749),Geotechnical Engineering (4),M,"Jan 06 - Apr 09, 08:30-09:20 (MWF)",Marolo Alfaro
CIVL 4350,A01 (65750),Hazardous Waste Treatment (4),M,"Jan 06 - Apr 09, 08:30-09:45 (TR)",Qiuyan Yuan
CIVL 4350,A01 (65750),Hazardous Waste Treatment (4),M,"Jan 06 - Apr 09, 13:00-14:20 (R)",Qiuyan Yuan
CIVL 4410,A01 (65751),Transportation Systems (4),M,"Jan 06 - Apr 09, 10:30-11:20 (MWF)",Ahmed Shalaby
CIVL 4410,A01 (65751),Transportation Systems (4),M,"Jan 06 - Apr 09, 14:30-16:20 (M)",Ahmed Shalaby
CIVL 4590,A01 (51576),Design Project (6),M,"Jan 06 - Apr 09, 17:30-19:30 (T)",James Blatz
CIVL 4590,A01 (51576),Design Project (6),M,"Jan 06 - Apr 09, 17:30-19:30 (R)",James Blatz
CIVL 4590,A01 (51576),Design Project (6),M,"Jan 06 - Apr 09, 14:30-15:45 (TR)",James Blatz
CIVL 7010,A01 (66045),Modern Railway Engineering (3),M,"Jan 06 - Apr 09, 13:00-16:00 (T)",Jonathan Regehr
CIVL 7100,A01 (66046),Prestressed Concrete (3),M,"Jan 06 - Apr 09, 12:30-15:50 (M)",Ehab El-Salakawy
CIVL 7200,T09 (66047),Chemistry for Water Treatment and Analysis (3),M,"Jan 06 - Apr 09, 09:00-11:45 (T)",Chengjin Wang
CIVL 7260,A01 (66124),Behaviour of Reinforced Concrete Members (3),M,"Jan 06 - Apr 09, 10:30-13:20 (F)",Dagmar Svecova
CIVL 7360,A01 (66048),"Landslides and Slope Failures: Identification, Causes, and Control (3)",M,"Jan 06 - Apr 09, 09:30-12:20 (W)",James Bartz
CIVL 7460,A01 (66049),Geotechnical Design with Geosynthetics (3),M,Jan 06 - Apr 09,Marolo Alfaro
CIVL 7652,A01 (66050),River Ice Engineering (3),M,"Jan 06 - Apr 09, 08:30-09:45 (TR)",Shawn Clark
CIVL 7740,T02 (66051),Statistical Analysis of Hydrologic Data (3),M,"Jan 06 - Apr 09, 13:30-16:30 (T)",Masoud Asadzadeh
CIVL 7740,T04 (66131),Stochastic Processes in Hydrological and Environmental Applications (3),M,"Jan 06 - Apr 09, 13:00-16:00 (M)",Chandra Rajulapati
CIVL 7990,T11 (66052),Transportation Planning (3),M,Jan 06 - Apr 09,Babak Mehran
BME 7000,A01 (55535),Biomedical Engineering Seminar (0),OC,"Jan 06 - Apr 09, 16:00-17:55 (R)",Ke Peng
BME 7012,A01 (54334),Foundation of Physiology (2),OC,"Jan 06 - Apr 09, 09:00-12:00 (W)",Brian Lithgow
BME 7040,A01 (60561),Biomedical Ethics (0),M,"Jan 06 - Apr 09, 09:00-12:20 (T)",Bertram Unger
ECE 2160,B03 (50779),Electronics 2E (0),M,"Jan 06 - Apr 09, 14:30-17:15 (W)",Aniruddha Gole
ECE 2160,B01 (50777),Electronics 2E (0),M,"Jan 06 - Apr 09, 14:30-17:15 (M)",Aniruddha Gole
ECE 2160,B04 (64559),Electronics 2E (0),M,"Jan 05 - Apr 08, 11:30-14:15 (R)",Aniruddha Gole
ECE 2160,B02 (50778),Electronics 2E (0),M,"Jan 06 - Apr 09, 14:30-17:15 (T)",Aniruddha Gole
ECE 2160,A01 (50769),Electronics 2E (5),M,"Jan 06 - Apr 09, 10:30-11:20 (MWF)",Aniruddha Gole
ECE 2220,B01 (65392),Digital Logic Systems (0),M,"Jan 06 - Apr 09, 14:30-17:15 (M)",Abu Hossain
ECE 2220,A01 (65391),Digital Logic Systems (5),M,"Jan 06 - Apr 09, 13:30-14:20 (MWF)",Abu Hossain
ECE 2220,B02 (65393),Digital Logic Systems (0),M,"Jan 06 - Apr 09, 14:30-17:15 (T)",Abu Hossain
ECE 2240,B01 (51889),Numerical Methods for Electrical Engineers (0),M,"Feb 24 - Feb 24, 14:30-17:15 (T)",Maria Uehara
ECE 2240,B03 (51891),Numerical Methods for Electrical Engineers (0),M,"Feb 26 - Feb 26, 14:30-17:15 (R)",Maria Uehara
ECE 2240,B03 (51891),Numerical Methods for Electrical Engineers (0),M,"Mar 12 - Mar 12, 14:30-17:15 (R)",Maria Uehara
ECE 2240,B03 (51891),Numerical Methods for Electrical Engineers (0),M,"Mar 26 - Mar 26, 14:30-17:15 (R)",Maria Uehara
ECE 2240,B01 (51889),Numerical Methods for Electrical Engineers (0),M,"Feb 03 - Feb 03, 14:30-17:15 (T)",Maria Uehara
ECE 2240,B01 (51889),Numerical Methods for Electrical Engineers (0),M,"Jan 20 - Jan 20, 14:30-17:15 (T)",Maria Uehara
ECE 2240,B01 (51889),Numerical Methods for Electrical Engineers (0),M,"Mar 10 - Mar 10, 14:30-17:15 (T)",Maria Uehara
ECE 2240,B03 (51891),Numerical Methods for Electrical Engineers (0),M,"Feb 05 - Feb 05, 14:30-17:15 (R)",Maria Uehara
ECE 2240,B03 (51891),Numerical Methods for Electrical Engineers (0),M,"Jan 22 - Jan 22, 14:30-17:15 (R)",Maria Uehara
ECE 2240,B01 (51889),Numerical Methods for Electrical Engineers (0),M,"Mar 24 - Mar 24, 14:30-17:15 (T)",Maria Uehara
ECE 2240,B02 (51890),Numerical Methods for Electrical Engineers (0),M,"Jan 21 - Jan 21, 14:30-17:15 (W)",Maria Uehara
ECE 2240,B02 (51890),Numerical Methods for Electrical Engineers (0),M,"Mar 25 - Mar 25, 14:30-17:15 (W)",Maria Uehara
ECE 2240,B02 (51890),Numerical Methods for Electrical Engineers (0),M,"Mar 11 - Mar 11, 14:30-17:15 (W)",Maria Uehara
ECE 2240,B02 (51890),Numerical Methods for Electrical Engineers (0),M,"Feb 25 - Feb 25, 14:30-17:15 (W)",Maria Uehara
ECE 2240,B02 (51890),Numerical Methods for Electrical Engineers (0),M,"Feb 04 - Feb 04, 14:30-17:15 (W)",Maria Uehara
ECE 2240,A01 (51443),Numerical Methods for Electrical Engineers (4),M,"Jan 06 - Apr 09, 09:30-10:20 (MWF)",Maria Uehara
ECE 2262,B02 (60639),Electric Circuits (0),M,"Jan 23 - Jan 23, 14:30-17:15 (F)",Joe LoVetri
ECE 2262,B02 (60639),Electric Circuits (0),M,"Mar 13 - Mar 13, 14:30-17:15 (F)",Joe LoVetri
ECE 2262,B02 (60639),Electric Circuits (0),M,"Mar 27 - Mar 27, 14:30-17:15 (F)",Joe LoVetri
ECE 2262,B01 (51755),Electric Circuits (0),M,"Feb 05 - Feb 05, 14:30-17:15 (R)",Joe LoVetri
ECE 2262,B01 (51755),Electric Circuits (0),M,"Feb 26 - Feb 26, 14:30-17:15 (R)",Joe LoVetri
ECE 2262,B01 (51755),Electric Circuits (0),M,"Mar 12 - Mar 12, 14:30-17:15 (R)",Joe LoVetri
ECE 2262,B01 (51755),Electric Circuits (0),M,"Mar 26 - Mar 26, 14:30-17:15 (R)",Joe LoVetri
ECE 2262,B01 (51755),Electric Circuits (0),M,"Jan 22 - Jan 22, 14:30-17:15 (R)",Joe LoVetri
ECE 2262,B02 (60639),Electric Circuits (0),M,"Feb 06 - Feb 06, 14:30-17:15 (F)",Joe LoVetri
ECE 2262,B02 (60639),Electric Circuits (0),M,"Feb 27 - Feb 27, 14:30-17:15 (F)",Joe LoVetri
ECE 2262,A01 (51754),Electric Circuits (4),M,"Jan 06 - Apr 09, 13:00-14:15 (T)",Joe LoVetri
ECE 2262,A01 (51754),Electric Circuits (4),M,"Jan 06 - Apr 09, 10:30-11:20 (MWF)",Joe LoVetri
ECE 2400,B03 (65390),Engineering Algorithms 1 (0),M,"Jan 14 - Jan 14, 14:30-17:30 (W)",Ahmed Ashraf
ECE 2400,B02 (64802),Engineering Algorithms 1 (0),M,"Feb 10 - Feb 10, 14:30-17:30 (T)",Ahmed Ashraf
ECE 2400,B02 (64802),Engineering Algorithms 1 (0),M,"Mar 03 - Mar 03, 14:30-17:30 (T)",Ahmed Ashraf
ECE 2400,B02 (64802),Engineering Algorithms 1 (0),M,"Mar 17 - Mar 17, 14:30-17:30 (T)",Ahmed Ashraf
ECE 2400,B02 (64802),Engineering Algorithms 1 (0),M,"Jan 27 - Jan 27, 14:30-17:30 (T)",Ahmed Ashraf
ECE 2400,B01 (64801),Engineering Algorithms 1 (0),M,"Mar 16 - Mar 16, 14:30-17:30 (M)",Ahmed Ashraf
ECE 2400,B01 (64801),Engineering Algorithms 1 (0),M,"Jan 26 - Jan 26, 14:30-17:30 (M)",Ahmed Ashraf
ECE 2400,B01 (64801),Engineering Algorithms 1 (0),M,"Feb 09 - Feb 09, 14:30-17:30 (M)",Ahmed Ashraf
ECE 2400,B01 (64801),Engineering Algorithms 1 (0),M,"Jan 12 - Jan 12, 14:30-17:30 (M)",Ahmed Ashraf
ECE 2400,B02 (64802),Engineering Algorithms 1 (0),M,"Jan 13 - Jan 13, 14:30-17:30 (T)",Ahmed Ashraf
ECE 2400,A01 (64800),Engineering Algorithms 1 (4),M,"Jan 06 - Apr 09, 11:30-12:20 (MWF)",Ahmed Ashraf
ECE 2400,B03 (65390),Engineering Algorithms 1 (0),M,"Mar 04 - Mar 04, 14:30-17:30 (W)",Ahmed Ashraf
ECE 2400,B03 (65390),Engineering Algorithms 1 (0),M,"Jan 28 - Jan 28, 14:30-17:30 (W)",Ahmed Ashraf
ECE 2400,B03 (65390),Engineering Algorithms 1 (0),M,"Mar 18 - Mar 18, 14:30-17:30 (W)",Ahmed Ashraf
ECE 2400,B01 (64801),Engineering Algorithms 1 (0),M,"Mar 02 - Mar 02, 14:30-17:30 (M)",Ahmed Ashraf
ECE 2400,B03 (65390),Engineering Algorithms 1 (0),M,"Feb 11 - Feb 11, 14:30-17:30 (W)",Ahmed Ashraf
ECE 3540,B02 (51254),Advanced Circuit Analysis and Design (0),M,"Jan 22 - Jan 22, 14:30-17:15 (R)",Vladimir Okhmatovski
ECE 3540,A01 (51252),Advanced Circuit Analysis and Design (4),M,"Jan 06 - Apr 09, 11:30-12:45 (TR)",Vladimir Okhmatovski
ECE 3540,B02 (51254),Advanced Circuit Analysis and Design (0),M,"Feb 05 - Feb 05, 14:30-17:15 (R)",Vladimir Okhmatovski
ECE 3540,B02 (51254),Advanced Circuit Analysis and Design (0),M,"Feb 26 - Feb 26, 14:30-17:15 (R)",Vladimir Okhmatovski
ECE 3540,B02 (51254),Advanced Circuit Analysis and Design (0),M,"Mar 12 - Mar 12, 14:30-17:15 (R)",Vladimir Okhmatovski
ECE 3540,B02 (51254),Advanced Circuit Analysis and Design (0),M,"Mar 26 - Mar 26, 14:30-17:15 (R)",Vladimir Okhmatovski
ECE 3540,B01 (51253),Advanced Circuit Analysis and Design (0),M,"Mar 11 - Mar 11, 14:30-17:15 (W)",Vladimir Okhmatovski
ECE 3540,B01 (51253),Advanced Circuit Analysis and Design (0),M,"Mar 25 - Mar 25, 14:30-17:15 (W)",Vladimir Okhmatovski
ECE 3540,B03 (51255),Advanced Circuit Analysis and Design (0),M,"Feb 27 - Feb 27, 14:30-17:15 (F)",Vladimir Okhmatovski
ECE 3540,B03 (51255),Advanced Circuit Analysis and Design (0),M,"Mar 13 - Mar 13, 14:30-17:15 (F)",Vladimir Okhmatovski
ECE 3540,B03 (51255),Advanced Circuit Analysis and Design (0),M,"Mar 27 - Mar 27, 14:30-17:15 (F)",Vladimir Okhmatovski
ECE 3540,B03 (51255),Advanced Circuit Analysis and Design (0),M,"Jan 23 - Jan 23, 14:30-17:15 (F)",Vladimir Okhmatovski
ECE 3540,B01 (51253),Advanced Circuit Analysis and Design (0),M,"Feb 25 - Feb 25, 14:30-17:15 (W)",Vladimir Okhmatovski
ECE 3540,B01 (51253),Advanced Circuit Analysis and Design (0),M,"Feb 04 - Feb 04, 14:30-17:15 (W)",Vladimir Okhmatovski
ECE 3540,B01 (51253),Advanced Circuit Analysis and Design (0),M,"Jan 21 - Jan 21, 14:30-17:15 (W)",Vladimir Okhmatovski
ECE 3540,B03 (51255),Advanced Circuit Analysis and Design (0),M,"Feb 06 - Feb 06, 14:30-17:15 (F)",Vladimir Okhmatovski
ECE 3590,A01 (50832),Electromagnetic Theory (4),M,"Jan 06 - Apr 09, 13:00-14:15 (TR)",Gregory Bridges
ECE 3590,B03 (50835),Electromagnetic Theory (0),M,"Jan 21 - Jan 21, 14:30-17:15 (W)",Gregory Bridges
ECE 3590,B03 (50835),Electromagnetic Theory (0),M,"Feb 04 - Feb 04, 14:30-17:15 (W)",Gregory Bridges
ECE 3590,B03 (50835),Electromagnetic Theory (0),M,"Feb 25 - Feb 25, 14:30-17:15 (W)",Gregory Bridges
ECE 3590,B01 (50833),Electromagnetic Theory (0),M,"Jan 19 - Jan 19, 14:30-17:15 (M)",Gregory Bridges
ECE 3590,B03 (50835),Electromagnetic Theory (0),M,"Mar 25 - Mar 25, 14:30-17:15 (W)",Gregory Bridges
ECE 3590,B01 (50833),Electromagnetic Theory (0),M,"Mar 23 - Mar 23, 14:30-17:15 (M)",Gregory Bridges
ECE 3590,B01 (50833),Electromagnetic Theory (0),M,"Feb 23 - Feb 23, 14:30-17:15 (M)",Gregory Bridges
ECE 3590,B02 (50834),Electromagnetic Theory (0),M,"Feb 03 - Feb 03, 14:30-17:15 (T)",Gregory Bridges
ECE 3590,B02 (50834),Electromagnetic Theory (0),M,"Feb 24 - Feb 24, 14:30-17:15 (T)",Gregory Bridges
ECE 3590,B02 (50834),Electromagnetic Theory (0),M,"Mar 10 - Mar 10, 14:30-17:15 (T)",Gregory Bridges
ECE 3590,B02 (50834),Electromagnetic Theory (0),M,"Mar 24 - Mar 24, 14:30-17:15 (T)",Gregory Bridges
ECE 3590,B02 (50834),Electromagnetic Theory (0),M,"Jan 20 - Jan 20, 14:30-17:15 (T)",Gregory Bridges
ECE 3590,B03 (50835),Electromagnetic Theory (0),M,"Mar 11 - Mar 11, 14:30-17:15 (W)",Gregory Bridges
ECE 3590,B01 (50833),Electromagnetic Theory (0),M,"Mar 09 - Mar 09, 14:30-17:15 (M)",Gregory Bridges
ECE 3590,B01 (50833),Electromagnetic Theory (0),M,"Feb 02 - Feb 02, 14:30-17:15 (M)",Gregory Bridges
ECE 3600,B02 (50838),Physical Electronics (0),M,"Jan 20 - Jan 20, 14:30-17:15 (T)",Cyrus Shafai
ECE 3600,B02 (50838),Physical Electronics (0),M,"Feb 03 - Feb 03, 14:30-17:15 (T)",Cyrus Shafai
ECE 3600,B03 (50839),Physical Electronics (0),M,"Mar 25 - Mar 25, 14:30-17:15 (W)",Cyrus Shafai
ECE 3600,B02 (50838),Physical Electronics (0),M,"Feb 24 - Feb 24, 14:30-17:15 (T)",Cyrus Shafai
ECE 3600,B03 (50839),Physical Electronics (0),M,"Feb 25 - Feb 25, 14:30-17:15 (W)",Cyrus Shafai
ECE 3600,B03 (50839),Physical Electronics (0),M,"Feb 04 - Feb 04, 14:30-17:15 (W)",Cyrus Shafai
ECE 3600,B02 (50838),Physical Electronics (0),M,"Mar 10 - Mar 10, 14:30-17:15 (T)",Cyrus Shafai
ECE 3600,B03 (50839),Physical Electronics (0),M,"Mar 11 - Mar 11, 14:30-17:15 (W)",Cyrus Shafai
ECE 3600,B02 (50838),Physical Electronics (0),M,"Mar 24 - Mar 24, 14:30-17:15 (T)",Cyrus Shafai
ECE 3600,B03 (50839),Physical Electronics (0),M,"Jan 21 - Jan 21, 14:30-17:15 (W)",Cyrus Shafai
ECE 3600,B01 (50837),Physical Electronics (0),M,"Feb 02 - Feb 02, 14:30-17:15 (M)",Cyrus Shafai
ECE 3600,B01 (50837),Physical Electronics (0),M,"Mar 09 - Mar 09, 14:30-17:15 (M)",Cyrus Shafai
ECE 3600,A01 (50836),Physical Electronics (4),M,"Jan 06 - Apr 09, 10:30-11:20 (MWF)",Cyrus Shafai
ECE 3600,B01 (50837),Physical Electronics (0),M,"Feb 23 - Feb 23, 14:30-17:15 (M)",Cyrus Shafai
ECE 3600,B01 (50837),Physical Electronics (0),M,"Jan 19 - Jan 19, 14:30-17:15 (M)",Cyrus Shafai
ECE 3600,B01 (50837),Physical Electronics (0),M,"Mar 23 - Mar 23, 14:30-17:15 (M)",Cyrus Shafai
ECE 3610,A01 (50841),Microprocessing Systems (4),M,"Jan 06 - Apr 09, 10:00-11:15 (TR)",
ECE 3610,B03 (50847),Microprocessing Systems (0),M,"Jan 16 - Jan 16, 14:30-17:15 (F)",
ECE 3610,B03 (50847),Microprocessing Systems (0),M,"Jan 30 - Jan 30, 14:30-17:15 (F)",
ECE 3610,B03 (50847),Microprocessing Systems (0),M,"Feb 13 - Feb 13, 14:30-17:15 (F)",
ECE 3610,B03 (50847),Microprocessing Systems (0),M,"Mar 20 - Mar 20, 14:30-17:15 (F)",
ECE 3610,B03 (50847),Microprocessing Systems (0),M,"Mar 06 - Mar 06, 14:30-17:15 (F)",
ECE 3610,B01 (50845),Microprocessing Systems (0),M,"Mar 18 - Mar 18, 14:30-17:15 (W)",
ECE 3610,B01 (50845),Microprocessing Systems (0),M,"Feb 11 - Feb 11, 14:30-17:15 (W)",
ECE 3610,B01 (50845),Microprocessing Systems (0),M,"Jan 14 - Jan 14, 14:30-17:15 (W)",
ECE 3610,B01 (50845),Microprocessing Systems (0),M,"Mar 04 - Mar 04, 14:30-17:15 (W)",
ECE 3610,B02 (50846),Microprocessing Systems (0),M,"Jan 15 - Jan 15, 14:30-17:15 (R)",
ECE 3610,B02 (50846),Microprocessing Systems (0),M,"Mar 19 - Mar 19, 14:30-17:15 (R)",
ECE 3610,B02 (50846),Microprocessing Systems (0),M,"Mar 05 - Mar 05, 14:30-17:15 (R)",
ECE 3610,B02 (50846),Microprocessing Systems (0),M,"Jan 29 - Jan 29, 14:30-17:15 (R)",
ECE 3610,B01 (50845),Microprocessing Systems (0),M,"Jan 28 - Jan 28, 14:30-17:15 (W)",
ECE 3610,B02 (50846),Microprocessing Systems (0),M,"Feb 12 - Feb 12, 14:30-17:15 (R)",
ECE 3630,A01 (63731),Real-Time Embedded Systems (4),M,"Jan 06 - Apr 09, 10:30-11:20 (MWF)",Kenneth Ferens
ECE 3630,B01 (63732),Real-Time Embedded Systems (0),M,"Mar 26 - Mar 26, 14:30-17:30 (R)",Kenneth Ferens
ECE 3630,B01 (63732),Real-Time Embedded Systems (0),M,"Jan 22 - Jan 22, 14:30-17:30 (R)",Kenneth Ferens
ECE 3630,B01 (63732),Real-Time Embedded Systems (0),M,"Feb 05 - Feb 05, 14:30-17:30 (R)",Kenneth Ferens
ECE 3630,B01 (63732),Real-Time Embedded Systems (0),M,"Mar 12 - Mar 12, 14:30-17:30 (R)",Kenneth Ferens
ECE 3630,B01 (63732),Real-Time Embedded Systems (0),M,"Feb 26 - Feb 26, 14:30-17:30 (R)",Kenneth Ferens
ECE 3650,B02 (52595),Electric Machines (0),M,"Jan 06 - Apr 09, 14:30-17:15 (F)",Shaahin Filizadeh
ECE 3650,A01 (50848),Electric Machines (5),M,"Jan 06 - Apr 09, 10:00-11:15 (TR)",Shaahin Filizadeh
ECE 3650,B01 (50850),Electric Machines (0),M,"Jan 06 - Apr 09, 14:30-17:15 (R)",Shaahin Filizadeh
ECE 3700,B01 (50859),Telecommunication Network Engineering (0),M,"Jan 29 - Jan 29, 14:30-17:15 (R)",Amine Mezghani
ECE 3700,B01 (50859),Telecommunication Network Engineering (0),M,"Mar 05 - Mar 05, 14:30-17:15 (R)",Amine Mezghani
ECE 3700,B02 (51900),Telecommunication Network Engineering (0),M,"Feb 13 - Feb 13, 14:30-17:15 (F)",Amine Mezghani
ECE 3700,B02 (51900),Telecommunication Network Engineering (0),M,"Mar 06 - Mar 06, 14:30-17:15 (F)",Amine Mezghani
ECE 3700,B02 (51900),Telecommunication Network Engineering (0),M,"Jan 30 - Jan 30, 14:30-17:15 (F)",Amine Mezghani
ECE 3700,B02 (51900),Telecommunication Network Engineering (0),M,"Mar 20 - Mar 20, 14:30-17:15 (F)",Amine Mezghani
ECE 3700,B02 (51900),Telecommunication Network Engineering (0),M,"Jan 16 - Jan 16, 14:30-17:15 (F)",Amine Mezghani
ECE 3700,B01 (50859),Telecommunication Network Engineering (0),M,"Mar 19 - Mar 19, 14:30-17:15 (R)",Amine Mezghani
ECE 3700,B01 (50859),Telecommunication Network Engineering (0),M,"Feb 12 - Feb 12, 14:30-17:15 (R)",Amine Mezghani
ECE 3700,B01 (50859),Telecommunication Network Engineering (0),M,"Jan 15 - Jan 15, 14:30-17:15 (R)",Amine Mezghani
ECE 3700,A01 (50857),Telecommunication Network Engineering (4),M,"Jan 06 - Apr 09, 10:00-11:15 (TR)",Amine Mezghani
ECE 3730,B02 (51621),Principles of Embedded System Design (0),M,"Jan 27 - Jan 27, 14:30-17:15 (T)",Ramin Soltanzadeh
ECE 3730,B03 (53666),Principles of Embedded System Design (0),M,"Mar 18 - Mar 18, 14:30-17:15 (W)",Ramin Soltanzadeh
ECE 3730,B03 (53666),Principles of Embedded System Design (0),M,"Feb 11 - Feb 11, 14:30-17:15 (W)",Ramin Soltanzadeh
ECE 3730,B03 (53666),Principles of Embedded System Design (0),M,"Mar 04 - Mar 04, 14:30-17:15 (W)",Ramin Soltanzadeh
ECE 3730,B03 (53666),Principles of Embedded System Design (0),M,"Jan 14 - Jan 14, 14:30-17:15 (W)",Ramin Soltanzadeh
ECE 3730,B03 (53666),Principles of Embedded System Design (0),M,"Jan 28 - Jan 28, 14:30-17:15 (W)",Ramin Soltanzadeh
ECE 3730,B01 (51620),Principles of Embedded System Design (0),M,"Jan 12 - Jan 12, 14:30-17:15 (M)",Ramin Soltanzadeh
ECE 3730,B01 (51620),Principles of Embedded System Design (0),M,"Jan 26 - Jan 26, 14:30-17:15 (M)",Ramin Soltanzadeh
ECE 3730,B01 (51620),Principles of Embedded System Design (0),M,"Mar 02 - Mar 02, 14:30-17:15 (M)",Ramin Soltanzadeh
ECE 3730,B01 (51620),Principles of Embedded System Design (0),M,"Feb 09 - Feb 09, 14:30-17:15 (M)",Ramin Soltanzadeh
ECE 3730,B01 (51620),Principles of Embedded System Design (0),M,"Mar 16 - Mar 16, 14:30-17:15 (M)",Ramin Soltanzadeh
ECE 3730,B02 (51621),Principles of Embedded System Design (0),M,"Mar 03 - Mar 03, 14:30-17:15 (T)",Ramin Soltanzadeh
ECE 3730,B02 (51621),Principles of Embedded System Design (0),M,"Feb 10 - Feb 10, 14:30-17:15 (T)",Ramin Soltanzadeh
ECE 3730,B02 (51621),Principles of Embedded System Design (0),M,"Mar 17 - Mar 17, 14:30-17:15 (T)",Ramin Soltanzadeh
ECE 3730,A01 (51619),Principles of Embedded System Design (4),M,"Jan 06 - Apr 09, 12:30-13:20 (MWF)",Ramin Soltanzadeh
ECE 3730,B02 (51621),Principles of Embedded System Design (0),M,"Jan 13 - Jan 13, 14:30-17:15 (T)",Ramin Soltanzadeh
ECE 3760,B02 (50863),Digital Systems Design 1 (0),M,"Jan 20 - Jan 20, 14:30-17:15 (T)",Robert McLeod
ECE 3760,B02 (50863),Digital Systems Design 1 (0),M,"Mar 10 - Mar 10, 14:30-17:15 (T)",Robert McLeod
ECE 3760,B02 (50863),Digital Systems Design 1 (0),M,"Feb 24 - Feb 24, 14:30-17:15 (T)",Robert McLeod
ECE 3760,B02 (50863),Digital Systems Design 1 (0),M,"Feb 03 - Feb 03, 14:30-17:15 (T)",Robert McLeod
ECE 3760,B02 (50863),Digital Systems Design 1 (0),M,"Mar 24 - Mar 24, 14:30-17:15 (T)",Robert McLeod
ECE 3760,A01 (50861),Digital Systems Design 1 (4),M,"Jan 06 - Apr 09, 11:30-12:20 (MWF)",Robert McLeod
ECE 3760,B01 (50862),Digital Systems Design 1 (0),M,"Feb 02 - Feb 02, 14:30-17:15 (M)",Robert McLeod
ECE 3760,B01 (50862),Digital Systems Design 1 (0),M,"Jan 19 - Jan 19, 14:30-17:15 (M)",Robert McLeod
ECE 3760,B01 (50862),Digital Systems Design 1 (0),M,"Feb 23 - Feb 23, 14:30-17:15 (M)",Robert McLeod
ECE 3760,B01 (50862),Digital Systems Design 1 (0),M,"Mar 09 - Mar 09, 14:30-17:15 (M)",Robert McLeod
ECE 3760,B01 (50862),Digital Systems Design 1 (0),M,"Mar 23 - Mar 23, 14:30-17:15 (M)",Robert McLeod
ECE 3780,B02 (62575),Signal Processing 1 (0),M,"Jan 27 - Jan 27, 14:30-17:15 (T)",Ke Peng
ECE 3780,B01 (62574),Signal Processing 1 (0),M,"Feb 09 - Feb 09, 14:30-17:30 (M)",Ke Peng
ECE 3780,B01 (62574),Signal Processing 1 (0),M,"Mar 16 - Mar 16, 14:30-17:30 (M)",Ke Peng
ECE 3780,B01 (62574),Signal Processing 1 (0),M,"Jan 26 - Jan 26, 14:30-17:30 (M)",Ke Peng
ECE 3780,A01 (62568),Signal Processing 1 (4),M,"Jan 06 - Apr 09, 08:30-09:20 (MWF)",Ke Peng
ECE 3780,B01 (62574),Signal Processing 1 (0),M,"Jan 12 - Jan 12, 14:30-17:30 (M)",Ke Peng
ECE 3780,B02 (62575),Signal Processing 1 (0),M,"Feb 10 - Feb 10, 14:30-17:15 (T)",Ke Peng
ECE 3780,B02 (62575),Signal Processing 1 (0),M,"Mar 03 - Mar 03, 14:30-17:15 (T)",Ke Peng
ECE 3780,B02 (62575),Signal Processing 1 (0),M,"Mar 17 - Mar 17, 14:30-17:15 (T)",Ke Peng
ECE 3780,B01 (62574),Signal Processing 1 (0),M,"Mar 02 - Mar 02, 14:30-17:30 (M)",Ke Peng
ECE 3780,B02 (62575),Signal Processing 1 (0),M,"Jan 13 - Jan 13, 14:30-17:15 (T)",Ke Peng
ECE 4150,B01 (54913),Control Systems (0),M,"Mar 03 - Mar 03, 14:30-17:15 (T)",Vahab Khoshdel
ECE 4150,B02 (54914),Control Systems (0),M,"Jan 14 - Jan 14, 14:30-17:20 (W)",Vahab Khoshdel
ECE 4150,B02 (54914),Control Systems (0),M,"Jan 28 - Jan 28, 14:30-17:20 (W)",Vahab Khoshdel
ECE 4150,B02 (54914),Control Systems (0),M,"Feb 11 - Feb 11, 14:30-17:20 (W)",Vahab Khoshdel
ECE 4150,B02 (54914),Control Systems (0),M,"Mar 04 - Mar 04, 14:30-17:20 (W)",Vahab Khoshdel
ECE 4150,B02 (54914),Control Systems (0),M,"Mar 18 - Mar 18, 14:30-17:20 (W)",Vahab Khoshdel
ECE 4150,A01 (54912),Control Systems (4),M,"Jan 06 - Apr 09, 13:30-14:20 (MWF)",Vahab Khoshdel
ECE 4150,B01 (54913),Control Systems (0),M,"Mar 17 - Mar 17, 14:30-17:15 (T)",Vahab Khoshdel
ECE 4150,B01 (54913),Control Systems (0),M,"Jan 27 - Jan 27, 14:30-17:15 (T)",Vahab Khoshdel
ECE 4150,B01 (54913),Control Systems (0),M,"Jan 13 - Jan 13, 14:30-17:15 (T)",Vahab Khoshdel
ECE 4150,B03 (66083),Control Systems (0),M,"Jan 26 - Jan 26, 14:30-17:30 (M)",Vahab Khoshdel
ECE 4150,B03 (66083),Control Systems (0),M,"Mar 02 - Mar 02, 14:30-17:30 (M)",Vahab Khoshdel
ECE 4150,B03 (66083),Control Systems (0),M,"Mar 16 - Mar 16, 14:30-17:30 (M)",Vahab Khoshdel
ECE 4150,B03 (66083),Control Systems (0),M,"Jan 12 - Jan 12, 14:30-17:30 (M)",Vahab Khoshdel
ECE 4150,B03 (66083),Control Systems (0),M,"Feb 09 - Feb 09, 14:30-17:30 (M)",Vahab Khoshdel
ECE 4150,B01 (54913),Control Systems (0),M,"Feb 10 - Feb 10, 14:30-17:15 (T)",Vahab Khoshdel
ECE 4160,A01 (53315),Control Engineering (4),M,"Jan 06 - Apr 09, 10:30-11:20 (MWF)",Udaya Annakkage
ECE 4160,B02 (53367),Control Engineering (0),M,"Jan 21 - Jan 21, 14:30-17:15 (W)",Udaya Annakkage
ECE 4160,B02 (53367),Control Engineering (0),M,"Feb 04 - Feb 04, 14:30-17:15 (W)",Udaya Annakkage
ECE 4160,B02 (53367),Control Engineering (0),M,"Feb 25 - Feb 25, 14:30-17:15 (W)",Udaya Annakkage
ECE 4160,B02 (53367),Control Engineering (0),M,"Mar 25 - Mar 25, 14:30-17:15 (W)",Udaya Annakkage
ECE 4160,B02 (53367),Control Engineering (0),M,"Mar 11 - Mar 11, 14:30-17:15 (W)",Udaya Annakkage
ECE 4160,B01 (53316),Control Engineering (0),M,"Mar 10 - Mar 10, 14:30-17:15 (T)",Udaya Annakkage
ECE 4160,B01 (53316),Control Engineering (0),M,"Jan 20 - Jan 20, 14:30-17:15 (T)",Udaya Annakkage
ECE 4160,B01 (53316),Control Engineering (0),M,"Mar 24 - Mar 24, 14:30-17:15 (T)",Udaya Annakkage
ECE 4160,B01 (53316),Control Engineering (0),M,"Feb 03 - Feb 03, 14:30-17:15 (T)",Udaya Annakkage
ECE 4160,B01 (53316),Control Engineering (0),M,"Feb 24 - Feb 24, 14:30-17:15 (T)",Udaya Annakkage
ECE 4180,B01 (62033),Introduction to Robotics (0),M,"Mar 23 - Mar 23, 14:30-17:15 (M)",Vahab Khoshdel
ECE 4180,B01 (62033),Introduction to Robotics (0),M,"Mar 09 - Mar 09, 14:30-17:15 (M)",Vahab Khoshdel
ECE 4180,B01 (62033),Introduction to Robotics (0),M,"Feb 23 - Feb 23, 14:30-17:15 (M)",Vahab Khoshdel
ECE 4180,B01 (62033),Introduction to Robotics (0),M,"Feb 02 - Feb 02, 14:30-17:15 (M)",Vahab Khoshdel
ECE 4180,B01 (62033),Introduction to Robotics (0),M,"Jan 19 - Jan 19, 14:30-17:15 (M)",Vahab Khoshdel
ECE 4180,A01 (52479),Introduction to Robotics (4),M,"Jan 06 - Apr 09, 11:30-12:20 (MWF)",Vahab Khoshdel
ECE 4250,A01 (54808),Digital Communications (4),M,"Jan 06 - Apr 09, 09:30-10:20 (MWF)",Pradeepa Yahampath
ECE 4250,B01 (62034),Digital Communications (0),M,"Feb 12 - Feb 12, 14:30-17:15 (R)",Pradeepa Yahampath
ECE 4250,B01 (62034),Digital Communications (0),M,"Jan 15 - Jan 15, 14:30-17:15 (R)",Pradeepa Yahampath
ECE 4250,B01 (62034),Digital Communications (0),M,"Jan 29 - Jan 29, 14:30-17:15 (R)",Pradeepa Yahampath
ECE 4250,B01 (62034),Digital Communications (0),M,"Mar 05 - Mar 05, 14:30-17:15 (R)",Pradeepa Yahampath
ECE 4250,B01 (62034),Digital Communications (0),M,"Mar 19 - Mar 19, 14:30-17:15 (R)",Pradeepa Yahampath
ECE 4260,A01 (51583),Communications Systems (4),M,"Jan 06 - Apr 09, 09:30-10:20 (MWF)",Faouzi Bellili
ECE 4260,B02 (51584),Communications Systems (0),M,"Mar 05 - Mar 05, 14:30-17:15 (R)",Faouzi Bellili
ECE 4260,B01 (52598),Communications Systems (0),M,"Mar 04 - Mar 04, 14:30-17:15 (W)",Faouzi Bellili
ECE 4260,B02 (51584),Communications Systems (0),M,"Jan 15 - Jan 15, 14:30-17:15 (R)",Faouzi Bellili
ECE 4260,B01 (52598),Communications Systems (0),M,"Mar 18 - Mar 18, 14:30-17:15 (W)",Faouzi Bellili
ECE 4260,B02 (51584),Communications Systems (0),M,"Mar 19 - Mar 19, 14:30-17:15 (R)",Faouzi Bellili
ECE 4260,B02 (51584),Communications Systems (0),M,"Jan 29 - Jan 29, 14:30-17:15 (R)",Faouzi Bellili
ECE 4260,B01 (52598),Communications Systems (0),M,"Feb 11 - Feb 11, 14:30-17:15 (W)",Faouzi Bellili
ECE 4260,B02 (51584),Communications Systems (0),M,"Feb 12 - Feb 12, 14:30-17:15 (R)",Faouzi Bellili
ECE 4260,B01 (52598),Communications Systems (0),M,"Jan 14 - Jan 14, 14:30-17:15 (W)",Faouzi Bellili
ECE 4260,B01 (52598),Communications Systems (0),M,"Jan 28 - Jan 28, 14:30-17:15 (W)",Faouzi Bellili
ECE 4360,B01 (62035),High Voltage Engineering (0),M,"Mar 09 - Mar 09, 14:30-17:30 (M)",Behzad Kordi
ECE 4360,B01 (62035),High Voltage Engineering (0),M,"Jan 19 - Jan 19, 14:30-17:30 (M)",Behzad Kordi
ECE 4360,A01 (59944),High Voltage Engineering (4),M,"Jan 06 - Apr 09, 10:00-11:15 (TR)",Behzad Kordi
ECE 4360,B01 (62035),High Voltage Engineering (0),M,"Feb 23 - Feb 23, 14:30-17:30 (M)",Behzad Kordi
ECE 4360,B01 (62035),High Voltage Engineering (0),M,"Feb 02 - Feb 02, 14:30-17:30 (M)",Behzad Kordi
ECE 4360,B01 (62035),High Voltage Engineering (0),M,"Mar 23 - Mar 23, 14:30-17:30 (M)",Behzad Kordi
ECE 4440,B01 (65403),Computer Vision (0),M,"Mar 26 - Mar 26, 14:30-17:15 (R)",Gabriel Thomas
ECE 4440,B01 (65403),Computer Vision (0),M,"Mar 12 - Mar 12, 14:30-17:15 (R)",Gabriel Thomas
ECE 4440,B01 (65403),Computer Vision (0),M,"Feb 26 - Feb 26, 14:30-17:15 (R)",Gabriel Thomas
ECE 4440,B01 (65403),Computer Vision (0),M,"Feb 05 - Feb 05, 14:30-17:15 (R)",Gabriel Thomas
ECE 4440,A01 (65402),Computer Vision (4),M,"Jan 06 - Apr 09, 12:30-13:20 (MWF)",Gabriel Thomas
ECE 4440,B01 (65403),Computer Vision (0),M,"Jan 22 - Jan 22, 14:30-17:15 (R)",Gabriel Thomas
ECE 4600,A01 (50865),Group Design Project  (Part B) (3),M,"Jan 06 - Apr 09, 14:30-17:15 (F)",Derek Oliver
ECE 4830,B03 (58075),Signal Processing 2 (0),M,"Feb 25 - Feb 25, 14:30-17:15 (W)",Gabriel Thomas
ECE 4830,B03 (58075),Signal Processing 2 (0),M,"Mar 11 - Mar 11, 14:30-17:15 (W)",Gabriel Thomas
ECE 4830,B03 (58075),Signal Processing 2 (0),M,"Jan 21 - Jan 21, 14:30-17:15 (W)",Gabriel Thomas
ECE 4830,B03 (58075),Signal Processing 2 (0),M,"Feb 04 - Feb 04, 14:30-17:15 (W)",Gabriel Thomas
ECE 4830,B03 (58075),Signal Processing 2 (0),M,"Mar 25 - Mar 25, 14:30-17:15 (W)",Gabriel Thomas
ECE 4830,B02 (52153),Signal Processing 2 (0),M,"Jan 20 - Jan 20, 14:30-17:15 (T)",Gabriel Thomas
ECE 4830,B01 (52152),Signal Processing 2 (0),M,"Mar 23 - Mar 23, 14:30-17:15 (M)",Gabriel Thomas
ECE 4830,B01 (52152),Signal Processing 2 (0),M,"Feb 23 - Feb 23, 14:30-17:15 (M)",Gabriel Thomas
ECE 4830,B01 (52152),Signal Processing 2 (0),M,"Feb 02 - Feb 02, 14:30-17:15 (M)",Gabriel Thomas
ECE 4830,B01 (52152),Signal Processing 2 (0),M,"Jan 19 - Jan 19, 14:30-17:15 (M)",Gabriel Thomas
ECE 4830,B02 (52153),Signal Processing 2 (0),M,"Feb 03 - Feb 03, 14:30-17:15 (T)",Gabriel Thomas
ECE 4830,B02 (52153),Signal Processing 2 (0),M,"Feb 24 - Feb 24, 14:30-17:15 (T)",Gabriel Thomas
ECE 4830,B02 (52153),Signal Processing 2 (0),M,"Mar 10 - Mar 10, 14:30-17:15 (T)",Gabriel Thomas
ECE 4830,A01 (52132),Signal Processing 2 (4),M,"Jan 06 - Apr 09, 08:30-09:45 (TR)",Gabriel Thomas
ECE 4830,B01 (52152),Signal Processing 2 (0),M,"Mar 09 - Mar 09, 14:30-17:15 (M)",Gabriel Thomas
ECE 4830,B02 (52153),Signal Processing 2 (0),M,"Mar 24 - Mar 24, 14:30-17:15 (T)",Gabriel Thomas
ECE 4860,B08 (63643),Renewable Energy Systems (0),M,"Jan 26 - Jan 26, 14:30-17:30 (M)",Athula Rajapakse
ECE 4860,B08 (63643),Renewable Energy Systems (0),M,"Feb 09 - Feb 09, 14:30-17:30 (M)",Athula Rajapakse
ECE 4860,B08 (63643),Renewable Energy Systems (0),M,"Jan 12 - Jan 12, 14:30-17:30 (M)",Athula Rajapakse
ECE 4860,B10 (64804),Electric Vehicle Technology (0),M,"Feb 25 - Feb 25, 14:30-17:30 (W)",Ngai Ho
ECE 4860,B10 (64804),Electric Vehicle Technology (0),M,"Mar 11 - Mar 11, 14:30-17:30 (W)",Ngai Ho
ECE 4860,T08 (57315),"Sensors, Instrumentation, and the IoT (4)",M,"Jan 06 - Apr 09, 11:30-12:45 (TR)",Elham Salimi
ECE 4860,T15 (64803),Electric Vehicle Technology (4),M,"Jan 06 - Apr 09, 11:30-12:45 (TR)",Ngai Ho
ECE 4860,T12 (63642),Renewable Energy Systems (4),M,"Jan 06 - Apr 09, 11:30-12:45 (TR)",Athula Rajapakse
ECE 4860,T07 (52200),Materials Characterizations (4),M,"Jan 06 - Apr 09, 10:00-11:15 (TR)",Derek Oliver
ECE 4860,B10 (64804),Electric Vehicle Technology (0),M,"Mar 25 - Mar 25, 14:30-17:30 (W)",Ngai Ho
ECE 4860,B10 (64804),Electric Vehicle Technology (0),M,"Feb 04 - Feb 04, 14:30-17:30 (W)",Ngai Ho
ECE 4860,B10 (64804),Electric Vehicle Technology (0),M,"Jan 21 - Jan 21, 14:30-17:30 (W)",Ngai Ho
ECE 4860,T16 (64991),Generative AI: Theory and Applications (4),M,"Jan 06 - Apr 09, 13:00-14:15 (TR)",Vahab Khoshdel
ECE 4860,B08 (63643),Renewable Energy Systems (0),M,"Mar 02 - Mar 02, 14:30-17:30 (M)",Athula Rajapakse
ECE 4860,B03 (57316),"Sensors, Instrumentation, and the IoT (0)",M,"Mar 02 - Mar 02, 14:30-17:15 (M)",Elham Salimi
ECE 4860,B02 (56913),Materials Characterizations (0),M,"Jan 06 - Apr 09, 14:30-17:20 (R)",Derek Oliver
ECE 4860,B03 (57316),"Sensors, Instrumentation, and the IoT (0)",M,"Jan 26 - Jan 26, 14:30-17:15 (M)",Elham Salimi
ECE 4860,B03 (57316),"Sensors, Instrumentation, and the IoT (0)",M,"Jan 12 - Jan 12, 14:30-17:15 (M)",Elham Salimi
ECE 4860,B03 (57316),"Sensors, Instrumentation, and the IoT (0)",M,"Feb 09 - Feb 09, 14:30-17:15 (M)",Elham Salimi
ECE 4860,B03 (57316),"Sensors, Instrumentation, and the IoT (0)",M,"Mar 16 - Mar 16, 14:30-17:15 (M)",Elham Salimi
ECE 4860,B01 (56912),Materials Characterizations (0),M,"Jan 06 - Apr 09, 14:30-17:20 (W)",Derek Oliver
ECE 4860,B08 (63643),Renewable Energy Systems (0),M,"Mar 16 - Mar 16, 14:30-17:30 (M)",Athula Rajapakse
ECE 7070,A01 (66058),Power System Analysis (3),M,"Jan 06 - Apr 09, 17:30-20:30 (W)",Udaya Annakkage
ECE 7180,A01 (65991),Embedded Systems Engineering (3),M,Jan 06 - Apr 09,Dean McNeill
ECE 7250,A02 (66056),Information Theory and Applications (3),M,"Jan 06 - Apr 09, 13:00-14:15 (MW)",Pradeepa Yahampath
ECE 7440,T20 (66188),Advanced High Voltage Engineering (3),M,"Jan 06 - Apr 09, 10:00-11:15 (TR)",Behzad Kordi
ECE 7440,T03 (55576),Advanced Transmission Line Theory (3),M,"Jan 06 - Apr 09, 14:30-17:30 (F)",Behzad Kordi
ECE 7440,T05 (66189),Topics in Antenna Theory and Design (3),M,"Jan 06 - Apr 09, 11:00-12:20 (TF)",Puyan Mojabi
ECE 7440,T79 (66119),EV Power Conversion (3),M,"Jan 06 - Apr 09, 10:00-11:15 (TR)",Caniggia Castro Diniz Viana
ECE 7440,T73 (62845),Feature Extraction and Feature Selection for Machine Learning Classification (3),M,"Jan 06 - Apr 09, 11:30-13:00 (TR)",Gabriel Thomas
ECE 7440,T70 (65990),"Sensors, Instrumentation and the IoT (3)",M,"Jan 06 - Apr 09, 12:30-13:20 (MWF)",Elham Salimi
ECE 7440,T61 (64899),MICROWAVE REMOTE SENSING (3),M,"Jan 06 - Apr 09, 13:00-16:00 (T)",Dustin Isleifson
ECE 7440,T01 (65992),Reinforcement Learning – Theory and Applications (3),M,"Jan 06 - Apr 09, 10:00-11:15 (TR)",Ian Jeffrey
ECE 7650,T01 (66059),Deep Learning with Convolutional Neural Networks (3),M,"Jan 06 - Apr 09, 17:30-19:30 (MW)",Ahmed Ashraf
ECE 7650,T39 (64990),Deep Generative Modeling: Theory and Applications (3),M,"Jan 06 - Apr 09, 13:00-14:15 (TR)",Vahab Khoshdel
ECE 7670,A01 (66187),Optimization Methods for Computer-aided Design (3),M,"Jan 06 - Apr 09, 14:00-15:30 (TR)",Ekram Hossain
ECE 7880,A01 (66057),Distributed Energy Generation (3),M,"Jan 06 - Apr 09, 11:30-12:45 (TR)",Athula Rajapakse
ECE 8300,A01 (64475),Computer Vision (3),M,"Jan 06 - Apr 09, 09:30-12:30 (M)",James Peters III
ENG 1430,B01 (62912),Design in Engineering (0),M,"Jan 06 - Apr 09, 14:30-17:20 (T)",Jason Morrison
ENG 1430,A02 (50774),Design in Engineering (3),M,"Jan 06 - Apr 09, 13:00-14:15 (TR)",Jason Morrison
ENG 1430,B02 (62915),Design in Engineering (0),M,"Jan 06 - Apr 09, 09:30-12:15 (R)",Jason Morrison
ENG 1430,A01 (50773),Design in Engineering (3),M,"Jan 06 - Apr 09, 13:30-14:20 (MWF)",Kenton McCorquodale-Bauer
ENG 1430,A01 (50773),Design in Engineering (3),M,"Jan 06 - Apr 09, 14:30-17:15 (M)",Kenton McCorquodale-Bauer
ENG 1440,A02 (52558),Introduction to Statics (3),M,"Jan 06 - Apr 09, 14:30-17:15 (R)",Ahmed Shalaby
ENG 1440,A02 (52558),Introduction to Statics (3),M,"Jan 06 - Apr 09, 11:30-12:45 (TR)",Ahmed Shalaby
ENG 1440,A01 (50699),Introduction to Statics (3),M,"Jan 06 - Apr 09, 14:30-17:15 (F)",Huma Khalid
ENG 1440,A01 (50699),Introduction to Statics (3),M,"Jan 06 - Apr 09, 10:30-11:20 (MWF)",Huma Khalid
ENG 1450,A02 (50920),Introduction to Electrical and Computer Engineering (3),M,"Jan 06 - Apr 09, 13:00-14:15 (TR)",Arkadij Major
ENG 1450,B01 (50921),Introduction to Electrical and Computer Engineering (0),M,"Jan 06 - Apr 09, 14:30-17:20 (W)",Arkadij Major
ENG 1450,A01 (50919),Introduction to Electrical and Computer Engineering (3),M,"Jan 06 - Apr 09, 12:30-13:20 (MWF)",Antonio Ruales Rios
ENG 1450,B03 (50923),Introduction to Electrical and Computer Engineering (0),M,"Jan 06 - Apr 09, 14:30-17:20 (F)",Arkadij Major
ENG 1450,B02 (50922),Introduction to Electrical and Computer Engineering (0),M,"Jan 06 - Apr 09, 14:30-17:20 (R)",Arkadij Major
ENG 1460,A03 (51053),Introduction to Thermal Sciences (3),M,"Jan 06 - Apr 09, 14:30-17:15 (F)",Cameron Verwey
ENG 1460,A02 (50680),Introduction to Thermal Sciences (3),M,"Jan 06 - Apr 09, 10:00-11:15 (TR)",Ahmad Naser
ENG 1460,A01 (50683),Introduction to Thermal Sciences (3),M,"Jan 06 - Apr 09, 14:30-17:15 (W)",Meghan Guyot
ENG 1460,A01 (50683),Introduction to Thermal Sciences (3),M,"Jan 06 - Apr 09, 10:30-11:20 (MWF)",Meghan Guyot
ENG 1460,A02 (50680),Introduction to Thermal Sciences (3),M,"Jan 06 - Apr 09, 14:30-17:15 (R)",Ahmad Naser
ENG 1460,A03 (51053),Introduction to Thermal Sciences (3),M,"Jan 06 - Apr 09, 11:30-12:20 (MWF)",Cameron Verwey
ENG 2022,A01 (53453),Engineering CAD Technology for Biosystems (3),M,"Jan 06 - Apr 09, 10:30-11:20 (MWF)",Jason Morrison
ENG 2022,A01 (53453),Engineering CAD Technology for Biosystems (3),M,"Jan 06 - Apr 09, 14:30-20:20 (M)",Jason Morrison
ENG 2040,A03 (66123),"Engineering Communication: Strategies, Practice and Design (3)",M,"Jan 06 - Apr 09, 12:30-13:20 (W)",Aidan Topping
ENG 2040,A03 (66123),"Engineering Communication: Strategies, Practice and Design (3)",M,"Jan 06 - Apr 09, 14:30-17:15 (M)",Aidan Topping
ENG 2040,A01 (53468),"Engineering Communication: Strategies, Practice and Design (3)",M,"Jan 06 - Apr 09, 14:30-17:15 (W)",Stephanie Hladik
ENG 2040,A02 (60622),"Engineering Communication: Strategies, Practice and Design (3)",M,"Jan 06 - Apr 09, 14:30-17:15 (M)",
ENG 2040,A02 (60622),"Engineering Communication: Strategies, Practice and Design (3)",M,"Jan 06 - Apr 09, 12:30-13:20 (W)",
ENG 2040,A01 (53468),"Engineering Communication: Strategies, Practice and Design (3)",M,"Jan 06 - Apr 09, 12:30-13:20 (F)",Stephanie Hladik
ENG 3000,A02 (56033),Engineering Economics (3),M,"Jan 06 - Apr 09, 10:00-11:15 (TR)",Farhoud Delijani
ENG 3000,A01 (64594),Engineering Economics (3),M,"Jan 06 - Apr 09, 13:00-14:15 (TR)",Giuseppe Grande
ENG 3020,A02 (57521),"Technology, Society and the Future (3)",M,"Jan 06 - Apr 09, 13:30-14:20 (MWF)",Farhoud Delijani
ENG 3020,A01 (57519),"Technology, Society and the Future (3)",M,"Jan 06 - Apr 09, 11:30-12:20 (MWF)",Kari Zacharias
ENG 4110,A01 (56164),Operational Excellence (4),M,"Jan 06 - Apr 09, 18:00-20:50 (T)",Vern Campbell
ENG 4110,A01 (56164),Operational Excellence (4),M,"Jan 06 - Apr 09, 18:00-19:50 (W)",Vern Campbell
ENG 4800,K04 (52254),Co-operative Work 1-Mechanical Engineering (1),WKT,Jan 06 - Apr 09,Sean O'Brien
ENG 4800,K03 (52253),Co-operative Work 1-Electrical and Computer Engineering (1),WKT,Jan 06 - Apr 09,Dean McNeill
ENG 4800,K02 (52252),Co-operative Work 1-Civil Engineering (1),WKT,Jan 06 - Apr 09,Jonathan Regehr
ENG 4800,K05 (52256),Co-operative Work 1-IEEQ (1),WKT,Jan 06 - Apr 09,TBA
ENG 4800,K01 (52156),Co-operative Work 1-Biosystems Engineering (1),WKT,Jan 06 - Apr 09,Ramanathan Sri Ranjan
ENG 4810,K02 (52258),Co-operative Work 2-Civil Engineering (1),WKT,Jan 06 - Apr 09,Jonathan Regehr
ENG 4810,K05 (52261),Co-operative Work 2-IEEQ (1),WKT,Jan 06 - Apr 09,TBA
ENG 4810,K01 (52257),Co-operative Work 2-Biosystems Engineering (1),WKT,Jan 06 - Apr 09,Ramanathan Sri Ranjan
ENG 4810,K03 (52259),Co-operative Work 2-Electrical and Computer Engineering (1),WKT,Jan 06 - Apr 09,Dean McNeill
ENG 4810,K04 (52260),Co-operative Work 2-Mechanical Engineering (1),WKT,Jan 06 - Apr 09,Sean O'Brien
ENG 4820,K01 (52262),Co-operative Work 3-Biosystems Engineering (1),WKT,Jan 06 - Apr 09,Ramanathan Sri Ranjan
ENG 4820,K05 (52266),Co-operative Work 3-IEEQ (1),WKT,Jan 06 - Apr 09,TBA
ENG 4820,K02 (52263),Co-operative Work 3-Civil Engineering (1),WKT,Jan 06 - Apr 09,Jonathan Regehr
ENG 4820,K03 (52264),Co-operative Work 3-Electrical and Computer Engineering (1),WKT,Jan 06 - Apr 09,Dean McNeill
ENG 4820,K04 (52265),Co-operative Work 3-Mechanical Engineering (1),WKT,Jan 06 - Apr 09,Sean O'Brien
ENG 4830,K05 (52272),Co-operative Work 4-IEEQ (1),WKT,Jan 06 - Apr 09,TBA
ENG 4830,K04 (52271),Co-operative Work 4-Mechanical Engineering (1),WKT,Jan 06 - Apr 09,Sean O'Brien
ENG 4830,K03 (52270),Co-operative Work 4-Electrical and Computer Engineering (1),WKT,Jan 06 - Apr 09,Dean McNeill
ENG 4830,K02 (52269),Co-operative Work 4-Civil Engineering (1),WKT,Jan 06 - Apr 09,Jonathan Regehr
ENG 4830,K01 (52268),Co-operative Work 4-Biosystems Engineering (1),WKT,Jan 06 - Apr 09,Ramanathan Sri Ranjan
ENG 4840,K03 (52278),Co-operative Work 5-Electrical and Computer Engineering (1),WKT,Jan 06 - Apr 09,Dean McNeill
ENG 4840,K05 (52280),Co-operative Work 5-IEEQ (1),WKT,Jan 06 - Apr 09,TBA
ENG 4840,K04 (52279),Co-operative Work 5-Mechanical Engineering (1),WKT,Jan 06 - Apr 09,Sean O'Brien
ENG 4840,K02 (52274),Co-operative Work 5-Civil Engineering (1),WKT,Jan 06 - Apr 09,Jonathan Regehr
ENG 4840,K01 (52273),Co-operative Work 5-Biosystems Engineering (1),WKT,Jan 06 - Apr 09,Ramanathan Sri Ranjan
ENG 7020,T02 (65941),Engineering Identity (3),M,"Jan 06 - Apr 09, 09:00-12:00 (T)",Stephanie Hladik
ENG 7510,A01 (57703),Operational Excellence (3),M,"Jan 06 - Apr 09, 18:00-20:50 (T)",Vern Campbell
ENG 7510,A01 (57703),Operational Excellence (3),M,"Jan 06 - Apr 09, 18:00-19:50 (W)",Vern Campbell
MECG 7260,A01 (65977),Theory of Vibrations (3),M,"Jan 06 - Apr 09, 09:30-12:15 (F)",Nan Wu
MECG 7340,A01 (65976),Corrosion and Oxidation of Metallic Materials (3),M,"Jan 06 - Apr 09, 09:30-12:15 (F)",Olanrewaju Ojo
MECG 7470,T01 (65980),Renewable Energy (3),M,"Jan 06 - Apr 09, 10:30-11:20 (MWF)",Eric Bibeau
MECG 7740,T03 (65986),Mobile Robotics (3),M,"Jan 06 - Apr 09, 09:30-12:15 (F)",Jie Wang
MECG 7780,T22 (65978),Spacecraft Dynamics and Control (3),M,"Jan 06 - Apr 09, 08:30-09:15 (TR)",Philip Ferguson
MECG 7780,T20 (63724),Techniques for Condition Monitoring and Maintenance (3),M,"Jan 06 - Apr 09, 13:00-15:45 (M)",Xihui Liang
MECG 7810,A01 (59232),Computational Thermofluids (3),M,"Jan 06 - Apr 09, 14:30-16:55 (TR)",Scott Ormiston
MECG 7890,A01 (55274),M.Sc. Graduate Research Seminar (1),M,"Jan 06 - Apr 09, 16:00-18:00 (T)",Vijay Chatoorgoon
MECG 7900,A01 (55266),Ph.D. Graduate Research Seminar (1),M,"Jan 06 - Apr 09, 16:00-18:00 (T)",Vijay Chatoorgoon
MECG 7920,A01 (65979),Engineering Mechanics of Composite Materials (3),M,"Jan 06 - Apr 09, 13:30-15:30 (WF)",Raghavan Jayaraman
MECG 7940,A01 (63676),Experimental Methods in Fluid Mechanics (3),M,"Jan 06 - Apr 09, 13:30-16:30 (M)",Madjid Birouk
MECG 7950,T01 (65985),Additive Manufacturing (3),M,"Jan 06 - Apr 09, 10:00-12:45 (F)",Ahmad Naser
MECH 2112,A01 (57458),Fundamentals of Mechanical and Computer Aided Design (5),M,"Jan 06 - Apr 09, 10:00-11:15 (TR)",Nishant Balakrishnan
MECH 2112,A01 (57458),Fundamentals of Mechanical and Computer Aided Design (5),M,"Jan 06 - Apr 09, 17:30-19:20 (R)",Nishant Balakrishnan
MECH 2112,B02 (57460),Fundamentals of Mechanical and Computer Aided Design (0),M,"Jan 06 - Apr 09, 14:30-17:20 (W)",Nishant Balakrishnan
MECH 2112,B01 (57459),Fundamentals of Mechanical and Computer Aided Design (0),M,"Jan 06 - Apr 09, 14:30-17:20 (T)",Nishant Balakrishnan
MECH 2150,A01 (56102),Mechanical Engineering Modelling and Numerical Methods (4),M,"Jan 06 - Apr 09, 14:30-16:20 (F)",Meghan Guyot
MECH 2150,A01 (56102),Mechanical Engineering Modelling and Numerical Methods (4),M,"Jan 06 - Apr 09, 14:30-16:20 (R)",Meghan Guyot
MECH 2150,A01 (56102),Mechanical Engineering Modelling and Numerical Methods (4),M,"Jan 06 - Apr 09, 13:00-14:15 (TR)",Meghan Guyot
MECH 2202,B03 (51596),Thermodynamics (0),M,"Jan 06 - Apr 09, 14:30-17:15 (R)",Syed Zaidi
MECH 2202,B02 (51595),Thermodynamics (0),M,"Jan 06 - Apr 09, 14:30-17:15 (W)",Syed Zaidi
MECH 2202,A01 (51593),Thermodynamics (4),M,"Jan 06 - Apr 09, 09:30-10:20 (MWF)",Syed Zaidi
MECH 2202,B01 (51594),Thermodynamics (0),M,"Jan 06 - Apr 09, 14:30-17:15 (T)",Syed Zaidi
MECH 2202,A01 (51593),Thermodynamics (4),M,"Jan 06 - Apr 09, 11:30-13:20 (M)",Syed Zaidi
MECH 2222,B01 (51598),Mechanics of Materials (0),M,"Jan 06 - Apr 09, 14:30-17:15 (M)",Xihui Liang
MECH 2222,B02 (51599),Mechanics of Materials (0),M,"Jan 06 - Apr 09, 14:30-17:15 (R)",Xihui Liang
MECH 2222,A01 (51597),Mechanics of Materials (4),M,"Jan 06 - Apr 09, 08:30-09:45 (TR)",Xihui Liang
MECH 2222,A01 (51597),Mechanics of Materials (4),M,"Jan 06 - Apr 09, 11:30-13:20 (R)",Xihui Liang
MECH 2262,B02 (51647),Fundamentals of Fluid Mechanics (0),M,"Jan 06 - Apr 09, 14:30-17:20 (T)",Sean O'Brien
MECH 2262,A01 (51462),Fundamentals of Fluid Mechanics (4),M,"Jan 06 - Apr 09, 09:30-10:20 (MWF)",Sean O'Brien
MECH 2262,A01 (51462),Fundamentals of Fluid Mechanics (4),M,"Jan 06 - Apr 09, 12:30-14:15 (W)",Sean O'Brien
MECH 2262,B01 (51646),Fundamentals of Fluid Mechanics (0),M,"Jan 06 - Apr 09, 14:30-17:20 (M)",Sean O'Brien
MECH 2272,B02 (51467),Engineering Materials 1 (0),M,"Jan 06 - Apr 09, 14:30-16:20 (W)",Chuang Deng
MECH 2272,A01 (51463),Engineering Materials 1 (4),M,"Jan 06 - Apr 09, 11:30-12:20 (MWF)",Chuang Deng
MECH 2272,B01 (51466),Engineering Materials 1 (0),M,"Jan 06 - Apr 09, 14:30-16:20 (M)",Chuang Deng
MECH 3170,A01 (51987),Project Management (4),M,"Jan 06 - Apr 09, 08:30-09:20 (TR)",Kathryn Atamanchuk
MECH 3170,A01 (51987),Project Management (4),M,"Jan 06 - Apr 09, 12:30-14:20 (F)",Kathryn Atamanchuk
MECH 3212,B02 (65982),Electromechanical System Design (0),M,"Jan 06 - Apr 09, 14:30-17:20 (F)",Nishant Balakrishnan
MECH 3212,A01 (65766),Electromechanical System Design (4),M,"Jan 06 - Apr 09, 09:30-10:20 (MWF)",Nishant Balakrishnan
MECH 3212,B01 (65981),Electromechanical System Design (0),M,"Jan 06 - Apr 09, 14:30-17:20 (R)",Nishant Balakrishnan
MECH 3420,A01 (51935),Vibrations and Acoustics (4),M,"Jan 06 - Apr 09, 08:30-09:20 (MWF)",Syed Zaidi
MECH 3420,A01 (51935),Vibrations and Acoustics (4),M,"Jan 06 - Apr 09, 11:30-14:15 (T)",Syed Zaidi
MECH 3430,A01 (50738),Measurements and Control (4),M,"Jan 06 - Apr 09, 08:30-09:45 (TR)",Syed Zaidi
MECH 3430,A01 (50738),Measurements and Control (4),M,"Jan 06 - Apr 09, 14:30-17:15 (M)",Syed Zaidi
MECH 3430,B02 (50740),Measurements and Control (0),M,"Jan 06 - Apr 09, 14:30-17:15 (R)",Syed Zaidi
MECH 3430,B01 (50739),Measurements and Control (0),M,"Jan 06 - Apr 09, 14:30-17:15 (F)",Syed Zaidi
MECH 3460,A01 (51296),Heat Transfer (4),M,"Jan 06 - Apr 09, 10:00-11:15 (TR)",Scott Ormiston
MECH 3460,A01 (51296),Heat Transfer (4),M,"Jan 06 - Apr 09, 11:30-13:20 (W)",Scott Ormiston
MECH 3482,A01 (51601),Kinematics and Dynamics (4),M,"Jan 06 - Apr 09, 09:30-10:20 (MWF)",Yuejian Chen
MECH 3482,A01 (51601),Kinematics and Dynamics (4),M,"Jan 06 - Apr 09, 11:30-14:15 (R)",Yuejian Chen
MECH 3492,A01 (51602),Fluid Mechanics and Applications (4),M,"Jan 06 - Apr 09, 10:30-11:20 (MWF)",Eric Bibeau
MECH 3492,A01 (51602),Fluid Mechanics and Applications (4),M,"Jan 06 - Apr 09, 14:30-16:20 (M)",Eric Bibeau
MECH 3502,A01 (51603),Stress Analysis and Design (4),M,"Jan 06 - Apr 09, 11:30-12:20 (MWF)",Paul Labossiere
MECH 3502,A01 (51603),Stress Analysis and Design (4),M,"Jan 06 - Apr 09, 12:30-14:20 (W)",Paul Labossiere
MECH 3542,B02 (51780),Engineering Materials 2 (0),M,"Feb 24 - Feb 24, 14:30-17:15 (T)",Mengqiu Xing
MECH 3542,B02 (51780),Engineering Materials 2 (0),M,"Jan 20 - Jan 20, 14:30-17:15 (T)",Mengqiu Xing
MECH 3542,B02 (51780),Engineering Materials 2 (0),M,"Mar 10 - Mar 10, 14:30-17:15 (T)",Mengqiu Xing
MECH 3542,B03 (51781),Engineering Materials 2 (0),M,"Mar 19 - Mar 19, 14:30-17:15 (R)",Mengqiu Xing
MECH 3542,B03 (51781),Engineering Materials 2 (0),M,"Jan 29 - Jan 29, 14:30-17:15 (R)",Mengqiu Xing
MECH 3542,B04 (51782),Engineering Materials 2 (0),M,"Jan 22 - Jan 22, 14:30-17:15 (R)",Mengqiu Xing
MECH 3542,B04 (51782),Engineering Materials 2 (0),M,"Feb 05 - Feb 05, 14:30-17:15 (R)",Mengqiu Xing
MECH 3542,B04 (51782),Engineering Materials 2 (0),M,"Feb 26 - Feb 26, 14:30-17:15 (R)",Mengqiu Xing
MECH 3542,B04 (51782),Engineering Materials 2 (0),M,"Mar 26 - Mar 26, 14:30-17:15 (R)",Mengqiu Xing
MECH 3542,B04 (51782),Engineering Materials 2 (0),M,"Mar 12 - Mar 12, 14:30-17:15 (R)",Mengqiu Xing
MECH 3542,B03 (51781),Engineering Materials 2 (0),M,"Mar 05 - Mar 05, 14:30-17:15 (R)",Mengqiu Xing
MECH 3542,B03 (51781),Engineering Materials 2 (0),M,"Jan 15 - Jan 15, 14:30-17:15 (R)",Mengqiu Xing
MECH 3542,B02 (51780),Engineering Materials 2 (0),M,"Mar 24 - Mar 24, 14:30-17:15 (T)",Mengqiu Xing
MECH 3542,B02 (51780),Engineering Materials 2 (0),M,"Feb 03 - Feb 03, 14:30-17:15 (T)",Mengqiu Xing
MECH 3542,B03 (51781),Engineering Materials 2 (0),M,"Feb 12 - Feb 12, 14:30-17:15 (R)",Mengqiu Xing
MECH 3542,B01 (51779),Engineering Materials 2 (0),M,"Mar 03 - Mar 03, 14:30-17:15 (T)",Mengqiu Xing
MECH 3542,B01 (51779),Engineering Materials 2 (0),M,"Jan 13 - Jan 13, 14:30-17:15 (T)",Mengqiu Xing
MECH 3542,B01 (51779),Engineering Materials 2 (0),M,"Jan 27 - Jan 27, 14:30-17:15 (T)",Mengqiu Xing
MECH 3542,B01 (51779),Engineering Materials 2 (0),M,"Feb 10 - Feb 10, 14:30-17:15 (T)",Mengqiu Xing
MECH 3542,B01 (51779),Engineering Materials 2 (0),M,"Mar 17 - Mar 17, 14:30-17:15 (T)",Mengqiu Xing
MECH 3542,A01 (51778),Engineering Materials 2 (4),M,"Jan 06 - Apr 09, 13:00-14:20 (TR)",Mengqiu Xing
MECH 3542,A01 (51778),Engineering Materials 2 (4),M,"Jan 06 - Apr 09, 12:30-14:20 (M)",Mengqiu Xing
MECH 3592,A01 (65758),Simulation Modeling and Facilities Planning (4),M,"Jan 06 - Apr 09, 12:30-13:20 (MWF)",Qingjin Peng
MECH 3592,A01 (65758),Simulation Modeling and Facilities Planning (4),M,"Jan 06 - Apr 09, 14:30-17:20 (W)",Qingjin Peng
MECH 3652,A01 (57467),Machine Design (4),M,"Jan 06 - Apr 09, 14:30-17:15 (F)",Paul Labossiere
MECH 3652,A01 (57467),Machine Design (4),M,"Jan 06 - Apr 09, 09:30-10:20 (MWF)",Paul Labossiere
MECH 3992,B02 (57478),Mechanical Laboratories in Thermofluids (0),M,"Jan 06 - Apr 09, 14:30-15:50 (T)",Sean O'Brien
MECH 3992,B10 (64817),Mechanical Laboratories in Thermofluids (0),M,"Jan 05 - Apr 08, 16:00-17:20 (F)",Sean O'Brien
MECH 3992,B09 (63725),ME Labs in Thermofluids (0),M,"Jan 06 - Apr 09, 16:00-17:20 (R)",Sean O'Brien
MECH 3992,B03 (57479),Mechanical Laboratories in Thermofluids (0),M,"Jan 06 - Apr 09, 11:30-12:50 (R)",Sean O'Brien
MECH 3992,B08 (64816),Mechanical Laboratories in Thermofluids (0),M,"Jan 05 - Apr 08, 13:00-14:20 (R)",Sean O'Brien
MECH 3992,A01 (57476),Mechanical Laboratories in Thermofluids (2),M,"Jan 06 - Apr 09, 10:30-11:20 (MWF)",Sean O'Brien
MECH 3992,B01 (57477),Mechanical Laboratories in Thermofluids (0),M,"Jan 06 - Apr 09, 11:30-12:50 (T)",Sean O'Brien
MECH 3992,B04 (57480),Mechanical Laboratories in Thermofluids (0),M,"Jan 06 - Apr 09, 14:30-15:50 (R)",Sean O'Brien
MECH 3992,B05 (57481),Mechanical Laboratories in Thermofluids (0),M,"Jan 06 - Apr 09, 14:30-15:50 (F)",Sean O'Brien
MECH 3992,B06 (63710),ME Labs in Thermofluids (0),M,"Jan 06 - Apr 09, 13:00-14:20 (T)",Sean O'Brien
MECH 3992,B07 (63711),ME Labs in Thermofluids (0),M,"Jan 06 - Apr 09, 16:00-17:20 (T)",Sean O'Brien
MECH 4162,A02 (65117),Thesis (Part B) (3),M,"Jan 06 - Apr 09, 17:30-18:20 (T)",Mark Tachie
MECH 4182,A01 (51468),Aerospace Structures: Analysis and Design (4),M,"Jan 06 - Apr 09, 14:30-16:20 (R)",Igor Telichev
MECH 4182,A01 (51468),Aerospace Structures: Analysis and Design (4),M,"Jan 06 - Apr 09, 11:30-12:45 (TR)",Igor Telichev
MECH 4192,A01 (51469),Aerospace Materials and Manufacturing Processes (4),M,"Jan 06 - Apr 09, 10:30-11:20 (MWF)",Raghavan Jayaraman
MECH 4192,A01 (51469),Aerospace Materials and Manufacturing Processes (4),M,"Jan 06 - Apr 09, 14:30-16:20 (T)",Raghavan Jayaraman
MECH 4310,T15 (65987),Spacecraft Dynamics and Controls (4),M,"Jan 06 - Apr 09, 08:30-09:50 (TR)",Philip Ferguson
MECH 4310,T15 (65987),Spacecraft Dynamics and Controls (4),M,"Jan 06 - Apr 09, 14:30-16:20 (W)",Philip Ferguson
MECH 4322,T03 (65754),Design of Biomechanical Devices (4),M,"Jan 06 - Apr 09, 14:30-16:20 (M)",Sean O'Brien
MECH 4322,T03 (65754),Design of Biomechanical Devices (4),M,"Jan 06 - Apr 09, 13:30-14:20 (MWF)",Sean O'Brien
MECH 4322,T06 (51784),Interdisciplinary Design (4),M,"Jan 06 - Apr 09, 17:30-20:20 (M)",Paul Labossiere
MECH 4322,T06 (51784),Interdisciplinary Design (4),M,"Jan 06 - Apr 09, 14:30-15:20 (W)",Paul Labossiere
MECH 4322,T10 (62943),Advanced Engineering Design (4),M,Jan 06 - Apr 09,Paul Labossiere
MECH 4342,T02 (65752),"Schedule Conflict
Schedule Conflict
Mechatronics in AI-driven Robotics (4)",M,"Jan 06 - Apr 09, 11:30-12:20 (MWF)",Jie Wang
MECH 4342,T02 (65752),"Schedule Conflict
Schedule Conflict
Mechatronics in AI-driven Robotics (4)",M,"Jan 06 - Apr 09, 14:30-17:20 (F)",Jie Wang
MECH 4342,T05 (65755),Computer Integrated Manufacturing and Automation 3 (4),M,"Jan 06 - Apr 09, 13:00-14:20 (TR)",Nishant Balakrishnan
MECH 4342,T05 (65755),Computer Integrated Manufacturing and Automation 3 (4),M,"Jan 06 - Apr 09, 14:30-17:20 (M)",Nishant Balakrishnan
MECH 4360,T01 (65753),Biomaterials for Medical Applications (4),M,"Jan 06 - Apr 09, 14:30-16:20 (R)",Mengqiu Xing
MECH 4360,T01 (65753),Biomaterials for Medical Applications (4),M,"Jan 06 - Apr 09, 11:30-12:50 (TR)",Mengqiu Xing
MECH 4452,A01 (64808),Aircraft Performance (4),M,"Jan 06 - Apr 09, 14:30-16:20 (W)",Vijay Chatoorgoon
MECH 4452,A01 (64808),Aircraft Performance (4),M,"Jan 06 - Apr 09, 08:30-09:20 (TR)",Vijay Chatoorgoon
MECH 4560,T10 (63768),Fluid Mechanics (4),M,"Jan 06 - Apr 09, 09:30-10:20 (MWF)",Mark Tachie
MECH 4560,T10 (63768),Fluid Mechanics (4),M,"Jan 06 - Apr 09, 14:30-16:20 (F)",Mark Tachie
MECH 4692,A01 (65757),Renewable Energy (4),M,"Jan 06 - Apr 09, 08:30-09:20 (MWF)",Eric Bibeau
MECH 4692,A01 (65757),Renewable Energy (4),M,"Jan 06 - Apr 09, 14:30-16:20 (W)",Eric Bibeau
BGEN 3024,A01 (57945),Introduction to Human Genetics B (3),M,"Jan 06 - Apr 09, 11:30-12:45 (TR)",David Merz
BGEN 4010,A01 (50754),Project Course in Human Genetics (Part B) (3),B,Jan 06 - Apr 09,David Merz
BGEN 7000,A01 (51196),Research Seminar M.Sc. (Part B) (0.5),B,"Jan 06 - Apr 09, 12:00-13:00 (W)",James Davie
BGEN 7000,A02 (51203),Research Seminar M.Sc. (1),B,"Jan 06 - Apr 09, 12:00-13:00 (W)",James Davie
BGEN 7040,A01 (57523),Seminars in Human Genetics (3),B,"Jan 03 - Apr 30, 13:00-16:00 (M)",Jessica Hartley
BGEN 7130,A01 (56465),Genetic Epidemiology of Human Populations (3),B,"Jan 06 - Apr 09, 14:30-16:30 (T)",Xiaoqing Liu
BGEN 7130,A01 (56465),Genetic Epidemiology of Human Populations (3),B,"Jan 06 - Apr 09, 15:30-16:30 (F)",Xiaoqing Liu
BGEN 7144,A01 (56467),Clinical Genetics 2 (3),B,"Jan 03 - Apr 30, 09:00-12:00 (M)",Kristin Gambin
BGEN 7210,T01 (55435),Topics in Biochemistry II (3),B,Jan 06 - Apr 09,Hao Ding
BGEN 7250,A01 (58143),Gene Expression & Epigenetics (3),B,"Jan 06 - Apr 09,  (R)",James Davie
BGEN 7270,A01 (56468),Introduction to Genetic Counselling Clinic Rotation (Part B) (2),B,Jan 03 - Apr 30,Jessica Hartley
BGEN 7280,A01 (58078),Advanced Genetic Counselling Clinical Rotation (Part B) (2),B,"Jan 03 - Apr 30, 11:00-12:00 (M)",Jessica Hartley
BGEN 8000,A01 (51195),Research Seminar Ph.D. (Part B) (0.5),B,"Jan 06 - Apr 09, 12:00-13:00 (W)",James Davie
BGEN 8000,A02 (56459),Research Seminar Ph.D. (1),B,"Jan 06 - Apr 09, 12:00-13:00 (W)",James Davie
IMED 7120,A01 (55432),Medical Biochemistry (3),B,"Jan 06 - Apr 09, 13:00-14:30 (TR)",Francis Amara
IMED 7280,A01 (56466),Medical Computational Biology (3),B,"Jan 06 - Apr 09, 09:30-11:00 (TF)",Athanasios Zovoilis
CHSC 3004,A01 (65690),Decolonizing Perspectives in Indigenous Health (3),M,"Jan 06 - Apr 09, 14:30-15:45 (TR)",Linda Diffey
CHSC 7220,A01 (57995),"Health & Health Services of First Nations, Metis & Inuit Peoples (3)",B,"Jan 06 - Apr 09, 13:00-15:50 (M)",Amanda Fowler-Woods
CHSC 7250,A01 (57992),Sciences & Practice of Knowledge Translation in Health Research (3),B,"Jan 06 - Apr 09, 09:30-12:00 (T)",Kathryn Sibley
CHSC 7290,A01 (51193),Economic Evaluation of Health Care (3),B,"Jan 08 - Apr 09, 13:00-15:50 (R)",Yihong Bai
CHSC 7320,A01 (51814),Organization and Financing of the Canadian Health Care System (3),B,"Jan 06 - Apr 09, 14:00-17:00 (F)",John Ataguba
CHSC 7330,A01 (58354),Cultural Perspectives on Illness and Medical Practice (3),B,"Jan 06 - Apr 09, 09:30-11:50 (R)",Sharon Bruce
CHSC 7400,T02 (65699),Advanced Topics in Community Health I: Applied Machine Learning for Health Data (3),B,"Jan 06 - Apr 09, 13:30-16:20 (T)",Lisa Lix
CHSC 7502,A01 (60607),Core Concepts in Public Health 2 (3),B,"Jan 06 - Apr 09, 09:30-12:30 (R)",William Routledge
CHSC 7510,A01 (50928),Problem Solving in Public Health (3),B,"Jan 06 - Apr 09, 13:00-16:00 (W)",Joel Kettner
CHSC 7530,A01 (50929),Applied Public Health Epidemiology (3),B,"Jan 06 - Apr 09, 13:00-15:50 (T)",TBA
CHSC 7540,A01 (56469),Advanced Epidemiology (3),B,"Jan 06 - Apr 09, 10:00-12:50 (T)",Marcelo Urquia
CHSC 7580,A01 (60565),Public Health Field Placement (0),B,Jan 06 - Apr 09,Karen Duncan
CHSC 7730,A01 (51815),Topics in Health Services Research (Part B) (1.5),B,"Jan 06 - Apr 09, 09:00-12:00 (F)",Malcolm Doupe
CHSC 7740,A01 (56472),Advanced Qualitative Research Methods (in Community Health Sciences) (3),B,"Jan 06 - Apr 09, 10:00-12:50 (W)",Deborah McPhail
CHSC 7830,A01 (51811),Advanced Biostatistics for Community Health Sciences (3),B,"Jan 06 - Apr 09, 13:00-13:50 (M)",Mahmoud Torabi
CHSC 7830,A01 (51811),Advanced Biostatistics for Community Health Sciences (3),B,"Jan 06 - Apr 09, 10:00-12:50 (M)",Mahmoud Torabi
CHSC 7840,A01 (59421),Current Topics in Biostatistics: Design and Analysis (3),B,"Jan 06 - Apr 09, 13:00-15:50 (W)",Razvan Romanescu
FMLY 1000,G01 (53166),Families in Contemporary Canadian Society (3),M,"Jan 06 - Apr 09, 08:30-11:20 (T)",Punam Mehta
FMLY 1010,G04 (66074),Human Development in the Family (3),DE,Jan 06 - Apr 08,Punam Mehta
FMLY 1010,G02 (53389),Human Development in the Family (3),DE,Jan 06 - Apr 09,Punam Mehta
FMLY 1010,G01 (53154),Human Development in the Family (3),M,"Jan 06 - Apr 09, 10:00-11:15 (TR)",Jamie Pfau
FMLY 1420,G02 (53390),Family Management Principles (3),DE,Jan 06 - Apr 09,Rachael Pettigrew
FMLY 2400,G01 (53391),Family Financial Health (3),DE,Jan 06 - Apr 09,Lisa Bednar
FMLY 2500,G03 (64941),Diversity and Families (3),DE,Jan 06 - Apr 09,Chelsea Jalloh
FMLY 2650,G01 (59164),The Social Aspects of Aging (3),M,"Jan 06 - Apr 09, 14:30-17:15 (W)",Barbara Borges E Jesus Chieregati
FMLY 3330,G01 (53393),Parenting and Developmental Health (3),DE,Jan 06 - Apr 09,Erika Skaftfeld
FMLY 3600,G02 (53394),Adolescents in Families and Society (3),DE,Jan 06 - Apr 09,Erika Skaftfeld
FMLY 3750,G01 (53150),Fundamentals of Health Promotion (3),M,"Jan 06 - Apr 09, 11:30-12:45 (TR)",Punam Mehta
FMLY 3790,G01 (53155),Introduction to the Evaluation of Programs for Children and Families (3),M,"Jan 06 - Apr 09, 10:00-11:15 (TR)",Javier Mignone
FMLY 4220,G01 (60739),Aging and Risk in a Global Context (3),M,"Jan 06 - Apr 09, 14:30-17:15 (T)",Kerstin Roger
FMLY 4300,G02 (53168),Field Experience Part B (3),M,Jan 06 - Apr 09,Andrew Hatala
FMLY 4300,G02 (53168),Field Experience Part B (3),M,"Jan 06 - Apr 09, 10:30-12:20 (M)",Andrew Hatala
ANAT 7380,A01 (51340),Human Developmental Anatomy (Embryology) (3),B,Jan 06 - Apr 09,Alexa Hryniuk
ANAT 7392,A02 (52794),Human Neuroanatomy (3),B,"Jan 03 - Apr 30, 10:00-11:45 (TR)",Hassan Marzban
ANAT 7400,A01 (63417),Morphological Techniques (3),B,"Jan 03 - Apr 30, 13:00-15:00 (R)",Sabine Hombach-Klonisch
ANAT 7480,A01 (63908),Human Gross Anatomy: Thorax (3),B,"Jan 03 - Apr 30, 13:00-15:00 (WF)",Alexa Hryniuk
ANAT 7482,A01 (65216),Human Gross Anatomy: Head and Neck (3),B,"Jan 03 - Apr 30, 13:00-15:00 (WF)",Yantian Li
IMED 7106,A01 (58108),Stem Cell Threapy & Tissue Engineering (1.5),B,"Jan 03 - Apr 30, 15:00-16:30 (TR)",Sanjiv Dhingra
IMED 7410,A01 (52841),Biomedical Skills training (3),B,"Jan 06 - Apr 09, 14:00-17:00 (M)",Saeid Ghavami
IMMU 2000,A01 (64590),Fundamentals in Immunology (3),M,"Jan 06 - Apr 09, 15:30-16:20 (MWF)",Jean-Eric Ghia
IMMU 7010,A01 (63579),Science Communication: Audio-video methodologies (3),B,"Jan 06 - Apr 09, 11:00-14:00 (W)",Jean-Eric Ghia
IMMU 7090,A01 (61820),Selected Topics in Immunology (3),B,Jan 03 - Apr 30,Soussi Gounni
IMMU 7100,A01 (61779),Advanced Topics in Immunology (3),B,"Jan 03 - Apr 30, 09:00-11:00 (M)",Sam Kung
MMIC 7040,A01 (58468),Clinical Bacteriology (Part B) (3),B,"Jan 06 - Apr 09, 08:45-10:45 (W)",Philippe Lagace-Wiens
MMIC 7050,A01 (54391),Microbial Pathogenicity (Part B) (3),B,"Jan 03 - Apr 30, 13:00-16:00 (T)",Denice Bay
MMIC 7190,A01 (52326),Readings in Infectious Diseases (3),B,Jan 06 - Apr 09,Marissa Becker
UGME 1000,A01 (51124),Year 1 Medicine (0),B,"Jan 05 - Jun 05,  (MTWRF)",Sally Longstaffe
UGME 2000,A01 (51125),Year 2 Medicine (0),B,"Jan 05 - Jun 05,  (MTWRF)",Sally Longstaffe
UGME 3000,A01 (51126),Year 3 Medicine (0),B,"Jan 05 - Jun 05,  (MTWRF)",Sally Longstaffe
UGME 4000,A01 (51127),Year 4 Medicine (0),B,"Jan 05 - Jun 05,  (MTWRF)",Sally Longstaffe
UGME 4990,A01 (51128),Clinical Clerkship (0),B,Jan 05 - Jun 05,Jillian Horton
IMED 7094,A01 (57991),Cell Biology B Special Topics (3),B,"Jan 06 - Apr 09, 13:00-14:30 (TR)",Jiuyong Xie
IMED 7190,A01 (62566),Medical Immunology (3),B,"Jan 03 - Apr 30, 09:30-11:30 (W)",Afshin Raouf
IMED 7200,A01 (53646),Cancer Biology (3),B,"Jan 06 - Apr 09, 15:00-17:00 (T)",Kirk McManus
PAEP 7002,A01 (51497),Physiology and Pathophysiology for Physician Assstants II (3),B,"Jan 05 - Apr 02, 13:00-14:55 (WF)",Adrian West
PAEP 7054,A01 (51498),Patient Assessment for Physician Assistants II (2),B,"Jan 05 - Apr 02, 13:00-16:00 (T)",Jennifer Forbes
PAEP 7054,A01 (51498),Patient Assessment for Physician Assistants II (2),B,"Jan 05 - Apr 02, 08:00-08:55 (W)",Jennifer Forbes
PAEP 7068,A01 (51638),Adult Medicine for Physican Assistants 1 (6),B,"Jan 05 - Apr 02, 13:00-14:55 (MR)",Jonathon Bellas
PAEP 7068,A01 (51638),Adult Medicine for Physican Assistants 1 (6),B,"Jan 05 - Apr 02, 10:00-12:00 (F)",Jonathon Bellas
PAEP 7090,A01 (51328),Principles of Psychiatry for Physician Assistants (3),B,"Jan 05 - Apr 02, 15:00-16:30 (MR)",Daniel Fillion
PAEP 7110,A01 (52835),Emergency and Critical Care for Physician Assistants (3),B,"Jan 05 - Apr 02, 09:00-12:00 (W)",Mark Schneider
PAEP 7202,A01 (51830),Family Medicine for Physician Assistants (6),B,Jan 05 - Apr 26,Rebecca Mueller
PAEP 7204,A01 (51842),Clinical Elective for Physician Assistants I (1.5),B,Jan 05 - Apr 26,Rebecca Mueller
PAEP 7206,A01 (51843),Clinical Elective for Physician Assistants II (1.5),B,Jan 05 - Apr 26,Rebecca Mueller
PAEP 7210,A01 (51499),Clinical Internal Medicine for Physician Assistants (3),B,Jan 05 - Apr 26,Rebecca Mueller
PAEP 7220,A01 (51500),Clinical Surgery for Physician Assistants (3),B,Jan 05 - Apr 26,Rebecca Mueller
PAEP 7240,A01 (51502),Clinical Pediatrics for Physician Assistants (3),B,Jan 05 - Apr 26,Rebecca Mueller
PAEP 7250,A01 (51503),Clinical Psychiatry for Physician Assistants (3),B,Jan 05 - Apr 26,Rebecca Mueller
PAEP 7260,A01 (51504),Community Health for Physician Assistants (3),B,Jan 05 - Apr 26,Rebecca Mueller
PAEP 7270,A01 (51505),Clinical Emergency Medicine for Physician Assistants (3),B,Jan 05 - Apr 26,Rebecca Mueller
PAEP 7280,A01 (51506),Clinical Obstetrics and Gynecology for Physician Assistants (3),B,Jan 05 - Apr 26,Rebecca Mueller
PAEP 7300,A01 (56973),Comprehensive Assessment of Clinical Skills (0),B,Jan 05 - Apr 26,Rebecca Mueller
PAEP 7350,A01 (56974),PAEP Final Project (0),B,Jan 05 - Apr 26,Rebecca Mueller
PEDS 7050,A01 (65090),Ethics and Equity in Child Health Research (3),B,"Jan 06 - Apr 09, 09:00-11:45 (R)",Jennifer Protudjer
PEDS 7070,A01 (65802),Reflexive Practice in Patient Engagement (0),B,Jan 03 - Apr 30,Brianna Hunt
PEDS 7120,A01 (66010),Foundations in Bioinformatics (3),B,"Jan 06 - Apr 09, 09:30-12:00 (W)",Richard Leduc
PEDS 7130,A01 (65085),Multidisciplinary Immersion in Clinical Research (1.5),OC,Jan 06 - Apr 30,Jennifer Protudjer
PEDS 7150,A01 (65089),Multidisciplinary Immersion in Basic Sciences (1.5),B,Jan 06 - Apr 30,Jennifer Protudjer
PEDS 7160,A01 (65087),Multidisciplinary Immersion in Population Health (1.5),B,Jan 06 - Apr 30,Jennifer Protudjer
PEDS 7170,A01 (65088),Multidisciplinary Immersion in Policy and Practice (1.5),B,Jan 06 - Apr 30,Jennifer Protudjer
PHAC 2100,A01 (50719),Pharmacology (Part B) (3),B,"Jan 05 - Apr 10, 08:30-10:20 (MW)",Jillian Stobart
PHAC 4040,A01 (51291),Drugs in Human Disease II (3),M,"Jan 06 - Apr 09, 08:30-09:45 (TR)",Michael Jackson
PHAC 7042,A01 (53752),Cardiovascular Regulation & Drug Action - 2 (1.5),B,"Jan 06 - Apr 09, 13:00-15:00 (T)",Vernon Dolinsky
PHAC 7062,A01 (53750),"Drug, Distribution, Metabolism & Excretion A (1.5)",B,"Jan 03 - Apr 30, 14:00-15:50 (W)",Donald Miller
PHAC 7064,A01 (53751),"Drug, Distribution, Metabolism & Excretion B (1.5)",B,"Jan 03 - Apr 30, 14:00-15:50 (W)",Donald Miller
PHAC 7180,T04 (52296),Recent Advances in Pharmacology Winter 2026 (3),B,Jan 06 - Apr 09,Paul Fernyhough
PHAC 7240,A01 (52022),Fundamentals in Pharmacology for Health Care II (3),B,"Jan 05 - Apr 02, 08:00-09:55 (TF)",Gordon Glazner
PHGY 1030,A01 (60754),Fundamentals of Medical Physiology (Part B) (3),M,"Jan 06 - Apr 09, 13:00-14:15 (TR)",Adrian West
PHGY 1030,D01 (63566),Fundamentals of Medical Physiology (Part B) - Online Section (3),DE,Jan 06 - Apr 09,Adrian West
PHGY 5006,A01 (61398),Endocrine Physiology and Pathophysiology (3),B,"Jan 03 - Apr 30, 09:00-12:00 (TR)",Robin da Silva
PHGY 5008,A01 (61399),Neurophysiology and Pathophysiology (3),B,"Jan 03 - Apr 30, 09:00-12:00 (TR)",Jeremy Chopek
PHGY 5012,K01 (61397),Laboratory Physiology and Pathophysiology (Part B) (6),B,Jan 06 - Apr 09,TBA
PHGY 7172,A01 (63567),Advanced Endocrine and Metabolic Physiology and Disease (Part B) (1.5),B,"Jan 16 - Apr 24, 11:00-12:00 (F)",Tooru Mizuno
PHGY 7190,A01 (56577),Research Topics in Physiology (3),B,Jan 06 - Apr 09,TBA
PHGY 7256,A01 (52832),Endocrine Physiology & Pathophysiology (1.5),B,"Jan 06 - Feb 24, 09:00-11:00 (TR)",Robin da Silva
PHGY 7258,A01 (52833),Neurophysiology & Pathophysiology (1.5),B,"Feb 26 - Apr 14, 09:00-11:00 (TR)",Jeremy Chopek
PHGY 7310,A01 (52814),Principles of Electronics for Life Sciences (3),B,"Jan 06 - Apr 09, 14:00-17:00 (M)",Katinka Stecina
PHGY 7360,A01 (56192),Trends in Cardiovascular Sciences (Part B) (1.5),B,"Jan 06 - Apr 09, 11:00-12:00 (W)",Sanjiv Dhingra
SURG 7012,A01 (59347),Major Course in Surgical Problems (Part B) (1.5),B,"Jan 06 - Apr 09, 08:00-09:00 (W)",TBA
SURG 7022,A01 (59348),Specialty Rounds in Surgical Problems (Part B) (1.5),B,"Jan 06 - Apr 09,  (MWF)",TBA
SURG 7030,A01 (59349),Advance Surgery: Subspecialty Rounds (Part B) (1.5),B,Jan 06 - Apr 09,TBA
ACC 1100,A01 (51749),Introductory Financial Accounting (3),M,"Jan 06 - Apr 09, 10:00-11:15 (MW)",Mingzhi Liu
ACC 1100,A02 (50042),Introductory Financial Accounting (3),M,"Jan 06 - Apr 09, 11:30-12:45 (MW)",Mingzhi Liu
ACC 1100,B01 (58392),Introductory Financial Accounting (0),M,"Jan 06 - Apr 09, 10:00-11:15 (F)",TBA
ACC 1100,B02 (58393),Introductory Financial Accounting (0),M,"Jan 06 - Apr 09, 11:30-12:45 (F)",TBA
ACC 1100,D01 (52088),Introductory Financial Accounting (3),DE,Jan 06 - Apr 09,Mingzhi Liu
ACC 1110,A02 (50035),Introductory Managerial Accounting (3),M,"Jan 06 - Apr 09, 11:30-12:45 (TR)",
ACC 1110,B01 (58390),Introductory Managerial Accounting (0),M,"Jan 06 - Apr 09, 08:30-09:45 (F)",TBA
ACC 1110,B02 (58391),Introductory Managerial Accounting (0),M,"Jan 06 - Apr 09, 10:00-11:15 (F)",TBA
ACC 1110,B03 (58362),Introductory Managerial Accounting (0),M,"Jan 06 - Apr 09, 11:30-12:45 (F)",TBA
ACC 1110,B04 (58363),Introductory Managerial Accounting (0),M,"Jan 06 - Apr 09, 14:30-15:45 (F)",TBA
ACC 1110,D01 (52791),Introductory Managerial Accounting (3),DE,Jan 06 - Apr 09,
ACC 1110,A03 (50036),Introductory Managerial Accounting (3),M,"Jan 06 - Apr 09, 18:00-20:45 (R)",
ACC 1110,A01 (63247),Introductory Managerial Accounting (3),M,"Jan 06 - Apr 09, 10:00-11:15 (TR)",
ACC 3010,A01 (62562),Data Analytics in Accounting (3),M,"Jan 06 - Apr 09, 09:00-11:45 (F)",
ACC 3040,A01 (55625),Cost Accounting (3),M,"Jan 06 - Apr 09, 14:30-15:45 (TR)",Robert Biscontri
ACC 3080,A02 (65197),Canadian Income Taxation (3),M,"Jan 06 - Apr 09, 18:00-20:45 (R)",Lingyi Zheng
ACC 3080,A01 (56187),Canadian Income Taxation (3),M,"Jan 06 - Apr 09, 18:00-20:45 (T)",Lingyi Zheng
ACC 3080,A02 (65197),Canadian Income Taxation (3),M,"Jan 06 - Apr 09, 18:00-19:15 (M)",Lingyi Zheng
ACC 3080,A01 (56187),Canadian Income Taxation (3),M,"Jan 06 - Apr 09, 18:00-19:15 (W)",Lingyi Zheng
ACC 3110,A01 (63683),Intermediate Accounting -Assets (3),M,"Jan 06 - Apr 09, 14:30-15:45 (TR)",
ACC 3110,A02 (63684),Intermediate Accounting -Assets (3),M,"Jan 06 - Apr 09, 16:00-17:15 (TR)",
ACC 3120,A02 (63686),Intermediate Accounting- Equities (3),M,"Jan 06 - Apr 09, 18:00-20:45 (R)",Tobias Unruh
ACC 3120,A01 (63685),Intermediate Accounting- Equities (3),M,"Jan 06 - Apr 09, 18:00-20:45 (T)",Tobias Unruh
ACC 3530,A01 (63007),Accounting Information Systems (3),M,"Jan 06 - Apr 09, 13:00-14:15 (MW)",Byron Wright
ACC 4010,A02 (65463),Auditing (3),M,"Jan 06 - Apr 09, 13:00-14:15 (MW)",Dawei Yu
ACC 4010,A01 (56693),Auditing (3),M,"Jan 06 - Apr 09, 10:00-11:15 (MW)",Dawei Yu
ACC 4030,A02 (65103),Accounting Theory (3),M,"Jan 06 - Apr 09, 18:00-20:45 (W)",Ainsley Donald
ACC 4030,A01 (50076),Accounting Theory (3),M,"Jan 06 - Apr 09, 18:00-20:45 (M)",Ainsley Donald
ACC 7010,G01 (52571),Accounting Fundamentals (3),M,"Jan 20 - Apr 07, 18:15-21:30 (T)",Muhammad Kabir
ACC 7010,A01 (56373),Accounting Fundamentals (3),M,"Jan 20 - Apr 07, 18:15-21:30 (T)",Muhammad Kabir
FIN 1010,D01 (65792),Introduction to Personal Finance (3),DE,Jan 06 - Apr 09,Xiaofan Zheng
FIN 2010,A02 (63009),Introduction to Finance (3),M,"Jan 06 - Apr 09, 10:00-11:15 (F)",Ying Zhang
FIN 2010,A02 (63009),Introduction to Finance (3),M,"Jan 06 - Apr 09, 10:00-11:15 (MW)",Ying Zhang
FIN 2010,A01 (63008),Introduction to Finance (3),M,"Jan 06 - Apr 09, 13:00-14:15 (F)",David Stangeland
FIN 2010,A03 (63010),Introduction to Finance (3),M,"Jan 06 - Apr 09, 11:30-12:45 (MW)",Ying Zhang
FIN 2010,A04 (63011),Introduction to Finance (3),M,"Jan 06 - Apr 09, 14:30-15:45 (F)",Yu Xia
FIN 2010,A04 (63011),Introduction to Finance (3),M,"Jan 06 - Apr 09, 14:30-15:45 (MW)",Yu Xia
FIN 2010,D01 (63012),Introduction to Finance (3),DE,Jan 06 - Apr 09,Ying Zhang
FIN 2010,A01 (63008),Introduction to Finance (3),M,"Jan 06 - Apr 09, 13:00-14:15 (MW)",David Stangeland
FIN 2010,A03 (63010),Introduction to Finance (3),M,"Jan 06 - Apr 09, 11:30-12:45 (F)",Ying Zhang
FIN 2420,A01 (63013),Financial Risk Management (3),M,"Jan 06 - Apr 09, 08:30-09:45 (TR)",Li Yu
FIN 3030,A01 (63709),Professional Financial Ethics (3),M,"Jan 19 - Apr 06, 18:15-21:30 (M)",Howard Harmatz
FIN 3270,A01 (58435),Personal Financial Planning (3),M,"Jan 06 - Apr 09, 18:00-20:45 (T)",Aaron Menon
FIN 3410,A01 (50068),Investments (3),M,"Jan 06 - Apr 09, 10:00-11:15 (TR)",
FIN 3410,A02 (50071),Investments (3),M,"Jan 06 - Apr 09, 11:30-12:45 (TR)",
FIN 3450,A01 (52344),International Finance (3),M,"Jan 06 - Apr 09, 14:30-17:15 (T)",David Stangeland
FIN 3480,A01 (55247),Corporate Finance Theory and Practice (3),M,"Jan 06 - Apr 09, 14:30-17:15 (W)",
FIN 4230,T01 (62561),Applied Asset Management (3),M,"Jan 06 - Apr 09, 16:00-18:45 (M)",David Stangeland
FIN 4400,A02 (51054),Financial Management Practices (3),M,"Jan 06 - Apr 09, 11:30-12:45 (MW)",Shiu-Yik Au
FIN 4400,A01 (50077),Financial Management Practices (3),M,"Jan 06 - Apr 09, 10:00-11:15 (MW)",Shiu-Yik Au
FIN 7000,G01 (54438),Managerial Economics (1.5),M,"Mar 27 - Mar 27, 13:15-17:30 (F)",Xiaofan Zheng
FIN 7000,G01 (54438),Managerial Economics (1.5),M,"Mar 22 - Mar 22, 09:00-13:45 (U)",Xiaofan Zheng
FIN 7000,G01 (54438),Managerial Economics (1.5),M,"Mar 29 - Mar 29, 09:00-13:15 (U)",Xiaofan Zheng
FIN 7000,A01 (60573),Managerial Economics (1.5),M,"Mar 27 - Mar 27, 13:15-17:30 (F)",Xiaofan Zheng
FIN 7000,A01 (60573),Managerial Economics (1.5),M,"Mar 22 - Mar 22, 09:00-13:45 (U)",Xiaofan Zheng
FIN 7000,A01 (60573),Managerial Economics (1.5),M,"Mar 29 - Mar 29, 09:00-13:15 (U)",Xiaofan Zheng
FIN 7000,A01 (60573),Managerial Economics (1.5),M,"Mar 20 - Mar 20, 13:15-17:30 (F)",Xiaofan Zheng
FIN 7000,G01 (54438),Managerial Economics (1.5),M,"Mar 20 - Mar 20, 13:15-17:30 (F)",Xiaofan Zheng
FIN 7010,A01 (64421),Professional Financial Ethics (3),M,"Jan 19 - Apr 06, 18:15-21:30 (M)",Howard Harmatz
FIN 7010,G01 (63661),Professional Financial Ethics (3),M,"Jan 19 - Apr 06, 18:15-21:30 (M)",Howard Harmatz
FIN 7080,A01 (55361),International Finance (3),M,"Jan 21 - Apr 08, 18:15-21:30 (W)",David Stangeland
FIN 7080,G01 (52576),International Finance (3),M,"Jan 21 - Apr 08, 18:15-21:30 (W)",David Stangeland
FIN 7130,G01 (56087),Alternative Markets and Instruments (1.5),M,"Mar 15 - Mar 15, 08:45-14:45 (U)",Ying Zhang
FIN 7130,G01 (56087),Alternative Markets and Instruments (1.5),M,"Mar 13 - Mar 14, 08:45-15:45 (FS)",Ying Zhang
FIN 7130,A01 (56375),Alternative Markets and Instruments (1.5),M,"Mar 15 - Mar 15, 08:45-14:45 (U)",Ying Zhang
FIN 7130,A01 (56375),Alternative Markets and Instruments (1.5),M,"Mar 13 - Mar 14, 08:45-15:45 (FS)",Ying Zhang
FIN 7152,G01 (54577),Investment Policy (3),M,"Jan 22 - Apr 08, 18:15-21:30 (R)",
FIN 7152,A01 (55362),Investment Policy (3),M,"Jan 22 - Apr 09, 18:15-21:30 (R)",
FIN 7710,A01 (64667),Empirical Asset Pricing (3),M,"Jan 06 - Apr 09, 10:00-12:45 (W)",Yu Xia
FIN 7716,T02 (66159),Topic in Behavioral Finance (3),M,"Jan 06 - Apr 09, 13:30-16:15 (T)",Lei Lu
MIS 3020,A02 (66084),Programming for Business Analytics (3),M,"Jan 06 - Apr 09, 11:30-12:45 (TR)",Wenxi Pu
MIS 3020,A01 (63015),Programming for Business Analytics (3),M,"Jan 06 - Apr 09, 10:00-11:15 (TR)",Wenxi Pu
MIS 3500,A01 (50074),Database Management Systems (3),M,"Jan 06 - Apr 09, 10:00-11:15 (MW)",Byron Wright
MIS 4250,T03 (65704),AI Applications in Business (3),M,"Jan 06 - Apr 09, 14:30-15:45 (TR)",Kimia Ansari
MIS 5120,A01 (61768),Spreadsheet Skills for Management (1),OC,Jan 03 - Apr 30,Byron Wright
MIS 5120,G01 (56369),Spreadsheet Skills for Management (1),OC,Jan 03 - Apr 30,Byron Wright
ACT 2120,A02 (52316),Interest Theory (3),M,"Jan 06 - Apr 09, 10:00-11:15 (TR)",Xikui Wang
ACT 3130,A01 (53183),Actuarial Models 1 (3),M,"Jan 06 - Apr 09, 11:30-12:45 (MW)",Yumin Wang
ACT 3340,A01 (62976),Valuations for Actuarial Practice (3),M,"Jan 06 - Apr 09, 14:30-15:45 (MW)",Yumin Wang
ACT 4010,A01 (57280),Regression Modeling and Time Series in Actuarial Science (3),M,"Jan 06 - Apr 09, 11:30-12:45 (TR)",Xikui Wang
ACT 4030,A01 (57281),Short Term Actuarial Mathematics II (3),M,"Jan 06 - Apr 09, 13:00-14:15 (TR)",Xuemiao Hao
ACT 4060,A01 (51600),Actuarial Aspects of Investment Practice (3),M,"Jan 06 - Apr 09, 14:30-15:45 (TR)",TBA
ENTR 2020,A01 (64336),Starting a New Business (3),M,"Jan 06 - Apr 09, 10:00-11:15 (MW)",TBA
ENTR 2020,A02 (64337),Starting a New Business (3),M,"Jan 06 - Apr 09, 14:30-15:45 (MW)",TBA
ENTR 2030,A04 (64334),Introduction to Entrepreneurship: Business and Social Perspectives (3),M,"Jan 06 - Apr 09, 10:00-11:15 (TR)",TBA
ENTR 2030,A02 (63677),Introduction to Entrepreneurship: Business and Social Perspectives (3),M,"Jan 06 - Apr 09, 13:00-14:15 (TR)",Junyon Im
ENTR 2030,A05 (64335),Introduction to Entrepreneurship: Business and Social Perspectives (3),M,"Jan 06 - Apr 09, 14:30-15:45 (TR)",TBA
ENTR 2030,A03 (63969),Introduction to Entrepreneurship: Business and Social Perspectives (3),M,"Jan 06 - Apr 09, 16:00-17:15 (MW)",TBA
ENTR 2030,A01 (58398),Introduction to Entrepreneurship: Business and Social Perspectives (3),M,"Jan 06 - Apr 09, 11:30-12:45 (TR)",Junyon Im
ENTR 3060,A01 (62983),Creativity and Entrepreneurial Thinking (3),M,"Jan 06 - Apr 09, 14:30-17:15 (M)",TBA
GMGT 1000,A04 (63675),Writing Skills for Business (1.5),M,"Jan 06 - Apr 09, 16:00-17:15 (M)",Janine Jeanson
GMGT 1000,A01 (62985),Writing Skills for Business (1.5),M,"Jan 06 - Apr 09, 14:30-15:45 (M)",Maryam Razzaq
GMGT 1000,A02 (62986),Writing Skills for Business (1.5),M,"Jan 06 - Apr 09, 16:00-17:15 (W)",Janet Eisbrenner
GMGT 1000,A03 (63674),Writing Skills for Business (1.5),M,"Jan 06 - Apr 09, 14:30-15:45 (W)",TBA
GMGT 1010,A04 (51730),Business and Society (3),M,"Jan 06 - Apr 09, 14:30-15:45 (TR)",TBA
GMGT 1010,A03 (52053),Business and Society (3),M,"Jan 06 - Apr 09, 10:00-11:15 (MW)",TBA
GMGT 1010,A01 (63665),Business and Society (3),M,"Jan 06 - Apr 09, 14:30-15:45 (MW)",Niki Khorasani
GMGT 1010,A02 (51729),Business and Society (3),M,"Jan 06 - Apr 09, 10:00-11:15 (TR)",Sean Macdonald
GMGT 1010,A06 (52776),Business and Society (3),M,"Jan 06 - Apr 09, 11:30-12:45 (MW)",Niki Khorasani
GMGT 1010,A07 (52777),Business and Society (3),M,"Jan 06 - Apr 09, 13:00-14:15 (MW)",Niki Khorasani
GMGT 1010,A08 (63666),Business and Society (3),M,"Jan 06 - Apr 09, 11:30-12:45 (TR)",TBA
GMGT 1010,A09 (63667),Business and Society (3),M,"Jan 06 - Apr 09, 13:00-14:15 (TR)",TBA
GMGT 1010,A10 (64123),Business and Society (3),M,"Jan 06 - Apr 09, 14:30-15:45 (TR)",TBA
GMGT 1010,A05 (51731),Business and Society (3),M,"Jan 06 - Apr 09, 16:00-17:15 (TR)",Howard Harmatz
GMGT 2010,A03 (51734),Business Communications (3),M,"Jan 06 - Apr 09, 10:00-11:15 (TR)",TBA
GMGT 2010,A02 (51733),Business Communications (3),M,"Jan 06 - Apr 09, 08:30-09:45 (TR)",Rakesh Mittoo
GMGT 2010,A01 (51732),Business Communications (3),M,"Jan 06 - Apr 09, 10:00-11:15 (MW)",TBA
GMGT 2010,A04 (51735),Business Communications (3),M,"Jan 06 - Apr 09, 11:30-12:45 (MW)",TBA
GMGT 2060,A01 (51736),Management and Organizational Theory (3),M,"Jan 06 - Apr 09, 10:00-11:15 (MW)",Sean Macdonald
GMGT 2070,A04 (62896),Introduction to Organizational Behaviour (3),M,"Jan 06 - Apr 09, 11:30-12:45 (MW)",
GMGT 2070,A04 (62896),Introduction to Organizational Behaviour (3),M,"Jan 06 - Apr 09, 11:30-12:45 (F)",
GMGT 2070,A05 (50012),Introduction to Organizational Behaviour (3),M,"Jan 06 - Apr 09, 13:00-14:15 (TR)",TBA
GMGT 2070,A05 (50012),Introduction to Organizational Behaviour (3),M,"Jan 06 - Apr 09, 13:00-14:15 (F)",TBA
GMGT 2070,A03 (52160),Introduction to Organizational Behaviour (3),M,"Jan 06 - Apr 09, 11:30-12:45 (F)",Sean Macdonald
GMGT 2070,A02 (50011),Introduction to Organizational Behaviour (3),M,"Jan 06 - Apr 09, 14:30-15:45 (F)",
GMGT 2070,A03 (52160),Introduction to Organizational Behaviour (3),M,"Jan 06 - Apr 09, 11:30-12:45 (TR)",Sean Macdonald
GMGT 2070,A01 (50008),Introduction to Organizational Behaviour (3),M,"Jan 06 - Apr 09, 13:00-14:15 (F)",
GMGT 2070,A02 (50011),Introduction to Organizational Behaviour (3),M,"Jan 06 - Apr 09, 14:30-15:45 (MW)",
GMGT 2070,A01 (50008),Introduction to Organizational Behaviour (3),M,"Jan 06 - Apr 09, 13:00-14:15 (MW)",
GMGT 3300,A01 (50025),Business Law (3),M,"Jan 06 - Apr 09, 08:30-09:45 (MW)",Ian Restall
GMGT 3300,A03 (56166),Business Law (3),M,"Jan 06 - Apr 09, 10:00-11:15 (MW)",Ian Restall
GMGT 3300,A02 (50026),Business Law (3),M,"Jan 06 - Apr 09, 16:00-17:15 (MW)",John Harrison
GMGT 4010,A05 (50029),Strategic Management (3),M,"Jan 06 - Apr 09, 14:30-17:15 (W)",
GMGT 4010,A03 (58400),Strategic Management (3),M,"Jan 06 - Apr 09, 10:00-11:15 (MW)",Alok Dua
GMGT 4010,A02 (50030),Strategic Management (3),M,"Jan 06 - Apr 09, 08:30-11:15 (T)",Pouyan Tabasi Nejad
GMGT 4010,A01 (64333),Strategic Management (3),M,"Jan 06 - Apr 09, 14:30-17:15 (T)",Pouyan Tabasi Nejad
GMGT 4010,A06 (60769),Strategic Management (3),M,"Jan 06 - Apr 09, 14:30-17:15 (R)",Sean Macdonald
GMGT 4010,A04 (50028),Strategic Management (3),M,"Jan 06 - Apr 09, 11:30-12:45 (MW)",TBA
GMGT 4210,A01 (51950),Seminar in Management and Capitalism (3),M,"Jan 06 - Apr 09, 14:30-15:45 (TR)",Howard Harmatz
GMGT 7100,G01 (56088),Interpersonal Processes (3),M,"Jan 20 - Mar 31, 18:15-21:30 (T)",TBA
GMGT 7100,A01 (66013),Interpersonal Processes (3),M,"Jan 20 - Mar 31, 18:15-21:30 (T)",TBA
GMGT 7200,G01 (52567),Critical and Creative Thinking (1.5),M,"Jan 05 - Jan 14, 18:15-21:30 (MWF)",Howard Harmatz
GMGT 7200,A01 (66014),Critical and Creative Thinking (1.5),M,"Jan 05 - Jan 14, 18:15-21:30 (MWF)",Howard Harmatz
GMGT 7210,G01 (52573),Strategy (3),M,"Jan 21 - Apr 01, 18:15-21:30 (W)",Leslie Crombie
GMGT 7220,G01 (63978),Managing People in Organizations (3),M,"Jan 21 - Apr 01, 18:15-21:30 (W)",Luke Neville
GMGT 7220,A01 (63977),Managing People in Organizations (3),M,"Jan 21 - Apr 01, 18:15-21:30 (W)",Luke Neville
GMGT 7230,G01 (63994),Negotiations (3),M,"Jan 19 - Mar 30, 18:15-21:30 (M)",Luke Neville
GMGT 7230,A01 (63996),Negotiations (3),M,"Jan 19 - Mar 30, 18:15-21:30 (M)",Luke Neville
GMGT 7350,A06 (66023),Entrepreneurial Mastery: Creating and Leading New Ventures (3),M,"Mar 13 - Mar 13, 09:00-16:00 (F)",Debra Jonasson-Young
GMGT 7350,A06 (66023),Entrepreneurial Mastery: Creating and Leading New Ventures (3),M,"Jan 16 - Jan 17, 09:00-16:00 (FS)",Debra Jonasson-Young
GMGT 7350,G06 (65676),Entrepreneurial Mastery: Creating and Leading New Ventures (3),M,"Jan 16 - Jan 17, 09:00-16:00 (FS)",Debra Jonasson-Young
GMGT 7350,G12 (61228),Business Case Competitions (Part B) (1.5),M,Jan 03 - Apr 30,TBA
GMGT 7350,G06 (65676),Entrepreneurial Mastery: Creating and Leading New Ventures (3),M,"Feb 27 - Feb 28, 09:00-16:00 (FS)",Debra Jonasson-Young
GMGT 7350,A06 (66023),Entrepreneurial Mastery: Creating and Leading New Ventures (3),M,"Feb 27 - Feb 28, 09:00-16:00 (FS)",Debra Jonasson-Young
GMGT 7350,G06 (65676),Entrepreneurial Mastery: Creating and Leading New Ventures (3),M,"Mar 13 - Mar 13, 09:00-16:00 (F)",Debra Jonasson-Young
GMGT 7540,A01 (65627),Doctoral Seminar in Research Methods (3),M,"Jan 06 - Apr 09, 13:00-15:15 (W)",Jieying Chen
HRIR 2440,A04 (50022),Human Resource Management (3),M,"Jan 06 - Apr 09, 11:30-12:45 (MW)",Sean Macdonald
HRIR 2440,A03 (50019),Human Resource Management (3),M,"Jan 06 - Apr 09, 16:00-17:15 (TR)",TBA
HRIR 2440,A06 (52778),Human Resource Management (3),M,"Jan 06 - Apr 09, 10:00-11:15 (MW)",Jae Kim
HRIR 2440,A02 (52161),Human Resource Management (3),M,"Jan 06 - Apr 09, 10:00-11:15 (TR)",Alok Dua
HRIR 3450,A01 (51768),Labour and Employment Relations (3),M,"Jan 06 - Apr 09, 13:00-14:15 (TR)",Alok Dua
HRIR 4410,A01 (51605),Staffing and Management Development (3),M,"Jan 06 - Apr 09, 08:30-11:15 (R)",TBA
HRIR 4420,A01 (57036),Compensation (3),M,"Jan 06 - Apr 09, 11:30-14:15 (T)",TBA
HRIR 4520,A01 (62982),Comparative Industrial Relations and Human Resource Management (3),M,"Jan 06 - Apr 09, 16:00-17:15 (TR)",Janet Eisbrenner
LEAD 2010,A01 (51632),Learning to Lead (3),M,"Jan 06 - Apr 09, 18:15-19:30 (MW)",TBA
LEAD 3010,A01 (58433),Negotiation and Conflict Management (3),M,"Jan 06 - Apr 09, 14:30-17:15 (M)",TBA
LEAD 3030,A01 (62024),"Corporate, Social, and Environmental Responsibility (3)",M,"Jan 06 - Apr 09, 13:00-14:15 (TR)",TBA
LEAD 3030,A02 (62025),"Corporate, Social, and Environmental Responsibility (3)",M,"Jan 06 - Apr 09, 14:30-15:45 (TR)",TBA
LEAD 3040,T02 (63678),Business Ethics (3),M,"Jan 06 - Apr 09, 11:30-12:45 (MW)",Jae Kim
LEAD 4010,A01 (55977),Leading Change (3),M,"Jan 06 - Apr 09, 16:00-17:15 (TR)",TBA
SGMT 2200,A01 (62978),Global Management (3),M,"Jan 06 - Apr 09, 14:30-17:15 (T)",TBA
SGMT 2200,A02 (62979),Global Management (3),M,"Jan 06 - Apr 09, 14:30-17:15 (R)",Alok Dua
SGMT 2200,A04 (62981),Global Management (3),M,"Jan 06 - Apr 09, 08:30-11:15 (T)",TBA
SGMT 3060,A01 (65467),Strategic Thinking and Cross-Functional Management (3),M,"Jan 06 - Apr 09, 13:00-14:15 (MW)",TBA
IDM 1010,A03 (62988),Communication for Career Management (1.5),M,"Jan 06 - Apr 09, 14:30-15:45 (M)",Yvanne Caballero
IDM 1010,A04 (62989),Communication for Career Management (1.5),M,"Jan 06 - Apr 09, 14:30-15:45 (W)",Charlotte Vis Van Heemst
IDM 1010,A02 (62987),Communication for Career Management (1.5),M,"Jan 06 - Apr 09, 16:00-17:15 (W)",Kelly Mahoney
IDM 1010,A01 (62950),Communication for Career Management (1.5),M,"Jan 06 - Apr 09, 16:00-17:15 (M)",Maryam Razzaq
IDM 1020,A05 (65101),Data Software for Business (1.5),M,"Jan 06 - Apr 09, 11:30-12:45 (T)",Byron Wright
IDM 1020,A04 (62992),Data Software for Business (1.5),M,"Jan 06 - Apr 09, 14:30-15:45 (R)",Byron Wright
IDM 1020,A02 (62990),Data Software for Business (1.5),M,"Jan 06 - Apr 09, 14:30-15:45 (T)",Byron Wright
IDM 1020,A03 (62991),Data Software for Business (1.5),M,"Jan 06 - Apr 09, 13:00-14:15 (R)",Byron Wright
IDM 1020,A01 (62951),Data Software for Business (1.5),M,"Jan 06 - Apr 09, 13:00-14:15 (T)",Byron Wright
IDM 2010,B01 (64344),Indigenous Peoples and Canadian Business (0),M,"Jan 23 - Jan 23, 14:30-16:30 (F)",TBA
IDM 2010,A05 (65480),Indigenous Peoples and Canadian Business (3),M,"Jan 06 - Apr 09, 17:30-18:45 (TR)",TBA
IDM 2010,A04 (63682),Indigenous Peoples and Canadian Business (3),M,"Jan 06 - Apr 09, 13:00-14:15 (MW)",Peter Pomart
IDM 2010,A03 (63681),Indigenous Peoples and Canadian Business (3),M,"Jan 06 - Apr 09, 10:00-11:15 (MW)",Peter Pomart
IDM 2010,B01 (64344),Indigenous Peoples and Canadian Business (0),M,"Feb 27 - Feb 27, 14:30-16:30 (F)",TBA
IDM 2010,A02 (63680),Indigenous Peoples and Canadian Business (3),M,"Jan 06 - Apr 09, 14:30-15:45 (TR)",Katherine Davis
IDM 2010,B01 (64344),Indigenous Peoples and Canadian Business (0),M,"Mar 13 - Mar 13, 14:30-16:30 (F)",TBA
IDM 2010,B01 (64344),Indigenous Peoples and Canadian Business (0),M,"Mar 27 - Mar 27, 14:30-16:30 (F)",TBA
IDM 2010,B01 (64344),Indigenous Peoples and Canadian Business (0),M,"Apr 03 - Apr 03, 14:30-16:30 (F)",TBA
IDM 2010,B01 (64344),Indigenous Peoples and Canadian Business (0),M,"Feb 06 - Feb 06, 14:30-16:30 (F)",TBA
IDM 2010,A01 (62993),Indigenous Peoples and Canadian Business (3),M,"Jan 06 - Apr 09, 13:00-14:15 (TR)",Katherine Davis
IDM 2020,A05 (65099),Introduction to Business Analytics (3),M,"Jan 06 - Apr 09, 19:00-20:15 (MW)",Ademola Alayande
IDM 2020,A02 (62995),Introduction to Business Analytics (3),M,"Jan 06 - Apr 09, 14:30-17:15 (W)",Kimia Ansari
IDM 2020,A04 (64346),Introduction to Business Analytics (3),M,"Jan 06 - Apr 09, 17:30-18:45 (MW)",Ademola Alayande
IDM 2020,A01 (62994),Introduction to Business Analytics (3),M,"Jan 06 - Apr 09, 11:30-14:15 (W)",Kimia Ansari
IDM 2020,A03 (64345),Introduction to Business Analytics (3),M,"Jan 06 - Apr 09, 16:00-17:15 (TR)",Farhan Islam
IDM 2982,K01 (51910),Co-op Work Term 1 (1),WKT,Jan 06 - Apr 09,Sean Macdonald
IDM 3010,A02 (63708),Sustainable Business (3),M,"Jan 06 - Apr 09, 11:30-12:45 (MW)",Savanna Vagianos
IDM 3010,A01 (62996),Sustainable Business (3),M,"Jan 06 - Apr 09, 10:00-11:15 (MW)",Savanna Vagianos
IDM 3010,A03 (64347),Sustainable Business (3),M,"Jan 06 - Apr 09, 14:30-15:45 (MW)",Savanna Vagianos
IDM 3982,K01 (51911),Co-op Work Term 2 (1),WKT,Jan 06 - Apr 09,Sean Macdonald
IDM 4050,T19 (64943),Business Case Analysis and Competitions (3),M,"Jan 06 - Feb 04, 18:00-21:30 (W)",TBA
IDM 4050,T19 (64943),Business Case Analysis and Competitions (3),M,"Mar 18 - Mar 25, 18:00-21:30 (W)",TBA
IDM 4050,T19 (64943),Business Case Analysis and Competitions (3),M,"Mar 04 - Mar 04, 18:00-21:30 (W)",TBA
IDM 4050,T19 (64943),Business Case Analysis and Competitions (3),M,"Apr 01 - Apr 08, 15:00-21:30 (W)",TBA
IDM 4982,K01 (51912),Co-op Work Term 3 (1),WKT,Jan 06 - Apr 09,Sean Macdonald
IDM 5120,G01 (52574),Career Development Seminar (1),M,"Feb 07 - Feb 07, 08:30-12:30 (S)",Kelly Mahoney
IDM 5120,G04 (63837),Career Development Seminar (1),M,"Feb 07 - Feb 07, 08:30-12:30 (S)",Olawole Luro
IDM 5120,G04 (63837),Career Development Seminar (1),M,"Mar 07 - Mar 07, 08:30-12:30 (S)",Olawole Luro
IDM 5120,G01 (52574),Career Development Seminar (1),M,"Mar 07 - Mar 07, 08:30-12:30 (S)",Kelly Mahoney
IDM 5120,G01 (52574),Career Development Seminar (1),M,"Apr 11 - Apr 11, 14:00-18:00 (S)",Kelly Mahoney
IDM 5120,G02 (53317),Career Development Seminar (1),M,"Mar 07 - Mar 07, 08:30-12:30 (S)",TBA
IDM 5120,G02 (53317),Career Development Seminar (1),M,"Feb 07 - Feb 07, 08:30-12:30 (S)",TBA
IDM 5120,G02 (53317),Career Development Seminar (1),M,"Apr 11 - Apr 11, 14:00-18:00 (S)",TBA
IDM 5120,G04 (63837),Career Development Seminar (1),M,"Apr 11 - Apr 11, 14:00-18:00 (S)",Olawole Luro
IDM 5120,A02 (66132),Career Development Seminar (1),M,"Feb 07 - Feb 07, 08:30-12:30 (S)",Olawole Luro
IDM 5120,A02 (66132),Career Development Seminar (1),M,"Apr 11 - Apr 11, 14:00-18:00 (S)",Olawole Luro
IDM 5120,A01 (61821),Career Development Seminar (1),M,"Apr 11 - Apr 11, 14:00-18:00 (S)",Kelly Mahoney
IDM 5120,A01 (61821),Career Development Seminar (1),M,"Feb 07 - Feb 07, 08:30-12:30 (S)",Kelly Mahoney
IDM 5120,A02 (66132),Career Development Seminar (1),M,"Mar 07 - Mar 07, 08:30-12:30 (S)",Olawole Luro
IDM 5120,A01 (61821),Career Development Seminar (1),M,"Mar 07 - Mar 07, 08:30-12:30 (S)",Kelly Mahoney
IDM 7002,G01 (65675),Executive Leadership and Responsibilities- the CEO Course (1.5),M,"Feb 07 - Feb 07, 13:30-18:15 (S)",Suzanne Gagnon
IDM 7002,G01 (65675),Executive Leadership and Responsibilities- the CEO Course (1.5),M,"Mar 07 - Mar 07, 13:30-18:15 (S)",Suzanne Gagnon
IDM 7002,G01 (65675),Executive Leadership and Responsibilities- the CEO Course (1.5),M,"Apr 11 - Apr 11, 08:45-13:30 (S)",Suzanne Gagnon
IDM 7002,A01 (65674),Executive Leadership and Responsibilities- the CEO Course (1.5),M,"Apr 11 - Apr 11, 08:45-13:30 (S)",Suzanne Gagnon
IDM 7002,A01 (65674),Executive Leadership and Responsibilities- the CEO Course (1.5),M,"Mar 07 - Mar 07, 13:30-18:15 (S)",Suzanne Gagnon
IDM 7002,A01 (65674),Executive Leadership and Responsibilities- the CEO Course (1.5),M,"Feb 07 - Feb 07, 13:30-18:15 (S)",Suzanne Gagnon
IDM 7050,A01 (66127),International Study Trip (3),M,Jan 03 - Apr 30,TBA
IDM 7090,A26 (66027),Indigenous Business Relations (3),M,"Jan 22 - Apr 02, 18:15-21:30 (R)",Peter Pomart
IDM 7090,G26 (62857),Indigenous Business Relations (3),M,"Jan 22 - Apr 02, 18:15-21:30 (R)",Peter Pomart
IDM 7090,G23 (66224),INDUSTRY PROJECTS - 2 (3),M,Jan 03 - Apr 30,Amy Oliver
IDM 7090,A22 (66225),Interdisciplinary Management Topics (3),M,Jan 03 - Apr 30,Amy Oliver
IDM 7090,G22 (61154),Industry Projects (3),M,Jan 03 - Apr 30,Amy Oliver
IDM 7130,A01 (66028),Contemporary Themes in Business (1.5),M,"Jan 30 - Feb 01, 08:45-14:45 (UFS)",Rajesh Manchanda
IDM 7130,G01 (52568),Contemporary Themes in Business (1.5),M,"Jan 30 - Feb 01, 08:45-14:45 (UFS)",Rajesh Manchanda
IDM 7510,A01 (66029),Strategic Leadership and Managing Change (1.5),M,"Jan 23 - Jan 24, 09:30-16:30 (FS)",Wenlong Yuan
IDM 7510,A01 (66029),Strategic Leadership and Managing Change (1.5),M,"Jan 25 - Jan 25, 09:30-12:30 (U)",Wenlong Yuan
IDM 7510,G01 (51290),Strategic Leadership and Managing Change (1.5),M,"Jan 23 - Jan 24, 09:30-16:30 (FS)",Wenlong Yuan
IDM 7510,G01 (51290),Strategic Leadership and Managing Change (1.5),M,"Jan 25 - Jan 25, 09:30-12:30 (U)",Wenlong Yuan
PHDM 7110,A01 (65626),Doctoral Seminar in Management (3),M,"Jan 06 - Apr 09, 14:30-17:15 (T)",
MKT 2210,A04 (50005),Fundamentals of Marketing (3),M,"Jan 06 - Apr 09, 10:00-11:15 (MW)",Divya Ramachandran
MKT 2210,D01 (53744),Fundamentals of Marketing (3),DE,Jan 06 - Apr 09,Divya Ramachandran
MKT 2210,A06 (52787),Fundamentals of Marketing (3),M,"Jan 06 - Apr 09, 11:30-12:45 (TR)",Marcio Coelho
MKT 2210,A05 (50006),Fundamentals of Marketing (3),M,"Jan 06 - Apr 09, 13:00-14:15 (TR)",Edvaldo Neiva Rocha Filho
MKT 2210,A03 (50004),Fundamentals of Marketing (3),M,"Jan 06 - Apr 09, 14:30-15:45 (TR)",Edvaldo Neiva Rocha Filho
MKT 2210,A02 (50003),Fundamentals of Marketing (3),M,"Jan 06 - Apr 09, 16:00-17:15 (TR)",David Suderman
MKT 2210,A01 (50001),Fundamentals of Marketing (3),M,"Jan 06 - Apr 09, 11:30-12:45 (MW)",Divya Ramachandran
MKT 3220,A02 (63798),Marketing Research (3),M,"Jan 06 - Apr 09, 11:30-12:45 (MW)",Nicholas Borodenko
MKT 3220,A01 (50013),Marketing Research (3),M,"Jan 06 - Apr 09, 13:00-14:15 (MW)",Nicholas Borodenko
MKT 3230,A02 (50016),Consumer Behaviour (3),M,"Jan 06 - Apr 09, 10:00-11:15 (MW)",Sijie Sun
MKT 3230,A03 (51132),Consumer Behaviour (3),M,"Jan 06 - Apr 09, 11:30-12:45 (MW)",Sijie Sun
MKT 3230,A01 (50015),Consumer Behaviour (3),M,"Jan 06 - Apr 09, 08:30-09:45 (TR)",Marcio Coelho
MKT 3300,A02 (52788),International Marketing (3),M,"Jan 06 - Apr 09, 13:00-14:15 (TR)",Meng Zhang
MKT 3300,A01 (51285),International Marketing (3),M,"Jan 06 - Apr 09, 14:30-15:45 (TR)",Meng Zhang
MKT 3390,A02 (52602),Integrated Marketing Communications (3),M,"Jan 06 - Apr 09, 10:00-11:15 (TR)",Meng Zhang
MKT 3390,A01 (52601),Integrated Marketing Communications (3),M,"Jan 06 - Apr 09, 11:30-12:45 (TR)",Meng Zhang
MKT 4010,A01 (62945),Marketing Analytics (3),M,"Jan 06 - Apr 09, 14:30-17:15 (W)",Kaushik Bhattacharjee
MKT 4210,A01 (50020),Strategic Marketing (3),M,"Jan 06 - Apr 09, 11:30-12:45 (MW)",Clayton Harapiak
MKT 4210,A02 (50021),Strategic Marketing (3),M,"Jan 06 - Apr 09, 13:00-14:15 (MW)",Clayton Harapiak
MKT 7010,A01 (66031),Marketing Management (3),M,"Jan 22 - Apr 02, 18:15-21:30 (R)",Kiran Pedada
MKT 7010,G01 (57293),Marketing Management (3),M,"Jan 22 - Apr 02, 18:15-21:30 (R)",TBA
MKT 7080,G14 (64422),Marketing Analytics (3),M,"Jan 21 - Apr 01, 18:15-21:30 (W)",TBA
MKT 7080,A01 (65488),Research Design & Methods (3),M,"Jan 06 - Apr 09, 10:00-13:00 (F)",Divya Ramachandran
MKT 7080,A14 (66032),Marketing Analytics (3),M,"Jan 21 - Apr 01, 18:15-21:30 (W)",TBA
MKT 7110,T05 (65489),Doctoral Seminar in Marketing (3),M,"Jan 06 - Apr 09, 11:00-14:00 (T)",Sandeep Arora
MKT 7232,A01 (66033),Consumer Behaviour (3),M,"Jan 19 - Mar 30, 18:15-21:30 (M)",TBA
MKT 7232,G01 (65677),Consumer Behaviour (3),M,"Jan 19 - Mar 30, 18:15-21:30 (M)",TBA
MSCI 2150,A01 (50032),Introduction to Management Sciences (3),M,"Jan 06 - Apr 09, 13:00-14:15 (MW)",Yuvraj Gajpal
MSCI 2150,A03 (50031),Introduction to Management Sciences (3),M,"Jan 06 - Apr 09, 11:30-12:45 (TR)",Srimantoorao Appadoo
SCM 1000,A02 (62998),Introduction to Project Management (1.5),M,"Jan 06 - Apr 09, 10:00-11:15 (W)",Maryna Klymchuk
SCM 1000,A01 (62997),Introduction to Project Management (1.5),M,"Jan 06 - Apr 09, 10:00-11:15 (M)",Maryna Klymchuk
SCM 1000,A03 (64331),Introduction to Project Management (1.5),M,"Jan 06 - Apr 09, 11:30-12:45 (T)",Maryna Klymchuk
SCM 1000,A04 (64332),Introduction to Project Management (1.5),M,"Jan 06 - Apr 09, 11:30-12:45 (R)",Maryna Klymchuk
SCM 1000,A06 (65167),Introduction to Project Management (1.5),M,"Jan 06 - Apr 09, 18:00-19:15 (R)",Maryna Klymchuk
SCM 1000,A05 (65166),Introduction to Project Management (1.5),M,"Jan 06 - Apr 09, 18:00-19:15 (T)",Maryna Klymchuk
SCM 2160,A03 (64011),Operations Management (3),M,"Jan 06 - Apr 09, 10:00-11:15 (TR)",Hyunmin Shin
SCM 2160,A04 (53189),Operations Management (3),M,"Jan 06 - Apr 09, 18:00-20:45 (M)",Yuvraj Gajpal
SCM 2160,A02 (51741),Operations Management (3),M,"Jan 06 - Apr 09, 11:30-12:45 (TR)",Hyunmin Shin
SCM 2160,A01 (51740),Operations Management (3),M,"Jan 06 - Apr 09, 08:30-09:45 (TR)",Hyunmin Shin
SCM 2160,A05 (56519),Operations Management (3),M,"Jan 06 - Apr 09, 14:30-15:45 (MW)",Yuvraj Gajpal
SCM 2210,A01 (51286),Transportation Principles (3),M,"Jan 06 - Apr 09, 10:00-11:15 (MW)",Narendra Malalgoda
SCM 2230,A01 (50033),Introduction to Supply Chain Management (3),M,"Jan 06 - Apr 09, 10:00-11:15 (TR)",Javad Feiz Abadi
SCM 2230,A02 (57524),Introduction to Supply Chain Management (3),M,"Jan 06 - Apr 09, 11:30-12:45 (MW)",Mani Venkatesh
SCM 3220,A01 (63001),Introduction to Business Process Management (3),M,"Jan 06 - Apr 09, 16:00-17:15 (MW)",Allan Amundsen
SCM 3240,A01 (62999),Supply Chain Analytics (3),M,"Jan 06 - Apr 09, 14:30-15:45 (TR)",Javad Feiz Abadi
SCM 3270,A01 (62807),Lean Management (3),M,"Jan 06 - Apr 09, 13:00-14:15 (MW)",Mani Venkatesh
SCM 3360,A01 (50037),Supply Chain Logistics (3),M,"Jan 06 - Apr 09, 13:00-14:15 (TR)",Paul Larson
SCM 5110,A01 (65680),Basic Quantitative Analysis for Management (1),OC,Jan 05 - Jan 16,Robert Parsons
SCM 5110,G01 (65681),Basic Quantitative Analysis for Management (1),OC,Jan 05 - Jan 16,Robert Parsons
SCM 7018,T01 (63651),Seminar in Production and Operation Management (3),M,"Jan 06 - Apr 09, 13:00-14:15 (TR)",Yuvraj Gajpal
SCM 7020,T01 (63652),Seminar in Supply Chain Management (3),M,"Jan 06 - Apr 09, 16:30-19:30 (R)",Javad Feiz Abadi
SCM 7030,A01 (65490),Doctoral Seminar in SCM Sustainability (3),M,"Jan 06 - Apr 09, 11:30-12:45 (TR)",Paul Larson
SCM 7046,A01 (62728),Sustainable Supply Chain Management (3),M,"Jan 20 - Mar 31, 18:15-21:30 (T)",Mani Venkatesh
SCM 7046,G01 (62729),Sustainable Supply Chain Management (3),M,"Jan 20 - Mar 31, 18:15-21:30 (T)",Mani Venkatesh
SCM 7048,A01 (62730),Advanced Supply Chain Management (3),M,"Jan 21 - Apr 01, 18:15-21:30 (W)",Srimantoorao Appadoo
SCM 7048,G01 (62731),Advanced Supply Chain Management (3),M,"Jan 21 - Apr 01, 18:15-21:30 (W)",Srimantoorao Appadoo
SCM 7060,A01 (65686),Business Process Management Using ERP System (3),M,"Jan 22 - Apr 02, 18:15-21:30 (R)",Allan Amundsen
SCM 7060,G01 (65687),Business Process Management Using ERP System (3),M,"Jan 22 - Apr 02, 18:15-21:30 (R)",Allan Amundsen
SCM 7100,A01 (65688),Recent Developments in Supply Chain Management (3),M,"Jan 19 - Mar 30, 18:15-21:30 (M)",Ian Seunarine
SCM 7100,G01 (65689),Recent Developments in Supply Chain Management (3),M,"Jan 19 - Mar 30, 18:15-21:30 (M)",Ian Seunarine
SCM 7120,G01 (65683),Operations and Supply Chain Management (3),M,"Jan 19 - Mar 30, 18:15-21:30 (M)",Robert Parsons
SCM 7120,A01 (65682),Operations and Supply Chain Management (3),M,"Jan 19 - Mar 30, 18:15-21:30 (M)",Robert Parsons
SCM 7140,A01 (65678),Quantitative Analysis for Management (3),M,"Jan 21 - Apr 01, 18:15-21:30 (W)",Yuvraj Gajpal
SCM 7140,G01 (65679),Quantitative Analysis for Management (3),M,"Jan 21 - Apr 01, 18:15-21:30 (W)",Yuvraj Gajpal
SCM 7170,G01 (65685),Project Management (3),M,"Jan 19 - Apr 06, 18:15-21:30 (M)",Narendra Malalgoda
SCM 7170,A01 (65684),Project Management (3),M,"Jan 19 - Apr 06, 18:15-21:30 (M)",Narendra Malalgoda
ABIZ 1000,D01 (53549),Introduction to Agribusiness Management (3),DE,Jan 06 - Apr 09,Charles Grant
ABIZ 1000,A01 (50812),Introduction to Agribusiness Management (3),M,"Jan 06 - Apr 09, 14:30-15:45 (TR)",Farhan Islam
ABIZ 1010,A01 (50811),Economics of World Food Issues and Policies (3),M,"Jan 06 - Apr 09, 13:30-16:30 (W)",Ryan Cardwell
ABIZ 2390,A01 (50813),Introduction to Environmental Economics (3),M,"Jan 06 - Apr 09, 09:30-10:20 (MWF)",Mostafa Shartaj
ABIZ 2510,A01 (50814),Introduction to Agricultural and Food Marketing (3),M,"Jan 06 - Apr 09, 13:00-14:15 (TR)",Alankrita Goswami
ABIZ 2520,A01 (50815),Introduction to Management Sciences (3),M,"Jan 06 - Apr 09, 08:30-09:45 (TR)",Tengda Gong
ABIZ 2520,B01 (56588),Introduction to Management Sciences (0),M,"Jan 06 - Apr 09, 10:30-11:20 (W)",Tengda Gong
ABIZ 2610,D01 (60677),Agricultural Law (3),DE,Jan 06 - Apr 09,James Townsend
ABIZ 2620,D01 (60263),Agricultural Human Resource Management (3),DE,Jan 06 - Apr 09,Farhan Islam
ABIZ 3080,D01 (62259),Introduction to Econometrics (3),DE,Jan 06 - Apr 09,Jared Carlberg
ABIZ 3510,A01 (52473),Economics of Food Policy (3),M,"Jan 06 - Apr 09, 10:00-11:15 (TR)",Ryan Cardwell
ABIZ 3530,D01 (57834),Farm Management (3),DE,Jan 06 - Apr 09,Charles Grant
ABIZ 3540,A01 (50816),Financial Risk Management (3),M,"Jan 06 - Apr 09, 11:30-12:45 (TR)",Charles Grant
ABIZ 4120,A01 (61360),Intermediate Econometrics (3),M,"Jan 06 - Apr 09, 11:30-12:20 (MWF)",Md Thuhid Noor
ABIZ 7240,A01 (62260),Research in Agricultural Marketing (3),M,Jan 06 - Apr 09,Jared Carlberg
ABIZ 7430,A01 (50817),Advanced Theory of Resource Economics (3),M,Jan 06 - Apr 09,Chad Lawley
ABIZ 7940,A01 (62261),Production Economics (3),M,Jan 06 - Apr 09,Arsena Gjipali
ANSC 2520,A01 (50788),Anatomy and Physiology 2: Nutrient Utilization (3),M,"Jan 06 - Apr 09, 10:30-11:20 (MWF)",Hooman Derakhshani
ANSC 2520,A01 (50788),Anatomy and Physiology 2: Nutrient Utilization (3),M,"Jan 06 - Apr 09, 14:30-17:25 (W)",Hooman Derakhshani
ANSC 2540,A01 (57434),Companion Animal Nutrition and Management (3),M,"Jan 06 - Apr 09, 10:00-11:15 (TR)",Argenis Rodas Gonzalez
ANSC 3300,K01 (64900),Horse Production and Management (3),M,"Jan 06 - Apr 09, 16:00-17:30 (TR)",Emma McGeough
ANSC 3500,A01 (53347),Principles of Animal Genetics (3),M,"Jan 06 - Apr 09, 09:30-10:20 (MWF)",Nhamo Gozho
ANSC 3530,K01 (50789),The Animal and Its Environment (3),M,"Jan 06 - Apr 09, 11:30-12:20 (MWF)",Nhamo Gozho
ANSC 3530,K01 (50789),The Animal and Its Environment (3),M,"Jan 06 - Apr 09, 14:30-17:15 (F)",Nhamo Gozho
ANSC 4410,A01 (50904),"Grassland Agriculture: Plant, Animal and Environment (3)",M,"Jan 06 - Apr 09, 14:30-17:15 (M)",Emma McGeough
ANSC 4410,A01 (50904),"Grassland Agriculture: Plant, Animal and Environment (3)",M,"Jan 06 - Apr 09, 10:30-11:20 (MWF)",Emma McGeough
ANSC 4500,A01 (61015),Animal Health (3),M,"Jan 06 - Apr 09, 13:00-14:15 (TR)",Nhamo Gozho
ANSC 4510,K01 (61724),Domesticated Animal Behaviour (3),M,"Jan 06 - Apr 09, 14:30-17:15 (W)",Ashlyn Scott
ANSC 4510,K01 (61724),Domesticated Animal Behaviour (3),M,"Jan 06 - Apr 09, 13:30-14:20 (MWF)",Ashlyn Scott
ANSC 4640,K01 (59874),Swine Production Systems (3),M,"Jan 06 - Apr 09, 12:30-13:20 (MWF)",Charles Nyachoti
ANSC 4640,K01 (59874),Swine Production Systems (3),M,"Jan 06 - Apr 09, 14:30-17:15 (T)",Charles Nyachoti
ANSC 7140,A01 (64056),M.Sc. Animal Science Seminar (Part B) (1.5),M,"Jan 06 - Apr 09, 11:30-12:45 (T)",Chengbo Yang
ANSC 7390,A01 (64057),Ph.D. Advanced Animal Science Seminar (Part B) (1.5),M,"Jan 06 - Apr 09, 11:30-12:45 (T)",Karmin O
ANSC 7440,A01 (66037),Protein Nutrition and Metabolism (1.5),M,"Jan 07 - Feb 11, 09:30-11:20 (W)",Charles Nyachoti
ANSC 7450,A01 (66038),Energy and Carbohydrate Nutrition and Metabolism (1.5),M,"Feb 25 - Apr 01, 09:30-11:20 (W)",Anna Rogiewicz
ANSC 7500,A01 (51794),Methodology in Agricultural and Food Sciences (3),M,"Jan 06 - Apr 09, 09:00-11:00 (F)",Marcos Cordeiro
ANSC 7500,A01 (51794),Methodology in Agricultural and Food Sciences (3),M,"Jan 06 - Apr 09, 10:00-11:15 (TR)",Marcos Cordeiro
ANSC 7520,T11 (66205),Meat Inspection: Understanding and enhancing animal harvesting practices (3),M,"Jan 06 - Apr 09, 11:30-12:45 (TR)",Argenis Rodas Gonzalez
BIOE 2480,A01 (53473),Impact of Engineering on the Environment (3),M,"Jan 06 - Apr 09, 12:30-13:20 (MWF)",Warren Blunt
BIOE 2800,A01 (56077),Solid Mechanics (4),M,"Jan 06 - Apr 09, 10:00-11:15 (TR)",Wen Zhong
BIOE 2800,A01 (56077),Solid Mechanics (4),M,"Jan 06 - Apr 09, 14:30-16:20 (W)",Wen Zhong
BIOE 3100,A01 (59918),Agricultural Engineering Fundamentals for Agronomists (3),M,"Jan 06 - Apr 09, 14:30-16:20 (F)",Derek Inglis
BIOE 3100,A01 (59918),Agricultural Engineering Fundamentals for Agronomists (3),M,"Jan 06 - Apr 09, 09:30-10:20 (MWF)",Derek Inglis
BIOE 3270,B02 (51029),Instrumentation and Measurement for Biosystems (0),M,"Jan 06 - Apr 09, 14:30-17:15 (T)",Jiating Li
BIOE 3270,A01 (50895),Instrumentation and Measurement for Biosystems (4),M,"Jan 06 - Apr 09, 10:00-11:15 (TR)",Jiating Li
BIOE 3270,B01 (51028),Instrumentation and Measurement for Biosystems (0),M,"Jan 06 - Apr 09, 11:30-14:15 (T)",Jiating Li
BIOE 3320,B02 (51887),Engineering Properties of Biological Materials (0),M,"Jan 06 - Apr 09, 14:30-17:25 (T)",Derek Inglis
BIOE 3320,B01 (51886),Engineering Properties of Biological Materials (0),M,"Jan 06 - Apr 09, 11:30-14:25 (T)",Derek Inglis
BIOE 3320,A01 (50896),Engineering Properties of Biological Materials (4),M,"Jan 06 - Apr 09, 10:30-11:20 (MWF)",Song Liu
BIOE 4240,A01 (50901),Graduation Project (3),M,"Jan 06 - Apr 09, 14:30-17:15 (T)",Mohammad Nadimi
BIOE 4440,A01 (65761),Bioprocessing for Biorefining (4),M,"Jan 06 - Apr 09, 08:30-09:45 (TR)",
BIOE 4440,A01 (65761),Bioprocessing for Biorefining (4),M,"Jan 06 - Apr 09, 14:30-17:15 (M)",
BIOE 4460,A01 (65759),Air Pollution Assessment and Management (4),M,"Jan 06 - Apr 09, 14:30-17:15 (R)",Kenton McCorquodale-Bauer
BIOE 4460,A01 (65759),Air Pollution Assessment and Management (4),M,"Jan 06 - Apr 09, 11:30-12:20 (MWF)",Kenton McCorquodale-Bauer
BIOE 4610,A01 (65760),Design of Assistive Technology Devices (4),M,"Jan 06 - Apr 09, 08:30-09:45 (TR)",Daniel Mann
BIOE 4610,A01 (65760),Design of Assistive Technology Devices (4),M,"Jan 06 - Apr 09, 14:30-17:15 (M)",Daniel Mann
BIOE 4950,A01 (54681),Biosystems Engineering Design 4 (4),M,"Jan 06 - Apr 09, 13:30-14:20 (MWF)",Warren Blunt
BIOE 4950,A01 (54681),Biosystems Engineering Design 4 (4),M,"Jan 06 - Apr 09, 14:30-16:20 (WF)",Warren Blunt
BIOE 7350,A01 (65695),Bioresource Engineering and Sustainability (3),M,"Jan 06 - Apr 09, 13:00-14:15 (TR)",Joe Ackerman
BIOE 7360,A01 (65693),"Biological Systems: Behaviour, Modelling and Simulation (3)",M,"Jan 06 - Apr 09, 11:30-12:45 (TR)",Fuji Jian
BIOE 7410,A01 (65694),Sustainability in the Textile Industry (3),M,"Jan 06 - Apr 09, 14:30-17:20 (W)",Mashiur Rahman
ENTM 1000,A01 (50792),World of Bugs (3),M,"Jan 06 - Apr 09, 09:30-10:20 (MWF)",Jordan Bannerman
ENTM 3170,B02 (62299),Crop Protection Entomology (0),M,"Jan 06 - Apr 09, 14:30-17:25 (R)",Jason Gibbs
ENTM 3170,B01 (64041),Crop Protection Entomology (0),M,"Jan 06 - Apr 09, 14:30-17:25 (M)",Jason Gibbs
ENTM 3170,A01 (50793),Crop Protection Entomology (3),M,"Jan 06 - Apr 09, 08:30-09:45 (TR)",Jason Gibbs
ENTM 4520,A01 (65706),Physiological Ecology of Insects (3),M,"Jan 06 - Apr 09, 13:00-14:15 (TR)",Alejandro Costamagna
ENTM 7220,A01 (50905),Advanced Entomology (3),M,"Jan 06 - Apr 09, 10:00-11:15 (TR)",Kateryn Rochon
ENTM 7240,A01 (65707),Advances in Physiological Ecology of Insects (3),M,"Jan 06 - Apr 09, 13:00-14:15 (TR)",Alejandro Costamagna
FOOD 2500,A01 (50827),Food Chemistry (3),M,"Jan 06 - Apr 09, 10:00-11:15 (TR)",Trust Beta
FOOD 2500,B02 (52194),Food Chemistry (0),M,"Jan 06 - Apr 09, 14:30-17:25 (F)",Trust Beta
FOOD 2500,B01 (52193),Food Chemistry (0),M,"Jan 06 - Apr 09, 14:30-17:25 (R)",Trust Beta
FOOD 3010,K01 (50828),Food Process 1 (3),M,"Jan 06 - Apr 09, 10:00-11:15 (TR)",Nandika Adhikari Mudiyanselage
FOOD 3010,K01 (50828),Food Process 1 (3),M,"Jan 06 - Apr 09, 14:30-17:25 (W)",Nandika Adhikari Mudiyanselage
FOOD 3210,A01 (50829),Food Engineering Fundamentals (3),M,"Jan 06 - Apr 09, 13:00-14:15 (TR)",Havva Koksel Ustundag
FOOD 3210,A01 (50829),Food Engineering Fundamentals (3),M,"Jan 06 - Apr 09, 14:30-17:25 (R)",Havva Koksel Ustundag
FOOD 3330,A01 (65837),Ingredient Technology for Food Design (3),M,"Jan 06 - Apr 09, 13:30-14:20 (MWF)",Rotimi Aluko
FOOD 4100,A01 (60258),Current Issues in Food and Human Nutrition (3),M,"Jan 06 - Apr 09, 08:30-09:45 (MW)",Marie Malalgoda
FOOD 4230,A01 (50933),Food Research (3),M,Jan 06 - Apr 09,Cristina Rosell
FOOD 4250,B02 (51702),Food Analysis 2 (0),M,"Jan 06 - Apr 09, 14:30-17:25 (W)",Liyana Nimalaratne
FOOD 4250,B01 (61885),Food Analysis 2 (0),M,"Jan 06 - Apr 09, 14:30-17:25 (T)",Liyana Nimalaratne
FOOD 4250,A01 (50830),Food Analysis 2 (3),M,"Jan 06 - Apr 09, 08:30-09:45 (TR)",Liyana Nimalaratne
FOOD 4270,A01 (66062),Sensory Evaluation of Food (3),M,"Jan 06 - Apr 09, 14:30-17:15 (W)",Michel Aliani
FOOD 4270,A01 (66062),Sensory Evaluation of Food (3),M,"Jan 06 - Apr 09, 13:00-14:15 (TR)",Michel Aliani
FOOD 4502,A01 (65806),HACCP and Food Safety Regulations (3),M,"Jan 06 - Apr 09, 13:00-14:15 (TR)",Claudia Narvaez Bravo
FOOD 4510,A01 (50831),Food Product Development (3),M,"Jan 06 - Apr 09, 11:30-12:45 (TR)",Claudia Narvaez Bravo
FOOD 7770,A01 (65697),Food and Human Nutritional Sciences Communications (3),M,"Jan 06 - Apr 09, 13:00-14:15 (TR)",Nandika Adhikari Mudiyanselage
HNSC 1200,D02 (66211),Food: Facts and Fallacies (3),DE,Jan 06 - Apr 09,Liyana Nimalaratne
HNSC 1200,A01 (50681),Food: Facts and Fallacies (3),M,"Jan 06 - Apr 09, 11:30-12:20 (MWF)",TBA
HNSC 1200,D01 (51251),Food: Facts and Fallacies (3),DE,Jan 06 - Apr 09,Kristin Hildahl-Shawn
HNSC 1210,D01 (58704),Nutrition for Health and Changing Lifestyles (3),DE,Jan 06 - Apr 09,Kristin Hildahl-Shawn
HNSC 1210,D02 (50733),Nutrition for Health and Changing Lifestyles (3),M,Jan 06 - Apr 09,Leslie Redmond
HNSC 1210,A02 (50599),Nutrition for Health and Changing Lifestyles (3),M,"Jan 06 - Apr 09, 18:00-20:45 (M)",Christina Lengyel
HNSC 1210,A01 (50732),Nutrition for Health and Changing Lifestyles (3),M,"Jan 06 - Apr 09, 12:30-13:20 (MWF)",N Eskin
HNSC 2000,B02 (59042),Research Methods and Presentation (0),M,"Jan 12 - Jan 12, 15:30-16:20 (M)",Ruth Boachie
HNSC 2000,B02 (59042),Research Methods and Presentation (0),M,"Mar 09 - Mar 09, 15:30-16:20 (M)",Ruth Boachie
HNSC 2000,B02 (59042),Research Methods and Presentation (0),M,"Feb 09 - Feb 09, 15:30-16:20 (M)",Ruth Boachie
HNSC 2000,B03 (59044),Research Methods and Presentation (0),M,"Feb 09 - Feb 09, 16:30-17:20 (M)",Ruth Boachie
HNSC 2000,B03 (59044),Research Methods and Presentation (0),M,"Jan 12 - Jan 12, 16:30-17:20 (M)",Ruth Boachie
HNSC 2000,B03 (59044),Research Methods and Presentation (0),M,"Mar 09 - Mar 09, 16:30-17:20 (M)",Ruth Boachie
HNSC 2000,B04 (59046),Research Methods and Presentation (0),M,"Mar 11 - Mar 11, 13:30-14:20 (W)",Ruth Boachie
HNSC 2000,B04 (59046),Research Methods and Presentation (0),M,"Jan 14 - Jan 14, 13:30-14:20 (W)",Ruth Boachie
HNSC 2000,B04 (59046),Research Methods and Presentation (0),M,"Feb 11 - Feb 11, 13:30-14:20 (W)",Ruth Boachie
HNSC 2000,B05 (59054),Research Methods and Presentation (0),M,"Mar 11 - Mar 11, 14:30-15:20 (W)",Ruth Boachie
HNSC 2000,B05 (59054),Research Methods and Presentation (0),M,"Jan 14 - Jan 14, 14:30-15:20 (W)",Ruth Boachie
HNSC 2000,B06 (59056),Research Methods and Presentation (0),M,"Feb 11 - Feb 11, 15:30-16:20 (W)",Ruth Boachie
HNSC 2000,B06 (59056),Research Methods and Presentation (0),M,"Jan 14 - Jan 14, 15:30-16:20 (W)",Ruth Boachie
HNSC 2000,B08 (59062),Research Methods and Presentation (0),M,"Mar 13 - Mar 13, 13:30-14:20 (F)",Ruth Boachie
HNSC 2000,B08 (59062),Research Methods and Presentation (0),M,"Feb 13 - Feb 13, 13:30-14:20 (F)",Ruth Boachie
HNSC 2000,B09 (59069),Research Methods and Presentation (0),M,"Mar 13 - Mar 13, 14:30-15:20 (F)",Ruth Boachie
HNSC 2000,B09 (59069),Research Methods and Presentation (0),M,"Feb 13 - Feb 13, 14:30-15:20 (F)",Ruth Boachie
HNSC 2000,B09 (59069),Research Methods and Presentation (0),M,"Jan 16 - Jan 16, 14:30-15:20 (F)",Ruth Boachie
HNSC 2000,B10 (59070),Research Methods and Presentation (0),M,"Jan 16 - Jan 16, 15:30-16:20 (F)",Ruth Boachie
HNSC 2000,B10 (59070),Research Methods and Presentation (0),M,"Feb 13 - Feb 13, 15:30-16:20 (F)",Ruth Boachie
HNSC 2000,B10 (59070),Research Methods and Presentation (0),M,"Mar 13 - Mar 13, 15:30-16:20 (F)",Ruth Boachie
HNSC 2000,B05 (59054),Research Methods and Presentation (0),M,"Feb 11 - Feb 11, 14:30-15:20 (W)",Ruth Boachie
HNSC 2000,B08 (59062),Research Methods and Presentation (0),M,"Jan 16 - Jan 16, 13:30-14:20 (F)",Ruth Boachie
HNSC 2000,B06 (59056),Research Methods and Presentation (0),M,"Mar 11 - Mar 11, 15:30-16:20 (W)",Ruth Boachie
HNSC 2000,B01 (59038),Research Methods and Presentation (0),M,"Jan 12 - Jan 12, 14:30-15:20 (M)",Ruth Boachie
HNSC 2000,B01 (59038),Research Methods and Presentation (0),M,"Feb 09 - Feb 09, 14:30-15:20 (M)",Ruth Boachie
HNSC 2000,B01 (59038),Research Methods and Presentation (0),M,"Mar 09 - Mar 09, 14:30-15:20 (M)",Ruth Boachie
HNSC 2000,A01 (59030),Research Methods and Presentation (3),M,"Jan 06 - Apr 09, 09:30-10:20 (MWF)",Ruth Boachie
HNSC 2130,D01 (51577),Nutrition Through the Life Cycle (3),DE,Jan 06 - Apr 09,Christina Lengyel
HNSC 2140,A01 (50734),Basic Principles of Human Nutrition (3),M,"Jan 06 - Apr 09, 13:00-14:15 (TR)",Christina Lengyel
HNSC 2150,A01 (50735),"Composition, Functional and Nutritional Properties of Foods (3)",M,"Jan 06 - Apr 09, 08:30-09:45 (TR)",Michel Aliani
HNSC 2170,A01 (53546),Nutrition for Health Professionals (2),OC,Jan 06 - Mar 20,Kristin Hildahl-Shawn
HNSC 3300,A01 (50736),Vitamins and Minerals in Human Health (3),M,"Jan 06 - Apr 09, 10:00-11:15 (TR)",Peter Eck
HNSC 3330,A01 (50737),Ingredient Technology for Designed Foods (3),M,"Jan 06 - Apr 09, 13:30-14:20 (MWF)",Rotimi Aluko
HNSC 3350,D01 (52327),Culture and Food Patterns (3),DE,Jan 06 - Apr 09,Leslie Redmond
HNSC 4100,A01 (60260),Current Issues in Food and Human Nutrition (3),M,"Jan 06 - Apr 09, 08:30-09:45 (MW)",Marie Malalgoda
HNSC 4120,A01 (50888),Senior Thesis (3),M,Jan 06 - Apr 09,Maria Molina Rosell
HNSC 4122,A01 (58139),Research Project in Human Nutritional Sciences (Part B) (3),M,Jan 06 - Apr 09,Maria Molina Rosell
HNSC 4140,B01 (53603),Quantity Food Production and Management (0),M,"Jan 06 - Apr 09, 08:00-12:00 (F)",Hewa Madihe Annakkage Ruchira Nandasiri
HNSC 4140,A01 (53602),Quantity Food Production and Management (3),M,"Jan 06 - Apr 09, 12:00-13:15 (MW)",Hewa Madihe Annakkage Ruchira Nandasiri
HNSC 4270,A01 (65700),Sensory Evaluation of Food (3),M,"Jan 06 - Apr 09, 13:00-14:15 (TR)",Michel Aliani
HNSC 4270,A01 (65700),Sensory Evaluation of Food (3),M,"Jan 06 - Apr 09, 14:30-17:15 (W)",Michel Aliani
HNSC 4280,A01 (50761),Food Product Development (3),M,"Jan 06 - Apr 09, 11:30-12:45 (TR)",Claudia Narvaez Bravo
HNSC 4300,A01 (51091),Community Nutrition Intervention (3),M,"Jan 06 - Apr 09, 10:30-11:45 (MW)",Jessica Rutherford
HNSC 4340,A01 (65698),Maternal and Child Nutrition (3),M,"Jan 06 - Apr 09, 14:30-17:15 (M)",Aikaterini Petroulakis
HNSC 4362,A01 (51090),Nutrition Option Practicum (Part B) (3),M,Jan 06 - Apr 09,Maria Molina Rosell
HNSC 4364,A01 (51092),Foods Industry Option Practicum (Part B) (3),M,Jan 06 - Apr 09,Maria Molina Rosell
HNSC 4500,A01 (61094),Clinical Nutrition I (3),M,"Jan 06 - Apr 09, 08:30-09:45 (TR)",Miyoung Suh
HNSC 4550,A01 (61095),Clinical Nutrition II (3),M,"Jan 06 - Apr 09, 14:30-16:55 (R)",Miyoung Suh
HNSC 7200,A02 (53552),Seminar in Food and Nutrition Research (3),M,"Jan 06 - Apr 09, 13:00-14:15 (TR)",Maria Molina Rosell
HNSC 7440,A01 (65701),Protein Nutrition and Metabolism (1.5),M,"Jan 07 - Feb 11, 09:30-11:20 (W)",Charles Nyachoti
HNSC 7450,A01 (65702),Energy and Carbohydrate Nutrition and Metabolism (1.5),M,"Feb 25 - Apr 01, 09:30-11:20 (W)",Anna Rogiewicz
HNSC 7710,A01 (63833),Applied Human Nutrition Practicum 2 (6),M,Jan 06 - Apr 10,Jessica Rutherford
HNSC 7740,A01 (63834),Advanced Applied Human Nutrition 2 (3),M,"Jan 06 - Apr 10, 13:00-16:00 (M)",Jessica Rutherford
HNSC 7760,A01 (65086),Practice-Based Dietetic Research (3),M,"Jan 06 - Apr 10, 09:00-12:00 (M)",Natalie Riediger
AGRI 1600,K01 (60285),Introduction to Agrifood Systems (3),M,"Jan 06 - Apr 09, 08:30-09:45 (TR)",Mario Tenuta
AGRI 1600,B05 (60290),Introduction to Agrifood Systems (0),M,"Jan 06 - Apr 09, 14:30-17:15 (F)",Mario Tenuta
AGRI 1600,B04 (60289),Introduction to Agrifood Systems (0),M,"Jan 06 - Apr 09, 14:30-17:15 (R)",Mario Tenuta
AGRI 1600,B03 (60288),Introduction to Agrifood Systems (0),M,"Jan 06 - Apr 09, 14:30-17:15 (W)",Mario Tenuta
AGRI 1600,B02 (60287),Introduction to Agrifood Systems (0),M,"Jan 06 - Apr 09, 14:30-17:15 (T)",Mario Tenuta
AGRI 1600,B01 (60286),Introduction to Agrifood Systems (0),M,"Jan 06 - Apr 09, 14:30-17:15 (M)",Mario Tenuta
AGRI 2002,K01 (57997),Agricultural and Food Sciences Co-operative Education Work Term 1 (3),WKT,Jan 06 - Apr 09,Michel Aliani
AGRI 2030,A03 (50824),Technical Communications (3),M,"Jan 06 - Apr 09, 13:00-14:15 (R)",TBA
AGRI 2030,A03 (50824),Technical Communications (3),M,"Jan 06 - Apr 09, 13:00-14:15 (T)",TBA
AGRI 2030,A02 (50823),Technical Communications (3),M,"Jan 06 - Apr 09, 10:00-11:15 (R)",TBA
AGRI 2030,A04 (50825),Technical Communications (3),M,"Jan 06 - Apr 09, 11:30-12:45 (R)",TBA
AGRI 2030,A02 (50823),Technical Communications (3),M,"Jan 06 - Apr 09, 10:00-11:15 (T)",TBA
AGRI 2030,A04 (50825),Technical Communications (3),M,"Jan 06 - Apr 09, 11:30-12:45 (T)",TBA
AGRI 2180,A01 (50826),Introductory Toxicology (3),M,"Jan 06 - Apr 09, 14:30-15:45 (TR)",TBA
AGRI 2300,A01 (59171),Indigenous Issues in Food Systems (3),M,"Jan 06 - Apr 09, 13:30-14:20 (MWF)",Kyle Bobiwash
AGRI 2400,B01 (60307),Experimental Methods in Agricultural and Food Sciences (0),M,"Jan 06 - Apr 09, 14:30-17:25 (R)",Jordan Bannerman
AGRI 2400,B02 (60308),Experimental Methods in Agricultural and Food Sciences (0),M,"Jan 06 - Apr 09, 17:45-20:40 (R)",Jordan Bannerman
AGRI 2400,A01 (60306),Experimental Methods in Agricultural and Food Sciences (3),M,"Jan 06 - Apr 09, 08:30-09:20 (MWF)",Jordan Bannerman
AGRI 2400,B03 (61765),Experimental Methods in Agricultural and Food Sciences (0),M,"Jan 06 - Apr 09, 14:30-17:25 (F)",Jordan Bannerman
AGRI 3002,K01 (60701),Agricultural and Food Sciences Co-operative Education Work Term 2 (3),WKT,Jan 06 - Apr 09,Michel Aliani
AGRI 3030,T10 (65816),Cell and Developmental Plant Biology (3),M,"Jan 06 - Apr 09, 13:00-14:15 (TR)",Claudio Stasolla
AGRI 3030,T09 (66174),Meat Inspection: Understanding and enhancing animal harvesting practices (3),M,"Jan 06 - Apr 09, 11:30-12:45 (TR)",Argenis Rodas Gonzalez
AGRI 4002,K01 (61001),Agricultural and Food Sciences Co-operative Education Work Term 3 (3),WKT,Jan 06 - Apr 09,Michel Aliani
AGRI 4100,A01 (60327),Current Issues in Agricultural Systems (3),M,"Jan 06 - Apr 09, 14:30-17:30 (R)",Gabriel Machado Dallago
AGRI 4100,A02 (63459),Current Issues in Agricultural System (3),M,"Jan 06 - Apr 09, 14:30-17:30 (R)",Mario Tenuta
PLNT 2530,A02 (66166),Plant Biotechnology (3),M,Jan 06 - Apr 09,Harmeet Chawla
PLNT 2530,A02 (66166),Plant Biotechnology (3),M,"Jan 06 - Apr 09, 13:30-16:25 (F)",Harmeet Chawla
PLNT 3540,A01 (50802),Weed Science (3),M,"Jan 06 - Apr 09, 14:30-17:15 (T)",Robert Gulden
PLNT 3540,A01 (50802),Weed Science (3),M,"Jan 06 - Apr 09, 10:00-11:15 (TR)",Robert Gulden
PLNT 3560,A01 (50803),Organic Crop Production on the Prairies (3),M,"Jan 06 - Apr 09, 18:00-20:30 (M)",TBA
PLNT 4310,A01 (51305),Introductory Plant Genomics (3),M,"Jan 06 - Apr 09, 14:30-17:25 (T)",Harmeet Chawla
PLNT 4310,A01 (51305),Introductory Plant Genomics (3),M,"Jan 06 - Apr 09, 11:30-12:20 (MWF)",Harmeet Chawla
PLNT 4410,A01 (50909),"Grassland Agriculture: Plant, Animal and Environment (3)",M,"Jan 06 - Apr 09, 14:30-17:15 (M)",Emma McGeough
PLNT 4410,A01 (50909),"Grassland Agriculture: Plant, Animal and Environment (3)",M,"Jan 06 - Apr 09, 10:30-11:20 (MWF)",Emma McGeough
PLNT 4510,A01 (59929),Advanced Cropping Systems (3),M,"Jan 06 - Apr 09, 13:00-14:15 (TR)",Yvonne Lawley
PLNT 4570,A01 (52169),Research Methods in Plant Pathology (3),M,"Jan 06 - Apr 09, 14:30-17:15 (M)",Fouad Daayf
PLNT 4570,A01 (52169),Research Methods in Plant Pathology (3),M,"Jan 06 - Apr 09, 08:30-09:45 (TR)",Fouad Daayf
PLNT 4590,A01 (50805),Physiology of Crop Plants (3),M,"Jan 06 - Apr 09, 14:30-17:25 (W)",Belay Ayele
PLNT 4590,A01 (50805),Physiology of Crop Plants (3),M,"Jan 06 - Apr 09, 12:30-13:20 (MWF)",Belay Ayele
PLNT 7120,A01 (52170),Special Problems in Plant Science (3),M,Jan 06 - Apr 09,Harmeet Chawla
PLNT 7130,T02 (66095),Topics in Plant Breeding and Genetics (3),M,"Jan 06 - Apr 09, 13:00-16:00 (M)",Harmeet Chawla
PLNT 7250,A01 (50883),Plant Science Seminar (Part B) (1.5),M,"Jan 06 - Apr 09, 13:00-14:15 (TR)",Belay Ayele
PLNT 7420,A01 (50908),Advanced Plant Science Seminar (Part B) (1.5),M,"Jan 03 - May 28, 14:30-16:45 (R)",Robert Gulden
PLNT 7420,A02 (52171),Advanced Plant Science Seminar (3),M,"Jan 03 - May 28, 14:30-16:45 (R)",Robert Gulden
PLNT 7630,T02 (66094),Topics in Plant Physiology and Pathology (3),M,"Jan 06 - Apr 09, 08:30-11:15 (R)",Claudio Stasolla
SOIL 3520,A01 (52763),"Pesticides: Environment, Economics and Ethics (3)",M,"Jan 06 - Apr 09, 09:30-10:20 (MWF)",Alistair Brown
SOIL 4060,A01 (50728),Physical Properties of Soils (3),M,"Jan 06 - Apr 09, 09:30-10:20 (MWF)",Afua Mante
SOIL 4060,A01 (50728),Physical Properties of Soils (3),M,"Jan 06 - Apr 09, 14:30-17:25 (T)",Afua Mante
SOIL 4400,A01 (58750),Soil Ecology (3),M,"Jan 06 - Apr 09, 10:00-11:15 (TR)",Xiaopeng Gao
SOIL 4400,A01 (58750),Soil Ecology (3),M,"Jan 06 - Apr 09, 14:30-17:25 (R)",Xiaopeng Gao
SOIL 4500,A01 (52162),Remediation of Contaminated Land (3),M,"Jan 06 - Apr 09, 18:00-20:45 (T)",Francis Zvomuya
SOIL 7330,A01 (65905),Nutrients in Agroecosystems (3),M,"Jan 06 - Apr 09, 11:30-12:45 (TR)",Xiaopeng Gao
SOIL 7340,A01 (65906),Water in the Soil-Plant-Atmosphere Continuum (3),M,"Jan 06 - Apr 09, 13:00-14:15 (TR)",Hailong He
EDUB 1790,A02 (64872),Introduction to Education: What Does it Mean to Teach? (3),M,"Jan 06 - Apr 09, 13:00-14:15 (TR)",Randi Desmarais
EDUB 3014,A12 (54485),Early Years Science and Social Studies: Pedagogy and Curriculum (3),M,"Jan 07 - Feb 13, 08:30-10:20 (WF)",Mikeas Silva De Lima
EDUB 3014,A11 (52924),Early Years Science and Social Studies: Pedagogy and Curriculum (3),M,"Jan 07 - Feb 13, 10:30-12:20 (WF)",Mikeas Silva De Lima
EDUB 3014,A11 (52924),Early Years Science and Social Studies: Pedagogy and Curriculum (3),M,"Feb 25 - Mar 13, 10:30-12:20 (WF)",Mikeas Silva De Lima
EDUB 3014,A12 (54485),Early Years Science and Social Studies: Pedagogy and Curriculum (3),M,"Feb 25 - Mar 13, 08:30-10:20 (WF)",Mikeas Silva De Lima
EDUB 3016,A11 (52925),Creative Collaboration in the Arts (3),M,"Jan 06 - Feb 12, 10:30-12:20 (TR)",Graham Lea
EDUB 3016,A11 (52925),Creative Collaboration in the Arts (3),M,"Feb 24 - Mar 12, 10:30-12:20 (TR)",Graham Lea
EDUB 3016,A12 (54487),Creative Collaboration in the Arts (3),M,"Jan 06 - Feb 12, 13:30-15:20 (TR)",Graham Lea
EDUB 3016,A12 (54487),Creative Collaboration in the Arts (3),M,"Feb 24 - Mar 12, 13:30-15:20 (TR)",Graham Lea
EDUB 3054,A13 (52929),Introduction to Teaching Mathematics in Middle Years 1 (3),M,"Feb 24 - Feb 24, 10:00-13:40 (T)",Christopher Charles
EDUB 3054,A13 (52929),Introduction to Teaching Mathematics in Middle Years 1 (3),M,"Mar 03 - Mar 10, 10:00-13:40 (T)",Christopher Charles
EDUB 3054,A13 (52929),Introduction to Teaching Mathematics in Middle Years 1 (3),M,"Jan 20 - Feb 10, 10:00-13:40 (T)",Christopher Charles
EDUB 3054,A13 (52929),Introduction to Teaching Mathematics in Middle Years 1 (3),M,"Jan 06 - Jan 13, 10:00-13:40 (T)",Christopher Charles
EDUB 3058,A13 (64609),Teaching Science in Middle Years (3),M,"Feb 25 - Mar 13, 13:30-15:20 (WF)",Mikeas Silva De Lima
EDUB 3058,A13 (64609),Teaching Science in Middle Years (3),M,"Jan 07 - Feb 13, 13:30-15:20 (WF)",Mikeas Silva De Lima
EDUB 3060,A13 (65647),Teaching Social Studies in Middle Years (3),M,"Feb 26 - Mar 05, 08:30-12:20 (R)",Shannon Moore
EDUB 3060,A13 (65647),Teaching Social Studies in Middle Years (3),M,"Jan 15 - Feb 12, 08:30-12:20 (R)",Shannon Moore
EDUB 3060,A13 (65647),Teaching Social Studies in Middle Years (3),M,"Jan 08 - Jan 08, 08:30-12:20 (R)",Shannon Moore
EDUB 3060,A13 (65647),Teaching Social Studies in Middle Years (3),M,"Mar 12 - Mar 12, 08:30-12:20 (R)",Shannon Moore
EDUB 3102,A16 (52932),Senior Years: Language and Literacy Across the Curriculum (3),M,"Jan 06 - Feb 12, 10:30-12:20 (TR)",Amir Michalovich
EDUB 3102,A18 (65745),Senior Years: Language and Literacy Across the Curriculum (3),M,"Feb 24 - Mar 12, 10:30-12:20 (TR)",Diana Fecyk-Lamb
EDUB 3102,A18 (65745),Senior Years: Language and Literacy Across the Curriculum (3),M,"Jan 06 - Feb 12, 10:30-12:20 (TR)",Diana Fecyk-Lamb
EDUB 3102,A17 (54874),Senior Years: Language and Literacy Across the Curriculum (3),M,"Feb 24 - Mar 12, 08:30-10:20 (TR)",Diana Fecyk-Lamb
EDUB 3102,A17 (54874),Senior Years: Language and Literacy Across the Curriculum (3),M,"Jan 06 - Feb 12, 08:30-10:20 (TR)",Diana Fecyk-Lamb
EDUB 3102,A16 (52932),Senior Years: Language and Literacy Across the Curriculum (3),M,"Feb 24 - Mar 12, 10:30-12:20 (TR)",Amir Michalovich
EDUB 3102,A15 (52931),Senior Years: Language and Literacy Across the Curriculum (3),M,"Feb 24 - Mar 12, 08:30-10:20 (TR)",Amir Michalovich
EDUB 3102,A15 (52931),Senior Years: Language and Literacy Across the Curriculum (3),M,"Jan 06 - Feb 12, 08:30-10:20 (TR)",Amir Michalovich
EDUB 3110,A32 (64973),Senior Years Curriculum & Instruction: The Arts (3),M,"Feb 25 - Mar 13, 10:30-12:20 (WF)",Bruno De Oliveira Jayme
EDUB 3110,A32 (64973),Senior Years Curriculum & Instruction: The Arts (3),M,"Jan 07 - Feb 13, 10:30-12:20 (WF)",Bruno De Oliveira Jayme
EDUB 3120,A32 (64974),Senior Years Curriculum & Instruction: Languages (3),M,"Jan 06 - Feb 12, 10:30-12:20 (TR)",Yi Li
EDUB 3120,A32 (64974),Senior Years Curriculum & Instruction: Languages (3),M,"Feb 24 - Mar 12, 10:30-12:20 (TR)",Yi Li
EDUB 3130,A32 (64975),Senior Years Curriculum & Instruction: Social Sciences (3),M,"Feb 25 - Mar 13, 10:30-12:20 (WF)",Diana Fecyk-Lamb
EDUB 3130,A32 (64975),Senior Years Curriculum & Instruction: Social Sciences (3),M,"Jan 07 - Feb 13, 10:30-12:20 (WF)",Diana Fecyk-Lamb
EDUB 3140,A32 (64976),Senior Years Curriculum & Instruction: Sciences (3),M,"Jan 06 - Feb 12, 10:30-12:20 (TR)",Mikeas Silva De Lima
EDUB 3140,A32 (64976),Senior Years Curriculum & Instruction: Sciences (3),M,"Feb 24 - Mar 12, 10:30-12:20 (TR)",Mikeas Silva De Lima
EDUB 3140,A34 (64977),Senior Years Curriculum & Instruction: Sciences (3),M,"Feb 24 - Mar 12, 15:30-17:20 (TR)",Peter Sdrolias
EDUB 3140,A34 (64977),Senior Years Curriculum & Instruction: Sciences (3),M,"Jan 06 - Feb 12, 15:30-17:20 (TR)",Peter Sdrolias
EDUB 3312,G36 (53136),Early Years: Practicum 2 (3),M,"Feb 09 - Mar 09, 08:30-16:30 (M)",Jocelyn Peters
EDUB 3312,G36 (53136),Early Years: Practicum 2 (3),M,"Feb 02 - Feb 02, 08:30-16:30 (M)",Jocelyn Peters
EDUB 3312,G36 (53136),Early Years: Practicum 2 (3),M,"Jan 05 - Jan 26, 08:30-16:30 (M)",Jocelyn Peters
EDUB 3312,G36 (53136),Early Years: Practicum 2 (3),M,"Mar 16 - Mar 27, 08:30-16:30 (MTWRF)",Jocelyn Peters
EDUB 3312,G36 (53136),Early Years: Practicum 2 (3),M,"Apr 06 - Apr 22, 08:30-16:30 (MTWRF)",Jocelyn Peters
EDUB 3322,G36 (53138),Middle Years: Practicum 2 (3),M,"Feb 02 - Feb 02, 08:30-16:30 (M)",Jocelyn Peters
EDUB 3322,G36 (53138),Middle Years: Practicum 2 (3),M,"Mar 16 - Mar 27, 08:30-16:30 (MTWRF)",Jocelyn Peters
EDUB 3322,G36 (53138),Middle Years: Practicum 2 (3),M,"Apr 06 - Apr 22, 08:30-16:30 (MTWRF)",Jocelyn Peters
EDUB 3322,G36 (53138),Middle Years: Practicum 2 (3),M,"Jan 05 - Jan 26, 08:30-16:30 (M)",Jocelyn Peters
EDUB 3322,G36 (53138),Middle Years: Practicum 2 (3),M,"Feb 09 - Mar 09, 08:30-16:30 (M)",Jocelyn Peters
EDUB 3332,G36 (53141),Senior Years: Practicum 2 (3),M,"Feb 02 - Feb 02, 08:30-16:30 (M)",Jocelyn Peters
EDUB 3332,G36 (53141),Senior Years: Practicum 2 (3),M,"Jan 05 - Jan 26, 08:30-16:30 (M)",Jocelyn Peters
EDUB 3332,G36 (53141),Senior Years: Practicum 2 (3),M,"Apr 06 - Apr 22, 08:30-16:30 (MTWRF)",Jocelyn Peters
EDUB 3332,G36 (53141),Senior Years: Practicum 2 (3),M,"Mar 16 - Mar 27, 08:30-16:30 (MTWRF)",Jocelyn Peters
EDUB 3332,G36 (53141),Senior Years: Practicum 2 (3),M,"Feb 09 - Mar 09, 08:30-16:30 (M)",Jocelyn Peters
EDUB 3406,A41 (65648),Indigenous Perspectives and the Curriculum (3),M,"Feb 24 - Mar 12, 10:30-12:20 (TR)",Frank Deer
EDUB 3406,A41 (65648),Indigenous Perspectives and the Curriculum (3),M,"Jan 06 - Feb 12, 10:30-12:20 (TR)",Frank Deer
EDUB 3506,A41 (59073),Principles and Procedures of Second Language Education (3),M,"Feb 25 - Mar 13, 08:30-10:20 (WF)",Sreemali Herath
EDUB 3506,A41 (59073),Principles and Procedures of Second Language Education (3),M,"Jan 07 - Feb 13, 08:30-10:20 (WF)",Sreemali Herath
EDUB 3510,A37 (61858),Language Awareness for Teachers (3),OC,Jan 06 - Mar 13,Sreemali Herath
EDUB 3526,A40 (65649),Integration of Technological Literacy Across the K-12 Curriculum (3),M,"Jan 06 - Feb 12, 16:30-18:20 (TR)",Reynold Redekopp
EDUB 3526,A40 (65649),Integration of Technological Literacy Across the K-12 Curriculum (3),M,"Feb 24 - Mar 12, 16:30-18:20 (TR)",Reynold Redekopp
EDUB 3528,A41 (59779),Media Literacy (3),M,"Jan 07 - Feb 13, 10:30-12:20 (WF)",Shannon Moore
EDUB 3528,A41 (59779),Media Literacy (3),M,"Feb 25 - Mar 13, 10:30-12:20 (WF)",Shannon Moore
EDUB 3530,A54 (66196),Beyond Schools: Experiencing Teaching and Learning in Community Settings (3),OC,"Jan 13 - Apr 24, 18:00-21:00 (T)",TBA
EDUB 3538,A42 (65653),Assessment Practices and Policies for Grades K-12 Classrooms (3),M,"Feb 24 - Mar 12, 10:30-12:20 (TR)",Shawn Darby
EDUB 3538,A42 (65653),Assessment Practices and Policies for Grades K-12 Classrooms (3),M,"Jan 06 - Feb 12, 10:30-12:20 (TR)",Shawn Darby
EDUB 3538,A43 (65651),Assessment Practices and Policies for Grades K-12 Classrooms (3),M,"Feb 24 - Mar 12, 13:30-15:20 (TR)",Shawn Darby
EDUB 3538,A47 (65652),Assessment Practices and Policies for Grades K-12 Classrooms (3),M,"Jan 06 - Feb 12, 08:30-10:20 (TR)",TBA
EDUB 3538,A47 (65652),Assessment Practices and Policies for Grades K-12 Classrooms (3),M,"Feb 24 - Mar 12, 08:30-10:20 (TR)",TBA
EDUB 3538,A41 (65822),Assessment Practices and Policies for Grades K-12 Classrooms (3),M,"Feb 25 - Mar 13, 08:30-10:20 (WF)",Shawn Darby
EDUB 3538,A43 (65651),Assessment Practices and Policies for Grades K-12 Classrooms (3),M,"Jan 06 - Feb 12, 13:30-15:20 (TR)",Shawn Darby
EDUB 3538,A41 (65822),Assessment Practices and Policies for Grades K-12 Classrooms (3),M,"Jan 07 - Feb 13, 08:30-10:20 (WF)",Shawn Darby
EDUB 4014,A21 (54492),Early Years: Physical Education/ Health Education (3),M,"Jan 07 - Feb 13, 13:30-15:20 (WF)",Kathryn Morog
EDUB 4014,A21 (54492),Early Years: Physical Education/ Health Education (3),M,"Feb 25 - Mar 13, 13:30-15:20 (WF)",Kathryn Morog
EDUB 4014,A22 (55729),Early Years: Physical Education/ Health Education (3),M,"Jan 07 - Feb 13, 10:30-12:20 (WF)",Kathryn Morog
EDUB 4014,A22 (55729),Early Years: Physical Education/ Health Education (3),M,"Feb 25 - Mar 13, 10:30-12:20 (WF)",Kathryn Morog
EDUB 4050,A23 (54879),Middle Years: Creating Classroom Learning Environments (3),M,"Feb 25 - Mar 13, 08:30-10:20 (WF)",Diana Fecyk-Lamb
EDUB 4050,A23 (54879),Middle Years: Creating Classroom Learning Environments (3),M,"Jan 07 - Feb 13, 08:30-10:20 (WF)",Diana Fecyk-Lamb
EDUB 4100,A27 (65656),Teacher and Technology (3),M,"Feb 25 - Mar 13, 08:30-10:20 (WF)",Kevin Oliver
EDUB 4100,A27 (65656),Teacher and Technology (3),M,"Jan 07 - Feb 13, 08:30-10:20 (WF)",Kevin Oliver
EDUB 4100,A26 (65655),Teacher and Technology (3),M,"Jan 07 - Feb 13, 13:30-15:20 (WF)",Kevin Oliver
EDUB 4100,A26 (65655),Teacher and Technology (3),M,"Feb 25 - Mar 13, 13:30-15:20 (WF)",Kevin Oliver
EDUB 4100,A25 (65654),Teacher and Technology (3),M,"Feb 24 - Mar 12, 13:30-15:20 (TR)",Reynold Redekopp
EDUB 4100,A25 (65654),Teacher and Technology (3),M,"Jan 06 - Feb 12, 13:30-15:20 (TR)",Reynold Redekopp
EDUB 4120,A31 (52937),Senior Years: Teaching English Language Arts (3),M,"Feb 25 - Mar 13, 13:30-15:20 (WF)",Jennifer Watt
EDUB 4120,A31 (52937),Senior Years: Teaching English Language Arts (3),M,"Jan 07 - Feb 13, 13:30-15:20 (WF)",Jennifer Watt
EDUB 4132,A31 (53410),Senior Years: Teaching History (3),M,"Jan 07 - Feb 13, 08:30-10:20 (WF)",Shannon Moore
EDUB 4132,A31 (53410),Senior Years: Teaching History (3),M,"Feb 25 - Mar 13, 08:30-10:20 (WF)",Shannon Moore
EDUB 4144,A33 (65650),Senior Years: Teaching Computer Science (3),M,"Jan 06 - Feb 12, 16:30-18:20 (TR)",Reynold Redekopp
EDUB 4144,A33 (65650),Senior Years: Teaching Computer Science (3),M,"Feb 24 - Mar 12, 16:30-18:20 (TR)",Reynold Redekopp
EDUB 4152,A31 (52939),Senior Years: Teaching Physical Education and Health Education (3),M,"Feb 24 - Mar 12, 13:30-15:20 (TR)",Peter Sdrolias
EDUB 4152,A31 (52939),Senior Years: Teaching Physical Education and Health Education (3),M,"Jan 06 - Feb 12, 13:30-15:20 (TR)",Peter Sdrolias
EDUB 4312,G36 (54887),Early Years Practicum 4 (3),M,"Feb 09 - Mar 09, 08:30-16:30 (M)",Jocelyn Peters
EDUB 4312,G36 (54887),Early Years Practicum 4 (3),M,"Feb 02 - Feb 02, 08:30-16:30 (M)",Jocelyn Peters
EDUB 4312,G36 (54887),Early Years Practicum 4 (3),M,"Jan 05 - Jan 26, 08:30-16:30 (M)",Jocelyn Peters
EDUB 4312,G36 (54887),Early Years Practicum 4 (3),M,"Mar 16 - Mar 27, 08:30-16:30 (MTWRF)",Jocelyn Peters
EDUB 4312,G36 (54887),Early Years Practicum 4 (3),M,"Apr 06 - Apr 22, 08:30-16:30 (MTWRF)",Jocelyn Peters
EDUB 4322,G36 (54897),Middle Years: Practicum 4 (3),M,"Feb 02 - Feb 02, 08:30-16:30 (M)",Jocelyn Peters
EDUB 4322,G36 (54897),Middle Years: Practicum 4 (3),M,"Apr 06 - Apr 22, 08:30-16:30 (MTWRF)",Jocelyn Peters
EDUB 4322,G36 (54897),Middle Years: Practicum 4 (3),M,"Jan 05 - Jan 26, 08:30-16:30 (M)",Jocelyn Peters
EDUB 4322,G36 (54897),Middle Years: Practicum 4 (3),M,"Feb 09 - Mar 09, 08:30-16:30 (M)",Jocelyn Peters
EDUB 4322,G36 (54897),Middle Years: Practicum 4 (3),M,"Mar 16 - Mar 27, 08:30-16:30 (MTWRF)",Jocelyn Peters
EDUB 4332,G36 (54898),Senior Years: Practicum 4 (3),M,"Mar 16 - Mar 27, 08:30-16:30 (MTWRF)",Jocelyn Peters
EDUB 4332,G36 (54898),Senior Years: Practicum 4 (3),M,"Apr 06 - Apr 22, 08:30-16:30 (MTWRF)",Jocelyn Peters
EDUB 4332,G36 (54898),Senior Years: Practicum 4 (3),M,"Jan 05 - Jan 26, 08:30-16:30 (M)",Jocelyn Peters
EDUB 4332,G36 (54898),Senior Years: Practicum 4 (3),M,"Feb 09 - Mar 09, 08:30-16:30 (M)",Jocelyn Peters
EDUB 4332,G36 (54898),Senior Years: Practicum 4 (3),M,"Feb 02 - Feb 02, 08:30-16:30 (M)",Jocelyn Peters
EDUB 5220,T50 (66210),Tell me your Story: Mino-pimâtisiwin kikê OR kikê-nâtam-mîyosiw-i (3),OC,Jan 14 - Jan 28,TBA
EDUB 5220,T51 (66212),Oral Storytelling and the Sharing of the Good Life (3),OC,"Jan 10 - Jan 10, 08:30-17:00 (S)",TBA
EDUB 5220,T50 (66210),Tell me your Story: Mino-pimâtisiwin kikê OR kikê-nâtam-mîyosiw-i (3),OC,"Jan 10 - Jan 10, 08:30-17:00 (S)",TBA
EDUB 5220,T50 (66210),Tell me your Story: Mino-pimâtisiwin kikê OR kikê-nâtam-mîyosiw-i (3),OC,"Feb 07 - Feb 07, 08:30-17:00 (S)",TBA
EDUB 5220,T50 (66210),Tell me your Story: Mino-pimâtisiwin kikê OR kikê-nâtam-mîyosiw-i (3),OC,Feb 11 - Mar 04,TBA
EDUB 5220,T23 (66150),Integrating Mamàhtawisiwin into Manitoba Science Education: Culturally Responsive Teaching (3),OC,"Jan 06 - Apr 09, 17:30-20:15 (R)",TBA
EDUB 5220,T51 (66212),Oral Storytelling and the Sharing of the Good Life (3),OC,"Feb 25 - Mar 04, 17:00-20:00 (W)",TBA
EDUB 5220,T21 (65668),Personal Growth and Teacher Well-Being (3),M,"Jan 06 - Apr 09, 17:30-20:15 (T)",Thomas Falkenberg
EDUB 5220,T51 (66212),Oral Storytelling and the Sharing of the Good Life (3),OC,"Feb 07 - Feb 07, 08:30-17:00 (S)",TBA
EDUB 5220,T51 (66212),Oral Storytelling and the Sharing of the Good Life (3),OC,"Feb 11 - Feb 11, 17:00-20:00 (W)",TBA
EDUB 5220,T51 (66212),Oral Storytelling and the Sharing of the Good Life (3),OC,"Jan 14 - Jan 28, 17:00-20:00 (W)",TBA
EDUB 5400,A01 (65670),Diagnostic and Remedial Techniques in Language Arts (Part B) (3),M,"Jan 06 - Apr 09, 17:30-20:15 (R)",Tracie McDonald
EDUB 5518,A36 (66140),Intercultural Communication in Transnational Contexts (3),OC,"Jan 06 - Apr 09, 17:30-20:15 (T)",Sreemali Herath
EDUB 5580,A01 (65671),Fundamentals of ESL (English Second Language) Instruction (3),M,"Jan 06 - Apr 09, 17:30-20:15 (R)",TBA
EDUB 5870,A01 (64807),Mentoring for Teachers (3),M,"Jan 06 - Apr 09, 17:30-20:15 (T)",Gail Ruta Fontaine
EDUB 7060,G36 (65672),Seminar and Practicum in Clinical Diagnosis and Remediation (Part B) (3),M,"Jan 06 - Apr 09, 17:30-20:15 (M)",Jennifer Watt
EDUB 7210,A01 (54600),Seminar in E.S.L. Theory and Practice (3),M,"Jan 06 - Apr 09, 17:30-20:15 (M)",Clea Schmidt
EDUB 7492,A01 (63734),Recent Advances in Mathematics Education and Science Education (3),M,"Jan 06 - Apr 09, 17:30-20:15 (M)",Christopher Charles
EDUB 7542,A01 (64927),Contemporary Approaches to Curriculum Theorizing (3),M,"Jan 06 - Apr 09, 17:30-20:15 (M)",Shannon Moore
EDUA 1580,D02 (57696),Program Planning in Adult Education (3),DE,Jan 06 - Apr 09,Debra Walker
EDUA 1790,A01 (66142),Introduction to Education: What Does it Mean to Teach? (3),M,"Jan 06 - Apr 09, 11:30-12:45 (TR)",Catherine Birch
EDUA 1790,A02 (65818),Introduction to Education: What Does it Mean to Teach? (3),M,"Jan 06 - Apr 09, 13:00-14:15 (TR)",Catherine Birch
EDUA 3000,A43 (65574),Canadian School Systems and Their Public Purposes (3),M,"Feb 25 - Mar 13, 10:30-12:20 (WF)",Ee-Seul Yoon
EDUA 3000,A42 (65573),Canadian School Systems and Their Public Purposes (3),M,"Jan 06 - Feb 12, 13:30-15:20 (TR)",Daniel Loggale Swaka
EDUA 3000,A42 (65573),Canadian School Systems and Their Public Purposes (3),M,"Feb 24 - Mar 12, 13:30-15:20 (TR)",Daniel Loggale Swaka
EDUA 3000,A41 (52916),Canadian School Systems and Their Public Purpose (3),M,"Jan 06 - Feb 12, 10:30-12:20 (TR)",Sherry Webb
EDUA 3000,A41 (52916),Canadian School Systems and Their Public Purpose (3),M,"Feb 24 - Mar 12, 10:30-12:20 (TR)",Sherry Webb
EDUA 3000,A43 (65574),Canadian School Systems and Their Public Purposes (3),M,"Jan 07 - Feb 13, 10:30-12:20 (WF)",Ee-Seul Yoon
EDUA 3002,A46 (52919),Contested Spaces in Education (3),M,"Feb 24 - Mar 12, 08:30-10:20 (TR)",Shohreh Saeedibagha
EDUA 3002,A45 (52921),Contested Spaces in Education (3),M,"Jan 06 - Feb 12, 10:30-12:20 (TR)",Shohreh Saeedibagha
EDUA 3002,A45 (52921),Contested Spaces in Education (3),M,"Feb 24 - Mar 12, 10:30-12:20 (TR)",Shohreh Saeedibagha
EDUA 3002,A46 (52919),Contested Spaces in Education (3),M,"Jan 06 - Feb 12, 08:30-10:20 (TR)",Shohreh Saeedibagha
EDUA 3002,A47 (52920),Contested Spaces in Education (3),M,"Jan 07 - Feb 13, 10:30-12:20 (WF)",Shohreh Saeedibagha
EDUA 3002,A47 (52920),Contested Spaces in Education (3),M,"Feb 25 - Mar 13, 10:30-12:20 (WF)",Shohreh Saeedibagha
EDUA 3002,A48 (65746),Contested Spaces in Education (3),M,"Feb 24 - Mar 12, 08:30-10:20 (TR)",Xuyang Li
EDUA 3002,A48 (65746),Contested Spaces in Education (3),M,"Jan 06 - Feb 12, 08:30-10:20 (TR)",Xuyang Li
EDUA 3404,A42 (60885),Indigenous Education (3),M,"Feb 25 - Mar 11, 13:30-17:20 (W)",Leah Fontaine
EDUA 3404,A42 (60885),Indigenous Education (3),M,"Jan 07 - Feb 11, 13:30-17:20 (W)",Leah Fontaine
EDUA 3420,A42 (65644),Cross-Cultural Education (3),M,"Jan 06 - Feb 12, 15:30-17:20 (TR)",Shohreh Saeedibagha
EDUA 3420,A42 (65644),Cross-Cultural Education (3),M,"Feb 24 - Mar 12, 15:30-17:20 (TR)",Shohreh Saeedibagha
EDUA 3422,A41 (65782),An Introduction to Childhood Trauma and Its Impact in the Classroom (3),M,"Jan 07 - Feb 13, 10:30-12:20 (WF)",Jamie Pfau
EDUA 3422,A40 (62622),An Introduction to Childhood Trauma and Its Impact in the Classroom (3),M,"Jan 07 - Feb 13, 13:30-15:20 (WF)",Jamie Pfau
EDUA 3422,A40 (62622),An Introduction to Childhood Trauma and Its Impact in the Classroom (3),M,"Feb 25 - Mar 13, 13:30-15:20 (WF)",Jamie Pfau
EDUA 3422,A41 (65782),An Introduction to Childhood Trauma and Its Impact in the Classroom (3),M,"Feb 25 - Mar 13, 10:30-12:20 (WF)",Jamie Pfau
EDUA 3500,T40 (65645),Working in a Good Way with Indigenous Peoples (3),M,"Feb 24 - Mar 12, 13:30-15:20 (TR)",Gerardo Villagran Becerra
EDUA 3500,T40 (65645),Working in a Good Way with Indigenous Peoples (3),M,"Jan 06 - Feb 12, 13:30-15:20 (TR)",Gerardo Villagran Becerra
EDUA 3510,A40 (65646),Communication and Interpersonal Relationships in Education (3),M,"Jan 07 - Feb 13, 13:30-15:20 (WF)",Rafael Iwamoto Tosi
EDUA 3510,A40 (65646),Communication and Interpersonal Relationships in Education (3),M,"Feb 25 - Mar 13, 13:30-15:20 (WF)",Rafael Iwamoto Tosi
EDUA 4000,A13 (64608),Inclusive Education (3),M,"Jan 07 - Feb 13, 10:30-12:20 (WF)",Katherine Maxwell
EDUA 4000,A11 (64606),Inclusive Education (3),M,"Feb 24 - Mar 12, 13:30-15:20 (TR)",Katherine Maxwell
EDUA 4000,A12 (64607),Inclusive Education (3),M,"Jan 06 - Feb 12, 10:30-12:20 (TR)",Katherine Maxwell
EDUA 4000,A12 (64607),Inclusive Education (3),M,"Feb 24 - Mar 12, 10:30-12:20 (TR)",Katherine Maxwell
EDUA 4000,A27 (65924),Inclusive Education (3),M,"Jan 06 - Feb 12, 13:30-15:20 (TR)",Marylyn Fisher
EDUA 4000,A27 (65924),Inclusive Education (3),M,"Feb 24 - Mar 12, 13:30-15:20 (TR)",Marylyn Fisher
EDUA 4000,A26 (54483),Inclusive Education (3),M,"Feb 25 - Mar 13, 08:30-10:20 (WF)",Katherine Maxwell
EDUA 4000,A26 (54483),Inclusive Education (3),M,"Jan 07 - Feb 13, 08:30-10:20 (WF)",Katherine Maxwell
EDUA 4000,A25 (54889),Inclusive Education (3),M,"Feb 24 - Mar 12, 08:30-10:20 (TR)",Marylyn Fisher
EDUA 4000,A25 (54889),Inclusive Education (3),M,"Jan 06 - Feb 12, 08:30-10:20 (TR)",Marylyn Fisher
EDUA 4000,A11 (64606),Inclusive Education (3),M,"Jan 06 - Feb 12, 13:30-15:20 (TR)",Katherine Maxwell
EDUA 4000,A13 (64608),Inclusive Education (3),M,"Feb 25 - Mar 13, 10:30-12:20 (WF)",Katherine Maxwell
EDUA 5012,D01 (60291),Legal and Administrative Aspects of Schools for Clinicians (3),DE,Jan 06 - Apr 09,Wayne Davies
EDUA 5012,D54 (66141),Legal and Administrative Aspects of Schools for Clinicians (3),DE,Jan 06 - Apr 09,Charles Bendu
EDUA 5030,A36 (63695),Management of Educational Institutions (3),OC,"Jan 06 - Apr 09, 17:30-20:15 (M)",Peng Liu
EDUA 5060,A36 (65783),Principles of Instructional Supervision (3),OC,"Jan 06 - Apr 09, 17:30-20:15 (T)",TBA
EDUA 5480,A02 (52589),Counselling Skills (3),M,"Jan 06 - Apr 09, 17:30-20:15 (M)",Linda Burnside
EDUA 5490,G36 (54911),Field Placement in Counselling (3),M,"Jan 06 - Apr 09, 17:30-20:15 (M)",Noelle Bowles
EDUA 5602,A01 (60008),Introduction to Inclusive Education (Part B) (3),M,"Jan 06 - Apr 09, 17:30-20:15 (M)",Charles Bendu
EDUA 5614,A01 (63698),Working with Vulnerable Children: An Introduction to Trauma Care (3),M,"Jan 06 - Apr 09, 17:30-20:15 (T)",Andrea Klepatz
EDUA 5632,A36 (60296),Assessment and Instruction in Inclusive Education (Part B) (3),OC,"Jan 06 - Apr 09, 17:30-20:15 (T)",Donald Freeze
EDUA 5680,A36 (65658),Promoting Responsible Behaviour in Educational Settings (3),OC,"Jan 06 - Apr 09, 17:30-20:15 (M)",Donald Freeze
EDUA 5690,A01 (65659),Focus on Exceptionality: Gifted and Talented (3),M,"Jan 06 - Apr 09, 17:30-20:15 (W)",Terence Skarban
EDUA 5730,T07 (65660),Grief Counselling: Evidence-based Approaches to Care Across the Lifespan (3),M,"Jan 06 - Apr 09, 17:30-20:15 (W)",Priya Mani
EDUA 5800,A02 (65661),Introduction to Educational Research (3),M,"Jan 06 - Apr 09, 17:30-20:15 (T)",Robert Renaud
EDUA 7040,A01 (65662),Legal Aspects of Education (3),M,"Jan 06 - Apr 09, 17:30-20:15 (T)",David Hauseman
EDUA 7050,A01 (52182),Theoretical Perspectives on Educational Administration (3),OC,"Jan 06 - Apr 09, 17:30-20:15 (M)",David Hauseman
EDUA 7082,A36 (65663),Indigenous Instructional Leadership (3),OC,"Jan 06 - Apr 09, 17:30-20:15 (M)",Frank Deer
EDUA 7280,A01 (55864),Seminar in Cross-Cultural Education 2 (3),M,"Jan 06 - Apr 09, 17:30-20:15 (M)",Joe Curnow
EDUA 7520,G36 (52184),Practicum Seminar in Counselling (Part B) (3),M,"Jan 06 - Apr 09, 17:30-20:15 (M)",Priya Mani
EDUA 7610,A36 (65665),Behavioural Issues in Educational Settings (3),OC,"Jan 06 - Apr 09, 17:30-20:15 (R)",Nadine Bartlett
EDUA 7652,G35 (66151),Field Experience in Inclusive Education (Part B) (3),OC,Jan 06 - Apr 06,Michael Baker
EDUA 7710,A01 (52552),Development in Learning Environments (3),M,"Jan 06 - Apr 09, 17:30-20:15 (T)",Man Tze
EDUA 7710,A02 (61760),Development in Learning Environments (3),M,"Jan 06 - Apr 09, 17:30-20:15 (T)",Man Tze
EDUA 7750,T01 (65666),Assessment in Psychology (3),M,"Jan 06 - Apr 09, 17:30-20:15 (R)",Man Tze
EDUA 7830,A37 (63704),Engaging with Research in Education (3),OC,"Jan 06 - Apr 09, 17:30-20:15 (W)",Martha Koch
EDUA 7830,A03 (65108),Engaging with Research in Education (3),M,"Jan 06 - Apr 09, 17:30-20:15 (T)",Robert Renaud
EDUA 7840,A02 (52237),Qualitative Research Methods in Education (3),M,"Jan 06 - Apr 09, 17:30-20:15 (R)",Christie Petersen
EDUA 7850,A36 (65667),Design and Analysis of Educational Research (Quantitative) (3),OC,"Jan 06 - Apr 09, 17:30-20:15 (R)",Robert Renaud
EDUC 7520,A01 (65669),Applying Contemporary Theory and Philosophy in Education (3),M,"Jan 06 - Apr 09, 17:30-20:15 (T)",Robert Mizzi
ARCH 7000,T01 (51464),Active Structures Lab (1.5),M,"Jan 07 - Feb 04, 13:30-17:20 (W)",Lancelot Coar
ARCH 7010,T01 (53450),Making Architecture Great Again (1.5),M,"Feb 25 - Mar 25, 08:30-12:20 (W)",Brian Rex
ARCH 7020,T01 (66184),Ensh**ttification (1.5),M,"Jan 07 - Feb 04, 09:30-13:20 (W)",Rebecca Loewen
ARCH 7030,T02 (66185),Flirting with Fascism (1.5),M,"Feb 25 - Mar 25, 13:30-17:20 (W)",Ralph Stern
ARCH 7030,T01 (53452),CONTEMPORARY (1.5),M,"Feb 25 - Mar 25, 08:30-12:20 (W)",Carlos Rueda Plata
ARCH 7060,A02 (51279),Arch Studio 6 (9),M,"Jan 06 - Apr 09, 08:30-16:15 (MR)",Brian Rex
ARCH 7060,A01 (51278),Arch Studio 6 (9),M,"Jan 06 - Apr 09, 08:30-16:15 (MR)",Neil Minuk
ARCH 7060,A03 (51280),Arch Studio 6 (9),M,"Jan 06 - Apr 09, 08:30-16:15 (MR)",Liane Veness
ARCH 7080,A01 (51275),Technology Thesis Report (3),M,"Jan 06 - Apr 09, 08:30-11:15 (W)",Shawn Bailey
ARCH 7350,A01 (50420),Legal Aspects of Architectural Practice (3),M,"Jan 06 - Apr 09, 08:30-11:15 (F)",TBA
ARCH 7350,A01 (50420),Legal Aspects of Architectural Practice (3),M,"Jan 06 - Apr 09, 12:00-13:15 (T)",TBA
ARCG 7070,T32 (56893),Interdiscplinary Design (3),M,"Jan 06 - Apr 09, 17:30-20:20 (M)",Neil Minuk
ARCG 7070,T32 (56893),Interdiscplinary Design (3),M,"Jan 06 - Apr 09, 14:30-15:20 (W)",Neil Minuk
ARCG 7080,T77 (64492),Urban Development Processes and Tools (3),M,"Jan 06 - Apr 09, 18:00-20:45 (W)",TBA
ARCG 7080,T44 (59934),Transportation and Urban Form (3),M,"Jan 06 - Apr 09, 08:30-11:15 (W)",Orly Linovski
ARCG 7250,K01 (62825),Cooperative Education / Integrated Work Term 2 (0),WKT,Jan 06 - Apr 09,TBA
CITY 7020,A01 (51274),Planning Research Methods (3),M,"Jan 06 - Apr 09, 14:30-17:15 (M)",Raphael Ayambire
CITY 7050,A01 (57715),Capstone Project (Part B) (3),M,"Jan 06 - Apr 09, 13:00-16:00 (W)",Sarah Cooper
CITY 7420,A01 (50423),Planning Design 2 (6),M,"Jan 06 - Apr 09, 08:30-11:15 (R)",Raphael Ayambire
CITY 7420,A01 (50423),Planning Design 2 (6),M,"Jan 06 - Apr 09, 13:00-17:15 (TR)",Raphael Ayambire
CITY 7440,A01 (63294),Planning Design 4 (Part B) (3),M,"Jan 06 - Apr 09, 13:00-16:00 (TR)",Sarah Cooper
CITY 7470,A01 (50424),Professional Planning Practice (3),M,"Jan 06 - Apr 09, 18:00-21:50 (R)",TBA
EVAR 3002,A01 (55223),Pre-Modern Architectural History and Theory II (3),M,"Jan 06 - Apr 09, 14:30-17:15 (W)",TBA
EVAR 3006,A01 (51257),"Architectural Technology 2 – Building Construction, Structures and Envelopes (3)",M,"Jan 06 - Apr 09, 08:30-11:15 (W)",Liane Veness
EVAR 3010,A01 (51258),Architecture Design Studio 2 (9),M,"Jan 06 - Apr 09, 13:30-16:15 (MR)",Terri Fuglem
EVAR 3010,A01 (51258),Architecture Design Studio 2 (9),M,"Jan 06 - Apr 09, 08:30-11:15 (MR)",Terri Fuglem
EVAR 4008,A01 (51261),Architectural Technology 4 - Comprehensive Design Technology Report (3),M,"Jan 06 - Apr 09, 08:30-11:15 (W)",Neil Minuk
EVAR 4010,A03 (51264),Architecture Design Studio 4 (9),M,"Jan 06 - Apr 09, 08:30-16:15 (MR)",Maria Garcia Holguera
EVAR 4010,A04 (51265),Architecture Design Studio 4 (9),M,"Jan 06 - Apr 09, 08:30-16:15 (MR)",Shawn Bailey
EVAR 4010,A02 (51263),Architecture Design Studio 4 (9),M,"Jan 06 - Apr 09, 08:30-16:15 (MR)",Lancelot Coar
EVAR 4010,A01 (51262),Architecture Design Studio 4 (9),M,"Jan 06 - Apr 09, 08:30-16:15 (MR)",Carlos Rueda Plata
EVDS 1600,D01 (63952),Introduction to Environmental Design (3),DE,Jan 06 - Apr 09,TBA
EVDS 1600,A02 (56341),Introduction to Environmental Design (3),M,"Jan 06 - Apr 09, 08:30-11:15 (F)",TBA
EVDS 1602,A02 (51105),Visual Literacy (3),M,"Jan 06 - Apr 09, 11:30-14:15 (W)",TBA
EVDS 1602,D01 (63953),Visual Literacy (3),DE,Jan 06 - Apr 09,TBA
EVDS 1660,A01 (58155),"History of Culture, Ideas and Environment 1 (3)",M,"Jan 06 - Apr 09, 13:00-14:15 (TR)",TBA
EVDS 1660,D01 (63954),"History of Culture, Ideas and Environment 1 (3)",DE,Jan 06 - Apr 09,TBA
EVDS 1670,A02 (51104),"History of Culture, Ideas and Environment 2 (3)",M,"Jan 06 - Apr 09, 13:00-14:15 (TR)",TBA
EVDS 1670,D01 (63955),"History of Culture, Ideas and Environment 2 (3)",DE,Jan 06 - Apr 09,TBA
EVDS 1680,D01 (63956),Environmental Technology (3),DE,Jan 06 - Apr 09,TBA
EVDS 1680,A02 (58183),Environmental Technology (3),M,"Jan 06 - Apr 09, 11:30-14:15 (W)",TBA
EVDS 2200,A01 (51627),Ecology and Design (3),M,"Jan 06 - Apr 09, 14:30-17:15 (M)",Leanne Muir
EVDS 2300,A01 (51306),Materials and Assemblies (3),M,"Jan 06 - Apr 09, 14:30-17:15 (T)",Mark Meagher
EVDS 2800,A01 (51256),Visual Media 2 (3),M,"Jan 06 - Apr 09, 14:30-17:15 (W)",Kimberly Wiese
EVDS 2900,A01 (51284),Design Studio 2 (6),M,"Jan 06 - Apr 09, 08:30-12:20 (MWF)",Jae-Sung Chon
EVDS 3900,K01 (62849),Cooperative Education/Integrated Work Term 2 (1),WKT,Jan 06 - Apr 09,TBA
EVDS 4800,K01 (57959),Cooperative Education/Integrated Work Term 3 (1),WKT,Jan 06 - Apr 09,TBA
EVIE 3010,A01 (51272),ID Studio 3.2 (6),M,"Jan 06 - Apr 09, 13:30-16:15 (TR)",Kurt Espersen-Peters
EVIE 3010,A01 (51272),ID Studio 3.2 (6),M,"Jan 06 - Apr 09, 08:30-11:15 (TR)",Kurt Espersen-Peters
EVIE 3012,A01 (51273),Interior Light and Colour (3),M,"Jan 06 - Apr 09, 14:30-17:15 (M)",TBA
EVIE 4000,A01 (52661),Interior Design History and Theory 2 (3),M,"Jan 06 - Apr 09, 11:30-14:15 (W)",Kelley Beaverford
EVIE 4002,A01 (60536),Indoor Systems 1 (3),M,"Jan 06 - Apr 09, 08:30-11:15 (F)",Umidjon Abdullaev
EVIE 4006,A01 (52192),Design Methods and Processes (3),M,"Jan 06 - Apr 09, 08:30-11:15 (W)",Cynthia Karpan
EVIE 4008,D01 (58077),Digital Media (AutoCAD) (3),DE,Jan 06 - Apr 09,TBA
EVIE 4012,A01 (51435),ID Studio 4.2 (6),M,"Jan 06 - Apr 09, 13:30-16:15 (TR)",Jason Shields
EVIE 4012,A01 (51435),ID Studio 4.2 (6),M,"Jan 06 - Apr 09, 08:30-11:15 (TR)",Jason Shields
EVIE 4014,D01 (58192),Advanced Interior Design Media (3),DE,Jan 06 - Apr 09,TBA
EVLU 3000,A01 (59935),History of Designed Environments (3),M,"Jan 06 - Apr 09, 11:30-14:15 (M)",TBA
EVLU 3008,A01 (51270),Studio 4 (9),M,"Jan 06 - Jan 12, 13:15-16:00 ()",Brenda Brown
EVLU 3008,A01 (51270),Studio 4 (9),M,"Jan 06 - Apr 09, 08:30-11:15 (TR)",Brenda Brown
EVLU 3008,A01 (51270),Studio 4 (9),M,"Jan 13 - Apr 09, 09:00-17:00 (TR)",Brenda Brown
EVLU 3008,A01 (51270),Studio 4 (9),M,"Jan 06 - Jan 12, 09:00-11:45 (MTR)",Brenda Brown
EVLU 3010,A01 (57577),Landscape and Urbanism Theory (3),M,"Jan 06 - Apr 09, 08:30-11:15 (F)",TBA
EVLU 3012,A01 (62149),Site Morphology + Grading (3),M,"Jan 06 - Apr 09, 08:30-11:15 (W)",Kamni Gill
EVLU 4000,A01 (59936),"Philosophy, Ethics and Aesthetics (3)",M,"Jan 06 - Apr 09, 14:30-17:15 (W)",Marcella Eaton
EVLU 4006,T12 (66061),Child Friendly Cities (3),M,"Jan 06 - Apr 09, 08:30-11:15 (W)",Laurie Bridgman
EVLU 4014,A01 (51433),Studio 6 (9),M,"Jan 06 - Apr 09, 14:30-17:15 (TR)",TBA
EVLU 4014,A01 (51433),Studio 6 (9),M,"Jan 06 - Apr 09, 09:00-17:00 (TR)",TBA
EVLU 4016,A01 (58486),History of Landscape and Urbanism (3),M,"Jan 06 - Apr 09, 14:30-17:15 (M)",Alan Tate
EVLU 4018,A01 (62157),Principles of Urban Design (3),M,"Jan 06 - Apr 09, 08:30-11:15 (F)",Jean Trottier
IDES 7170,A01 (51057),Design Research Methods (3),M,"Jan 06 - Apr 09, 08:30-11:15 (T)",Cynthia Karpan
IDES 7180,A01 (52663),Theory Seminar 1 - Contemporary Issues in Design (3),M,"Jan 06 - Apr 09, 08:30-11:15 (R)",TBA
IDES 7210,K01 (50425),Masters Studio 2 - Events and Making (6),M,"Jan 06 - Apr 09, 08:30-12:00 (WF)",TBA
IDES 7210,K01 (50425),Masters Studio 2 - Events and Making (6),M,"Jan 06 - Apr 09, 13:00-16:30 (WF)",TBA
IDES 7230,A02 (66204),Sensory Technology 4 (3),M,"Jan 06 - Apr 09, 14:30-17:15 (W)",Shauna Mallory-Hill
IDES 7250,A01 (52310),Professionalism and Practice (3),M,"Jan 06 - Apr 09, 14:30-17:15 (R)",Katherine Isaac
LARC 7040,A01 (63601),Design Research (3),M,"Jan 06 - Apr 09, 14:30-17:15 (W)",Brenda Brown
LARC 7250,A01 (57473),LA History + Theory (3),M,"Jan 06 - Apr 09, 14:30-17:15 (M)",Kamni Gill
LARC 7320,T01 (59937),Landscape Design Seminar 2 - Data visualization and information design (3),M,"Jan 06 - Apr 09, 08:30-11:15 (F)",Yuhao Lu
LARC 7400,T08 (55569),Landscape Topics (3),M,Jan 06 - Apr 09,Leanne Muir
LARC 7400,A09 (60718),Landscape Topics (3),M,Jan 06 - Apr 09,Kamni Gill
LARC 7400,A07 (57004),Landscape Topics (3),M,Jan 06 - Apr 09,Jean Trottier
LARC 7400,A06 (55567),Landscape Topics (3),M,Jan 06 - Apr 09,Anna Thurmayr
LARC 7400,A02 (55563),Landscape Topics (3),M,Jan 06 - Apr 09,Marcella Eaton
LARC 7400,A04 (55565),Landscape Topics (3),M,Jan 06 - Apr 09,Dietmar Straub
LARC 7400,A03 (55564),Landscape Topics (3),M,Jan 06 - Apr 09,Frits Van Loon
LARC 7400,A01 (58084),Landscape Topics (3),M,Jan 06 - Apr 09,Brenda Brown
LARC 7400,A05 (55566),Landscape Topics (3),M,Jan 06 - Apr 09,Alan Tate
LARC 7520,A01 (65031),Studio 2 (6),M,"Jan 06 - Apr 09, 09:00-15:00 (TR)",Marcella Eaton
LARC 7540,K01 (65030),Studio 4 (9),M,"Jan 06 - Apr 09, 11:30-14:15 (TR)",Alan Tate
LARC 7540,K01 (65030),Studio 4 (9),M,"Jan 06 - Apr 09, 09:00-17:00 (TR)",Alan Tate
HMRT 7200,A01 (59178),HMRT Methods (3),M,"Jan 06 - Apr 09, 14:00-16:50 (T)",Mary Shariff
LAW 1102,A03 (61326),Contracts (Part B) (2.5),M,"Jan 06 - Apr 09, 14:00-16:50 (T)",Bruce Curran
LAW 1102,A02 (57658),Contracts (Part B) (2.5),M,"Jan 06 - Apr 09, 14:00-16:50 (T)",Daniel Diamond
LAW 1102,A01 (57657),Contracts (Part B) (2.5),M,"Jan 06 - Apr 09, 14:00-16:50 (T)",Shakiru Bello
LAW 1140,A03 (62745),Criminal Law and Procedure (Part B) (2.5),M,"Jan 06 - Apr 09, 09:00-11:50 (M)",John Burchill
LAW 1140,A02 (65517),Criminal Law and Procedure (Part B) (2.5),M,"Jan 06 - Apr 09, 09:00-11:50 (M)",Kenneth Grad
LAW 1140,A01 (50997),Criminal Law and Procedure (Part B) (2.5),M,"Jan 06 - Apr 09, 09:00-11:50 (M)",Brandon Trask
LAW 1378,A01 (62099),Passeport du droit en Français 1 (Part B) (0.5),M,"Jan 06 - Apr 09, 12:00-12:50 (F)",Lorna Turnbull
LAW 1460,A03 (51001),Constitutional Law (Part B) (2.5),M,"Jan 06 - Apr 09, 14:00-15:50 (R)",Brandon Trask
LAW 1460,A02 (65518),Constitutional Law (Part B) (2.5),M,"Jan 06 - Apr 09, 14:00-15:50 (R)",Gillian MacNeil
LAW 1460,A01 (50999),Constitutional Law (Part B) (2.5),M,"Jan 06 - Apr 09, 14:00-15:50 (R)",Leif Jensen
LAW 1480,A01 (51002),Torts and Compensation Systems (Part B) (2.5),M,"Jan 06 - Apr 09, 10:00-11:50 (T)",Martine Dennie
LAW 1480,A03 (51179),Torts and Compensation Systems (Part B) (2.5),M,"Jan 06 - Apr 09, 10:00-11:50 (T)",TBA
LAW 1480,A02 (65519),Torts and Compensation Systems (Part B) (2.5),M,"Jan 06 - Apr 09, 10:00-11:50 (T)",Akinwumi Ogunranti
LAW 1500,A03 (51180),Property (Part B) (2.5),M,"Jan 06 - Apr 09, 09:00-11:50 (R)",Katherine Szilagyi
LAW 1500,A02 (63575),Property (Part B) (2.5),M,"Jan 06 - Apr 09, 09:00-11:50 (R)",Donn Short
LAW 1500,A01 (51004),Property (Part B) (2.5),M,"Jan 06 - Apr 09, 09:00-11:50 (R)",John Irvine
LAW 1530,A01 (51495),Legal System (Part B) (1),M,"Jan 06 - Apr 09, 09:00-15:50 (W)",Rory Churchill-Henry
LAW 1540,A01 (51046),Legal Methods (Part B) (2.5),M,"Jan 06 - Apr 09, 09:00-11:50 (F)",Lorna Turnbull
LAW 1540,A01 (51046),Legal Methods (Part B) (2.5),M,"Jan 06 - Apr 09,  (F)",Lorna Turnbull
LAW 1542,A01 (62098),Méthodes juridiques (Part B) (2.5),M,"Jan 06 - Apr 09, 09:00-11:50 (F)",Tarik Daoudi
LAW 2020,A02 (65796),Legal Profession and Professional Responsibility (3),M,"Jan 06 - Apr 09, 13:00-15:50 (F)",Shakiru Bello
LAW 2020,A03 (63782),Legal Profession and Professional Responsibility (3),M,"Jan 06 - Apr 09, 09:00-11:50 (R)",Shakiru Bello
LAW 2378,A01 (63972),Passport Droit en Francais 2 (Part B) (0.5),M,"Jan 06 - Apr 09, 12:00-12:50 (F)",Lorna Turnbull
LAW 2602,A02 (62936),Evidence (3),M,"Jan 06 - Apr 09, 09:00-11:50 (W)",Kenneth Grad
LAW 2642,A01 (65568),Droit de la famille (3),M,"Jan 06 - Apr 09, 13:00-15:50 (W)",Lorna Turnbull
LAW 2650,A02 (51988),Introduction to Advocacy (3),M,"Jan 06 - Apr 09, 13:00-15:50 (M)",Arian Poushangi
LAW 2650,A03 (51989),Introduction to Advocacy (3),M,"Jan 06 - Apr 09, 13:00-15:50 (M)",Kevin Sharma
LAW 2650,A01 (51953),Introduction to Advocacy (3),M,"Jan 06 - Apr 09, 13:00-15:50 (M)",Jessica Dillon
LAW 2652,A04 (63849),Introduction à la plaidoirie (3),M,"Jan 06 - Apr 09, 13:00-15:50 (M)",Michel Chartier
LAW 2672,A02 (62102),Civil Procedure (3),M,"Jan 06 - Apr 09, 09:00-11:50 (M)",Elizabeth McCandless
LAW 2690,A02 (53319),Corporations I (3),M,"Jan 06 - Apr 09, 09:00-11:50 (T)",Darcy MacPherson
LAW 2700,A02 (52343),Income Tax Law and Policy (3),M,"Jan 06 - Apr 09, 14:00-16:50 (T)",Mary Gallant
LAW 3030,A02 (54862),Research Paper B (3),M,"Jan 06 - Apr 09, 12:00-12:50 (F)",TBA
LAW 3042,T02 (65809),Canadian Negotiation Competition (3),M,"Jan 06 - Apr 09, 12:00-12:50 (M)",TBA
LAW 3042,T01 (65808),Kawaskimhon Moot (3),M,"Jan 06 - Apr 09, 12:00-12:50 (M)",TBA
LAW 3042,T07 (65923),National Family Law Negotiation moot (3),M,"Jan 06 - Apr 09, 12:00-12:50 (F)",TBA
LAW 3042,T04 (65811),Western / Sopinka Moot (3),M,"Jan 06 - Apr 09, 12:00-12:50 (T)",TBA
LAW 3042,T05 (65812),French CNNC (3),M,"Jan 06 - Apr 09, 12:00-12:50 (R)",TBA
LAW 3042,T03 (65810),McIntyre Cup Moot (3),M,"Jan 06 - Apr 09, 12:00-12:50 (W)",TBA
LAW 3120,A01 (65561),Philanthropy and the Law (3),M,"Jan 06 - Apr 09, 09:00-11:50 (M)",Mary Gallant
LAW 3220,T06 (62909),Fox Moot (3),M,Jan 06 - Apr 09,TBA
LAW 3220,T15 (64653),Isaac Moot (3),M,"Jan 06 - Apr 09, 12:00-13:50 (R)",TBA
LAW 3220,T14 (59451),Western Canada Family Moot (3),M,"Jan 06 - Apr 09, 12:00-12:50 (F)",TBA
LAW 3220,T08 (51821),Laskin Moot (3),M,"Jan 06 - Apr 09, 12:00-12:50 (T)",TBA
LAW 3220,T02 (62910),Gale Cup (3),M,Jan 06 - Apr 09,TBA
LAW 3220,T07 (64652),Wilson Moot (3),M,Jan 06 - Apr 09,TBA
LAW 3220,T03 (61828),Bastarache Moot (3),M,"Jan 06 - Apr 09, 12:00-12:50 (M)",TBA
LAW 3274,A01 (63847),Advanced Family Law (3),M,"Jan 06 - Apr 09, 09:00-11:50 (W)",Maria Mitousis
LAW 3288,A01 (65564),Refugee Law (3),M,"Jan 06 - Apr 09, 13:00-15:50 (W)",Amar Khoday
LAW 3344,A04 (65993),Internships (3),M,Jan 06 - Apr 09,Andrea Doyle
LAW 3344,A03 (65703),Internships (3),M,Jan 06 - Apr 09,Elizabeth McCandless
LAW 3344,A01 (65595),Internships (3),M,"Jan 06 - Apr 09, 10:00-11:50 (R)",Elizabeth McCandless
LAW 3344,A02 (65094),Internships (3),M,Jan 06 - Apr 09,Elizabeth McCandless
LAW 3346,A01 (64430),Access to Justice (3),M,"Jan 06 - Apr 09, 13:00-15:50 (W)",Natasha Brown
LAW 3348,A01 (65572),Bankruptcy and Insolvency (3),M,"Jan 06 - Apr 09, 13:00-15:50 (F)",Myles Davis
LAW 3354,A01 (60233),Moot Researcher (3),M,"Jan 06 - Apr 09, 13:00-13:50 (T)",TBA
LAW 3360,A01 (65570),Advanced Legal Research (3),M,"Jan 06 - Apr 09, 09:00-11:50 (R)",Matthew Renaud
LAW 3378,A01 (63973),Passeport Droit en Francais 3 (Part B) (0.5),M,"Jan 06 - Apr 09, 12:00-12:50 (F)",Lorna Turnbull
LAW 3392,A01 (57668),Securities Law (3),M,"Jan 06 - Apr 09, 13:00-15:50 (W)",Donald Macdonald
LAW 3510,A01 (64942),Corporate Taxation (3),M,"Jan 06 - Apr 09, 16:00-18:50 (R)",Frank Lavitt
LAW 3520,A01 (51955),Taxation of Trusts and Estates (3),M,"Jan 06 - Apr 09, 16:00-18:50 (W)",Sergio Pustogorodsky
LAW 3530,A02 (52666),Administrative Law (3),M,"Jan 06 - Apr 09, 13:00-15:50 (W)",Andrea Doyle
LAW 3530,A01 (65550),Administrative Law (3),M,"Jan 06 - Apr 09, 14:00-16:50 (R)",Andrea Doyle
LAW 3590,A01 (61332),Charter Issues in Criminal Law (3),M,"Jan 06 - Apr 09, 18:00-20:50 (T)",John Burchill
LAW 3824,A02 (63845),Scholarly Publications-Human Rights (Part B) (1.5),M,"Jan 06 - Apr 09, 12:00-12:50 (W)",Donn Short
LAW 3824,A01 (59381),Scholarly Publications (Part B) (1.5),M,"Jan 06 - Apr 09, 12:00-12:50 (MW)",Bryan Schwartz
LAW 3826,A02 (63844),Advanced Scholarly Publications - Human Rights (Part B) (1.5),M,"Jan 06 - Apr 09, 12:00-12:50 (W)",Donn Short
LAW 3826,A01 (59382),Advanced Scholarly Publications (Part B) (1.5),M,"Jan 06 - Apr 09, 12:00-12:50 (MW)",Bryan Schwartz
LAW 3832,A01 (60608),Legal Aid Clinic (1.5),M,"Jan 06 - Apr 09, 12:00-13:50 (R)",TBA
LAW 3940,A01 (63580),Canadian Charter of Rights & Freedoms (3),M,"Jan 06 - Apr 09, 17:00-19:50 (W)",Christopher Klassen
LAW 3980,T19 (62105),Advanced Mediation (3),M,"Jan 06 - Apr 09, 16:00-18:50 (M)",David Dyck
LAW 3980,T53 (65797),Advocating for the rights of Indigenous peoples in International law (3),M,"Jan 06 - Apr 09, 09:00-11:50 (M)",Brenda Gunn
LAW 3980,T49 (61335),Intellectual Property (3),M,"Jan 06 - Apr 09, 09:00-11:50 (W)",Silvia De Sousa
LAW 3980,T28 (59292),Construction Law (3),M,"Jan 06 - Apr 09, 13:00-15:50 (F)",Bailey Harris
LAW 3982,T03 (65571),Indigenous Legal Orders (3),M,"Jan 06 - Apr 09, 14:00-16:50 (R)",Daniel Diamond
LAW 3982,T04 (65594),Mental Health & Criminal Law (3),M,"Jan 06 - Apr 09, 09:00-11:50 (W)",Brandon Trask
LAW 3982,T06 (65593),Transnational Criminal Law (3),M,"Jan 06 - Apr 09, 09:00-11:50 (T)",Gillian MacNeil
LAW 3982,T05 (65576),Corporate Social Responsibility (3),M,"Jan 06 - Apr 09, 18:00-20:50 (T)",Adetokunbo Alase
LAW 3982,T07 (65696),Sport II Torts and Criminal Liability (3),M,"Jan 06 - Apr 09, 09:00-11:50 (R)",Martine Dennie
LAW 3990,A01 (62821),Externship (Part B) (6),M,"Jan 06 - Apr 09, 12:00-13:50 (TR)",Elizabeth McCandless
LAW 3990,A02 (60469),Externship (Part B) (6),M,Jan 06 - Apr 09,Elizabeth McCandless
LAW 3990,A05 (66117),Externship (6),M,Jan 06 - Apr 09,Elizabeth McCandless
LAW 3990,A04 (58043),Externship (Part B) (6),M,Jan 06 - Apr 09,Elizabeth McCandless
LAW 3990,A03 (62822),Externship (Part B) (6),M,Jan 06 - Apr 09,Elizabeth McCandless
LAW 7002,A01 (65592),Capstone seminar (3),M,"Jan 06 - Apr 09, 14:00-16:50 (T)",Mary Shariff
LAW 7120,T25 (66138),Research Paper in Law II (3),M,Jan 06 - Apr 09,Richard Jochelson
LAW 7130,T04 (66088),Charter Issues in Criminal Law (3),M,"Jan 06 - Apr 09, 18:00-20:50 (T)",John Burchill
LAW 7130,T26 (66126),Securities Law (3),M,"Jan 06 - Apr 09, 13:00-15:50 (W)",Donald Macdonald
LAW 7130,T25 (66125),Indigenous Legal Orders (3),M,"Jan 06 - Apr 09, 14:00-16:50 (R)",Daniel Diamond
LAW 7130,T24 (66107),Sport II Torts and Criminal Liability (3),M,"Jan 06 - Apr 09, 09:00-11:50 (R)",Martine Dennie
LAW 7130,T23 (66106),Access to Justice (3),M,"Jan 06 - Apr 09, 13:00-15:50 (W)",Natasha Brown
LAW 7130,T05 (66089),Philanthropy and the Law (3),M,"Jan 06 - Apr 09, 09:00-11:50 (M)",Mary Gallant
LAW 7130,T15 (66093),Intellectual Property Law (3),M,"Jan 06 - Apr 09, 09:00-11:50 (W)",Silvia De Sousa
LAW 7130,T08 (66092),Administrative Law (3),M,"Jan 06 - Apr 09, 13:00-15:50 (W)",Andrea Doyle
LAW 7130,T01 (66085),Advocating for the rights of Indigenous peoples in International law (3),M,"Jan 06 - Apr 09, 09:00-11:50 (M)",Brenda Gunn
LAW 7130,T07 (66091),Transnational Criminal Law (3),M,"Jan 06 - Apr 09, 09:00-11:50 (T)",Gillian MacNeil
LAW 7130,T02 (66086),Bankruptcy and Insolvency (3),M,"Jan 06 - Apr 09, 13:00-15:50 (F)",Myles Davis
LAW 7130,T03 (66087),Canadian Charter of Rights and Freedoms (3),M,"Jan 06 - Apr 09, 17:00-19:50 (W)",Christopher Klassen
LAW 7130,T06 (66090),Refugee Law (3),M,"Jan 06 - Apr 09, 13:00-15:50 (W)",Amar Khoday
LAW 7130,T17 (66105),Corporate Social Responsibility (3),M,"Jan 06 - Apr 09, 18:00-20:50 (T)",Adetokunbo Alase
LAW 7140,T01 (66108),Human Rights Clinic (3),M,"Jan 06 - Apr 09, 10:00-11:50 (R)",Elizabeth McCandless
PHMD 1002,A01 (58498),Applied Pharmacy Practice Lab 1 (Part B) (2),B,"Jan 05 - Apr 10, 09:00-15:30 (R)",Sheila Ng
PHMD 1002,A01 (58498),Applied Pharmacy Practice Lab 1 (Part B) (2),B,"Jan 05 - Apr 10, 13:00-14:30 (M)",Sheila Ng
PHMD 1004,A01 (58502),Introduction to Pharmacotherapy Literature (1),B,"Jan 05 - Apr 10, 11:00-12:00 (M)",Cody Hotel
PHMD 1006,A01 (59987),Pharmacy Informatics (1),B,"Jan 05 - Apr 10, 10:45-11:45 (W)",Me-Linh Le
PHMD 1008,A01 (58503),Medicinal Chemistry (Part B) (2),B,"Jan 05 - Apr 10, 11:30-12:30 (T)",Geoffrey Tranmer
PHMD 1008,A01 (58503),Medicinal Chemistry (Part B) (2),B,"Jan 05 - Apr 10, 13:00-14:00 (F)",Geoffrey Tranmer
PHMD 1014,A01 (58504),Clinical Therapeutics 1 (3),B,"Jan 05 - Apr 10, 13:00-15:15 (W)",Drena Dunford
PHMD 1014,A01 (58504),Clinical Therapeutics 1 (3),B,"Jan 05 - Apr 10, 14:45-15:45 (M)",Drena Dunford
PHMD 1016,A01 (58505),Pharmaceutics (3),B,"Jan 05 - Apr 10, 09:00-12:00 (F)",Ivan Iurchenko
PHMD 1016,A01 (58505),Pharmaceutics (3),B,"Jan 05 - Apr 10, 09:00-11:15 (T)",Ivan Iurchenko
PHMD 1040,A01 (58506),Service Learning / IPE 1 (Part B) (0.5),B,"Jan 05 - Apr 10, 13:00-17:00 (T)",Michelle Boyce
PHMD 1040,A01 (58506),Service Learning / IPE 1 (Part B) (0.5),B,"Jan 05 - Apr 10, 15:00-17:00 (F)",Michelle Boyce
PHMD 2004,A01 (60032),Critical Appraisal of Pharmacotherapy Literature 1 (Part B) (2),B,"Feb 02 - May 08, 09:00-11:15 (R)",Sherif Eltonsy
PHMD 2010,A01 (60034),Principles of Biotechnology (2),B,"Feb 02 - May 08, 09:30-10:30 (F)",Dake Qi
PHMD 2010,A01 (60034),Principles of Biotechnology (2),B,"Feb 02 - May 08, 14:30-15:30 (W)",Dake Qi
PHMD 2012,A01 (60035),Pharmacogenetics (2),B,"Feb 02 - May 08, 11:00-12:00 (F)",Kaarina Kowalec
PHMD 2012,A01 (60035),Pharmacogenetics (2),B,"Feb 02 - May 08, 13:15-14:15 (W)",Kaarina Kowalec
PHMD 2016,A01 (60037),Clinical Pharmacokinetics - Pharmacodynamics (3),B,"Feb 02 - May 08, 13:00-14:30 (M)",Sheryl Zelenitsky
PHMD 2016,A01 (60037),Clinical Pharmacokinetics - Pharmacodynamics (3),B,"Feb 02 - May 08, 12:00-13:30 (R)",Sheryl Zelenitsky
PHMD 2020,A01 (60036),Introductory Pharmacy Practice Experience - Community (4),OC,Jan 05 - Jan 30,Kelly Brink
PHMD 2024,A01 (60038),Applied Pharmacy Practice Lab 2-2 (2),B,"Feb 02 - May 08, 09:00-16:00 (T)",Kristi Watson
PHMD 2024,A01 (60038),Applied Pharmacy Practice Lab 2-2 (2),B,"Feb 02 - May 08, 13:00-14:30 (F)",Kristi Watson
PHMD 2028,A01 (60039),Clinical Therapeutics 2-2 (4),B,"Feb 02 - May 08, 10:15-11:45 (W)",Dana Turcotte
PHMD 2028,A01 (60039),Clinical Therapeutics 2-2 (4),B,"Feb 02 - May 08, 09:00-11:45 (M)",Dana Turcotte
PHMD 2040,A01 (60033),Service Learning / IPE 2 (Part B) (0.5),B,"Feb 02 - May 08, 15:00-17:00 (F)",Michelle Boyce
PHMD 2040,A01 (60033),Service Learning / IPE 2 (Part B) (0.5),B,"Feb 02 - May 08, 13:31-17:00 (R)",Michelle Boyce
PHMD 3002,A01 (60835),Applied Pharmacy Practice Lab 3 (Part B) (2),B,"Jan 05 - Apr 10, 09:00-16:00 (F)",Linnéa Shackel
PHMD 3002,A01 (60835),Applied Pharmacy Practice Lab 3 (Part B) (2),B,"Jan 05 - Apr 10, 13:00-14:30 (W)",Linnéa Shackel
PHMD 3006,A01 (60836),Advanced Clinical Therapeutics (Part B) (3),B,"Jan 05 - Apr 10, 13:00-14:30 (R)",Jamison Falk
PHMD 3006,A01 (60836),Advanced Clinical Therapeutics (Part B) (3),B,"Jan 05 - Apr 10, 13:15-13:45 (T)",Jamison Falk
PHMD 3006,A01 (60836),Advanced Clinical Therapeutics (Part B) (3),B,"Jan 05 - Apr 10, 14:15-15:15 (T)",Jamison Falk
PHMD 3010,A01 (60837),Pharmacy Management (Part B) (2),B,"Jan 05 - Apr 10, 09:30-11:45 (M)",Joanne Johnson
PHMD 3012,A01 (60838),Applied Professional Practice (3),B,"Jan 05 - Apr 10, 09:00-11:15 (T)",Anna Chudyk
PHMD 3012,A01 (60838),Applied Professional Practice (3),B,"Jan 05 - Apr 10, 10:45-11:45 (W)",Anna Chudyk
PHMD 3014,A01 (60839),Clinical Therapeutics 3 (Part B) (4),B,"Jan 05 - Apr 10, 09:00-10:30 (R)",Alanna Doell
PHMD 3014,A01 (60839),Clinical Therapeutics 3 (Part B) (4),B,"Jan 05 - Apr 10, 13:00-15:45 (M)",Alanna Doell
PHMD 3016,A01 (60840),Toxicology of Medications and Drugs of Abuse (2),B,"Jan 05 - Apr 10, 11:00-12:00 (R)",Shirley Treacy
PHMD 3016,A01 (60840),Toxicology of Medications and Drugs of Abuse (2),B,"Jan 05 - Apr 10, 11:30-12:30 (T)",Shirley Treacy
PHMD 4020,A06 (62351),Advanced Pharmacy Practice Experience- Community (8),OC,Mar 02 - Apr 24,Kelly Brink
PHMD 4020,A05 (62350),Advanced Pharmacy Practice Experience- Community (8),OC,Jan 05 - Feb 27,Kelly Brink
PHMD 4030,A06 (62353),Advanced Pharmacy Practice Experience- Hospital (8),OC,Mar 02 - Apr 24,Kelly Brink
PHMD 4030,A05 (62352),Advanced Pharmacy Practice Experience- Hospital (8),OC,Jan 05 - Feb 27,Kelly Brink
PHMD 4040,A06 (62355),Advanced Pharmacy Practice Experience-Primary Care (8),OC,Mar 02 - Apr 24,Kelly Brink
PHMD 4040,A05 (62354),Advanced Pharmacy Practice Experience-Primary Care (8),OC,Jan 05 - Feb 27,Kelly Brink
PHMD 4060,A06 (62357),Advanced Pharmacy Practice Experience- Elective (8),OC,Mar 02 - Apr 24,Kelly Brink
PHMD 4060,A05 (62356),Advanced Pharmacy Practice Experience- Elective (8),OC,Jan 05 - Feb 27,Kelly Brink
PHRM 7120,T01 (65107),Medical and Scientific Writing (3),B,"Jan 06 - Apr 09,  (W)",Abdullah Maruf
PHRM 7120,T02 (65211),Medical and Scientific Writing (3),B,"Jan 03 - Apr 30, 09:00-10:00 (T)",Anna Chudyk
PHRM 7160,A01 (52255),Pharmacy Seminar 1 MSc (Part B) (1.5),B,"Jan 06 - Apr 09, 12:00-12:50 (W)",Hope Anderson
PHRM 7160,A02 (63982),Pharmacy Seminar 1 MSc (3),B,"Jan 06 - Apr 09, 12:00-12:50 (W)",Hope Anderson
PHRM 7170,A01 (52312),Pharmacy Seminar 2 MSc (Part B) (1.5),B,"Jan 03 - Apr 30, 12:00-12:50 (W)",Hope Anderson
PHRM 7260,A01 (58030),Pharmacy Seminar 1 PhD (Part B) (1.5),B,"Jan 03 - Apr 30, 12:00-12:50 (W)",Hope Anderson
PHRM 7270,A01 (58031),Pharmacy Seminar 2 PhD (Part B) (1.5),B,"Jan 03 - Apr 30, 12:00-12:50 (W)",Hope Anderson
SWRK 1200,D01 (62966),Introduction to Canadian Social Welfare (3),DE,"Jan 06 - Jan 06, 18:00-19:50 (T)",
SWRK 1200,D01 (62966),Introduction to Canadian Social Welfare (3),DE,"Mar 03 - Mar 03, 18:00-19:50 (T)",
SWRK 1200,D01 (62966),Introduction to Canadian Social Welfare (3),DE,"Mar 31 - Mar 31, 18:00-19:50 (T)",
SWRK 1200,D01 (62966),Introduction to Canadian Social Welfare (3),DE,"Feb 10 - Feb 10, 18:00-19:50 (T)",
SWRK 1210,D01 (62967),Wâhkôhtowin: We are All Related (3),DE,"Jan 19 - Jan 19, 18:00-19:50 (M)",
SWRK 1210,D01 (62967),Wâhkôhtowin: We are All Related (3),DE,"Feb 02 - Feb 02, 18:00-19:50 (M)",
SWRK 1210,D01 (62967),Wâhkôhtowin: We are All Related (3),DE,"Jan 12 - Jan 12, 18:00-19:50 (M)",
SWRK 1210,D01 (62967),Wâhkôhtowin: We are All Related (3),DE,"Mar 23 - Mar 23, 18:00-19:50 (M)",
SWRK 1210,D01 (62967),Wâhkôhtowin: We are All Related (3),DE,"Mar 02 - Mar 02, 18:00-19:50 (M)",
SWRK 1210,D01 (62967),Wâhkôhtowin: We are All Related (3),DE,"Feb 23 - Feb 23, 18:00-19:50 (M)",
SWRK 1220,G76 (65931),"Social Justice, Diversity and Human Rights (3)",OC,"Jan 06 - Apr 09, 13:00-16:00 (M)",Jeannine Cull
SWRK 1230,G68 (64867),Community Health and Well-Being: Imagination for Social Work Practice (3),OC,"Mar 30 - Mar 30, 09:00-16:00 (M)",C Deegan
SWRK 1230,D01 (63679),Community Health and Well-Being: Imagination for Social Work Practice (3),DE,"Mar 30 - Mar 30, 18:00-19:50 (M)",TBA
SWRK 1230,D01 (63679),Community Health and Well-Being: Imagination for Social Work Practice (3),DE,"Mar 09 - Mar 09, 18:00-19:50 (M)",TBA
SWRK 1230,D01 (63679),Community Health and Well-Being: Imagination for Social Work Practice (3),DE,"Feb 09 - Feb 09, 18:00-19:50 (M)",TBA
SWRK 1230,D01 (63679),Community Health and Well-Being: Imagination for Social Work Practice (3),DE,"Jan 12 - Jan 12, 18:00-19:50 (M)",TBA
SWRK 1230,G68 (64867),Community Health and Well-Being: Imagination for Social Work Practice (3),OC,"Mar 02 - Mar 02, 09:00-16:00 (M)",C Deegan
SWRK 1230,G68 (64867),Community Health and Well-Being: Imagination for Social Work Practice (3),OC,"Apr 06 - Apr 06, 09:00-16:00 (M)",C Deegan
SWRK 1230,D01 (63679),Community Health and Well-Being: Imagination for Social Work Practice (3),DE,"Jan 26 - Jan 26, 18:00-19:50 (M)",TBA
SWRK 1230,G68 (64867),Community Health and Well-Being: Imagination for Social Work Practice (3),OC,"Feb 02 - Feb 02, 09:00-16:00 (M)",C Deegan
SWRK 1230,G68 (64867),Community Health and Well-Being: Imagination for Social Work Practice (3),OC,"Mar 16 - Mar 16, 09:00-16:00 (M)",C Deegan
SWRK 1230,G68 (64867),Community Health and Well-Being: Imagination for Social Work Practice (3),OC,"Jan 19 - Jan 19, 09:00-16:00 (M)",C Deegan
SWRK 1240,D01 (62969),Social Work and Professional Identity (3),DE,"Mar 25 - Mar 25, 18:00-19:50 (W)",Amy-Anne Smith
SWRK 1240,D01 (62969),Social Work and Professional Identity (3),DE,"Feb 04 - Feb 04, 18:00-19:50 (W)",Amy-Anne Smith
SWRK 1240,D01 (62969),Social Work and Professional Identity (3),DE,"Jan 21 - Jan 21, 18:00-19:50 (W)",Amy-Anne Smith
SWRK 1240,D01 (62969),Social Work and Professional Identity (3),DE,"Feb 25 - Feb 25, 18:00-19:50 (W)",Amy-Anne Smith
SWRK 1240,D01 (62969),Social Work and Professional Identity (3),DE,"Jan 07 - Jan 07, 18:00-19:50 (W)",Amy-Anne Smith
SWRK 1240,D01 (62969),Social Work and Professional Identity (3),DE,"Mar 11 - Mar 11, 18:00-19:50 (W)",Amy-Anne Smith
SWRK 1250,D01 (62970),"Human Behaviour, Family and Community Well-Being: Theory and Practice (3)",DE,"Mar 12 - Mar 12, 18:00-19:50 (R)",Petra Goebbels-Koch
SWRK 1250,D01 (62970),"Human Behaviour, Family and Community Well-Being: Theory and Practice (3)",DE,"Jan 22 - Jan 22, 18:00-19:50 (R)",Petra Goebbels-Koch
SWRK 1250,D01 (62970),"Human Behaviour, Family and Community Well-Being: Theory and Practice (3)",DE,"Mar 26 - Mar 26, 18:00-19:50 (R)",Petra Goebbels-Koch
SWRK 1250,D01 (62970),"Human Behaviour, Family and Community Well-Being: Theory and Practice (3)",DE,"Feb 26 - Feb 26, 18:00-19:50 (R)",Petra Goebbels-Koch
SWRK 1250,G68 (65163),"Human Behaviour, Family and Community Well-Being: Theory and Practice (3)",OC,"Jan 06 - Mar 24, 09:00-12:00 (T)",
SWRK 1250,D01 (62970),"Human Behaviour, Family and Community Well-Being: Theory and Practice (3)",DE,"Feb 05 - Feb 05, 18:00-19:50 (R)",Petra Goebbels-Koch
SWRK 1250,D01 (62970),"Human Behaviour, Family and Community Well-Being: Theory and Practice (3)",DE,"Jan 08 - Jan 08, 18:00-19:50 (R)",Petra Goebbels-Koch
SWRK 1250,A02 (65073),"Human Behaviour, Family and Community Well-Being: Theory and Practice (3)",M,"Jan 06 - Apr 09, 18:00-20:45 (T)",Jamie Pfau
SWRK 1250,A01 (63021),"Human Behaviour, Family and Community Well-Being: Theory and Practice (3)",M,"Jan 06 - Apr 09, 14:30-17:15 (W)",Petra Goebbels-Koch
SWRK 1250,G76 (65930),"Human Behaviour, Family and Community Well-Being: Theory and Practice (3)",OC,"Jan 06 - Apr 09, 09:00-12:00 (M)",Cassandra Montanino
SWRK 2000,A02 (64339),Anti-racist Social Work Practice (3),M,"Jan 06 - Apr 09, 18:00-20:45 (W)",
SWRK 2000,G66 (65231),Anti-racist Social Work Practice (3),OC,"Jan 05 - Mar 23, 13:00-16:00 (M)",
SWRK 2000,A01 (63022),Anti-racist Social Work Practice (3),M,"Jan 06 - Apr 09, 14:30-17:15 (T)",
SWRK 2010,A02 (63024),Indigenization and Decolonization in Social Work (3),M,"Jan 06 - Apr 09, 18:00-20:45 (M)",Md. Saidur Sumon
SWRK 2010,G68 (63893),Indigenization and Decolonization in Social Work (3),OC,"Mar 23 - Mar 23, 09:00-16:00 (M)",TBA
SWRK 2010,G68 (63893),Indigenization and Decolonization in Social Work (3),OC,"Mar 09 - Mar 09, 09:00-16:00 (M)",TBA
SWRK 2010,G68 (63893),Indigenization and Decolonization in Social Work (3),OC,"Feb 23 - Feb 23, 09:00-16:00 (M)",TBA
SWRK 2010,G68 (63893),Indigenization and Decolonization in Social Work (3),OC,"Feb 09 - Feb 09, 09:00-16:00 (M)",TBA
SWRK 2010,G68 (63893),Indigenization and Decolonization in Social Work (3),OC,"Jan 26 - Jan 26, 09:00-16:00 (M)",TBA
SWRK 2010,D01 (62972),Indigenization and Decolonization in Social Work (3),DE,"Jan 19 - Jan 19, 18:00-19:50 (M)",Mary Anne Clarke
SWRK 2010,D01 (62972),Indigenization and Decolonization in Social Work (3),DE,"Feb 23 - Feb 23, 18:00-19:50 (M)",Mary Anne Clarke
SWRK 2010,A01 (63023),Indigenization and Decolonization in Social Work (3),M,"Jan 06 - Apr 09, 14:30-17:15 (R)",
SWRK 2010,D01 (62972),Indigenization and Decolonization in Social Work (3),DE,"Feb 02 - Feb 02, 18:00-19:50 (M)",Mary Anne Clarke
SWRK 2010,D01 (62972),Indigenization and Decolonization in Social Work (3),DE,"Jan 12 - Jan 12, 18:00-19:50 (M)",Mary Anne Clarke
SWRK 2010,G68 (63893),Indigenization and Decolonization in Social Work (3),OC,"Jan 12 - Jan 12, 09:00-16:00 (M)",TBA
SWRK 2010,D01 (62972),Indigenization and Decolonization in Social Work (3),DE,"Mar 02 - Mar 02, 18:00-19:50 (M)",Mary Anne Clarke
SWRK 2010,D01 (62972),Indigenization and Decolonization in Social Work (3),DE,"Mar 23 - Mar 23, 18:00-19:50 (M)",Mary Anne Clarke
SWRK 2020,D01 (63628),Community Development and Social Work (3),DE,"Jan 13 - Jan 13, 18:00-19:50 (T)",Amanda Martinson
SWRK 2020,D01 (63628),Community Development and Social Work (3),DE,"Mar 17 - Mar 17, 18:00-19:50 (T)",Amanda Martinson
SWRK 2020,D01 (63628),Community Development and Social Work (3),DE,"Mar 03 - Mar 03, 18:00-19:50 (T)",Amanda Martinson
SWRK 2020,D01 (63628),Community Development and Social Work (3),DE,"Feb 10 - Feb 10, 18:00-19:50 (T)",Amanda Martinson
SWRK 2020,D01 (63628),Community Development and Social Work (3),DE,"Jan 27 - Jan 27, 18:00-19:50 (T)",Amanda Martinson
SWRK 2020,A02 (64340),Community Development and Social Work (3),M,"Jan 06 - Apr 09, 14:30-17:15 (W)",
SWRK 2020,A01 (63026),Community Development and Social Work (3),M,"Jan 06 - Apr 09, 08:30-11:15 (R)",
SWRK 2030,D01 (62973),Communication and Relational Skills in Social Work (3),DE,"Feb 11 - Feb 11, 18:00-19:50 (W)",Judith Hughes
SWRK 2030,D01 (62973),Communication and Relational Skills in Social Work (3),DE,"Jan 28 - Jan 28, 18:00-19:50 (W)",Judith Hughes
SWRK 2030,D01 (62973),Communication and Relational Skills in Social Work (3),DE,"Mar 18 - Mar 18, 18:00-19:50 (W)",Judith Hughes
SWRK 2030,D01 (62973),Communication and Relational Skills in Social Work (3),DE,"Mar 04 - Mar 04, 18:00-19:50 (W)",Judith Hughes
SWRK 2030,D01 (62973),Communication and Relational Skills in Social Work (3),DE,"Apr 01 - Apr 01, 18:00-19:50 (W)",Judith Hughes
SWRK 2030,D01 (62973),Communication and Relational Skills in Social Work (3),DE,"Jan 14 - Jan 14, 18:00-19:50 (W)",Judith Hughes
SWRK 2030,D01 (62973),Communication and Relational Skills in Social Work (3),DE,"Feb 04 - Feb 04, 18:00-19:50 (W)",Judith Hughes
SWRK 2030,D01 (62973),Communication and Relational Skills in Social Work (3),DE,"Apr 08 - Apr 08, 18:00-19:50 (W)",Judith Hughes
SWRK 2030,G08 (65215),Communication and Relational Skills in Social Work (3),M,"Jan 06 - Apr 09, 13:00-14:15 (TR)",Adrienne Carriere
SWRK 2030,A02 (63028),Communication and Relational Skills in Social Work (3),M,"Jan 06 - Apr 09, 14:30-17:15 (M)",Tracey Bone
SWRK 2030,A01 (63027),Communication and Relational Skills in Social Work (3),M,"Jan 06 - Apr 09, 18:00-20:45 (R)",
SWRK 2040,D01 (62975),Social Welfare Policy: Analysis and Advocacy (3),DE,"Mar 05 - Mar 05, 18:00-19:50 (R)",TBA
SWRK 2040,D01 (62975),Social Welfare Policy: Analysis and Advocacy (3),DE,"Jan 29 - Jan 29, 18:00-19:50 (R)",TBA
SWRK 2040,D01 (62975),Social Welfare Policy: Analysis and Advocacy (3),DE,"Jan 15 - Jan 15, 18:00-19:50 (R)",TBA
SWRK 2040,D01 (62975),Social Welfare Policy: Analysis and Advocacy (3),DE,"Apr 02 - Apr 02, 18:00-19:50 (R)",TBA
SWRK 2040,D01 (62975),Social Welfare Policy: Analysis and Advocacy (3),DE,"Feb 12 - Feb 12, 18:00-19:50 (R)",TBA
SWRK 2040,A01 (63029),Social Welfare Policy: Analysis and Advocacy (3),M,"Jan 06 - Apr 09, 08:30-11:15 (M)",
SWRK 2040,G66 (65230),Social Welfare Policy: Analysis and Advocacy (3),OC,"Jan 05 - Mar 23, 09:00-12:00 (M)",
SWRK 2040,A02 (64341),Social Welfare Policy: Analysis and Advocacy (3),M,"Jan 06 - Apr 09, 18:00-20:45 (W)",Karamat Kelani
SWRK 3150,G79 (51829),Field Instruction 1 (Part B) (6),OC,"Feb 02 - Feb 02, 17:30-20:30 (M)",
SWRK 3150,G79 (51829),Field Instruction 1 (Part B) (6),OC,"Mar 02 - Mar 02, 17:30-20:30 (M)",
SWRK 3150,G79 (51829),Field Instruction 1 (Part B) (6),OC,"Mar 16 - Mar 16, 17:30-20:30 (M)",
SWRK 3150,G79 (51829),Field Instruction 1 (Part B) (6),OC,"Jan 12 - Jan 12, 17:30-20:30 (M)",
SWRK 3150,G68 (50988),Field Instruction 1 (6),OC,"Jan 16 - Jan 16, 09:00-12:00 (F)",
SWRK 3150,G68 (50988),Field Instruction 1 (6),OC,"Mar 20 - Mar 20, 09:00-12:00 (F)",
SWRK 3150,G68 (50988),Field Instruction 1 (6),OC,"Feb 27 - Feb 27, 09:00-12:00 (F)",
SWRK 3152,G62 (52740),Field Instruction 1 Prior Learning Assessment and Recognition (Part B) (6),OC,Jan 06 - Apr 09,TBA
SWRK 3152,G62 (52740),Field Instruction 1 Prior Learning Assessment and Recognition (Part B) (6),OC,Jan 06 - Apr 09,TBA
SWRK 3160,A02 (65070),Feminist Perspectives in Social Work Practice and Social Welfare Policy (3),M,"Jan 06 - Apr 09, 14:30-17:15 (R)",Tracey Bone
SWRK 3160,D01 (64777),Feminist Perspectives in Social Work Practice and Social Welfare Policy (3),DE,"Feb 03 - Feb 03, 18:00-19:50 (T)",
SWRK 3160,A01 (64342),Feminist Perspectives in Social Work Practice and Social Welfare Policy (3),M,"Jan 06 - Apr 09, 08:30-11:15 (T)",Suzanne Robertson
SWRK 3160,D01 (64777),Feminist Perspectives in Social Work Practice and Social Welfare Policy (3),DE,"Jan 06 - Jan 06, 18:00-19:50 (T)",
SWRK 3160,D01 (64777),Feminist Perspectives in Social Work Practice and Social Welfare Policy (3),DE,"Mar 10 - Mar 10, 18:00-19:50 (T)",
SWRK 3160,D01 (64777),Feminist Perspectives in Social Work Practice and Social Welfare Policy (3),DE,"Feb 24 - Feb 24, 18:00-19:50 (T)",
SWRK 3160,D01 (64777),Feminist Perspectives in Social Work Practice and Social Welfare Policy (3),DE,"Mar 24 - Mar 24, 18:00-19:50 (T)",
SWRK 3160,D01 (64777),Feminist Perspectives in Social Work Practice and Social Welfare Policy (3),DE,"Jan 20 - Jan 20, 18:00-19:50 (T)",
SWRK 3160,G68 (64869),Feminist Perspectives in Social Work Practice and Social Welfare Policy (3),OC,"Jan 08 - Feb 12, 09:00-16:00 (R)",
SWRK 3170,A01 (64343),Discovering Social Work Research: How Knowledge is Framed and Forging a Review (3),M,"Jan 06 - Apr 09, 18:00-20:45 (R)",
SWRK 3170,A02 (65068),Discovering Social Work Research: How Knowledge is Framed and Forging a Review (3),M,"Jan 06 - Apr 09, 14:30-17:15 (M)",Dorcas Kwarteng
SWRK 3180,D01 (64778),Social Work Practice with Immigrants and Refugees (3),DE,"Mar 25 - Mar 25, 18:00-19:50 (W)",ESTHER MENSAH
SWRK 3180,D01 (64778),Social Work Practice with Immigrants and Refugees (3),DE,"Jan 07 - Jan 07, 18:00-19:50 (W)",ESTHER MENSAH
SWRK 3180,D01 (64778),Social Work Practice with Immigrants and Refugees (3),DE,"Jan 21 - Jan 21, 18:00-19:50 (W)",ESTHER MENSAH
SWRK 3180,D01 (64778),Social Work Practice with Immigrants and Refugees (3),DE,"Feb 04 - Feb 04, 18:00-19:50 (W)",ESTHER MENSAH
SWRK 3180,A01 (65491),Social Work Practice with Immigrants and Refugees (3),M,"Jan 06 - Apr 09, 11:30-14:15 (W)",TBA
SWRK 3180,D01 (64778),Social Work Practice with Immigrants and Refugees (3),DE,"Mar 11 - Mar 11, 18:00-19:50 (W)",ESTHER MENSAH
SWRK 3180,D01 (64778),Social Work Practice with Immigrants and Refugees (3),DE,"Feb 25 - Feb 25, 18:00-19:50 (W)",ESTHER MENSAH
SWRK 3200,D01 (64782),Social Work Practice with 2SLGBTQIA+ Communities (3),DE,"Jan 08 - Jan 08, 18:00-19:50 (R)",Jared Star
SWRK 3200,D01 (64782),Social Work Practice with 2SLGBTQIA+ Communities (3),DE,"Jan 22 - Jan 22, 18:00-19:50 (R)",Jared Star
SWRK 3200,D01 (64782),Social Work Practice with 2SLGBTQIA+ Communities (3),DE,"Feb 05 - Feb 05, 18:00-19:50 (R)",Jared Star
SWRK 3200,D01 (64782),Social Work Practice with 2SLGBTQIA+ Communities (3),DE,"Feb 26 - Feb 26, 18:00-19:50 (R)",Jared Star
SWRK 3200,D01 (64782),Social Work Practice with 2SLGBTQIA+ Communities (3),DE,"Mar 26 - Mar 26, 18:00-19:50 (R)",Jared Star
SWRK 3200,D01 (64782),Social Work Practice with 2SLGBTQIA+ Communities (3),DE,"Mar 12 - Mar 12, 18:00-19:50 (R)",Jared Star
SWRK 3220,A03 (64566),Integrative Practice Seminar for Field Instruction (Part B) (0.75),M,"Feb 06 - Feb 06, 11:30-14:15 (F)",Tricia Klassen
SWRK 3220,A03 (64566),Integrative Practice Seminar for Field Instruction (Part B) (0.75),M,"Jan 09 - Jan 09, 11:30-14:15 (F)",Tricia Klassen
SWRK 3220,A03 (64566),Integrative Practice Seminar for Field Instruction (Part B) (0.75),M,"Mar 13 - Mar 13, 11:30-14:15 (F)",Tricia Klassen
SWRK 3220,G68 (65132),Integrative Practice Seminar for Field Instruction (0.75),OC,"Jan 16 - Jan 16, 09:00-12:00 (F)",
SWRK 3220,G68 (65132),Integrative Practice Seminar for Field Instruction (0.75),OC,"Mar 20 - Mar 20, 09:00-12:00 (F)",
SWRK 3220,G68 (65132),Integrative Practice Seminar for Field Instruction (0.75),OC,"Feb 27 - Feb 27, 09:00-12:00 (F)",
SWRK 3220,A05 (65515),Integrative Practice Seminar for Field Instruction (Part B) (0.75),M,"Jan 09 - Jan 09, 08:30-11:15 (F)",Denise Wadsworth
SWRK 3220,D01 (64926),Integrative Practice Seminar for Field Instruction 1 (Part B) (0.75),DE,"Mar 02 - Mar 02, 17:30-20:30 (M)",TBA
SWRK 3220,A05 (65515),Integrative Practice Seminar for Field Instruction (Part B) (0.75),M,"Mar 13 - Mar 13, 08:30-11:15 (F)",Denise Wadsworth
SWRK 3220,A04 (65112),Integrative Practice Seminar for Field Instruction (Part B) (0.75),M,"Mar 13 - Mar 13, 11:30-14:15 (F)",Ferdinand Sullivan
SWRK 3220,A02 (64565),Integrative Practice Seminar for Field Instruction (Part B) (0.75),M,"Mar 13 - Mar 13, 08:30-11:15 (F)",Vicki Burgess
SWRK 3220,A05 (65515),Integrative Practice Seminar for Field Instruction (Part B) (0.75),M,"Feb 06 - Feb 06, 08:30-11:15 (F)",Denise Wadsworth
SWRK 3220,A02 (64565),Integrative Practice Seminar for Field Instruction (Part B) (0.75),M,"Feb 06 - Feb 06, 08:30-11:15 (F)",Vicki Burgess
SWRK 3220,D01 (64926),Integrative Practice Seminar for Field Instruction 1 (Part B) (0.75),DE,"Mar 16 - Mar 16, 17:30-20:30 (M)",TBA
SWRK 3220,A04 (65112),Integrative Practice Seminar for Field Instruction (Part B) (0.75),M,"Feb 06 - Feb 06, 11:30-14:15 (F)",Ferdinand Sullivan
SWRK 3220,A04 (65112),Integrative Practice Seminar for Field Instruction (Part B) (0.75),M,"Jan 09 - Jan 09, 11:30-14:15 (F)",Ferdinand Sullivan
SWRK 3220,D01 (64926),Integrative Practice Seminar for Field Instruction 1 (Part B) (0.75),DE,"Jan 12 - Jan 12, 17:30-20:30 (M)",TBA
SWRK 3220,D01 (64926),Integrative Practice Seminar for Field Instruction 1 (Part B) (0.75),DE,"Feb 02 - Feb 02, 17:30-20:30 (M)",TBA
SWRK 3220,A02 (64565),Integrative Practice Seminar for Field Instruction (Part B) (0.75),M,"Jan 09 - Jan 09, 08:30-11:15 (F)",Vicki Burgess
SWRK 3240,G68 (64873),Field Instruction 1 (3),OC,Jan 03 - Apr 30,TBA
SWRK 3240,A02 (64570),Field Instruction 1 (Part B) (3),OC,Jan 05 - Apr 17,Karen McKim
SWRK 3240,G79 (64925),Field Instruction 1 (Part B) (3),OC,Jan 03 - Apr 30,TBA
SWRK 3250,G62 (65781),Prior Learning Assessment and Recognition (PLAR) Part B (3.75),OC,Jan 06 - Apr 09,Jill Hodgson
SWRK 4050,T03 (66155),Misinformation and Social Work: Bodily Autonomy in Social Work Practice (3),OC,Jan 06 - Apr 09,Mary Anne Clarke
SWRK 4120,G78 (51618),Field Instruction 2 - Distance Delivery Accelerated Field Placement (12),OC,"Mar 23 - Mar 23, 17:30-20:30 (M)",
SWRK 4120,G79 (52044),Field Instruction 2 (Part B) (6),OC,"Mar 02 - Mar 02, 17:30-20:30 (M)",TBA
SWRK 4120,G68 (50991),Field Instruction 2 (12),OC,"Mar 06 - Mar 06,  (F)",
SWRK 4120,G68 (50991),Field Instruction 2 (12),OC,"Jan 09 - Jan 09,  (F)",
SWRK 4120,G68 (50991),Field Instruction 2 (12),OC,Jan 03 - Apr 30,
SWRK 4120,G68 (50991),Field Instruction 2 (12),OC,"Feb 06 - Feb 06,  (F)",
SWRK 4120,G68 (50991),Field Instruction 2 (12),OC,"Jan 23 - Jan 23,  (F)",
SWRK 4120,G68 (50991),Field Instruction 2 (12),OC,"Feb 20 - Feb 20,  (F)",
SWRK 4120,A02 (50208),Field Instruction 2 (Part B) (6),M,"Mar 20 - Mar 20, 08:30-11:15 (F)",Kathryn Levine
SWRK 4120,G79 (52044),Field Instruction 2 (Part B) (6),OC,"Feb 02 - Feb 02, 17:30-20:30 (M)",TBA
SWRK 4120,A02 (50208),Field Instruction 2 (Part B) (6),M,"Feb 13 - Feb 13, 08:30-11:15 (F)",Kathryn Levine
SWRK 4120,A02 (50208),Field Instruction 2 (Part B) (6),M,Jan 05 - Apr 17,Kathryn Levine
SWRK 4120,A02 (50208),Field Instruction 2 (Part B) (6),M,"Jan 16 - Jan 16, 08:30-11:15 (F)",Kathryn Levine
SWRK 4120,G76 (65708),Field Instruction 2 (Part B) (6),OC,"Jan 12 - Jan 12, 09:00-12:00 (M)",
SWRK 4120,G76 (65708),Field Instruction 2 (Part B) (6),OC,"Feb 09 - Feb 09, 09:00-12:00 (M)",
SWRK 4120,G76 (65708),Field Instruction 2 (Part B) (6),OC,"Mar 09 - Mar 09, 09:00-12:00 (M)",
SWRK 4120,G76 (65708),Field Instruction 2 (Part B) (6),OC,"Mar 30 - Mar 30, 09:00-12:00 (M)",
SWRK 4120,G78 (51618),Field Instruction 2 - Distance Delivery Accelerated Field Placement (12),OC,"Jan 19 - Jan 19, 17:30-20:30 (M)",
SWRK 4120,G78 (51618),Field Instruction 2 - Distance Delivery Accelerated Field Placement (12),OC,"Feb 09 - Feb 09, 17:30-20:30 (M)",
SWRK 4120,G78 (51618),Field Instruction 2 - Distance Delivery Accelerated Field Placement (12),OC,"Mar 09 - Mar 09, 17:30-20:30 (M)",
SWRK 4120,G78 (51618),Field Instruction 2 - Distance Delivery Accelerated Field Placement (12),OC,"Mar 30 - Mar 30, 17:30-20:30 (M)",
SWRK 4120,G78 (51618),Field Instruction 2 - Distance Delivery Accelerated Field Placement (12),OC,"Jan 12 - Jan 12, 17:30-20:30 (M)",
SWRK 4120,G78 (51618),Field Instruction 2 - Distance Delivery Accelerated Field Placement (12),OC,"Feb 23 - Feb 23, 17:30-20:30 (M)",
SWRK 4120,G79 (52044),Field Instruction 2 (Part B) (6),OC,"Jan 12 - Jan 12, 17:30-20:30 (M)",TBA
SWRK 4120,G79 (52044),Field Instruction 2 (Part B) (6),OC,"Mar 16 - Mar 16, 17:30-20:30 (M)",TBA
SWRK 4120,G68 (50991),Field Instruction 2 (12),OC,"Mar 20 - Mar 20,  (F)",
SWRK 4120,G68 (50991),Field Instruction 2 (12),OC,"Mar 27 - Mar 27,  (F)",
SWRK 4240,G68 (65228),Integrative Practice Seminar for Field Instruction 2 (1.5),OC,"Feb 06 - Feb 06, 09:00-12:00 (F)",
SWRK 4240,G68 (65228),Integrative Practice Seminar for Field Instruction 2 (1.5),OC,"Feb 20 - Feb 20, 09:00-12:00 (F)",
SWRK 4240,G68 (65228),Integrative Practice Seminar for Field Instruction 2 (1.5),OC,"Mar 27 - Mar 27, 09:00-12:00 (F)",
SWRK 4240,G68 (65228),Integrative Practice Seminar for Field Instruction 2 (1.5),OC,"Jan 23 - Jan 23, 09:00-12:00 (F)",
SWRK 4240,G68 (65228),Integrative Practice Seminar for Field Instruction 2 (1.5),OC,"Mar 20 - Mar 20, 09:00-12:00 (F)",
SWRK 4240,G68 (65228),Integrative Practice Seminar for Field Instruction 2 (1.5),OC,"Jan 09 - Jan 09, 09:00-12:00 (F)",
SWRK 4240,G68 (65228),Integrative Practice Seminar for Field Instruction 2 (1.5),OC,"Mar 06 - Mar 06, 09:00-12:00 (F)",
SWRK 4240,D02 (64940),Integrative Practice Seminar for Field Instruction 2 Accelerated (1.5),DE,"Jan 06 - Apr 09, 18:00-19:50 (M)",TBA
SWRK 4240,A01 (64568),Integrative Practice Seminar for Field Instruction 2 (Concentrated Students) (1.5),M,"Mar 20 - Mar 20, 11:30-14:15 (F)",Brianna Bowen
SWRK 4240,A03 (65516),Integrative Practice Seminar for Field Instruction 2 (Part B) (0.75),M,"Jan 16 - Jan 16, 11:30-14:15 (F)",Kathryn Levine
SWRK 4240,D01 (65780),Integrative Practice Seminar for Field Instruction 2 (Part B) (0.75),OC,"Feb 02 - Feb 02, 17:30-20:30 (M)",TBA
SWRK 4240,D01 (65780),Integrative Practice Seminar for Field Instruction 2 (Part B) (0.75),OC,"Jan 12 - Jan 12, 17:30-20:30 (M)",TBA
SWRK 4240,D01 (65780),Integrative Practice Seminar for Field Instruction 2 (Part B) (0.75),OC,"Mar 16 - Mar 16, 17:30-20:30 (M)",TBA
SWRK 4240,D01 (65780),Integrative Practice Seminar for Field Instruction 2 (Part B) (0.75),OC,"Mar 02 - Mar 02, 17:30-20:30 (M)",TBA
SWRK 4240,A03 (65516),Integrative Practice Seminar for Field Instruction 2 (Part B) (0.75),M,"Mar 20 - Mar 20, 11:30-14:15 (F)",Kathryn Levine
SWRK 4240,A03 (65516),Integrative Practice Seminar for Field Instruction 2 (Part B) (0.75),M,"Feb 13 - Feb 13, 11:30-14:15 (F)",Kathryn Levine
SWRK 4240,A01 (64568),Integrative Practice Seminar for Field Instruction 2 (Concentrated Students) (1.5),M,"Feb 06 - Feb 06, 11:30-14:15 (F)",Brianna Bowen
SWRK 4240,A01 (64568),Integrative Practice Seminar for Field Instruction 2 (Concentrated Students) (1.5),M,"Feb 27 - Feb 27, 11:30-14:15 (F)",Brianna Bowen
SWRK 4240,A01 (64568),Integrative Practice Seminar for Field Instruction 2 (Concentrated Students) (1.5),M,"Jan 09 - Jan 09, 11:30-14:15 (F)",Brianna Bowen
SWRK 4240,A01 (64568),Integrative Practice Seminar for Field Instruction 2 (Concentrated Students) (1.5),M,"Mar 06 - Mar 06, 11:30-14:15 (F)",Brianna Bowen
SWRK 4240,A01 (64568),Integrative Practice Seminar for Field Instruction 2 (Concentrated Students) (1.5),M,"Jan 23 - Jan 23, 11:30-14:15 (F)",Brianna Bowen
SWRK 4240,A02 (64567),Integrative Practice Seminar for Field Instruction 2 (Part B) (0.75),M,"Feb 13 - Feb 13, 08:30-11:15 (F)",Kathryn Levine
SWRK 4240,A02 (64567),Integrative Practice Seminar for Field Instruction 2 (Part B) (0.75),M,"Jan 16 - Jan 16, 08:30-11:15 (F)",Kathryn Levine
SWRK 4240,A01 (64568),Integrative Practice Seminar for Field Instruction 2 (Concentrated Students) (1.5),M,"Apr 03 - Apr 03, 11:30-14:15 (F)",Brianna Bowen
SWRK 4240,A02 (64567),Integrative Practice Seminar for Field Instruction 2 (Part B) (0.75),M,"Mar 20 - Mar 20, 08:30-11:15 (F)",Kathryn Levine
SWRK 4252,D01 (65779),Violence in Families: Direct Practice Interventions in Primary Helping Systems (3),DE,"Feb 24 - Feb 24, 18:00-19:50 (T)",Judith Hughes
SWRK 4252,D01 (65779),Violence in Families: Direct Practice Interventions in Primary Helping Systems (3),DE,"Mar 10 - Mar 10, 18:00-19:50 (T)",Judith Hughes
SWRK 4252,D01 (65779),Violence in Families: Direct Practice Interventions in Primary Helping Systems (3),DE,"Feb 03 - Feb 03, 18:00-19:50 (T)",Judith Hughes
SWRK 4252,D01 (65779),Violence in Families: Direct Practice Interventions in Primary Helping Systems (3),DE,"Jan 06 - Jan 06, 18:00-19:50 (T)",Judith Hughes
SWRK 4252,D01 (65779),Violence in Families: Direct Practice Interventions in Primary Helping Systems (3),DE,"Jan 20 - Jan 20, 18:00-19:50 (T)",Judith Hughes
SWRK 4252,D01 (65779),Violence in Families: Direct Practice Interventions in Primary Helping Systems (3),DE,"Mar 24 - Mar 24, 18:00-19:50 (T)",Judith Hughes
SWRK 4256,D01 (65777),"Trauma-Focused Social Work Practice: Legacies, Development, Post-Traumatic Growth (3)",DE,"Feb 12 - Feb 12, 18:00-19:50 (R)",Judith Hughes
SWRK 4256,D01 (65777),"Trauma-Focused Social Work Practice: Legacies, Development, Post-Traumatic Growth (3)",DE,"Jan 29 - Jan 29, 18:00-19:50 (R)",Judith Hughes
SWRK 4256,D01 (65777),"Trauma-Focused Social Work Practice: Legacies, Development, Post-Traumatic Growth (3)",DE,"Mar 05 - Mar 05, 18:00-19:50 (R)",Judith Hughes
SWRK 4256,D01 (65777),"Trauma-Focused Social Work Practice: Legacies, Development, Post-Traumatic Growth (3)",DE,"Apr 02 - Apr 02, 18:00-19:50 (R)",Judith Hughes
SWRK 4256,D01 (65777),"Trauma-Focused Social Work Practice: Legacies, Development, Post-Traumatic Growth (3)",DE,"Apr 09 - Apr 09, 18:00-19:50 (R)",Judith Hughes
SWRK 4256,D01 (65777),"Trauma-Focused Social Work Practice: Legacies, Development, Post-Traumatic Growth (3)",DE,"Jan 15 - Jan 15, 18:00-19:50 (R)",Judith Hughes
SWRK 4268,D01 (65778),Creativity and Arts-Based Methods for Social Work Practice (3),DE,"Mar 18 - Mar 18, 18:00-19:50 (W)",Susana Montesinos
SWRK 4268,D01 (65778),Creativity and Arts-Based Methods for Social Work Practice (3),DE,"Mar 04 - Mar 04, 18:00-19:50 (W)",Susana Montesinos
SWRK 4268,D01 (65778),Creativity and Arts-Based Methods for Social Work Practice (3),DE,"Jan 14 - Jan 14, 18:00-19:50 (W)",Susana Montesinos
SWRK 4268,D01 (65778),Creativity and Arts-Based Methods for Social Work Practice (3),DE,"Apr 01 - Apr 01, 18:00-19:50 (W)",Susana Montesinos
SWRK 4268,D01 (65778),Creativity and Arts-Based Methods for Social Work Practice (3),DE,"Feb 11 - Feb 11, 18:00-19:50 (W)",Susana Montesinos
SWRK 4268,D01 (65778),Creativity and Arts-Based Methods for Social Work Practice (3),DE,"Feb 04 - Feb 04, 18:00-19:50 (W)",Susana Montesinos
SWRK 4268,D01 (65778),Creativity and Arts-Based Methods for Social Work Practice (3),DE,"Jan 28 - Jan 28, 18:00-19:50 (W)",Susana Montesinos
SWRK 4280,A01 (64573),Social Work Practice with Mandated/Justice-Involved Populations (3),OC,"Jan 06 - Apr 09, 08:30-11:15 (W)",Tracey Bone
SWRK 4282,A01 (64572),Social Work Practice with Older Adults (3),OC,"Jan 06 - Apr 09, 18:00-20:45 (M)",Blessing Ojembe
SWRK 4286,D01 (64780),"Mino Shkaabis with First Nations, Metis, Inuit Children, Youth and Families: Critical Analysis (3)",DE,"Mar 31 - Mar 31, 18:00-19:50 (T)",
SWRK 4286,D01 (64780),"Mino Shkaabis with First Nations, Metis, Inuit Children, Youth and Families: Critical Analysis (3)",DE,"Mar 17 - Mar 17, 18:00-19:50 (T)",
SWRK 4286,D01 (64780),"Mino Shkaabis with First Nations, Metis, Inuit Children, Youth and Families: Critical Analysis (3)",DE,"Mar 03 - Mar 03, 18:00-19:50 (T)",
SWRK 4286,D01 (64780),"Mino Shkaabis with First Nations, Metis, Inuit Children, Youth and Families: Critical Analysis (3)",DE,"Feb 10 - Feb 10, 18:00-19:50 (T)",
SWRK 4286,D01 (64780),"Mino Shkaabis with First Nations, Metis, Inuit Children, Youth and Families: Critical Analysis (3)",DE,"Jan 13 - Jan 13, 18:00-19:50 (T)",
SWRK 4286,D01 (64780),"Mino Shkaabis with First Nations, Metis, Inuit Children, Youth and Families: Critical Analysis (3)",DE,"Jan 27 - Jan 27, 18:00-19:50 (T)",
SWRK 4298,A01 (65492),Poverty and Inequality: Policy and Social Work Practice (3),OC,"Jan 06 - Apr 09, 18:00-20:45 (T)",James Mulvale
SWRK 4350,G68 (66069),Field Instruction 2 (6),OC,"Jan 05 - Apr 30,  (MTWRF)",TBA
SWRK 4350,G79 (65229),Field Instruction 2 (Part B) (3),OC,Jan 03 - Apr 30,TBA
SWRK 4350,G78 (64939),Field Instruction 2 - Distance Delivery Accelerated Field Placement (6),OC,Jan 03 - Apr 30,
SWRK 4350,A02 (64571),Field Instruction 2 (Part B) (3),OC,Jan 05 - Apr 17,Karen McKim
SWRK 4350,A01 (64569),Field Instruction 2 (Concentrated Students) (6),OC,Jan 05 - Apr 17,TBA
SWRK 7004,A01 (64416),Social Work Practice Seminar (Part B) (3),M,"Jan 06 - Apr 09, 18:00-20:45 (T)",Chelsea Ward
SWRK 7006,A01 (64822),Field Practice (Part B) (3),OC,Jan 06 - Apr 09,TBA
SWRK 7012,A02 (65145),Quantitative Data Analysis for Social Work Research (3),M,"Jan 06 - Apr 09, 14:30-17:15 (M)",
SWRK 7012,A01 (64418),Quantitative Data Analysis for Social Work Research (3),M,"Jan 06 - Apr 09, 14:30-17:15 (M)",
SWRK 7014,A02 (65146),Qualitative Research in Social Work (3),M,"Jan 06 - Apr 09, 14:30-17:15 (W)",Blessing Ojembe
SWRK 7014,A01 (64419),Qualitative Research in Social Work (3),M,"Jan 06 - Apr 09, 14:30-17:15 (T)",Blessing Ojembe
SWRK 7032,A02 (66036),Policy Analysis and Advocacy in Social Work Practice (3),M,"Jan 06 - Apr 09, 14:30-17:15 (M)",
SWRK 7032,A01 (66035),Policy Analysis and Advocacy in Social Work Practice (3),M,"Jan 06 - Apr 09, 14:30-17:15 (T)",
SWRK 7180,A01 (65799),Advanced Field Practice (Part B) (0),OC,Jan 06 - Apr 09,Karen McKim
SWRK 7190,A02 (65032),Integrating Theory and Research in Advanced Field Practice (Part B) (1.5),M,"Jan 12 - Jan 12, 18:00-20:45 (M)",Vicki Burgess
SWRK 7190,A01 (50291),Integrating Theory and Research in Advanced Field Practice (Part B) (1.5),M,"Feb 23 - Feb 23, 18:00-20:45 (M)",Karen McKim
SWRK 7190,A01 (50291),Integrating Theory and Research in Advanced Field Practice (Part B) (1.5),M,"Mar 09 - Mar 09, 18:00-20:45 (M)",Karen McKim
SWRK 7190,A01 (50291),Integrating Theory and Research in Advanced Field Practice (Part B) (1.5),M,"Feb 02 - Feb 02, 18:00-20:45 (M)",Karen McKim
SWRK 7190,A01 (50291),Integrating Theory and Research in Advanced Field Practice (Part B) (1.5),M,"Jan 12 - Jan 12, 18:00-20:45 (M)",Karen McKim
SWRK 7190,A02 (65032),Integrating Theory and Research in Advanced Field Practice (Part B) (1.5),M,"Jan 26 - Jan 26, 18:00-20:45 (M)",Vicki Burgess
SWRK 7190,A01 (50291),Integrating Theory and Research in Advanced Field Practice (Part B) (1.5),M,"Apr 06 - Apr 06, 18:00-20:45 (M)",Karen McKim
SWRK 7190,A01 (50291),Integrating Theory and Research in Advanced Field Practice (Part B) (1.5),M,"Mar 23 - Mar 23, 18:00-20:45 (M)",Karen McKim
SWRK 7190,A02 (65032),Integrating Theory and Research in Advanced Field Practice (Part B) (1.5),M,"Feb 09 - Feb 09, 18:00-20:45 (M)",Vicki Burgess
SWRK 7190,A02 (65032),Integrating Theory and Research in Advanced Field Practice (Part B) (1.5),M,"Mar 02 - Mar 02, 18:00-20:45 (M)",Vicki Burgess
SWRK 7190,A02 (65032),Integrating Theory and Research in Advanced Field Practice (Part B) (1.5),M,"Mar 16 - Mar 16, 18:00-20:45 (M)",Vicki Burgess
SWRK 7190,A02 (65032),Integrating Theory and Research in Advanced Field Practice (Part B) (1.5),M,"Mar 23 - Mar 23, 18:00-20:45 (M)",Vicki Burgess
SWRK 7190,A02 (65032),Integrating Theory and Research in Advanced Field Practice (Part B) (1.5),M,"Apr 06 - Apr 06, 18:00-20:45 (M)",Vicki Burgess
SWRK 7190,A01 (50291),Integrating Theory and Research in Advanced Field Practice (Part B) (1.5),M,"Jan 19 - Jan 19, 18:00-20:45 (M)",Karen McKim
SWRK 7220,T52 (66179),Epistemological Synergies in Qualitative Inquiry (3),OC,Jan 06 - Apr 09,
SWRK 7230,T13 (65798),Teaching and Learning: Critical Pedagogy in Social Work Education (3),M,"Jan 06 - Apr 09, 18:00-20:45 (T)",Jennifer Hedges
SWRK 7300,A01 (50295),Clinical Evaluation of Social Work Intervention (3),M,"Jan 06 - Apr 09, 14:30-17:15 (W)",TBA
SWRK 7430,A01 (65800),Evaluation Research in Social Work Practice (3),M,"Jan 06 - Apr 09, 18:00-20:45 (W)",Petra Goebbels-Koch
SWRK 7460,A01 (63430),Advanced Research Methods 2 (3),M,"Jan 06 - Apr 09, 14:30-17:15 (W)",
SWRK 7470,A01 (61704),Advanced Research Methods 3 (3),M,"Jan 06 - Apr 09, 14:30-17:15 (R)",
SWRK 7640,A01 (52636),Application & Critique of Theory & Research in SW with Individuals & Families (3),M,"Jan 06 - Apr 09, 18:00-20:45 (W)",
SWRK 7740,A01 (55316),"Indigenous Peoples, Identity, and Social Work (3)",M,"Jan 05 - Jan 09, 09:00-16:00 (MTWRF)",Michael Yellowbird
SWRK 7750,A01 (55315),"Indigeneity, Power, Privilege, and Social Work (3)",M,"Jan 14 - Apr 08, 09:00-12:15 (W)",Michael Yellowbird
SWRK 7760,A01 (55346),Project/Thesis Seminar (0),M,"Feb 23 - Feb 23, 09:00-16:00 (M)",Sherry Copenace
SWRK 7760,A01 (55346),Project/Thesis Seminar (0),M,"Jan 19 - Jan 19, 09:00-16:00 (M)",Sherry Copenace
SWRK 7760,A01 (55346),Project/Thesis Seminar (0),M,"Apr 13 - Apr 13, 09:00-16:00 (M)",Sherry Copenace
SWRK 7760,A01 (55346),Project/Thesis Seminar (0),M,"Mar 23 - Mar 23, 09:00-16:00 (M)",Sherry Copenace
SWRK 7770,A01 (61460),Social Challenges and Indigenous Helping Practices (3),M,"Apr 20 - Apr 24, 09:00-16:00 (MTWRF)",Ernie Azure
SWRK 7780,A01 (61463),"Social Work, Social Challenges, and Indigenous Peoples (3)",M,"Jan 13 - Apr 07, 09:00-12:15 (T)",Ernie Azure
SWRK 8010,A01 (55390),Perspectives on Knowledge for Social Work (3),M,"Jan 06 - Apr 09, 08:30-11:15 (R)",James Mulvale
MDFY 2020,A01 (60740),Bioscience for Midwives (3),M,"Jan 06 - Apr 09, 09:00-12:00 (T)",TBA
MDFY 2030,A01 (60741),Pharmacology for Midwives (3),B,"Jan 06 - Apr 09, 13:00-16:00 (M)",Fleur McEvoy
MDFY 2040,A01 (60742),Normal Childbearing Skills (6),M,"Jan 06 - Apr 09, 08:30-16:30 (W)",Fleur McEvoy
MDFY 3020,A01 (61919),Midwifery Clinical Practice and Interprofessional Roles (3),OC,"Jan 04 - Jan 31, 00:00-23:59 (UMTWRFS)",Heidi Elias
MDFY 3050,A01 (61920),Newborn Feeding: Methods and Contemporary Issues (3),M,"Feb 03 - Apr 09, 09:00-12:00 (TR)",Tanya Letkeman
MDFY 3060,A01 (61921),Professional Issues in Midwifery (3),M,"Feb 03 - Apr 09, 13:00-16:00 (TR)",Heidi Elias
MDFY 4100,A01 (62958),Clerkship and Tutorial (12),M,"Jan 04 - Apr 04, 00:00-23:59 (UMTWRFS)",Tanya Letkeman
MDFY 4100,A01 (62958),Clerkship and Tutorial (12),M,Jan 04 - Apr 04,Tanya Letkeman
NURS 0500,G07 (57407),Preparation for Professional Practice (0),M,Jan 06 - Apr 09,Pat Pruden
NURS 0500,G06 (57406),Preparation for Professional Practice (0),M,Jan 06 - Apr 09,Pat Pruden
NURS 0500,G05 (57405),Preparation for Professional Practice (0),M,Jan 06 - Apr 09,Pat Pruden
NURS 0500,G04 (57404),Preparation for Professional Practice (0),M,Jan 06 - Apr 09,Pat Pruden
NURS 0500,G03 (57403),Preparation for Professional Practice (0),M,Jan 06 - Apr 09,Pat Pruden
NURS 0500,G02 (52912),Preparation for Professional Practice (0),M,Jan 06 - Apr 09,Pat Pruden
NURS 0500,G01 (57400),Preparation for Professional Practice (0),M,Jan 06 - Apr 09,Pat Pruden
NURS 0500,G08 (57408),Preparation for Professional Practice (0),M,Jan 06 - Apr 09,Pat Pruden
NURS 2500,A02 (57439),Health and Illness 1: Pathophysiology/ Pharmacology/Assessment (6),M,"Jan 06 - Apr 09, 14:30-17:15 (M)",Kimberly Sefton
NURS 2500,A02 (57439),Health and Illness 1: Pathophysiology/ Pharmacology/Assessment (6),M,"Jan 06 - Apr 09, 10:30-13:20 (F)",Kimberly Sefton
NURS 2500,A01 (52892),Health and Illness 1: Pathophysiology/ Pharmacology/Assessment (6),M,"Jan 06 - Apr 09, 14:30-17:15 (W)",Kimberly Sefton
NURS 2500,A01 (52892),Health and Illness 1: Pathophysiology/ Pharmacology/Assessment (6),M,"Jan 06 - Apr 09, 14:30-17:15 (M)",Kimberly Sefton
NURS 2510,A02 (57475),Client and Context 1: Human Growth & Development (2),M,"Jan 06 - Apr 09, 10:30-12:20 (M)",Dayna Laviolette
NURS 2510,A01 (52899),Client and Context 1: Human Growth & Development (2),M,"Jan 06 - Apr 09, 08:30-10:20 (M)",Pawandeep Gill
NURS 2514,A20 (61044),Health and Illness 3: Pathophysiology/Pharmacology/Assessment (6),OC,"Jan 06 - Apr 09, 13:30-16:20 (W)",TBA
NURS 2514,A02 (57713),Health and Illness 3: Pathophysiology/Pharmacology/Assessment (6),M,"Jan 06 - Apr 09, 14:30-17:15 (M)",Stephanie Betker
NURS 2514,A21 (61728),Health and Illness 3: Pathophysiology/Pharmacology/Assessment (6),OC,"Jan 06 - Apr 09, 09:00-11:50 (M)",TBA
NURS 2514,A21 (61728),Health and Illness 3: Pathophysiology/Pharmacology/Assessment (6),OC,"Jan 06 - Apr 09, 13:30-16:20 (W)",TBA
NURS 2514,A02 (57713),Health and Illness 3: Pathophysiology/Pharmacology/Assessment (6),M,"Jan 06 - Apr 09, 14:30-17:15 (R)",Stephanie Betker
NURS 2514,A20 (61044),Health and Illness 3: Pathophysiology/Pharmacology/Assessment (6),OC,"Jan 06 - Apr 09, 09:00-11:50 (M)",TBA
NURS 2514,A01 (52873),Health and Illness 3: Pathophysiology/Pharmacology/Assessment (6),M,"Jan 06 - Apr 09, 14:30-17:15 (M)",Stephanie Betker
NURS 2514,A01 (52873),Health and Illness 3: Pathophysiology/Pharmacology/Assessment (6),M,"Jan 06 - Apr 09, 14:30-17:15 (T)",Stephanie Betker
NURS 2518,A01 (55985),Health & Illness 2: The Older Client (3),M,"Jan 06 - Apr 09, 08:30-11:15 (W)",Liying Qiao
NURS 2518,A02 (55986),Health & Illness 2: The Older Client (3),M,"Jan 06 - Apr 09, 14:30-17:15 (F)",Liying Qiao
NURS 2520,A01 (52902),Professional Foundations 1: Development of Professional Identity (2),M,"Jan 06 - Apr 09, 10:30-12:20 (M)",Kimberly Heppner
NURS 2520,A02 (52903),Professional Foundations 1: Development of Professional Identity (2),M,"Jan 06 - Apr 09, 08:30-10:20 (M)",Kimberly Heppner
NURS 2522,A01 (55983),Client & Context 2: Human Diversity (3),M,"Jan 06 - Apr 09, 08:30-11:15 (T)",Andrew Kerr
NURS 2522,A21 (61729),Client & Context 2: Human Diversity (3),OC,"Jan 06 - Apr 09, 13:30-15:30 (M)",Crystal Allen
NURS 2522,A20 (61045),Client & Context 2: Human Diversity (3),OC,"Jan 06 - Apr 09, 13:30-15:30 (M)",Crystal Allen
NURS 2522,A02 (55984),Client & Context 2: Human Diversity (3),M,"Jan 06 - Apr 09, 08:30-11:15 (R)",Andrew Kerr
NURS 2530,A01 (52904),Nursing Skills 1 (1),M,"Jan 06 - Apr 09, 11:00-12:50 (T)",
NURS 2530,A08 (55673),Nursing Skills 1 (1),M,"Jan 06 - Apr 09, 08:30-10:20 (R)",
NURS 2530,A02 (52905),Nursing Skills 1 (1),M,"Jan 06 - Apr 09, 08:30-10:20 (T)",
NURS 2530,A07 (53243),Nursing Skills 1 (1),M,"Jan 06 - Apr 09, 13:30-15:20 (R)",
NURS 2530,A03 (52906),Nursing Skills 1 (1),M,"Jan 06 - Apr 09, 13:30-15:20 (T)",
NURS 2530,A06 (52909),Nursing Skills 1 (1),M,"Jan 06 - Apr 09, 08:30-10:20 (R)",
NURS 2530,A04 (55672),Nursing Skills 1 (1),M,"Jan 06 - Apr 09, 08:30-10:20 (T)",
NURS 2530,A05 (52908),Nursing Skills 1 (1),M,"Jan 06 - Apr 09, 11:00-12:50 (R)",
NURS 2532,A21 (61730),Nursing Skills 2 (1),OC,"Jan 06 - Apr 09, 13:00-16:50 (T)",Pritpal Kambo
NURS 2532,A03 (52884),Nursing Skills 2 (1),M,"Jan 06 - Apr 09, 13:30-15:20 (W)",Elyse Griffith
NURS 2532,A06 (52890),Nursing Skills 2 (1),M,"Jan 06 - Apr 09, 08:30-10:20 (F)",Elyse Griffith
NURS 2532,A08 (55703),Nursing Skills 2 (1),M,"Jan 06 - Apr 09, 08:30-10:20 (F)",Elyse Griffith
NURS 2532,A01 (52882),Nursing Skills 2 (1),M,"Jan 06 - Apr 09, 11:00-12:50 (W)",Elyse Griffith
NURS 2532,A20 (61046),Nursing Skills 2 (1),OC,"Jan 06 - Apr 09, 13:00-16:50 (T)",TBA
NURS 2532,A02 (52883),Nursing Skills 2 (1),M,"Jan 06 - Apr 09, 08:30-10:20 (W)",Elyse Griffith
NURS 2532,A05 (52889),Nursing Skills 2 (1),M,"Jan 06 - Apr 09, 11:00-12:50 (F)",Elyse Griffith
NURS 2532,A07 (53241),Nursing Skills 2 (1),M,"Jan 06 - Apr 09, 13:30-15:20 (F)",Elyse Griffith
NURS 2532,A04 (55702),Nursing Skills 2 (1),M,"Jan 06 - Apr 09, 08:30-10:20 (W)",Elyse Griffith
NURS 2540,K02 (52911),Nursing Practice 1 (2),OC,"Feb 09 - Feb 09, 17:30-19:00 (M)",Andrew Kerr
NURS 2540,K02 (52911),Nursing Practice 1 (2),OC,"Jan 26 - Apr 03, 06:00-23:59 (TW)",Andrew Kerr
NURS 2540,K01 (52910),Nursing Practice 1 (2),OC,"Jan 26 - Apr 03, 06:00-23:59 (RF)",Liying Qiao
NURS 2540,K01 (52910),Nursing Practice 1 (2),OC,"Feb 09 - Feb 09, 17:30-19:00 (M)",Liying Qiao
NURS 2542,K02 (52891),Nursing Practice 2 (3),OC,"Jan 12 - Jan 12, 13:00-14:00 (M)",Liying Qiao
NURS 2542,K20 (61047),Nursing Practice 2 (3),OC,"Jan 03 - Apr 30, 07:00-22:00 (RF)",Kelsey Bolton
NURS 2542,K02 (52891),Nursing Practice 2 (3),OC,"Jan 19 - Apr 03, 06:00-23:59 (TW)",Liying Qiao
NURS 2542,K21 (61731),Nursing Practice 2 (3),OC,"Jan 03 - Apr 30, 07:00-22:00 (RF)",Pritpal Kambo
NURS 2542,K01 (52881),Nursing Practice 2 (3),OC,"Jan 19 - Apr 03, 06:00-23:59 (RF)",Pawandeep Gill
NURS 2542,K01 (52881),Nursing Practice 2 (3),OC,"Jan 12 - Jan 12, 13:00-14:00 (M)",Pawandeep Gill
NURS 3510,A01 (54463),Client and Context 3: Supportive and Palliative Care (3),M,"Jan 06 - Apr 09, 08:30-11:15 (W)",
NURS 3510,A02 (54464),Client and Context 3: Supportive and Palliative Care (3),M,"Jan 06 - Apr 09, 08:30-11:15 (F)",
NURS 3512,B02 (54452),Health and Illness 4: Acute and Chronic Illness (0),M,"Jan 06 - Apr 09, 08:30-10:20 (T)",Barbara Goodwin
NURS 3512,B01 (54450),Health and Illness 4: Acute and Chronic Illness (0),M,"Jan 06 - Apr 09, 14:00-15:50 (T)",Barbara Goodwin
NURS 3512,A01 (54449),Health and Illness 4: Acute and Chronic Illness (5),M,"Jan 06 - Apr 09, 14:30-17:15 (M)",Barbara Goodwin
NURS 3512,A01 (54449),Health and Illness 4: Acute and Chronic Illness (5),M,"Mar 16 - Mar 16, 12:00-14:00 (M)",Barbara Goodwin
NURS 3512,B08 (55769),Health and Illness 4: Acute and Chronic Illness (0),M,"Jan 06 - Apr 09, 08:30-10:20 (R)",Barbara Goodwin
NURS 3512,B07 (54456),Health and Illness 4: Acute and Chronic Illness (0),M,"Jan 06 - Apr 09, 08:30-10:20 (R)",Barbara Goodwin
NURS 3512,B06 (54455),Health and Illness 4: Acute and Chronic Illness (0),M,"Jan 06 - Apr 09, 14:00-15:50 (R)",Barbara Goodwin
NURS 3512,A01 (54449),Health and Illness 4: Acute and Chronic Illness (5),M,"Feb 09 - Feb 09, 12:00-14:00 (M)",Barbara Goodwin
NURS 3512,B05 (54454),Health and Illness 4: Acute and Chronic Illness (0),M,"Jan 06 - Apr 09, 14:00-15:50 (R)",Barbara Goodwin
NURS 3512,B04 (55768),Health and Illness 4: Acute and Chronic Illness (0),M,"Jan 06 - Apr 09, 14:00-15:50 (T)",Barbara Goodwin
NURS 3512,B03 (54453),Health and Illness 4: Acute and Chronic Illness (0),M,"Jan 06 - Apr 09, 08:30-10:20 (T)",Barbara Goodwin
NURS 3514,A20 (61048),Health and Illness 5: Mental Health and Illness (3),OC,"Jan 06 - Apr 09, 13:15-16:05 (T)",Shelley Marchinko
NURS 3514,A02 (54474),Health and Illness 5: Mental Health and Illness (3),M,"Jan 06 - Apr 09, 08:30-11:15 (R)",Lori Sookram
NURS 3514,A01 (54473),Health and Illness 5: Mental Health and Illness (3),M,"Jan 06 - Apr 09, 08:30-11:15 (T)",Federico Lopez-Ficher
NURS 3520,A01 (54465),Professional Foundations 2: Health Education (2),M,"Jan 06 - Apr 09, 12:30-14:20 (W)",Shelley Marchinko
NURS 3520,A02 (54466),Professional Foundations 2: Health Education (2),M,"Jan 06 - Apr 09, 12:30-14:20 (F)",Shelley Marchinko
NURS 3530,A02 (54458),Nursing Skills 3 (1),M,"Jan 06 - Apr 09, 11:00-12:50 (T)",Rhonda Dube
NURS 3530,A03 (54459),Nursing Skills 3 (1),M,"Jan 06 - Apr 09, 13:30-15:20 (T)",Rhonda Dube
NURS 3530,A08 (55767),Nursing Skills 3 (1),M,"Jan 06 - Apr 09, 11:00-12:50 (R)",Kimberly Heppner
NURS 3530,A05 (54460),Nursing Skills 3 (1),M,"Jan 06 - Apr 09, 08:30-10:20 (R)",Kimberly Heppner
NURS 3530,A01 (54457),Nursing Skills 3 (1),M,"Jan 06 - Apr 09, 08:30-10:20 (T)",Rhonda Dube
NURS 3530,A06 (54461),Nursing Skills 3 (1),M,"Jan 06 - Apr 09, 11:00-12:50 (R)",Kimberly Heppner
NURS 3530,A04 (55766),Nursing Skills 3 (1),M,"Jan 06 - Apr 09, 11:00-12:50 (T)",Rhonda Dube
NURS 3530,A07 (54462),Nursing Skills 3 (1),M,"Jan 06 - Apr 09, 13:30-15:20 (R)",Kimberly Heppner
NURS 3532,A04 (57413),Nursing Skills 4 (1),M,"Jan 06 - Apr 09, 08:30-10:20 (W)",Dayna Laviolette
NURS 3532,A01 (57410),Nursing Skills 4 (1),M,"Jan 06 - Apr 09, 11:00-12:50 (W)",Dayna Laviolette
NURS 3532,A21 (61735),Nursing Skills 4 (1),OC,"Jan 06 - Apr 09, 13:00-16:50 (M)",TBA
NURS 3532,A08 (57417),Nursing Skills 4 (1),M,"Jan 06 - Apr 09, 08:30-10:20 (F)",Dayna Laviolette
NURS 3532,A20 (61049),Nursing Skills 4 (1),OC,"Jan 06 - Apr 09, 13:00-16:50 (M)",Kelsey Bolton
NURS 3532,A07 (57416),Nursing Skills 4 (1),M,"Jan 06 - Apr 09, 13:30-15:20 (F)",Dayna Laviolette
NURS 3532,A02 (57411),Nursing Skills 4 (1),M,"Jan 06 - Apr 09, 08:30-10:20 (W)",Dayna Laviolette
NURS 3532,A06 (57415),Nursing Skills 4 (1),M,"Jan 06 - Apr 09, 08:30-10:20 (F)",Dayna Laviolette
NURS 3532,A05 (57414),Nursing Skills 4 (1),M,"Jan 06 - Apr 09, 11:00-12:50 (F)",Dayna Laviolette
NURS 3532,A03 (57412),Nursing Skills 4 (1),M,"Jan 06 - Apr 09, 13:30-15:20 (W)",Dayna Laviolette
NURS 3540,K02 (54468),Nursing Practice 3 (4),OC,"Jan 12 - Jan 12, 17:30-19:30 (M)",Ashley Bowering
NURS 3540,K01 (54467),Nursing Practice 3 (4),OC,"Jan 06 - Apr 03, 06:00-23:59 (RF)",Rhonda Dube
NURS 3540,K01 (54467),Nursing Practice 3 (4),OC,"Jan 12 - Jan 12, 17:30-19:30 (M)",Rhonda Dube
NURS 3540,K02 (54468),Nursing Practice 3 (4),OC,"Jan 06 - Apr 03, 06:00-23:59 (TW)",Ashley Bowering
NURS 3542,K02 (54476),Nursing Practice 4 (4),OC,"Jan 06 - Apr 03, 06:00-23:59 (TW)",Linda Townsend
NURS 3542,K01 (54475),Nursing Practice 4 (4),OC,"Jan 06 - Apr 03, 06:00-23:59 (RF)",Linda Townsend
NURS 3542,K01 (54475),Nursing Practice 4 (4),OC,"Jan 12 - Jan 12, 18:30-19:30 (M)",Linda Townsend
NURS 3542,K02 (54476),Nursing Practice 4 (4),OC,"Jan 12 - Jan 12, 18:30-19:30 (M)",Linda Townsend
NURS 3542,K21 (61736),Nursing Practice 4 (4),OC,"Jan 03 - Apr 30, 07:00-22:00 (RF)",TBA
NURS 3542,K20 (61050),Nursing Practice 4 (4),OC,"Jan 03 - Apr 30, 07:00-22:00 (RF)",Bernice Wasylynka
NURS 3550,A02 (64989),Professional Foundations 3: Evidence Informed Practice in the Health Sciences (4),M,"Jan 06 - Apr 09, 14:30-18:30 (M)",Sze Fan
NURS 3550,A20 (61051),Professional Foundations 3: Evidence Informed Practice in the Health Sciences (4),OC,"Jan 06 - Apr 09, 08:30-12:30 (T)",Abeer Alraja
NURS 3550,A01 (54471),Professional Foundations 3: Evidence Informed Practice in the Health Sciences (4),M,"Jan 06 - Apr 09, 14:30-18:30 (M)",Abeer Alraja
NURS 3560,A02 (54470),Professional Foundations 4: Law and Ethics in Nursing Practice (3),M,"Jan 06 - Apr 09, 12:30-15:15 (R)",Jennifer Dunsford
NURS 3560,A01 (54469),Professional Foundations 4: Law and Ethics in Nursing Practice (3),M,"Jan 06 - Apr 09, 12:30-15:15 (T)",Lori Sookram
NURS 3560,A20 (61052),Professional Foundations 4: Law and Ethics in Nursing Practice (3),OC,"Jan 06 - Apr 09, 13:15-16:05 (W)",TBA
NURS 4500,A01 (55781),Health and Illness 6: Gender and Reproductive Health (3),M,"Jan 06 - Feb 12, 08:30-11:15 (TR)",Amber Hemminger
NURS 4500,A01 (55781),Health and Illness 6: Gender and Reproductive Health (3),M,"Jan 05 - Jan 05, 08:30-11:15 (M)",Amber Hemminger
NURS 4510,A01 (55783),Client and Context 4: Family Health (3),M,"Jan 06 - Apr 09, 08:30-11:15 (M)",Sufia Turner
NURS 4520,A01 (55785),Professional Foundations 5: Interprofessional and Collaborative Practice (3),M,"Jan 06 - Apr 09, 13:00-15:45 (M)",Suzanne Lennon
NURS 4530,K01 (55786),Nursing Practice 5 (4),OC,"Feb 09 - Feb 09, 11:30-12:30 (M)",Elyse Griffith
NURS 4530,K01 (55786),Nursing Practice 5 (4),OC,"Feb 23 - Apr 03, 06:00-23:59 (UTWRFS)",Elyse Griffith
NURS 4530,K01 (55786),Nursing Practice 5 (4),OC,"Jan 12 - Jan 12, 11:30-12:30 (M)",Elyse Griffith
NURS 4540,B06 (55794),Health and Illness 7: Community and Population Health (0),M,"Jan 06 - Apr 09, 12:30-14:20 (R)",Cheryl Cusack
NURS 4540,B04 (55792),Health and Illness 7: Community and Population Health (0),M,"Jan 06 - Apr 09, 14:30-16:20 (T)",Cheryl Cusack
NURS 4540,B07 (55795),Health and Illness 7: Community and Population Health (0),M,"Jan 06 - Apr 09, 14:30-16:20 (R)",Cheryl Cusack
NURS 4540,B05 (55793),Health and Illness 7: Community and Population Health (0),M,"Jan 06 - Apr 09, 12:30-14:20 (R)",Cheryl Cusack
NURS 4540,A20 (61053),Health and Illness 7: Community and Population Health (5),OC,"Jan 06 - Apr 09, 13:00-15:50 (R)",Susan Barbeau
NURS 4540,B08 (55796),Health and Illness 7: Community and Population Health (0),M,"Jan 06 - Apr 09, 14:30-16:20 (R)",Cheryl Cusack
NURS 4540,A20 (61053),Health and Illness 7: Community and Population Health (5),OC,"Jan 06 - Apr 09, 09:00-10:50 (F)",Susan Barbeau
NURS 4540,B02 (55790),Health and Illness 7: Community and Population Health (0),M,"Jan 06 - Apr 09, 12:30-14:20 (T)",Cheryl Cusack
NURS 4540,A21 (65836),Health and Illness 7: Community and Population Health (5),OC,"Jan 06 - Apr 09, 13:00-15:50 (R)",Vicki Zeran
NURS 4540,B03 (55791),Health and Illness 7: Community and Population Health (0),M,"Jan 06 - Apr 09, 14:30-16:20 (T)",Cheryl Cusack
NURS 4540,B01 (55789),Health and Illness 7: Community and Population Health (0),M,"Jan 06 - Apr 09, 12:30-14:20 (T)",Cheryl Cusack
NURS 4540,A21 (65836),Health and Illness 7: Community and Population Health (5),OC,"Jan 06 - Apr 09, 09:00-10:50 (F)",Vicki Zeran
NURS 4540,A01 (55788),Health and Illness 7: Community and Population Health (5),M,"Jan 06 - Apr 09, 08:30-11:15 (F)",Cheryl Cusack
NURS 4550,A02 (55798),Professional Foundations 6: Leadership and Change Management (4),M,"Jan 06 - Apr 09, 08:30-12:15 (R)",Suzanne Lennon
NURS 4550,A20 (61054),Professional Foundations 6: Leadership and Change Management (4),OC,"Jan 06 - Apr 09, 09:00-11:50 (R)",Vanessa Van Bewer
NURS 4550,A01 (55797),Professional Foundations 6: Leadership and Change Management (4),M,"Jan 06 - Apr 09, 08:30-12:15 (T)",Suzanne Lennon
NURS 4560,A20 (61055),Professional Foundations 7: Preparation for Nursing Practice 7 (1),OC,"Jan 19 - Mar 18, 11:00-12:50 (F)",Crystal Allen
NURS 4560,A01 (55801),Professional Foundations 7: Preparation for Nursing Practice 7 (1),M,"Mar 27 - Mar 27, 13:00-14:50 (F)",Christa Degagne
NURS 4560,A01 (55801),Professional Foundations 7: Preparation for Nursing Practice 7 (1),M,"Jan 09 - Jan 09, 13:00-14:50 (F)",Christa Degagne
NURS 4560,A01 (55801),Professional Foundations 7: Preparation for Nursing Practice 7 (1),M,"Mar 13 - Mar 13, 13:00-14:50 (F)",Christa Degagne
NURS 4560,A01 (55801),Professional Foundations 7: Preparation for Nursing Practice 7 (1),M,"Feb 27 - Feb 27, 13:00-14:50 (F)",Christa Degagne
NURS 4560,A01 (55801),Professional Foundations 7: Preparation for Nursing Practice 7 (1),M,"Jan 16 - Jan 16, 13:00-14:50 (F)",Christa Degagne
NURS 4560,A01 (55801),Professional Foundations 7: Preparation for Nursing Practice 7 (1),M,"Jan 30 - Jan 30, 13:00-14:50 (F)",Christa Degagne
NURS 4570,K20 (61056),Nursing Practice 6 (4),OC,"Jan 03 - Apr 30, 07:00-23:59 (MTW)",Bernice Wasylynka
NURS 4570,K21 (61738),Nursing Practice 6 (4),OC,"Jan 03 - Apr 30, 07:00-11:59 (MTW)",TBA
NURS 4570,K02 (55800),Nursing Practice 6 (4),M,"Jan 06 - Apr 03, 06:00-23:59 (MT)",Lori Sookram
NURS 4570,K01 (55799),Nursing Practice 6 (4),M,"Jan 05 - Jan 05, 09:00-11:00 (M)",
NURS 4570,K01 (55799),Nursing Practice 6 (4),M,"Jan 06 - Apr 03, 06:00-23:59 (WR)",
NURS 4570,K02 (55800),Nursing Practice 6 (4),M,"Jan 05 - Jan 05, 09:00-11:00 (M)",Lori Sookram
NURS 4580,A01 (57409),Nursing Practice 7 (9),OC,"Jan 05 - Apr 06, 06:00-23:59 (UMTWRFS)",Christa Degagne
NURS 7002,A01 (66197),Nurse Practitioner Leadership and Advocacy in Collaborative Healthcare Systems (3),M,"Mar 17 - Mar 17, 13:00-16:00 (T)",Ashley Carruthers
NURS 7002,A01 (66197),Nurse Practitioner Leadership and Advocacy in Collaborative Healthcare Systems (3),M,"Mar 10 - Mar 10,  (T)",Ashley Carruthers
NURS 7002,A01 (66197),Nurse Practitioner Leadership and Advocacy in Collaborative Healthcare Systems (3),M,"Mar 31 - Mar 31,  (T)",Ashley Carruthers
NURS 7002,A01 (66197),Nurse Practitioner Leadership and Advocacy in Collaborative Healthcare Systems (3),M,"Mar 24 - Mar 24,  (T)",Ashley Carruthers
NURS 7002,A01 (66197),Nurse Practitioner Leadership and Advocacy in Collaborative Healthcare Systems (3),M,"Mar 03 - Mar 03,  (T)",Ashley Carruthers
NURS 7002,A01 (66197),Nurse Practitioner Leadership and Advocacy in Collaborative Healthcare Systems (3),M,"Feb 10 - Feb 10,  (T)",Ashley Carruthers
NURS 7002,A01 (66197),Nurse Practitioner Leadership and Advocacy in Collaborative Healthcare Systems (3),M,"Jan 27 - Jan 27,  (T)",Ashley Carruthers
NURS 7002,A01 (66197),Nurse Practitioner Leadership and Advocacy in Collaborative Healthcare Systems (3),M,"Jan 06 - Jan 06, 13:00-16:00 (T)",Ashley Carruthers
NURS 7002,A01 (66197),Nurse Practitioner Leadership and Advocacy in Collaborative Healthcare Systems (3),M,"Jan 20 - Jan 20, 13:00-16:00 (T)",Ashley Carruthers
NURS 7002,A01 (66197),Nurse Practitioner Leadership and Advocacy in Collaborative Healthcare Systems (3),M,"Jan 13 - Jan 13,  (T)",Ashley Carruthers
NURS 7002,A01 (66197),Nurse Practitioner Leadership and Advocacy in Collaborative Healthcare Systems (3),M,"Feb 24 - Feb 24, 13:00-16:00 (T)",Ashley Carruthers
NURS 7002,A01 (66197),Nurse Practitioner Leadership and Advocacy in Collaborative Healthcare Systems (3),M,"Feb 03 - Feb 03, 13:00-16:00 (T)",Ashley Carruthers
NURS 7120,A02 (61781),Capstone Project (0),M,Jan 06 - Apr 09,Nicole Harder
NURS 7220,A01 (57497),Quantitative Research Methods in Nursing (3),M,"Jan 06 - Apr 09, 17:00-20:00 (T)",Kimberley Mitchell
NURS 7340,A01 (66198),Evidence Informed Practice (3),M,"Jan 27 - Jan 27,  (T)",Kaitlyn Yurick
NURS 7340,A01 (66198),Evidence Informed Practice (3),M,"Feb 10 - Feb 10,  (T)",Kaitlyn Yurick
NURS 7340,A01 (66198),Evidence Informed Practice (3),M,"Mar 17 - Mar 17, 09:00-12:00 (T)",Kaitlyn Yurick
NURS 7340,A01 (66198),Evidence Informed Practice (3),M,"Feb 03 - Feb 03, 09:00-12:00 (T)",Kaitlyn Yurick
NURS 7340,A01 (66198),Evidence Informed Practice (3),M,"Jan 20 - Jan 20, 09:00-12:00 (T)",Kaitlyn Yurick
NURS 7340,A01 (66198),Evidence Informed Practice (3),M,"Jan 06 - Jan 06, 09:00-12:00 (T)",Kaitlyn Yurick
NURS 7340,A01 (66198),Evidence Informed Practice (3),M,"Jan 13 - Jan 13,  (T)",Kaitlyn Yurick
NURS 7340,A01 (66198),Evidence Informed Practice (3),M,"Feb 23 - Feb 23, 09:00-12:00 (M)",Kaitlyn Yurick
NURS 7340,A01 (66198),Evidence Informed Practice (3),M,"Mar 31 - Mar 31,  (T)",Kaitlyn Yurick
NURS 7340,A01 (66198),Evidence Informed Practice (3),M,"Mar 24 - Mar 24,  (T)",Kaitlyn Yurick
NURS 7340,A01 (66198),Evidence Informed Practice (3),M,"Mar 10 - Mar 10,  (T)",Kaitlyn Yurick
NURS 7340,A01 (66198),Evidence Informed Practice (3),M,"Mar 03 - Mar 03,  (T)",Kaitlyn Yurick
NURS 7352,A01 (58443),Leadership in Advanced Practice Nursing (3),M,"Jan 06 - Apr 09, 13:00-16:00 (T)",Sonia Udod
NURS 7360,A02 (56361),Integrative Focus (6),M,"Feb 11 - Feb 11, 13:00-16:00 (W)",Judith Scanlan
NURS 7360,A02 (56361),Integrative Focus (6),M,"Mar 11 - Mar 11, 13:00-16:00 (W)",Judith Scanlan
NURS 7360,A02 (56361),Integrative Focus (6),M,"Jan 14 - Jan 14, 13:00-16:00 (W)",Judith Scanlan
NURS 7402,A01 (57965),Advanced Pathophysiology and Therapeutics in Nurse Practitioner Practice (2),M,"Feb 04 - Feb 04, 09:30-11:30 (W)",TBA
NURS 7402,A01 (57965),Advanced Pathophysiology and Therapeutics in Nurse Practitioner Practice (2),M,"Feb 11 - Feb 11, 09:30-11:30 (W)",TBA
NURS 7402,A01 (57965),Advanced Pathophysiology and Therapeutics in Nurse Practitioner Practice (2),M,"Jan 28 - Jan 28,  (W)",TBA
NURS 7402,A01 (57965),Advanced Pathophysiology and Therapeutics in Nurse Practitioner Practice (2),M,"Mar 18 - Mar 18, 09:30-11:30 (W)",TBA
NURS 7402,A01 (57965),Advanced Pathophysiology and Therapeutics in Nurse Practitioner Practice (2),M,"Mar 11 - Mar 11, 09:30-11:30 (W)",TBA
NURS 7402,A01 (57965),Advanced Pathophysiology and Therapeutics in Nurse Practitioner Practice (2),M,"Feb 25 - Feb 25,  (W)",TBA
NURS 7402,A01 (57965),Advanced Pathophysiology and Therapeutics in Nurse Practitioner Practice (2),M,Apr 08 - Apr 09,TBA
NURS 7402,A01 (57965),Advanced Pathophysiology and Therapeutics in Nurse Practitioner Practice (2),M,"Apr 01 - Apr 01, 09:30-11:30 (W)",TBA
NURS 7402,A01 (57965),Advanced Pathophysiology and Therapeutics in Nurse Practitioner Practice (2),M,"Jan 14 - Jan 14, 09:30-11:30 (W)",TBA
NURS 7402,A01 (57965),Advanced Pathophysiology and Therapeutics in Nurse Practitioner Practice (2),M,"Jan 07 - Jan 07, 09:30-11:30 (W)",TBA
NURS 7402,A01 (57965),Advanced Pathophysiology and Therapeutics in Nurse Practitioner Practice (2),M,"Mar 04 - Mar 04, 09:30-11:30 (W)",TBA
NURS 7402,A01 (57965),Advanced Pathophysiology and Therapeutics in Nurse Practitioner Practice (2),M,"Jan 21 - Jan 21,  (W)",TBA
NURS 7412,A01 (66199),Advanced Health Assessment (3),M,"Mar 23 - Mar 23, 08:00-16:00 (M)",Kaitlyn Yurick
NURS 7412,A01 (66199),Advanced Health Assessment (3),M,"Jan 28 - Jan 28,  (W)",Kaitlyn Yurick
NURS 7412,A01 (66199),Advanced Health Assessment (3),M,"Jan 14 - Jan 14,  (W)",Kaitlyn Yurick
NURS 7412,A01 (66199),Advanced Health Assessment (3),M,"Mar 27 - Mar 27, 13:00-16:00 (F)",Kaitlyn Yurick
NURS 7412,A01 (66199),Advanced Health Assessment (3),M,"Apr 01 - Apr 01, 09:00-12:00 (W)",Kaitlyn Yurick
NURS 7412,A01 (66199),Advanced Health Assessment (3),M,"Mar 11 - Mar 11, 09:00-12:00 (W)",Kaitlyn Yurick
NURS 7412,A01 (66199),Advanced Health Assessment (3),M,"Feb 04 - Feb 04, 09:00-12:00 (W)",Kaitlyn Yurick
NURS 7412,A01 (66199),Advanced Health Assessment (3),M,"Jan 21 - Jan 21, 09:00-12:00 (W)",Kaitlyn Yurick
NURS 7412,A01 (66199),Advanced Health Assessment (3),M,"Jan 07 - Jan 07, 09:00-12:00 (W)",Kaitlyn Yurick
NURS 7412,A01 (66199),Advanced Health Assessment (3),M,"Feb 25 - Feb 25, 09:00-12:00 (W)",Kaitlyn Yurick
NURS 7412,A01 (66199),Advanced Health Assessment (3),M,"Mar 26 - Mar 26, 08:00-16:00 (R)",Kaitlyn Yurick
NURS 7412,A01 (66199),Advanced Health Assessment (3),M,"Mar 25 - Mar 25, 08:00-16:00 (W)",Kaitlyn Yurick
NURS 7412,A01 (66199),Advanced Health Assessment (3),M,"Mar 24 - Mar 24, 08:00-16:00 (T)",Kaitlyn Yurick
NURS 7412,A01 (66199),Advanced Health Assessment (3),M,"Mar 18 - Mar 18,  (W)",Kaitlyn Yurick
NURS 7412,A01 (66199),Advanced Health Assessment (3),M,"Mar 04 - Mar 04,  (W)",Kaitlyn Yurick
NURS 7412,A01 (66199),Advanced Health Assessment (3),M,"Feb 11 - Feb 11,  (W)",Kaitlyn Yurick
NURS 7412,A01 (66199),Advanced Health Assessment (3),M,"Mar 27 - Mar 27, 08:00-12:00 (F)",Kaitlyn Yurick
NURS 7430,A01 (52142),Nurse Practitioner 1 (6),M,"Apr 06 - Apr 06, 09:00-16:00 (M)",Terilyn Boychuk
NURS 7430,A01 (52142),Nurse Practitioner 1 (6),M,"Feb 23 - Feb 23,  (M)",Terilyn Boychuk
NURS 7430,A01 (52142),Nurse Practitioner 1 (6),M,"Mar 23 - Mar 26, 09:00-16:00 ()",Terilyn Boychuk
NURS 7430,A01 (52142),Nurse Practitioner 1 (6),M,"Feb 24 - Feb 24,  (T)",Terilyn Boychuk
NURS 7430,A01 (52142),Nurse Practitioner 1 (6),M,"Mar 17 - Mar 17, 09:00-16:00 (T)",Terilyn Boychuk
NURS 7430,A01 (52142),Nurse Practitioner 1 (6),M,"Feb 10 - Feb 10, 09:00-16:00 (T)",Terilyn Boychuk
NURS 7430,A01 (52142),Nurse Practitioner 1 (6),M,"Mar 09 - Mar 09, 09:00-16:00 (M)",Terilyn Boychuk
NURS 7430,A01 (52142),Nurse Practitioner 1 (6),M,"Feb 25 - Feb 25, 09:00-12:00 (W)",Terilyn Boychuk
NURS 7430,A01 (52142),Nurse Practitioner 1 (6),M,"Jan 19 - Jan 19, 09:00-16:00 (M)",Terilyn Boychuk
NURS 7430,A01 (52142),Nurse Practitioner 1 (6),M,"Feb 02 - Feb 02, 09:00-16:00 (M)",Terilyn Boychuk
NURS 7430,A01 (52142),Nurse Practitioner 1 (6),M,"Jan 26 - Jan 26, 09:00-16:00 (M)",Terilyn Boychuk
NURS 7430,A01 (52142),Nurse Practitioner 1 (6),M,"Feb 09 - Feb 09, 09:00-16:00 (M)",Terilyn Boychuk
NURS 7430,A01 (52142),Nurse Practitioner 1 (6),M,"Jan 06 - Jan 06,  (T)",Terilyn Boychuk
NURS 7430,A01 (52142),Nurse Practitioner 1 (6),M,"Mar 30 - Mar 30, 09:00-16:00 (M)",Terilyn Boychuk
NURS 7430,A01 (52142),Nurse Practitioner 1 (6),M,"Mar 02 - Mar 02, 09:00-16:00 (M)",Terilyn Boychuk
NURS 7430,A01 (52142),Nurse Practitioner 1 (6),M,"Jan 12 - Jan 12, 09:00-16:00 (M)",Terilyn Boychuk
NURS 7430,A01 (52142),Nurse Practitioner 1 (6),M,"Mar 16 - Mar 16, 09:00-16:00 (M)",Terilyn Boychuk
NURS 7442,A01 (58124),Clinical Practice 1 (3),OC,Jan 06 - Apr 09,Rhonda Campbell
NURS 7490,A01 (52490),Nurse Practitioner 4 (5),M,"Mar 04 - Mar 04, 08:30-16:30 (W)",Amber Hemminger
NURS 7490,A01 (52490),Nurse Practitioner 4 (5),M,"Jan 19 - Jan 19, 09:00-16:00 (M)",Amber Hemminger
NURS 7490,A01 (52490),Nurse Practitioner 4 (5),M,"Feb 02 - Feb 02, 09:00-16:00 (M)",Amber Hemminger
NURS 7490,A01 (52490),Nurse Practitioner 4 (5),M,"Feb 23 - Feb 23, 09:00-16:00 (M)",Amber Hemminger
NURS 7490,A01 (52490),Nurse Practitioner 4 (5),M,"Mar 02 - Mar 02, 09:00-12:00 (M)",Amber Hemminger
NURS 7490,A01 (52490),Nurse Practitioner 4 (5),M,"Mar 09 - Mar 09, 09:00-16:00 (M)",Amber Hemminger
NURS 7490,A01 (52490),Nurse Practitioner 4 (5),M,"Mar 23 - Mar 23, 09:00-16:00 (M)",Amber Hemminger
NURS 7490,A01 (52490),Nurse Practitioner 4 (5),M,"Apr 07 - Apr 07, 09:00-16:00 (T)",Amber Hemminger
NURS 7490,A01 (52490),Nurse Practitioner 4 (5),M,"Feb 03 - Feb 03, 12:30-15:30 (T)",Amber Hemminger
NURS 7490,A01 (52490),Nurse Practitioner 4 (5),M,"Jan 06 - Jan 06, 12:30-15:00 (T)",Amber Hemminger
NURS 7490,A01 (52490),Nurse Practitioner 4 (5),M,"Mar 16 - Mar 16,  (M)",Amber Hemminger
NURS 7490,A01 (52490),Nurse Practitioner 4 (5),M,"Jan 12 - Jan 12,  (M)",Amber Hemminger
NURS 7490,A01 (52490),Nurse Practitioner 4 (5),M,"Jan 26 - Jan 26,  (M)",Amber Hemminger
NURS 7490,A01 (52490),Nurse Practitioner 4 (5),M,"Mar 30 - Mar 30,  (M)",Amber Hemminger
NURS 7490,A01 (52490),Nurse Practitioner 4 (5),M,"Mar 10 - Mar 10,  (T)",Amber Hemminger
NURS 7490,A01 (52490),Nurse Practitioner 4 (5),M,Mar 03 - Mar 04,Amber Hemminger
NURS 7490,A01 (52490),Nurse Practitioner 4 (5),M,"Apr 06 - Apr 06, 13:00-17:00 (M)",Amber Hemminger
NURS 7490,A01 (52490),Nurse Practitioner 4 (5),M,"Feb 09 - Feb 09,  (M)",Amber Hemminger
NURS 7502,A01 (58125),Clinical Practice 3 (4),OC,Jan 06 - Apr 09,Elsie Duff
NURS 8020,A01 (59862),Advanced Knowledge Translation & Health Care Policy (3),M,"Jan 06 - Apr 09, 09:00-12:00 (R)",Lisa Knisley
NURS 8030,A01 (51980),Doctoral Student Seminars I (Part B) (0),M,"Mar 06 - Mar 06, 09:00-12:00 (F)",Annette Schultz
NURS 8030,A01 (51980),Doctoral Student Seminars I (Part B) (0),M,"Feb 13 - Feb 13, 09:00-12:00 (F)",Annette Schultz
NURS 8030,A01 (51980),Doctoral Student Seminars I (Part B) (0),M,"Apr 10 - Apr 10, 09:00-12:00 (F)",Annette Schultz
NURS 8030,A01 (51980),Doctoral Student Seminars I (Part B) (0),M,"Jan 09 - Jan 09, 09:00-12:00 (F)",Annette Schultz
NURS 8040,A01 (60312),Doctoral Student Seminars II (Part B) (0),M,"Feb 13 - Feb 13, 09:00-12:00 (F)",Annette Schultz
NURS 8040,A01 (60312),Doctoral Student Seminars II (Part B) (0),M,"Jan 16 - Jan 16, 09:00-12:00 (F)",Annette Schultz
NURS 8040,A01 (60312),Doctoral Student Seminars II (Part B) (0),M,"Apr 10 - Apr 10, 09:00-12:00 (F)",Annette Schultz
NURS 8040,A01 (60312),Doctoral Student Seminars II (Part B) (0),M,"Mar 13 - Mar 13, 09:00-12:00 (F)",Annette Schultz
FA 1020,D01 (65050),Mathematics in Art (3),DE,Jan 06 - Apr 09,TBA
FA 1020,A02 (50118),Mathematics in Art (3),M,"Jan 06 - Apr 09, 13:00-14:15 (TR)",Matthis Grunsky
FA 1020,A01 (50117),Mathematics in Art (3),M,"Jan 06 - Apr 09, 08:30-09:45 (TR)",Matthis Grunsky
FA 1212,T01 (65994),"Art, Technology, and Culture of Video Games (3)",M,"Jan 06 - Apr 09, 18:00-20:45 (T)",Mackenzie Enns
FAAH 1040,A01 (50126),Introduction to Art 2A (3),M,"Jan 06 - Apr 09, 10:00-11:15 (TR)",Braden Scott
FAAH 2090,A01 (56359),Indigenous Peoples' Art History (3),M,"Jan 06 - Apr 09, 14:30-17:15 (R)",Suzanne McLeod
FAAH 2110,D01 (61129),Women and Art (3),DE,Jan 06 - Apr 09,Erika Dueck
FAAH 2930,A01 (63385),Writing About Art (3),M,"Jan 06 - Apr 09, 11:30-14:15 (F)",Amy Karlinsky
FAAH 3160,T03 (65614),Mid-Century Modernist Abstraction (3),M,"Jan 06 - Apr 09, 14:30-17:15 (T)",Shepherd Steiner
FAAH 3202,A01 (57044),Contemporary Art History (3),M,"Jan 06 - Apr 09, 14:30-17:15 (M)",Monika Vrecar
FAAH 3212,A01 (52818),Introduction to The Theory of Art (3),M,"Jan 06 - Apr 09, 10:00-11:15 (TR)",David Foster
FAAH 3250,T08 (65608),Manitoba Print History (3),M,"Jan 06 - Apr 09, 14:30-17:15 (W)",Oliver Botar
FAAH 3270,A01 (65622),Canadian Art Since World War 2 (3),M,"Jan 06 - Apr 09, 08:30-11:15 (F)",Riva Symko
FAAH 4070,T10 (65616),Building and Making Things from the Earth (3),M,"Jan 06 - Apr 09, 11:30-14:15 (W)",Braden Scott
FAAH 4090,T06 (65599),Indigenous Feminisms (3),M,"Jan 06 - Apr 09, 11:30-14:15 (M)",Suzanne McLeod
FAAH 7010,T10 (65790),Building and Making Things from the Earth (3),M,"Jan 06 - Apr 09, 11:30-14:15 (W)",Braden Scott
FAAH 7020,T09 (65789),Indigenous Feminisms (3),M,"Jan 06 - Apr 09, 11:30-14:15 (M)",Suzanne McLeod
STDO 1250,A01 (51607),Drawing: Studio 2 (3),M,"Jan 06 - Apr 09, 11:30-14:15 (T)",Holger Kalberg
STDO 1250,A02 (51615),Drawing: Studio 2 (3),M,"Jan 06 - Apr 09, 14:30-17:15 (R)",Mary Sparks
STDO 1250,A04 (51617),Drawing: Studio 2 (3),M,"Jan 06 - Apr 09, 14:30-17:15 (W)",Mary Sparks
STDO 1250,A03 (51616),Drawing: Studio 2 (3),M,"Jan 06 - Apr 09, 11:30-14:15 (M)",Derek Brueckner
STDO 1470,A03 (61114),Materials Studio (3),M,"Jan 06 - Apr 09, 08:30-11:15 (W)",Sarah Fuller
STDO 1470,A02 (51653),Materials Studio (3),M,"Jan 06 - Apr 09, 08:30-11:15 (W)",TBA
STDO 1470,A04 (64534),Materials Studio (3),M,"Jan 06 - Apr 09, 08:30-11:15 (W)",Daniel McCafferty
STDO 1470,A01 (51652),Materials Studio (3),M,"Jan 06 - Apr 09, 08:30-11:15 (W)",TBA
STDO 1480,A02 (61108),Digital Essentials (3),M,"Jan 06 - Apr 09, 14:30-17:15 (W)",Derek Brueckner
STDO 1480,A04 (61110),Digital Essentials (3),M,"Jan 06 - Apr 09, 08:30-11:15 (F)",Matthis Grunsky
STDO 1480,A03 (61109),Digital Essentials (3),M,"Jan 06 - Apr 09, 18:00-20:45 (R)",David Peters
STDO 1480,A05 (61112),Digital Essentials (3),M,"Jan 06 - Apr 09, 14:30-17:15 (R)",Erika Dueck
STDO 1480,A01 (58012),Digital Essentials (3),M,"Jan 06 - Apr 09, 08:30-11:15 (M)",David Peters
STDO 2210,A01 (65613),Introduction to Sculpture (6),M,"Jan 06 - Apr 09, 14:30-17:15 (TR)",Katherine Boyer
STDO 2220,A01 (50439),Introduction to Painting (6),M,"Jan 06 - Apr 09, 14:30-17:15 (MW)",Mark Neufeld
STDO 2222,A01 (65621),Intermediate Painting (3),M,"Jan 06 - Apr 09, 14:30-17:15 (R)",Holger Kalberg
STDO 2380,A01 (61125),Intermediate Wheel-Throwing (3),M,"Jan 06 - Apr 09, 11:30-14:15 (W)",Alana MacDougall
STDO 2390,A01 (64531),Intermediate Hand Building (3),M,"Jan 06 - Apr 09, 11:30-14:15 (M)",TBA
STDO 2400,A01 (54965),Introduction to Photography (6),M,"Jan 06 - Apr 09, 11:30-14:15 (MW)",Sarah Ciurysek
STDO 2420,A01 (65615),Intermediate Film Photography (3),M,"Jan 06 - Apr 09, 14:30-17:15 (T)",Sarah Fuller
STDO 2510,A01 (63749),Intermediate Printmaking: Silkscreen (3),M,"Jan 06 - Apr 09, 11:30-14:15 (T)",Suzanne Smith
STDO 2640,A01 (61205),Intermediate Design (3),M,"Jan 06 - Apr 09, 11:30-14:15 (F)",Leigh Bridges
STDO 3130,A01 (65620),Projects in Ceramics (3),M,"Jan 06 - Apr 09, 11:30-14:15 (R)",Elma Nickel
STDO 3140,A01 (61130),Projects in Photography (3),M,"Jan 06 - Apr 09, 14:30-17:15 (M)",Dominique Rey
STDO 3672,T03 (65618),Design and Printmaking (3),M,"Jan 06 - Apr 09, 11:30-14:15 (R)",Leigh Bridges
STDO 3674,T05 (65605),Manitoba Print History (3),M,"Jan 06 - Apr 09, 14:30-17:15 (M)",Suzanne Smith
STDO 3680,T97 (65601),Intermediate Performance Art (3),M,"Jan 06 - Apr 09, 11:30-14:15 (M)",Loretta Blondeau
STDO 3680,T99 (65617),"Natural Dyes, Fibres, and Fabrics (3)",M,"Jan 06 - Apr 09, 11:30-14:15 (W)",Katherine Boyer
STDO 3680,T98 (65603),Puppets in Animation or Performance (3),M,"Jan 06 - Apr 09, 14:30-17:15 (M)",Derek Brueckner
STDO 3682,T01 (65612),On the Surface (3),M,"Jan 06 - Apr 09, 08:30-11:15 (W)",Mary Sparks
STDO 3710,T01 (65148),Contemporary Indigenous Art Practices (3),M,"Jan 06 - Apr 09, 11:30-14:15 (T)",Loretta Blondeau
STDO 3972,A01 (62074),Interdisciplinary Studio 2 (3),M,"Jan 06 - Apr 09, 11:30-14:15 (F)",Erika Dueck
STDO 4820,A01 (61124),Senior Studio 2 (6),M,"Jan 06 - Apr 09, 11:30-14:15 (T)",Dominique Rey
STDO 4920,A01 (51991),Honours Seminar 2 (3),M,"Jan 06 - Apr 09, 11:30-14:15 (R)",Loretta Blondeau
STDO 7020,A05 (58047),Studio Concentration 2 (3),M,Jan 06 - Apr 09,Mary Sparks
STDO 7020,A01 (63373),Studio Concentration 2 (3),M,Jan 06 - Apr 09,Derek Brueckner
STDO 7020,A06 (58048),Studio Concentration 2 (3),M,Jan 06 - Apr 09,Joo Young Han
STDO 7020,A02 (51640),Studio Concentration 2 (3),M,Jan 06 - Apr 09,Elma Nickel
STDO 7020,A03 (51641),Studio Concentration 2 (3),M,Jan 06 - Apr 09,Freya Olafson
STDO 7020,A04 (56486),Studio Concentration 2 (3),M,Jan 06 - Apr 09,Sarah Ciurysek
STDO 7020,A08 (63377),Studio Concentration 2 (3),M,Jan 06 - Apr 09,Mark Neufeld
STDO 7020,A07 (63376),Studio Concentration 2 (3),M,Jan 06 - Apr 09,Holger Kalberg
STDO 7040,A03 (51758),Studio Concentration 4 (3),M,Jan 06 - Apr 09,Anna Diallo
STDO 7040,A01 (51756),Studio Concentration 4 (3),M,Jan 06 - Apr 09,Dominique Rey
STDO 7120,A01 (51643),Graduate Seminar 2 (3),M,"Jan 06 - Apr 09, 11:30-14:15 (W)",Holger Kalberg
AHS 7002,A01 (52711),Seminar I Applied Health Sciences (Part B) (0),M,"Feb 27 - Feb 27, 13:00-16:00 (F)",Brian MacNeil
AHS 7002,A01 (52711),Seminar I Applied Health Sciences (Part B) (0),M,"Feb 06 - Feb 06, 13:00-16:00 (F)",Brian MacNeil
AHS 7002,A01 (52711),Seminar I Applied Health Sciences (Part B) (0),M,"Mar 27 - Mar 27, 13:00-16:00 (F)",Brian MacNeil
AHS 7002,A01 (52711),Seminar I Applied Health Sciences (Part B) (0),M,"Jan 09 - Jan 09, 13:00-16:00 (F)",Brian MacNeil
AHS 7004,A01 (52712),Seminar II Applied Health Sciences (Part B) (0),M,"Mar 27 - Mar 27, 13:00-16:00 (F)",Brian MacNeil
AHS 7004,A01 (52712),Seminar II Applied Health Sciences (Part B) (0),M,"Feb 27 - Feb 27, 13:00-16:00 (F)",Brian MacNeil
AHS 7004,A01 (52712),Seminar II Applied Health Sciences (Part B) (0),M,"Feb 06 - Feb 06, 13:00-16:00 (F)",Brian MacNeil
AHS 7004,A01 (52712),Seminar II Applied Health Sciences (Part B) (0),M,"Jan 09 - Jan 09, 13:00-16:00 (F)",Brian MacNeil
DS 7010,A01 (52345),Disability Studies (Part B) (3),OC,"Jan 06 - Apr 09, 13:00-15:45 (T)",Diane Driedger
DS 7020,A01 (51310),History of Disability (3),OC,"Jan 06 - Apr 09, 10:00-12:45 (T)",Nancy Hansen
DS 7040,T07 (52346),Women and Disability (3),OC,"Jan 06 - Apr 09, 13:00-15:45 (T)",Diane Driedger
DS 7040,T01 (65596),"Parenting, Disability and Care Work (3)",M,"Jan 06 - Apr 09, 11:30-14:15 (M)",Christine Stewart
DS 7040,T03 (50718),Disability and the Media (3),OC,"Jan 06 - Apr 09, 10:00-12:45 (R)",Nancy Hansen
GRAD 7200,A01 (51759),MFA Thesis/Studio Exhibition (0),M,Jan 06 - Apr 09,TBA
GRAD 7090,A01 (51475),Design Thesis (0),M,Jan 06 - Apr 09,TBA
GRAD 7300,A01 (58105),Research Integrity Tutorial (0),M,Jan 06 - Apr 09,TBA
PEAC 7030,A01 (64985),International Conflict Resolution and Peace-building (3),M,"Jan 06 - Apr 09, 13:00-16:00 (F)",James Byrne
PEAC 7050,A01 (64986),Intercultural Conflict Resolution and Peace-Building (3),M,"Jan 06 - Apr 09, 13:00-16:00 (R)",Jessica Senehi
PEAC 7060,T24 (66019),Peacebuilding Practices and Applications (3),M,"Jan 06 - Apr 09, 13:00-16:00 (M)",James Byrne
PEAC 7060,T25 (66137),"Museums and Public Memory: Education, Transformation, Peace-Building (C) (3)",M,"Jan 06 - Apr 09, 13:00-15:45 (R)",Adam Muller
PEAC 7110,A02 (56909),International Human Rights and Human Security (3),M,"Jan 06 - Apr 09, 13:00-16:00 (T)",Adam Muller
PEAC 7120,A01 (51801),Peacebuilding and Social Justice (3),M,"Jan 06 - Apr 09, 12:30-15:30 (W)",TBA
PEAC 7300,T22 (66020),Peacebuilding Practices and Applications (3),M,"Jan 06 - Apr 09, 13:00-16:00 (M)",James Byrne
PEAC 7500,A01 (51802),Practicum (3),M,Jan 06 - Apr 09,Adam Muller
DDSS 1100,A01 (51786),Periodontology 1 (1),B,"Jan 05 - May 01, 08:00-11:50 (T)",Sylvia Todescan
DDSS 1110,A01 (54925),Radiology 1 (1),B,"Jan 05 - May 01, 09:00-09:50 (R)",TBA
DDSS 2110,A01 (56186),Radiology 2 (1),B,"Jan 05 - May 01, 13:00-13:50 (F)",TBA
DDSS 2122,A01 (52017),"Oral Pathology, Part B (2.5)",B,"Jan 05 - May 01, 10:00-11:50 (R)",Vimi Mutalik
DDSS 3102,A01 (52332),"Periodontology 3, Part B (1.5)",B,"Jan 05 - May 01, 09:00-09:50 (M)",Sylvia Todescan
DDSS 3112,A01 (52334),"Oral Diagnosis and Radiology 1, Part B (1)",B,"Jan 05 - May 01, 10:00-10:50 (T)",Mohamad-Hasan Kadhim
DDSS 3120,A01 (52328),Pain and Anxiety Control 2 (1),B,"Jan 05 - May 01, 08:00-08:50 (M)",Christopher Cottick
DDSS 3132,A01 (52333),"Oral and Maxillofacial Surgery, Part B (1)",B,"Jan 05 - May 01, 15:00-15:50 (F)",Christopher Cottick
DDSS 3142,A01 (52308),"Medicine, Part B (1)",B,"Jan 05 - May 01, 13:00-13:50 (F)",Christopher Cottick
DDSS 3152,A01 (52329),"Temporomandibular Disorders and Orofacial Pain, Part B (1)",B,"Jan 05 - May 01, 11:00-11:50 (M)",Reynaldo Todescan
DDSS 3162,A01 (56189),"Pharmacology and Therapeutics, Part B (1.5)",B,"Jan 05 - May 01, 09:00-09:50 (T)",Christopher Cottick
DDSS 4122,A01 (52642),"Oral & Maxillofacial Surgery 2, Part B (0.5)",B,Jan 05 - Apr 24,Christopher Cottick
DDSS 4150,A01 (52641),"Hospital Dentistry, Part B (0.5)",B,Jan 05 - Apr 24,Christopher Cottick
DDSS 7030,A01 (65787),"Advanced Oral Radiology, Part B (0.5)",B,"Jan 03 - Jun 27, 08:00-09:50 (M)",TBA
DDSS 7050,A01 (50167),Oral Medicine and Oral Diagnosis (Part B) (1.5),B,"Jan 03 - Jun 27, 09:00-11:50 (F)",Mohamad-Hasan Kadhim
DDSS 7120,A01 (50169),Advanced Clinical Periodontics (Part B) (2),B,"Jan 03 - Jun 27, 12:00-13:50 (T)",Chrysi Stavropoulou
DDSS 7120,A02 (63920),Advanced Clinical Periodontics (4),B,"Mar 05 - Apr 09, 12:00-15:50 (R)",Chrysi Stavropoulou
DDSS 7120,A02 (63920),Advanced Clinical Periodontics (4),B,"Jan 03 - Jan 03, 14:00-15:50 ()",Chrysi Stavropoulou
DDSS 7130,A01 (65788),Occlusion (3),B,"Jan 03 - Jun 27, 08:00-09:50 (M)",Reynaldo Todescan
DDSS 7210,A01 (50171),Clinical Practice in Periodontics (Part B) (9),B,"Jan 03 - Jun 27, 07:30-08:50 (R)",Chrysi Stavropoulou
DDSS 7220,A01 (50174),Essay/Research Project (Part B) (0),B,Jan 03 - Jun 27,Chrysi Stavropoulou
DDSS 7240,A01 (50175),Advanced Oral and Maxillofacial Surgery Seminar 1 (Part B) (1.5),B,"Jan 03 - Jun 27, 13:00-16:50 (M)",Syed Shah
DDSS 7250,A01 (52311),Clinical Advanced Oral and Maxillofacial Surgery 1 (Part B) (3),B,Jan 03 - Jun 27,Syed Shah
DDSS 7260,A01 (50176),Advanced Oral and Maxillofacial Surgery Seminar 2 (Part B) (1.5),B,"Jan 03 - Jun 27, 13:00-16:50 (M)",Syed Shah
DDSS 7270,A01 (50177),Clinical Advanced Oral and Maxillofacial Surgery 2 (Part B) (3),B,Jan 03 - Jun 27,Syed Shah
DDSS 7280,A01 (50178),Clinical Advanced Oral and Maxillofacial Surgery 3 (Part B) (3),B,"Jan 03 - Jun 27, 13:00-16:50 (M)",Syed Shah
DDSS 7290,A01 (50179),Clinical Advanced Oral and Maxillofacial Surgery 4 (Part B) (3),B,Jan 03 - Jun 27,Syed Shah
DDSS 7300,A01 (64273),"Dental Implantology, Part B (1.5)",B,"Jan 03 - Jun 27, 10:00-11:50 (M)",Chrysi Stavropoulou
DENT 1202,A01 (51787),"Early Clinical Experience, Part B (1.5)",B,"Jan 05 - May 01, 09:00-11:50 (M)",Connie Hack
DENT 1202,A01 (51787),"Early Clinical Experience, Part B (1.5)",B,"Jan 05 - May 01, 08:00-08:50 (M)",Connie Hack
DENT 2202,A01 (52008),"Introduction to Comprehensive Care, Part B (2)",B,"Jan 05 - May 01, 08:00-11:50 (MT)",Asmaa Haimeur
DENT 2202,A01 (52008),"Introduction to Comprehensive Care, Part B (2)",B,"Jan 05 - May 01, 16:00-16:50 (W)",Asmaa Haimeur
DENT 3210,A01 (65497),"Dental Practice Management 3, Part B (0.5)",B,Jan 05 - May 01,Dieter Schonwetter
DENT 4202,A01 (52653),"Interdisciplinary Patient Centred Care Case Studies, Part B (1)",B,"Jan 05 - Apr 24, 15:00-16:50 (T)",Trenna Reeve
DENT 4210,A01 (54920),"Dental Practice Management 4, Part B (1)",B,Jan 05 - Apr 24,Dieter Schonwetter
DENT 4222,A01 (52654),"General Practice Dentistry, Part B (5)",B,"Jan 05 - Apr 24, 08:00-11:50 (MTWR)",Trenna Reeve
DENT 4222,A01 (52654),"General Practice Dentistry, Part B (5)",B,"Jan 05 - Apr 24, 09:00-11:50 (F)",Trenna Reeve
DENT 4222,A01 (52654),"General Practice Dentistry, Part B (5)",B,"Jan 05 - Apr 24, 13:00-15:50 (F)",Trenna Reeve
DENT 4222,A01 (52654),"General Practice Dentistry, Part B (5)",B,"Jan 05 - Apr 24, 13:30-16:30 (MWR)",Trenna Reeve
DENT 4232,A01 (52655),"General Practice Seminars, Part B (1)",B,"Jan 05 - Apr 24, 13:00-14:50 (T)",Asmaa Haimeur
ORLB 1320,A01 (51789),"Head, Neck and Nervous System, Part 2 (3)",B,"Jan 05 - May 01, 11:00-11:50 (F)",Gilbert Kirouac
ORLB 1330,A01 (51790),Human Growth and Development (3),B,"Jan 05 - May 01, 13:00-15:50 (T)",Rajinder Bhullar
ORLB 1340,A01 (54926),"Oral Tissues, Structure and Function (3)",B,"Jan 05 - May 01, 10:00-11:50 (R)",Devi Atukorallaya
ORLB 2312,A01 (52007),"Structure and Function of Major Organ Systems, Part B (2)",B,"Jan 05 - May 01, 08:00-09:50 (R)",James Gilchrist
ORLB 2330,A01 (52009),Nutrition in Dentistry (2),B,Jan 05 - Apr 10,James Gilchrist
ORLB 2330,A01 (52009),Nutrition in Dentistry (2),B,"Jan 09 - Jan 09, 15:00-16:50 (F)",James Gilchrist
ORLB 7140,A01 (64302),Cell Membrane and Cell Signaling (3),B,"Jan 03 - Apr 30, 09:00-10:50 (M)",Prashen Chelikani
ORLB 7190,A02 (52831),Communication Skills in Dental Research (3),B,"Jan 03 - Apr 30, 10:00-11:50 (R)",James Gilchrist
PDSD 2410,A01 (52011),Pediatric Dentistry- 1 (3),B,"Jan 05 - May 01, 13:00-16:50 (R)",James Ksionzyk
PDSD 2430,A01 (60506),Introduction to Orthodontics (1),B,"Jan 05 - May 01, 14:00-15:50 (W)",Daniela Sens Nunes
PDSD 2430,A01 (60506),Introduction to Orthodontics (1),B,"Jan 05 - May 01, 13:00-13:50 (W)",Daniela Sens Nunes
PDSD 3402,A01 (52337),"Orthodontics 3, Part B (1)",B,Jan 05 - May 01,Fabio De Sa Leitao Pinheiro
PDSD 3412,A01 (52338),"Pediatric Dentistry 2, Part B (1.5)",B,Jan 05 - May 01,James Ksionzyk
PDSD 4402,A01 (52657),"Orthodontics 4, Part B (1)",B,Jan 05 - Apr 24,Daniela Sens Nunes
PDSD 4412,A01 (52656),"Pediatric Dentistry 3, Part B (1)",B,Jan 05 - Apr 24,James Ksionzyk
PDSD 4422,A01 (52658),"Community Dentistry Externship, Part B (2)",B,Jan 05 - Apr 24,Anil Menon
PDSD 7000,A03 (64275),"Neural Basis of Oropharyngeal Function, Part B (1.5)",B,Jan 03 - Jun 26,William Wiltshire
PDSD 7020,A01 (50164),"The Mechanics of Orthodontic Therapy, Part B (3)",B,Jan 03 - Jun 27,Fabio De Sa Leitao Pinheiro
PDSD 7040,A01 (50165),Clinical Craniofacial Growth and Development (Part B) (1.5),B,Jan 03 - Jun 27,Fabio De Sa Leitao Pinheiro
PDSD 7060,A01 (53465),Cephalometric Analysis (Part B) (1.5),B,"Jan 03 - Jun 27, 08:00-09:50 (MTWRF)",William Wiltshire
PDSD 7070,A01 (50166),"Biology of Orthodontics and Facial Orthopedics, Part B (1.5)",B,Jan 03 - Jun 27,William Wiltshire
PDSD 7102,A01 (51795),Hospital Pediatric Dentistry I (Part B) (3),B,Jan 03 - Jun 27,TBA
PDSD 7103,A01 (52339),Hospital Pediatric Dentistry II (Part B) (3),B,Jan 03 - Jun 27,TBA
PDSD 7104,A01 (51796),Management and Restorative Treatment of Pediatric Patients I (Part B) (3),B,Jan 03 - Jun 27,TBA
PDSD 7105,A01 (52340),Management and Restorative Treatment of Pediatric Patients II (Part B) (3),B,Jan 03 - Jun 27,TBA
PDSD 7107,A01 (51797),Special Needs and Emergency Care in Pediatric Patients (Part B) (1.5),B,Jan 03 - Jun 27,TBA
PDSD 7108,A01 (65815),"Growth and Development - Management of the Developing Occlusion, Part B (1.5)",B,Jan 03 - Jun 26,TBA
PDSD 7110,A01 (65052),Pharmacology and Toxicology in Pediatric Dentistry (3),B,Jan 03 - Jun 27,Shirley Treacy
RSTD 1512,A01 (51792),"Operative Dentistry 1, Part B (3)",B,"Jan 05 - May 01, 13:00-16:50 (W)",Patricia Ling
RSTD 1512,A01 (51792),"Operative Dentistry 1, Part B (3)",B,"Jan 05 - May 01, 08:00-11:50 (W)",Patricia Ling
RSTD 1520,A01 (60505),"Dental Anatomy, Part B (1.5)",B,"Jan 05 - May 01, 14:00-16:50 (R)",Noriko Boorberg
RSTD 1520,A01 (60505),"Dental Anatomy, Part B (1.5)",B,"Jan 05 - May 01, 13:00-13:50 (R)",Noriko Boorberg
RSTD 1530,A01 (51793),Occlusion (2),B,"Jan 05 - May 01, 13:00-13:50 (M)",Reynaldo Todescan
RSTD 1530,A01 (51793),Occlusion (2),B,"Jan 05 - May 01, 14:00-16:50 (M)",Reynaldo Todescan
RSTD 1550,A01 (65482),"Introduction to Dentistry, Part B (1)",B,Jan 05 - May 01,Dieter Schonwetter
RSTD 2502,A01 (64054),"Dental Materials-2, Part B (1)",B,"Jan 05 - May 01, 14:00-14:50 (F)",Rodrigo Franca
RSTD 2520,A01 (52013),Endodontolgy-1 (2),B,"Jan 05 - May 01, 08:00-11:50 (W)",TBA
RSTD 2532,A01 (52014),"Fixed Prosthodontics 1, Part B (3)",B,"Jan 05 - May 01, 08:00-11:50 (F)",Cristina Tebechrani Fiuza
RSTD 2540,A01 (52640),Removable Partial Denture Prosthodontics (3),B,"Jan 05 - May 01, 13:00-16:50 (M)",Anthony Nowakowski
RSTD 2552,A01 (52015),"Complete Denture Prosthodontics, Part B (2)",B,"Jan 05 - May 01, 13:00-16:50 (T)",Cristina Tebechrani Fiuza
RSTD 3512,A01 (52330),"Operative Dentistry 3, Part B (2.5)",B,"Jan 05 - May 01, 10:00-10:50 (M)",Vanessa Hunzinger
RSTD 3522,A01 (52335),"Endodontology 2, Part B (1.5)",B,"Jan 05 - May 01, 08:00-08:50 (T)",TBA
RSTD 3532,A01 (52331),"Fixed Prosthodontics 2, Part B (2.5)",B,"Jan 05 - May 01, 11:00-11:50 (T)",Ana Cecilia Teodoro Schettini
RSTD 3542,A01 (52336),"Complete and Removable Partial Denture Prosthodontics, Part B (1.5)",B,"Jan 05 - May 01, 14:00-14:50 (F)",Aaron Kim
RSTD 7100,A01 (65786),Dental Materials (6),B,Jan 03 - Jun 27,Rodrigo Franca
RSTD 7116,A01 (57981),Clinical Practice in Prosthodontics 2 (8),B,"Jan 03 - Jun 27, 09:00-11:50 (MTRF)",Igor Pesun
RSTD 7122,A01 (66060),Advanced Prosthodontic Seminars 4 - Conventional Fixed Prosthodontics (1),B,"Jan 03 - Jun 30, 07:30-08:50 (R)",Igor Pesun
RSTD 7124,A01 (65785),Classic Articulator and Maxillofacial Literature Review (1),B,"Jan 03 - Jun 27, 08:00-11:50 (M)",Igor Pesun
RSTD 7126,A01 (59333),Clinical Practice in Prosthodontics 4 (8),B,Jan 03 - Apr 30,Igor Pesun
RSTD 7128,A01 (65784),Current Prosthodontic Literature Review 4 (1),B,"Jan 03 - Jun 27, 08:00-08:50 (T)",Igor Pesun
RSTD 7136,A01 (60548),Clinical Practice in Prosthodontics 6 (8),B,Jan 03 - Apr 30,Igor Pesun
RSTD 7150,A01 (59366),Orthodontic Materials (Part B) (1.5),B,Jan 03 - Jun 27,TBA
OT 6100,A01 (51140),Human Determinants of Occupational Performance (Part B) (3),B,"Feb 02 - Feb 02, 13:00-15:55 (M)",Daniel Doerksen
OT 6100,A01 (51140),Human Determinants of Occupational Performance (Part B) (3),B,"Mar 09 - Mar 09, 13:00-15:55 (M)",Daniel Doerksen
OT 6100,A01 (51140),Human Determinants of Occupational Performance (Part B) (3),B,"Jan 27 - Jan 27, 13:00-15:55 (T)",Daniel Doerksen
OT 6100,A01 (51140),Human Determinants of Occupational Performance (Part B) (3),B,"Feb 10 - Feb 10, 13:00-15:55 (T)",Daniel Doerksen
OT 6100,A01 (51140),Human Determinants of Occupational Performance (Part B) (3),B,"Mar 31 - Mar 31, 13:00-15:55 (T)",Daniel Doerksen
OT 6100,A01 (51140),Human Determinants of Occupational Performance (Part B) (3),B,"Jan 07 - Jan 07, 13:00-15:55 (W)",Daniel Doerksen
OT 6100,A01 (51140),Human Determinants of Occupational Performance (Part B) (3),B,"Jan 14 - Jan 14, 13:00-15:55 (W)",Daniel Doerksen
OT 6100,A01 (51140),Human Determinants of Occupational Performance (Part B) (3),B,"Jan 21 - Jan 21, 13:00-15:55 (W)",Daniel Doerksen
OT 6100,A01 (51140),Human Determinants of Occupational Performance (Part B) (3),B,"Mar 24 - Mar 24, 09:00-11:55 (T)",Daniel Doerksen
OT 6100,A01 (51140),Human Determinants of Occupational Performance (Part B) (3),B,"Feb 13 - Feb 13, 13:00-15:55 (F)",Daniel Doerksen
OT 6100,A01 (51140),Human Determinants of Occupational Performance (Part B) (3),B,"Mar 17 - Mar 17, 09:00-11:55 (T)",Daniel Doerksen
OT 6100,A01 (51140),Human Determinants of Occupational Performance (Part B) (3),B,"Mar 19 - Mar 19, 13:00-15:55 (R)",Daniel Doerksen
OT 6100,A01 (51140),Human Determinants of Occupational Performance (Part B) (3),B,"Apr 23 - Apr 23, 09:00-09:55 (R)",Daniel Doerksen
OT 6100,A01 (51140),Human Determinants of Occupational Performance (Part B) (3),B,"Feb 27 - Feb 27, 09:00-11:55 (F)",Daniel Doerksen
OT 6100,A01 (51140),Human Determinants of Occupational Performance (Part B) (3),B,"Apr 13 - Apr 13, 13:00-15:55 (M)",Daniel Doerksen
OT 6100,A01 (51140),Human Determinants of Occupational Performance (Part B) (3),B,"Apr 06 - Apr 06, 13:00-15:55 (M)",Daniel Doerksen
OT 6142,A01 (59959),Professionalism and Enabling Occupation (Part B) (3.5),B,"Jan 29 - Jan 29, 15:00-15:55 (R)",Leslie Johnson
OT 6142,A01 (59959),Professionalism and Enabling Occupation (Part B) (3.5),B,"Apr 30 - Apr 30, 13:00-15:55 (R)",Leslie Johnson
OT 6142,A01 (59959),Professionalism and Enabling Occupation (Part B) (3.5),B,"Mar 11 - Mar 11, 13:00-15:55 (W)",Leslie Johnson
OT 6142,A01 (59959),Professionalism and Enabling Occupation (Part B) (3.5),B,"Apr 01 - Apr 01, 10:00-11:55 (W)",Leslie Johnson
OT 6142,A01 (59959),Professionalism and Enabling Occupation (Part B) (3.5),B,"Feb 23 - Feb 23, 13:00-15:55 (M)",Leslie Johnson
OT 6142,A01 (59959),Professionalism and Enabling Occupation (Part B) (3.5),B,"Apr 15 - Apr 15, 10:30-12:25 (W)",Leslie Johnson
OT 6142,A01 (59959),Professionalism and Enabling Occupation (Part B) (3.5),B,"Feb 06 - Feb 06, 10:00-11:55 (F)",Leslie Johnson
OT 6142,A01 (59959),Professionalism and Enabling Occupation (Part B) (3.5),B,"Jan 21 - Jan 21, 08:00-09:55 (W)",Leslie Johnson
OT 6142,X07 (62890),Professionalism and Enabling Occupation (0),B,"Jan 22 - Jan 22, 12:30-15:55 (R)",TBA
OT 6142,A01 (59959),Professionalism and Enabling Occupation (Part B) (3.5),B,"Jan 22 - Jan 22, 12:30-15:55 (R)",Leslie Johnson
OT 6142,A01 (59959),Professionalism and Enabling Occupation (Part B) (3.5),B,"Apr 09 - Apr 09, 08:00-09:55 (R)",Leslie Johnson
OT 6142,A01 (59959),Professionalism and Enabling Occupation (Part B) (3.5),B,"Apr 02 - Apr 02, 08:00-09:55 (R)",Leslie Johnson
OT 6142,A01 (59959),Professionalism and Enabling Occupation (Part B) (3.5),B,"Jan 27 - Jan 27, 08:30-11:55 (T)",Leslie Johnson
OT 6142,X07 (62890),Professionalism and Enabling Occupation (0),B,"Jan 30 - Jan 30, 08:00-15:55 (F)",TBA
OT 6142,A01 (59959),Professionalism and Enabling Occupation (Part B) (3.5),B,"Jan 30 - Jan 30, 08:00-15:55 (F)",Leslie Johnson
OT 6142,A01 (59959),Professionalism and Enabling Occupation (Part B) (3.5),B,"Jan 14 - Jan 14, 10:00-11:55 (W)",Leslie Johnson
OT 6142,A01 (59959),Professionalism and Enabling Occupation (Part B) (3.5),B,"Feb 02 - Feb 02, 08:00-09:55 (M)",Leslie Johnson
OT 6142,A01 (59959),Professionalism and Enabling Occupation (Part B) (3.5),B,"Jan 13 - Jan 13, 08:00-09:55 (T)",Leslie Johnson
OT 6142,A01 (59959),Professionalism and Enabling Occupation (Part B) (3.5),B,"Feb 10 - Feb 10, 08:00-09:55 (T)",Leslie Johnson
OT 6142,A01 (59959),Professionalism and Enabling Occupation (Part B) (3.5),B,"Feb 04 - Feb 04, 10:00-11:55 (W)",Leslie Johnson
OT 6142,A01 (59959),Professionalism and Enabling Occupation (Part B) (3.5),B,"Jan 19 - Jan 19, 10:00-11:55 (M)",Leslie Johnson
OT 6142,A01 (59959),Professionalism and Enabling Occupation (Part B) (3.5),B,"Jan 05 - Jan 05, 09:00-09:55 ()",Leslie Johnson
OT 6142,A01 (59959),Professionalism and Enabling Occupation (Part B) (3.5),B,"Apr 24 - Apr 24, 09:00-09:55 (F)",Leslie Johnson
OT 6142,A01 (59959),Professionalism and Enabling Occupation (Part B) (3.5),B,"Apr 14 - Apr 14, 09:00-09:55 (T)",Leslie Johnson
OT 6142,A01 (59959),Professionalism and Enabling Occupation (Part B) (3.5),B,"Jan 07 - Jan 07, 08:00-09:55 (W)",Leslie Johnson
OT 6300,A01 (51142),Analysis of Occupation (4),B,"Apr 09 - Apr 09, 13:00-14:55 (R)",Lisa Mendez
OT 6300,A01 (51142),Analysis of Occupation (4),B,"Feb 04 - Feb 04, 08:00-09:55 (W)",Lisa Mendez
OT 6300,A01 (51142),Analysis of Occupation (4),B,"Feb 11 - Feb 11, 10:00-11:55 (W)",Lisa Mendez
OT 6300,A01 (51142),Analysis of Occupation (4),B,"Feb 06 - Feb 06, 08:00-09:55 (F)",Lisa Mendez
OT 6300,A01 (51142),Analysis of Occupation (4),B,"Mar 16 - Mar 16, 09:00-09:55 (M)",Lisa Mendez
OT 6300,A01 (51142),Analysis of Occupation (4),B,"Jan 23 - Jan 23, 09:00-11:55 (F)",Lisa Mendez
OT 6300,A01 (51142),Analysis of Occupation (4),B,"Jan 16 - Jan 16, 09:00-11:55 (F)",Lisa Mendez
OT 6300,A01 (51142),Analysis of Occupation (4),B,"Feb 03 - Feb 03, 10:00-11:55 (T)",Lisa Mendez
OT 6300,A01 (51142),Analysis of Occupation (4),B,"Jan 28 - Jan 28, 10:00-11:55 (W)",Lisa Mendez
OT 6300,A01 (51142),Analysis of Occupation (4),B,"Mar 19 - Mar 19, 10:00-10:55 (R)",Lisa Mendez
OT 6300,A01 (51142),Analysis of Occupation (4),B,"Feb 25 - Feb 25, 13:00-14:55 (W)",Lisa Mendez
OT 6300,A01 (51142),Analysis of Occupation (4),B,"Jan 05 - Jan 05, 13:00-15:55 (M)",Lisa Mendez
OT 6300,A01 (51142),Analysis of Occupation (4),B,"Mar 30 - Mar 30, 13:00-14:55 (M)",Lisa Mendez
OT 6300,A01 (51142),Analysis of Occupation (4),B,"Jan 19 - Jan 19, 13:00-15:55 (M)",Lisa Mendez
OT 6300,A01 (51142),Analysis of Occupation (4),B,"Mar 24 - Mar 24, 13:00-15:55 (T)",Lisa Mendez
OT 6300,A01 (51142),Analysis of Occupation (4),B,"Apr 21 - Apr 21, 13:00-15:55 (T)",Lisa Mendez
OT 6300,A01 (51142),Analysis of Occupation (4),B,"Jan 13 - Jan 13, 13:00-14:55 (T)",Lisa Mendez
OT 6300,A01 (51142),Analysis of Occupation (4),B,"Mar 17 - Mar 17, 13:00-14:55 (T)",Lisa Mendez
OT 6300,A01 (51142),Analysis of Occupation (4),B,"Mar 26 - Mar 26, 13:00-15:55 (R)",Lisa Mendez
OT 6300,A01 (51142),Analysis of Occupation (4),B,"Apr 24 - Apr 24, 13:00-14:55 (F)",Lisa Mendez
OT 6300,A01 (51142),Analysis of Occupation (4),B,"Jan 09 - Jan 09, 13:00-14:55 (F)",Lisa Mendez
OT 6300,A01 (51142),Analysis of Occupation (4),B,"Apr 30 - Apr 30, 10:00-11:55 (R)",Lisa Mendez
OT 6310,A01 (51143),The Environment and Occupational Performance (4),B,"Feb 13 - Feb 13, 08:00-09:55 (F)",Jodene Neufeld
OT 6310,A01 (51143),The Environment and Occupational Performance (4),B,"Jan 22 - Jan 22, 08:00-09:55 (R)",Jodene Neufeld
OT 6310,A01 (51143),The Environment and Occupational Performance (4),B,"Apr 01 - Apr 01, 08:00-09:55 (W)",Jodene Neufeld
OT 6310,A01 (51143),The Environment and Occupational Performance (4),B,"Jan 28 - Jan 28, 08:00-09:55 (W)",Jodene Neufeld
OT 6310,A01 (51143),The Environment and Occupational Performance (4),B,"Jan 14 - Jan 14, 08:00-09:55 (W)",Jodene Neufeld
OT 6310,A01 (51143),The Environment and Occupational Performance (4),B,"Jan 06 - Jan 06, 08:00-09:55 (T)",Jodene Neufeld
OT 6310,A01 (51143),The Environment and Occupational Performance (4),B,"Feb 24 - Feb 24, 08:00-09:55 (T)",Jodene Neufeld
OT 6310,A01 (51143),The Environment and Occupational Performance (4),B,"Mar 17 - Mar 17, 08:00-08:55 (T)",Jodene Neufeld
OT 6310,A01 (51143),The Environment and Occupational Performance (4),B,"Jan 20 - Jan 20, 08:00-09:55 (T)",Jodene Neufeld
OT 6310,A01 (51143),The Environment and Occupational Performance (4),B,"Apr 06 - Apr 06, 08:00-09:55 (M)",Jodene Neufeld
OT 6310,A01 (51143),The Environment and Occupational Performance (4),B,"Apr 13 - Apr 13, 09:00-11:55 (M)",Jodene Neufeld
OT 6310,A01 (51143),The Environment and Occupational Performance (4),B,"Apr 07 - Apr 07, 08:00-09:55 (T)",Jodene Neufeld
OT 6310,A01 (51143),The Environment and Occupational Performance (4),B,"Mar 25 - Mar 25, 09:00-09:55 (W)",Jodene Neufeld
OT 6310,A01 (51143),The Environment and Occupational Performance (4),B,"Feb 26 - Feb 26, 08:00-09:55 (R)",Jodene Neufeld
OT 6310,A01 (51143),The Environment and Occupational Performance (4),B,"Feb 09 - Feb 09, 10:00-11:55 (M)",Jodene Neufeld
OT 6310,A01 (51143),The Environment and Occupational Performance (4),B,"Jan 12 - Jan 12, 10:00-11:55 (M)",Jodene Neufeld
OT 6310,A01 (51143),The Environment and Occupational Performance (4),B,"Mar 12 - Mar 12, 13:00-15:55 (R)",Jodene Neufeld
OT 6310,A01 (51143),The Environment and Occupational Performance (4),B,"Feb 05 - Feb 05, 13:00-15:55 (R)",Jodene Neufeld
OT 6310,A01 (51143),The Environment and Occupational Performance (4),B,"Feb 27 - Feb 27, 13:00-14:55 (F)",Jodene Neufeld
OT 6310,A01 (51143),The Environment and Occupational Performance (4),B,"Jan 16 - Jan 16, 13:00-14:55 (F)",Jodene Neufeld
OT 6310,A01 (51143),The Environment and Occupational Performance (4),B,"Jan 08 - Jan 08, 13:00-14:55 (R)",Jodene Neufeld
OT 6310,A01 (51143),The Environment and Occupational Performance (4),B,"Feb 19 - Feb 19, 13:00-14:55 (R)",Jodene Neufeld
OT 6310,A01 (51143),The Environment and Occupational Performance (4),B,"Apr 22 - Apr 22, 13:00-15:55 (W)",Jodene Neufeld
OT 6310,A01 (51143),The Environment and Occupational Performance (4),B,"Apr 08 - Apr 08, 13:00-15:55 (W)",Jodene Neufeld
OT 6310,A01 (51143),The Environment and Occupational Performance (4),B,"Apr 15 - Apr 15, 13:00-14:55 (W)",Jodene Neufeld
OT 6310,A01 (51143),The Environment and Occupational Performance (4),B,"Feb 17 - Feb 17, 13:00-14:55 (T)",Jodene Neufeld
OT 6310,A01 (51143),The Environment and Occupational Performance (4),B,"Jan 29 - Jan 29, 13:00-14:55 (R)",Jodene Neufeld
OT 6310,A01 (51143),The Environment and Occupational Performance (4),B,"Apr 24 - Apr 24, 10:00-11:55 (F)",Jodene Neufeld
OT 6310,A01 (51143),The Environment and Occupational Performance (4),B,"Feb 11 - Feb 11, 13:00-15:55 (W)",Jodene Neufeld
OT 6320,A01 (51144),Health Conditions and Occupational Performance (4),B,"Apr 07 - Apr 07, 10:00-11:55 (T)",Cara Brown
OT 6320,A01 (51144),Health Conditions and Occupational Performance (4),B,"Feb 17 - Feb 17, 10:00-11:55 (T)",Cara Brown
OT 6320,A01 (51144),Health Conditions and Occupational Performance (4),B,"Jan 07 - Jan 07, 10:00-11:55 (W)",Cara Brown
OT 6320,A01 (51144),Health Conditions and Occupational Performance (4),B,"Mar 25 - Mar 25, 10:00-11:55 (W)",Cara Brown
OT 6320,A01 (51144),Health Conditions and Occupational Performance (4),B,"Apr 29 - Apr 29, 10:00-11:55 (W)",Cara Brown
OT 6320,A01 (51144),Health Conditions and Occupational Performance (4),B,"Feb 25 - Feb 25, 10:00-11:55 (W)",Cara Brown
OT 6320,A01 (51144),Health Conditions and Occupational Performance (4),B,"Mar 09 - Mar 09, 10:30-11:55 (M)",Cara Brown
OT 6320,A01 (51144),Health Conditions and Occupational Performance (4),B,"Mar 20 - Mar 20, 10:00-11:55 (F)",Cara Brown
OT 6320,A01 (51144),Health Conditions and Occupational Performance (4),B,"Mar 17 - Mar 17, 15:00-15:55 (T)",Cara Brown
OT 6320,A01 (51144),Health Conditions and Occupational Performance (4),B,"Apr 09 - Apr 09, 15:00-15:55 (R)",Cara Brown
OT 6320,A01 (51144),Health Conditions and Occupational Performance (4),B,"Feb 23 - Feb 23, 08:00-11:55 (M)",Cara Brown
OT 6320,A01 (51144),Health Conditions and Occupational Performance (4),B,"Mar 19 - Mar 19, 09:00-09:55 (R)",Cara Brown
OT 6320,A01 (51144),Health Conditions and Occupational Performance (4),B,"Jan 21 - Jan 21, 10:00-11:55 (W)",Cara Brown
OT 6320,A01 (51144),Health Conditions and Occupational Performance (4),B,"Apr 22 - Apr 22, 09:00-09:55 (W)",Cara Brown
OT 6320,A01 (51144),Health Conditions and Occupational Performance (4),B,"Jan 12 - Jan 12, 08:00-09:55 (M)",Cara Brown
OT 6320,A01 (51144),Health Conditions and Occupational Performance (4),B,"Apr 10 - Apr 10, 08:00-09:55 (F)",Cara Brown
OT 6320,A01 (51144),Health Conditions and Occupational Performance (4),B,"Jan 26 - Jan 26, 08:00-09:55 (M)",Cara Brown
OT 6320,A01 (51144),Health Conditions and Occupational Performance (4),B,"Feb 09 - Feb 09, 08:00-09:55 (M)",Cara Brown
OT 6320,A01 (51144),Health Conditions and Occupational Performance (4),B,"Apr 20 - Apr 20, 08:00-11:55 (M)",Cara Brown
OT 6320,A01 (51144),Health Conditions and Occupational Performance (4),B,"Jan 19 - Jan 19, 08:00-09:55 (M)",Cara Brown
OT 6320,A01 (51144),Health Conditions and Occupational Performance (4),B,"Feb 03 - Feb 03, 08:00-09:55 (T)",Cara Brown
OT 6320,A01 (51144),Health Conditions and Occupational Performance (4),B,"Mar 31 - Mar 31, 08:00-09:55 (T)",Cara Brown
OT 6320,A01 (51144),Health Conditions and Occupational Performance (4),B,"Mar 23 - Mar 23, 08:00-11:55 (M)",Cara Brown
OT 6320,A01 (51144),Health Conditions and Occupational Performance (4),B,"Feb 11 - Feb 11, 08:00-09:55 (W)",Cara Brown
OT 6320,A01 (51144),Health Conditions and Occupational Performance (4),B,"Apr 08 - Apr 08, 08:00-11:55 (W)",Cara Brown
OT 6320,A01 (51144),Health Conditions and Occupational Performance (4),B,"Jan 29 - Jan 29, 08:00-09:55 (R)",Cara Brown
OT 6320,A01 (51144),Health Conditions and Occupational Performance (4),B,"Feb 05 - Feb 05, 08:00-09:55 (R)",Cara Brown
OT 6320,A01 (51144),Health Conditions and Occupational Performance (4),B,"Jan 09 - Jan 09, 08:00-09:55 (F)",Cara Brown
OT 6320,A01 (51144),Health Conditions and Occupational Performance (4),B,"Mar 12 - Mar 12, 08:00-09:55 (R)",Cara Brown
OT 6320,A01 (51144),Health Conditions and Occupational Performance (4),B,"Feb 19 - Feb 19, 08:00-09:55 (R)",Cara Brown
OT 6320,A01 (51144),Health Conditions and Occupational Performance (4),B,"Jan 15 - Jan 15, 08:00-09:55 (R)",Cara Brown
OT 6330,A01 (51145),Occupational Therapy Practice Skills 2 (4),B,"Jan 26 - Jan 26, 13:00-15:55 (M)",Daniel Doerksen
OT 6330,A01 (51145),Occupational Therapy Practice Skills 2 (4),B,"Jan 23 - Jan 23, 13:00-16:55 (F)",Daniel Doerksen
OT 6330,A01 (51145),Occupational Therapy Practice Skills 2 (4),B,"Apr 27 - Apr 27, 09:00-11:55 (M)",Daniel Doerksen
OT 6330,A01 (51145),Occupational Therapy Practice Skills 2 (4),B,"Mar 13 - Mar 13, 08:00-15:55 (F)",Daniel Doerksen
OT 6330,A01 (51145),Occupational Therapy Practice Skills 2 (4),B,"Feb 20 - Feb 20, 08:00-15:55 (F)",Daniel Doerksen
OT 6330,A01 (51145),Occupational Therapy Practice Skills 2 (4),B,"Feb 12 - Feb 12, 08:00-16:55 (R)",Daniel Doerksen
OT 6330,A01 (51145),Occupational Therapy Practice Skills 2 (4),B,"Jan 08 - Jan 08, 08:00-11:55 (R)",Daniel Doerksen
OT 6330,A01 (51145),Occupational Therapy Practice Skills 2 (4),B,"Feb 18 - Feb 18, 08:00-15:55 (W)",Daniel Doerksen
OT 6330,A01 (51145),Occupational Therapy Practice Skills 2 (4),B,"Mar 10 - Mar 10, 08:00-15:55 (T)",Daniel Doerksen
OT 6330,A01 (51145),Occupational Therapy Practice Skills 2 (4),B,"Mar 20 - Mar 20, 13:00-16:25 (F)",Daniel Doerksen
OT 6330,A01 (51145),Occupational Therapy Practice Skills 2 (4),B,"Jan 12 - Jan 12, 13:00-15:55 (M)",Daniel Doerksen
OT 6330,A01 (51145),Occupational Therapy Practice Skills 2 (4),B,"Mar 30 - Mar 30, 09:00-11:55 (M)",Daniel Doerksen
OT 6330,A01 (51145),Occupational Therapy Practice Skills 2 (4),B,"Feb 09 - Feb 09, 13:00-15:55 (M)",Daniel Doerksen
OT 6330,A01 (51145),Occupational Therapy Practice Skills 2 (4),B,"Jan 06 - Jan 06, 13:00-16:25 (T)",Daniel Doerksen
OT 6330,A01 (51145),Occupational Therapy Practice Skills 2 (4),B,"Mar 16 - Mar 16, 13:00-15:55 (M)",Daniel Doerksen
OT 6330,A01 (51145),Occupational Therapy Practice Skills 2 (4),B,"Feb 06 - Feb 06, 13:00-15:55 (F)",Daniel Doerksen
OT 6330,A01 (51145),Occupational Therapy Practice Skills 2 (4),B,"Apr 21 - Apr 21, 09:00-11:55 (T)",Daniel Doerksen
OT 6330,A01 (51145),Occupational Therapy Practice Skills 2 (4),B,"Feb 26 - Feb 26, 13:00-16:25 (R)",Daniel Doerksen
OT 6330,A01 (51145),Occupational Therapy Practice Skills 2 (4),B,"Apr 01 - Apr 01, 13:00-15:55 (W)",Daniel Doerksen
OT 6330,A01 (51145),Occupational Therapy Practice Skills 2 (4),B,"Feb 04 - Feb 04, 13:00-15:55 (W)",Daniel Doerksen
OT 6330,A01 (51145),Occupational Therapy Practice Skills 2 (4),B,"Jan 15 - Jan 15, 13:00-15:55 (R)",Daniel Doerksen
OT 6330,A01 (51145),Occupational Therapy Practice Skills 2 (4),B,"Apr 07 - Apr 07, 13:00-15:55 (T)",Daniel Doerksen
OT 6330,A01 (51145),Occupational Therapy Practice Skills 2 (4),B,"Feb 24 - Feb 24, 13:00-15:55 (T)",Daniel Doerksen
OT 6330,A01 (51145),Occupational Therapy Practice Skills 2 (4),B,"Apr 14 - Apr 14, 13:00-14:55 (T)",Daniel Doerksen
OT 6330,A01 (51145),Occupational Therapy Practice Skills 2 (4),B,"Feb 03 - Feb 03, 13:00-15:55 (T)",Daniel Doerksen
OT 6330,A01 (51145),Occupational Therapy Practice Skills 2 (4),B,"Jan 20 - Jan 20, 13:00-15:55 (T)",Daniel Doerksen
OT 6330,A01 (51145),Occupational Therapy Practice Skills 2 (4),B,"Jan 28 - Jan 28, 13:00-15:55 (W)",Daniel Doerksen
OT 6352,A01 (60154),Foundations of Evidence-informed Occupational Therapy (4),B,"Jan 22 - Jan 22, 10:00-11:55 (R)",Natalie MacLeod Schroeder
OT 6352,A01 (60154),Foundations of Evidence-informed Occupational Therapy (4),B,"Feb 05 - Feb 05, 10:00-11:55 (R)",Natalie MacLeod Schroeder
OT 6352,A01 (60154),Foundations of Evidence-informed Occupational Therapy (4),B,"Feb 26 - Feb 26, 10:00-11:55 (R)",Natalie MacLeod Schroeder
OT 6352,A01 (60154),Foundations of Evidence-informed Occupational Therapy (4),B,"Jan 15 - Jan 15, 10:00-11:55 (R)",Natalie MacLeod Schroeder
OT 6352,A01 (60154),Foundations of Evidence-informed Occupational Therapy (4),B,"Feb 19 - Feb 19, 10:00-11:55 (R)",Natalie MacLeod Schroeder
OT 6352,A01 (60154),Foundations of Evidence-informed Occupational Therapy (4),B,"Jan 29 - Jan 29, 10:00-11:55 (R)",Natalie MacLeod Schroeder
OT 6352,A01 (60154),Foundations of Evidence-informed Occupational Therapy (4),B,"Apr 20 - Apr 20, 13:00-14:55 (M)",Natalie MacLeod Schroeder
OT 6352,A01 (60154),Foundations of Evidence-informed Occupational Therapy (4),B,"Jan 09 - Jan 09, 10:00-11:55 (F)",Natalie MacLeod Schroeder
OT 6352,A01 (60154),Foundations of Evidence-informed Occupational Therapy (4),B,"Apr 17 - Apr 17, 10:00-11:55 (F)",Natalie MacLeod Schroeder
OT 6352,A01 (60154),Foundations of Evidence-informed Occupational Therapy (4),B,"Feb 13 - Feb 13, 10:00-11:55 (F)",Natalie MacLeod Schroeder
OT 6352,A01 (60154),Foundations of Evidence-informed Occupational Therapy (4),B,"Mar 18 - Mar 18, 09:00-10:55 (W)",Natalie MacLeod Schroeder
OT 6352,A01 (60154),Foundations of Evidence-informed Occupational Therapy (4),B,"Apr 10 - Apr 10, 10:00-11:55 (F)",Natalie MacLeod Schroeder
OT 6352,A01 (60154),Foundations of Evidence-informed Occupational Therapy (4),B,"Mar 12 - Mar 12, 10:00-11:55 (R)",Natalie MacLeod Schroeder
OT 6352,A01 (60154),Foundations of Evidence-informed Occupational Therapy (4),B,"Feb 17 - Feb 17, 08:00-09:55 (T)",Natalie MacLeod Schroeder
OT 6352,A01 (60154),Foundations of Evidence-informed Occupational Therapy (4),B,"Apr 22 - Apr 22, 10:00-11:55 (W)",Natalie MacLeod Schroeder
OT 6352,A01 (60154),Foundations of Evidence-informed Occupational Therapy (4),B,"Jan 26 - Jan 26, 10:00-11:55 (M)",Natalie MacLeod Schroeder
OT 6352,A01 (60154),Foundations of Evidence-informed Occupational Therapy (4),B,"Apr 06 - Apr 06, 10:00-11:55 (M)",Natalie MacLeod Schroeder
OT 6352,A01 (60154),Foundations of Evidence-informed Occupational Therapy (4),B,"Feb 02 - Feb 02, 10:00-11:55 (M)",Natalie MacLeod Schroeder
OT 6352,A01 (60154),Foundations of Evidence-informed Occupational Therapy (4),B,"Mar 16 - Mar 16, 10:00-11:55 (M)",Natalie MacLeod Schroeder
OT 6352,A01 (60154),Foundations of Evidence-informed Occupational Therapy (4),B,"Jan 13 - Jan 13, 10:00-11:55 (T)",Natalie MacLeod Schroeder
OT 6352,A01 (60154),Foundations of Evidence-informed Occupational Therapy (4),B,"Jan 20 - Jan 20, 10:00-11:55 (T)",Natalie MacLeod Schroeder
OT 6352,A01 (60154),Foundations of Evidence-informed Occupational Therapy (4),B,"Feb 10 - Feb 10, 10:00-11:55 (T)",Natalie MacLeod Schroeder
OT 6352,A01 (60154),Foundations of Evidence-informed Occupational Therapy (4),B,"Feb 24 - Feb 24, 10:00-11:55 (T)",Natalie MacLeod Schroeder
OT 6352,A01 (60154),Foundations of Evidence-informed Occupational Therapy (4),B,"Apr 14 - Apr 14, 10:00-11:55 (T)",Natalie MacLeod Schroeder
OT 6352,A01 (60154),Foundations of Evidence-informed Occupational Therapy (4),B,"Mar 31 - Mar 31, 10:00-11:55 (T)",Natalie MacLeod Schroeder
OT 6352,A01 (60154),Foundations of Evidence-informed Occupational Therapy (4),B,"Mar 11 - Mar 11, 10:00-11:55 (W)",Natalie MacLeod Schroeder
OT 6352,A01 (60154),Foundations of Evidence-informed Occupational Therapy (4),B,"Mar 26 - Mar 26, 10:00-11:55 (R)",Natalie MacLeod Schroeder
OT 6352,A01 (60154),Foundations of Evidence-informed Occupational Therapy (4),B,"Apr 02 - Apr 02, 10:00-11:55 (R)",Natalie MacLeod Schroeder
OT 6352,A01 (60154),Foundations of Evidence-informed Occupational Therapy (4),B,"Mar 23 - Mar 23, 13:00-14:55 (M)",Natalie MacLeod Schroeder
OT 6352,A01 (60154),Foundations of Evidence-informed Occupational Therapy (4),B,"Apr 09 - Apr 09, 10:00-11:55 (R)",Natalie MacLeod Schroeder
OT 6400,A02 (56889),Intermediate Fieldwork 1 (8),OC,"Jan 05 - Jun 26, 08:00-15:55 (MTWRF)",TBA
OT 7600,A01 (51147),Intermediate Fieldwork 2 (8),OC,"Jan 05 - Jan 05, 09:00-09:55 ()",Teresa Allison
OT 7742,A01 (60157),Professionalism and Leadership in Enabling Occupation 2 (4),B,"May 25 - May 25, 13:00-14:55 (M)",Natalie MacLeod Schroeder
OT 7742,A01 (60157),Professionalism and Leadership in Enabling Occupation 2 (4),B,"Mar 30 - Mar 30, 13:00-15:55 (M)",Natalie MacLeod Schroeder
OT 7742,A01 (60157),Professionalism and Leadership in Enabling Occupation 2 (4),B,"Mar 09 - Mar 09, 13:00-13:55 (M)",Natalie MacLeod Schroeder
OT 7742,A01 (60157),Professionalism and Leadership in Enabling Occupation 2 (4),B,"Apr 16 - Apr 16, 10:00-11:55 (R)",Natalie MacLeod Schroeder
OT 7742,A01 (60157),Professionalism and Leadership in Enabling Occupation 2 (4),B,"Jun 11 - Jun 11, 09:00-11:55 (R)",Natalie MacLeod Schroeder
OT 7742,A01 (60157),Professionalism and Leadership in Enabling Occupation 2 (4),B,"Mar 19 - Mar 19, 09:00-10:55 (R)",Natalie MacLeod Schroeder
OT 7742,A01 (60157),Professionalism and Leadership in Enabling Occupation 2 (4),B,"Mar 27 - Mar 27, 13:00-14:55 (F)",Natalie MacLeod Schroeder
OT 7742,A01 (60157),Professionalism and Leadership in Enabling Occupation 2 (4),B,"Apr 10 - Apr 10, 13:00-14:55 (F)",Natalie MacLeod Schroeder
OT 7742,A01 (60157),Professionalism and Leadership in Enabling Occupation 2 (4),B,"May 04 - May 04, 13:00-14:55 (M)",Natalie MacLeod Schroeder
OT 7742,A01 (60157),Professionalism and Leadership in Enabling Occupation 2 (4),B,"May 21 - May 21, 13:00-14:55 (R)",Natalie MacLeod Schroeder
OT 7742,A01 (60157),Professionalism and Leadership in Enabling Occupation 2 (4),B,"Jun 10 - Jun 10, 09:00-11:55 (W)",Natalie MacLeod Schroeder
OT 7742,A01 (60157),Professionalism and Leadership in Enabling Occupation 2 (4),B,"Mar 26 - Mar 26, 13:00-15:55 (R)",Natalie MacLeod Schroeder
OT 7742,A01 (60157),Professionalism and Leadership in Enabling Occupation 2 (4),B,"May 07 - May 07, 13:00-14:55 (R)",Natalie MacLeod Schroeder
OT 7742,A01 (60157),Professionalism and Leadership in Enabling Occupation 2 (4),B,"Mar 11 - Mar 11, 13:00-14:55 (W)",Natalie MacLeod Schroeder
OT 7742,A01 (60157),Professionalism and Leadership in Enabling Occupation 2 (4),B,"May 20 - May 20, 13:00-14:55 (W)",Natalie MacLeod Schroeder
OT 7742,A01 (60157),Professionalism and Leadership in Enabling Occupation 2 (4),B,"Apr 01 - Apr 01, 13:00-15:55 (W)",Natalie MacLeod Schroeder
OT 7742,A01 (60157),Professionalism and Leadership in Enabling Occupation 2 (4),B,"Apr 07 - Apr 07, 13:00-15:55 (T)",Natalie MacLeod Schroeder
OT 7742,A01 (60157),Professionalism and Leadership in Enabling Occupation 2 (4),B,"May 05 - May 05, 13:00-14:55 (T)",Natalie MacLeod Schroeder
OT 7742,A01 (60157),Professionalism and Leadership in Enabling Occupation 2 (4),B,"Jun 02 - Jun 02, 13:00-14:55 (T)",Natalie MacLeod Schroeder
OT 7742,A01 (60157),Professionalism and Leadership in Enabling Occupation 2 (4),B,"Apr 21 - Apr 21, 13:00-14:55 (T)",Natalie MacLeod Schroeder
OT 7742,A01 (60157),Professionalism and Leadership in Enabling Occupation 2 (4),B,"Apr 28 - Apr 28, 13:00-14:55 (T)",Natalie MacLeod Schroeder
OT 7742,A01 (60157),Professionalism and Leadership in Enabling Occupation 2 (4),B,"Apr 13 - Apr 13, 13:00-15:55 (M)",Natalie MacLeod Schroeder
OT 7742,A01 (60157),Professionalism and Leadership in Enabling Occupation 2 (4),B,"Apr 23 - Apr 23, 13:00-14:55 (R)",Natalie MacLeod Schroeder
OT 7742,A01 (60157),Professionalism and Leadership in Enabling Occupation 2 (4),B,"Mar 17 - Mar 17, 13:00-14:55 (T)",Natalie MacLeod Schroeder
OT 7752,A01 (58964),Critical Inquiry Research Project (Part B) (3),B,"May 26 - May 26, 13:00-14:55 (T)",Lisa Engel
OT 7752,A01 (58964),Critical Inquiry Research Project (Part B) (3),B,"Mar 10 - Mar 10, 13:00-13:55 (T)",Lisa Engel
OT 7752,A01 (58964),Critical Inquiry Research Project (Part B) (3),B,"Mar 13 - Mar 13, 13:00-14:55 (F)",Lisa Engel
OT 7760,A01 (51150),Occupational Therapy Process 2 (6),B,"Mar 13 - Mar 13, 09:00-11:55 (F)",Sandra Ott
OT 7760,A01 (51150),Occupational Therapy Process 2 (6),B,"Mar 10 - Mar 10, 09:00-11:55 (T)",Sandra Ott
OT 7772,A01 (59228),Occupational Therapy Practice Skills 4 (6),B,"Apr 16 - Apr 16, 13:30-16:25 (R)",
OT 7772,A01 (59228),Occupational Therapy Practice Skills 4 (6),B,"Jun 01 - Jun 01, 13:00-14:55 (M)",
OT 7772,A01 (59228),Occupational Therapy Practice Skills 4 (6),B,"Mar 09 - Mar 09, 09:00-11:55 (M)",
OT 7772,A01 (59228),Occupational Therapy Practice Skills 4 (6),B,"Apr 09 - Apr 09, 08:00-11:55 (R)",
OT 7772,A01 (59228),Occupational Therapy Practice Skills 4 (6),B,"May 27 - May 27, 08:00-11:55 (W)",
OT 7772,A01 (59228),Occupational Therapy Practice Skills 4 (6),B,"May 04 - May 04, 08:00-11:55 (M)",
OT 7772,A01 (59228),Occupational Therapy Practice Skills 4 (6),B,"Apr 06 - Apr 06, 13:00-16:55 (M)",
OT 7772,A01 (59228),Occupational Therapy Practice Skills 4 (6),B,"May 19 - May 19, 13:00-16:55 (T)",
OT 7772,A01 (59228),Occupational Therapy Practice Skills 4 (6),B,"Mar 18 - Mar 18, 13:00-15:55 (W)",
OT 7772,A01 (59228),Occupational Therapy Practice Skills 4 (6),B,"Jun 03 - Jun 03, 13:00-14:55 (W)",
OT 7772,A01 (59228),Occupational Therapy Practice Skills 4 (6),B,"Apr 29 - Apr 29, 13:00-15:55 (W)",
OT 7772,A01 (59228),Occupational Therapy Practice Skills 4 (6),B,"May 27 - May 27, 13:00-14:55 (W)",
OT 7772,A01 (59228),Occupational Therapy Practice Skills 4 (6),B,"Apr 30 - Apr 30, 13:00-15:55 (R)",
OT 7772,A01 (59228),Occupational Therapy Practice Skills 4 (6),B,"Apr 15 - Apr 15, 08:00-11:55 (W)",
OT 7772,A01 (59228),Occupational Therapy Practice Skills 4 (6),B,"Jun 03 - Jun 03, 10:00-11:55 (W)",
OT 7772,A01 (59228),Occupational Therapy Practice Skills 4 (6),B,"Apr 22 - Apr 22, 13:00-15:55 (W)",
OT 7772,A01 (59228),Occupational Therapy Practice Skills 4 (6),B,"Mar 26 - Mar 26, 09:00-11:55 (R)",
OT 7772,A01 (59228),Occupational Therapy Practice Skills 4 (6),B,"Mar 16 - Mar 16, 09:00-11:55 (M)",
OT 7772,A01 (59228),Occupational Therapy Practice Skills 4 (6),B,"Mar 30 - Mar 30, 09:00-11:55 (M)",
OT 7772,A01 (59228),Occupational Therapy Practice Skills 4 (6),B,"Apr 06 - Apr 06, 09:00-11:55 (M)",
OT 7772,A01 (59228),Occupational Therapy Practice Skills 4 (6),B,"Jun 01 - Jun 01, 10:00-11:55 (M)",
OT 7772,A01 (59228),Occupational Therapy Practice Skills 4 (6),B,"Apr 13 - Apr 13, 09:00-11:55 (M)",
OT 7772,A01 (59228),Occupational Therapy Practice Skills 4 (6),B,"May 25 - May 25, 09:00-11:55 (M)",
OT 7772,A01 (59228),Occupational Therapy Practice Skills 4 (6),B,"Mar 25 - Mar 25, 09:00-15:55 (W)",
OT 7772,A01 (59228),Occupational Therapy Practice Skills 4 (6),B,"Mar 11 - Mar 11, 09:00-11:55 (W)",
OT 7772,A01 (59228),Occupational Therapy Practice Skills 4 (6),B,"Apr 20 - Apr 20, 09:00-11:55 (M)",
OT 7772,A01 (59228),Occupational Therapy Practice Skills 4 (6),B,"May 20 - May 20, 09:00-11:55 (W)",
OT 7772,A01 (59228),Occupational Therapy Practice Skills 4 (6),B,"Apr 01 - Apr 01, 09:00-11:55 (W)",
OT 7772,A01 (59228),Occupational Therapy Practice Skills 4 (6),B,"May 06 - May 06, 09:00-11:55 (W)",
OT 7772,A01 (59228),Occupational Therapy Practice Skills 4 (6),B,"Apr 02 - Apr 02, 09:00-11:55 (R)",
OT 7772,A01 (59228),Occupational Therapy Practice Skills 4 (6),B,"May 07 - May 07, 09:00-11:55 (R)",
OT 7772,A01 (59228),Occupational Therapy Practice Skills 4 (6),B,"Apr 27 - Apr 27, 13:00-15:55 (M)",
OT 7772,A01 (59228),Occupational Therapy Practice Skills 4 (6),B,"May 21 - May 21, 09:00-11:55 (R)",
OT 7772,A01 (59228),Occupational Therapy Practice Skills 4 (6),B,"Mar 18 - Mar 18, 09:00-11:55 (W)",
PT 6124,A01 (53425),Physical Therapy and Hospital Based Care (4),B,"Mar 12 - Mar 12, 08:00-10:25 (R)",Elizabeth Harvey
PT 6124,A01 (53425),Physical Therapy and Hospital Based Care (4),B,"Feb 09 - Feb 09, 17:00-19:55 (M)",Elizabeth Harvey
PT 6124,A01 (53425),Physical Therapy and Hospital Based Care (4),B,"Mar 30 - Mar 30, 09:00-10:55 (M)",Elizabeth Harvey
PT 6124,A01 (53425),Physical Therapy and Hospital Based Care (4),B,"Feb 17 - Feb 17, 09:00-10:55 (T)",Elizabeth Harvey
PT 6124,A01 (53425),Physical Therapy and Hospital Based Care (4),B,"Mar 18 - Mar 18, 09:30-11:25 (W)",Elizabeth Harvey
PT 6124,A01 (53425),Physical Therapy and Hospital Based Care (4),B,"Feb 19 - Feb 19, 12:00-12:55 (R)",Elizabeth Harvey
PT 6124,A01 (53425),Physical Therapy and Hospital Based Care (4),B,"Jan 15 - Jan 15, 11:00-11:55 (R)",Elizabeth Harvey
PT 6124,A01 (53425),Physical Therapy and Hospital Based Care (4),B,"Mar 18 - Mar 18, 11:30-11:55 (W)",Elizabeth Harvey
PT 6124,A01 (53425),Physical Therapy and Hospital Based Care (4),B,"Jan 20 - Jan 20, 13:00-14:25 (T)",Elizabeth Harvey
PT 6124,A01 (53425),Physical Therapy and Hospital Based Care (4),B,"Jan 27 - Jan 27, 13:00-14:55 (T)",Elizabeth Harvey
PT 6124,A01 (53425),Physical Therapy and Hospital Based Care (4),B,"Jan 22 - Jan 22, 08:00-11:55 (R)",Elizabeth Harvey
PT 6124,A01 (53425),Physical Therapy and Hospital Based Care (4),B,"Mar 23 - Mar 23, 10:00-11:55 (M)",Elizabeth Harvey
PT 6124,A01 (53425),Physical Therapy and Hospital Based Care (4),B,"Feb 25 - Feb 25, 08:00-11:55 (W)",Elizabeth Harvey
PT 6124,A01 (53425),Physical Therapy and Hospital Based Care (4),B,"Mar 13 - Mar 13, 10:00-11:55 (F)",Elizabeth Harvey
PT 6124,A01 (53425),Physical Therapy and Hospital Based Care (4),B,"Feb 04 - Feb 04, 08:00-09:55 (W)",Elizabeth Harvey
PT 6124,A01 (53425),Physical Therapy and Hospital Based Care (4),B,"Feb 06 - Feb 06, 08:00-11:55 (F)",Elizabeth Harvey
PT 6124,A01 (53425),Physical Therapy and Hospital Based Care (4),B,"Mar 10 - Mar 10, 16:00-19:55 (T)",Elizabeth Harvey
PT 6124,A01 (53425),Physical Therapy and Hospital Based Care (4),B,"Mar 25 - Mar 25, 15:00-15:55 (W)",Elizabeth Harvey
PT 6124,A01 (53425),Physical Therapy and Hospital Based Care (4),B,"Mar 03 - Mar 03, 15:00-15:55 (T)",Elizabeth Harvey
PT 6124,A01 (53425),Physical Therapy and Hospital Based Care (4),B,"Jan 05 - Jan 05, 13:30-14:55 (M)",Elizabeth Harvey
PT 6124,A01 (53425),Physical Therapy and Hospital Based Care (4),B,"Jan 08 - Jan 08, 13:00-13:55 (R)",Elizabeth Harvey
PT 6124,A01 (53425),Physical Therapy and Hospital Based Care (4),B,"Feb 11 - Feb 11, 08:00-10:25 (W)",Elizabeth Harvey
PT 6124,A01 (53425),Physical Therapy and Hospital Based Care (4),B,"Jan 19 - Jan 19, 08:00-09:55 (M)",Elizabeth Harvey
PT 6124,A01 (53425),Physical Therapy and Hospital Based Care (4),B,"Mar 09 - Mar 09, 08:00-11:55 (M)",Elizabeth Harvey
PT 6124,A01 (53425),Physical Therapy and Hospital Based Care (4),B,"Feb 09 - Feb 09, 08:00-11:55 (M)",Elizabeth Harvey
PT 6124,A01 (53425),Physical Therapy and Hospital Based Care (4),B,"Feb 03 - Feb 03, 08:00-09:55 (T)",Elizabeth Harvey
PT 6124,A01 (53425),Physical Therapy and Hospital Based Care (4),B,"Feb 10 - Feb 10, 08:00-09:55 (T)",Elizabeth Harvey
PT 6124,A01 (53425),Physical Therapy and Hospital Based Care (4),B,"Feb 24 - Feb 24, 13:00-13:55 (T)",Elizabeth Harvey
PT 6140,A01 (65794),Anatomy for Physical Therapy (Part B) (1.5),B,"Jan 05 - Jan 05, 10:00-11:55 (M)",Mark Garrett
PT 6140,A01 (65794),Anatomy for Physical Therapy (Part B) (1.5),B,"Jan 26 - Jan 26, 09:00-10:55 (M)",Mark Garrett
PT 6140,A01 (65794),Anatomy for Physical Therapy (Part B) (1.5),B,"Jan 12 - Jan 12, 10:00-11:55 (M)",Mark Garrett
PT 6140,A01 (65794),Anatomy for Physical Therapy (Part B) (1.5),B,"Jan 14 - Jan 14, 10:00-11:55 (W)",Mark Garrett
PT 6140,A01 (65794),Anatomy for Physical Therapy (Part B) (1.5),B,"Jan 06 - Jan 06, 13:00-14:55 (T)",Mark Garrett
PT 6140,A01 (65794),Anatomy for Physical Therapy (Part B) (1.5),B,"Feb 20 - Feb 20, 13:00-13:55 (F)",Mark Garrett
PT 6221,A01 (52823),Clinical Skills for Physical Therapy in Neuromusculoskeletal Conditions 1 (Part B) (3),B,"Jan 05 - Jan 05, 09:00-09:55 ()",R McMurray
PT 6224,A01 (53427),Clinical Skills for Physical Therapy in Neuromusculoskeletal Conditions 2 (Part B) (3),B,"Jan 21 - Jan 21, 12:00-12:25 (W)",R McMurray
PT 6224,A01 (53427),Clinical Skills for Physical Therapy in Neuromusculoskeletal Conditions 2 (Part B) (3),B,"Mar 16 - Mar 16, 13:00-14:55 (M)",R McMurray
PT 6224,A01 (53427),Clinical Skills for Physical Therapy in Neuromusculoskeletal Conditions 2 (Part B) (3),B,"Mar 03 - Mar 03, 13:00-14:55 (T)",R McMurray
PT 6224,A01 (53427),Clinical Skills for Physical Therapy in Neuromusculoskeletal Conditions 2 (Part B) (3),B,"Feb 10 - Feb 10, 12:00-12:25 (T)",R McMurray
PT 6224,A01 (53427),Clinical Skills for Physical Therapy in Neuromusculoskeletal Conditions 2 (Part B) (3),B,"Feb 03 - Feb 03, 13:00-14:55 (T)",R McMurray
PT 6224,A01 (53427),Clinical Skills for Physical Therapy in Neuromusculoskeletal Conditions 2 (Part B) (3),B,"Mar 24 - Mar 24, 13:00-16:25 (T)",R McMurray
PT 6224,A01 (53427),Clinical Skills for Physical Therapy in Neuromusculoskeletal Conditions 2 (Part B) (3),B,"Jan 13 - Jan 13, 13:00-14:55 (T)",R McMurray
PT 6224,A01 (53427),Clinical Skills for Physical Therapy in Neuromusculoskeletal Conditions 2 (Part B) (3),B,"Feb 17 - Feb 17, 13:00-14:55 (T)",R McMurray
PT 6224,A01 (53427),Clinical Skills for Physical Therapy in Neuromusculoskeletal Conditions 2 (Part B) (3),B,"Mar 17 - Mar 17, 13:00-15:55 (T)",R McMurray
PT 6224,A01 (53427),Clinical Skills for Physical Therapy in Neuromusculoskeletal Conditions 2 (Part B) (3),B,"Mar 10 - Mar 10, 13:00-14:55 (T)",R McMurray
PT 6224,A01 (53427),Clinical Skills for Physical Therapy in Neuromusculoskeletal Conditions 2 (Part B) (3),B,"Jan 21 - Jan 21, 13:00-15:55 (W)",R McMurray
PT 6224,A01 (53427),Clinical Skills for Physical Therapy in Neuromusculoskeletal Conditions 2 (Part B) (3),B,"Mar 25 - Mar 25, 13:00-14:55 (W)",R McMurray
PT 6224,A01 (53427),Clinical Skills for Physical Therapy in Neuromusculoskeletal Conditions 2 (Part B) (3),B,"Feb 12 - Feb 12, 13:00-14:25 (R)",R McMurray
PT 6224,A01 (53427),Clinical Skills for Physical Therapy in Neuromusculoskeletal Conditions 2 (Part B) (3),B,"Feb 24 - Feb 24, 14:00-15:25 (T)",R McMurray
PT 6224,A01 (53427),Clinical Skills for Physical Therapy in Neuromusculoskeletal Conditions 2 (Part B) (3),B,"Feb 26 - Feb 26, 13:00-14:55 (R)",R McMurray
PT 6224,A01 (53427),Clinical Skills for Physical Therapy in Neuromusculoskeletal Conditions 2 (Part B) (3),B,"Mar 05 - Mar 05, 13:00-15:55 (R)",R McMurray
PT 6224,A01 (53427),Clinical Skills for Physical Therapy in Neuromusculoskeletal Conditions 2 (Part B) (3),B,"Mar 19 - Mar 19, 13:00-15:55 (R)",R McMurray
PT 6224,A01 (53427),Clinical Skills for Physical Therapy in Neuromusculoskeletal Conditions 2 (Part B) (3),B,"Feb 05 - Feb 05, 13:00-15:55 (R)",R McMurray
PT 6224,A01 (53427),Clinical Skills for Physical Therapy in Neuromusculoskeletal Conditions 2 (Part B) (3),B,"Mar 26 - Mar 26, 13:00-14:55 (R)",R McMurray
PT 6224,A01 (53427),Clinical Skills for Physical Therapy in Neuromusculoskeletal Conditions 2 (Part B) (3),B,"Jan 29 - Jan 29, 13:00-15:25 (R)",R McMurray
PT 6224,A01 (53427),Clinical Skills for Physical Therapy in Neuromusculoskeletal Conditions 2 (Part B) (3),B,"Jan 15 - Jan 15, 13:00-15:55 (R)",R McMurray
PT 6224,A01 (53427),Clinical Skills for Physical Therapy in Neuromusculoskeletal Conditions 2 (Part B) (3),B,"Mar 20 - Mar 20, 13:00-14:55 (F)",R McMurray
PT 6224,A01 (53427),Clinical Skills for Physical Therapy in Neuromusculoskeletal Conditions 2 (Part B) (3),B,"Jan 08 - Jan 08, 14:00-15:55 (R)",R McMurray
PT 6224,A01 (53427),Clinical Skills for Physical Therapy in Neuromusculoskeletal Conditions 2 (Part B) (3),B,"Feb 03 - Feb 03, 15:00-16:55 (T)",R McMurray
PT 6224,A01 (53427),Clinical Skills for Physical Therapy in Neuromusculoskeletal Conditions 2 (Part B) (3),B,"Mar 04 - Mar 04, 16:00-19:55 (W)",R McMurray
PT 6224,A01 (53427),Clinical Skills for Physical Therapy in Neuromusculoskeletal Conditions 2 (Part B) (3),B,"Mar 03 - Mar 03, 12:00-12:25 (T)",R McMurray
PT 6224,A01 (53427),Clinical Skills for Physical Therapy in Neuromusculoskeletal Conditions 2 (Part B) (3),B,"Jan 22 - Jan 22, 13:00-14:55 (R)",R McMurray
PT 6224,A01 (53427),Clinical Skills for Physical Therapy in Neuromusculoskeletal Conditions 2 (Part B) (3),B,"Mar 10 - Mar 10, 12:00-12:25 (T)",R McMurray
PT 6224,A01 (53427),Clinical Skills for Physical Therapy in Neuromusculoskeletal Conditions 2 (Part B) (3),B,"Apr 01 - Apr 01, 12:00-12:25 (W)",R McMurray
PT 6224,A01 (53427),Clinical Skills for Physical Therapy in Neuromusculoskeletal Conditions 2 (Part B) (3),B,"Mar 12 - Mar 12, 11:00-11:55 (R)",R McMurray
PT 6224,A01 (53427),Clinical Skills for Physical Therapy in Neuromusculoskeletal Conditions 2 (Part B) (3),B,"Mar 20 - Mar 20, 11:00-11:55 (F)",R McMurray
PT 6224,A01 (53427),Clinical Skills for Physical Therapy in Neuromusculoskeletal Conditions 2 (Part B) (3),B,"Jan 12 - Jan 12, 08:00-09:55 (M)",R McMurray
PT 6224,A01 (53427),Clinical Skills for Physical Therapy in Neuromusculoskeletal Conditions 2 (Part B) (3),B,"Jan 06 - Jan 06, 08:00-11:55 (T)",R McMurray
PT 6224,A01 (53427),Clinical Skills for Physical Therapy in Neuromusculoskeletal Conditions 2 (Part B) (3),B,"Mar 24 - Mar 24, 08:00-11:55 (T)",R McMurray
PT 6224,A01 (53427),Clinical Skills for Physical Therapy in Neuromusculoskeletal Conditions 2 (Part B) (3),B,"Jan 27 - Jan 27, 08:00-09:55 (T)",R McMurray
PT 6224,A01 (53427),Clinical Skills for Physical Therapy in Neuromusculoskeletal Conditions 2 (Part B) (3),B,"Jan 28 - Jan 28, 08:00-09:55 (W)",R McMurray
PT 6224,A01 (53427),Clinical Skills for Physical Therapy in Neuromusculoskeletal Conditions 2 (Part B) (3),B,"Jan 21 - Jan 21, 08:00-09:55 (W)",R McMurray
PT 6224,A01 (53427),Clinical Skills for Physical Therapy in Neuromusculoskeletal Conditions 2 (Part B) (3),B,"Mar 26 - Mar 26, 08:00-10:25 (R)",R McMurray
PT 6224,A01 (53427),Clinical Skills for Physical Therapy in Neuromusculoskeletal Conditions 2 (Part B) (3),B,"Mar 05 - Mar 05, 08:00-10:25 (R)",R McMurray
PT 6224,A01 (53427),Clinical Skills for Physical Therapy in Neuromusculoskeletal Conditions 2 (Part B) (3),B,"Feb 19 - Feb 19, 08:00-11:55 (R)",R McMurray
PT 6224,A01 (53427),Clinical Skills for Physical Therapy in Neuromusculoskeletal Conditions 2 (Part B) (3),B,"Jan 15 - Jan 15, 08:00-10:25 (R)",R McMurray
PT 6224,A01 (53427),Clinical Skills for Physical Therapy in Neuromusculoskeletal Conditions 2 (Part B) (3),B,"Feb 12 - Feb 12, 08:00-09:55 (R)",R McMurray
PT 6224,A01 (53427),Clinical Skills for Physical Therapy in Neuromusculoskeletal Conditions 2 (Part B) (3),B,"Feb 26 - Feb 26, 08:00-10:25 (R)",R McMurray
PT 6224,A01 (53427),Clinical Skills for Physical Therapy in Neuromusculoskeletal Conditions 2 (Part B) (3),B,"Feb 05 - Feb 05, 08:00-10:25 (R)",R McMurray
PT 6224,A01 (53427),Clinical Skills for Physical Therapy in Neuromusculoskeletal Conditions 2 (Part B) (3),B,"Feb 24 - Feb 24, 08:00-11:55 (T)",R McMurray
PT 6224,A01 (53427),Clinical Skills for Physical Therapy in Neuromusculoskeletal Conditions 2 (Part B) (3),B,"Feb 18 - Feb 18, 09:00-11:55 (W)",R McMurray
PT 6224,A01 (53427),Clinical Skills for Physical Therapy in Neuromusculoskeletal Conditions 2 (Part B) (3),B,"Mar 25 - Mar 25, 11:00-11:55 (W)",R McMurray
PT 6224,A01 (53427),Clinical Skills for Physical Therapy in Neuromusculoskeletal Conditions 2 (Part B) (3),B,"Mar 05 - Mar 05, 10:30-11:55 (R)",R McMurray
PT 6224,A01 (53427),Clinical Skills for Physical Therapy in Neuromusculoskeletal Conditions 2 (Part B) (3),B,"Mar 26 - Mar 26, 11:00-11:55 (R)",R McMurray
PT 6224,A01 (53427),Clinical Skills for Physical Therapy in Neuromusculoskeletal Conditions 2 (Part B) (3),B,"Feb 04 - Feb 04, 10:00-11:55 (W)",R McMurray
PT 6224,A01 (53427),Clinical Skills for Physical Therapy in Neuromusculoskeletal Conditions 2 (Part B) (3),B,"Mar 11 - Mar 11, 10:00-11:55 (W)",R McMurray
PT 6224,A01 (53427),Clinical Skills for Physical Therapy in Neuromusculoskeletal Conditions 2 (Part B) (3),B,"Apr 01 - Apr 01, 10:30-11:55 (W)",R McMurray
PT 6224,A01 (53427),Clinical Skills for Physical Therapy in Neuromusculoskeletal Conditions 2 (Part B) (3),B,"Feb 10 - Feb 10, 10:00-11:55 (T)",R McMurray
PT 6224,A01 (53427),Clinical Skills for Physical Therapy in Neuromusculoskeletal Conditions 2 (Part B) (3),B,"Feb 03 - Feb 03, 10:00-11:55 (T)",R McMurray
PT 6224,A01 (53427),Clinical Skills for Physical Therapy in Neuromusculoskeletal Conditions 2 (Part B) (3),B,"Feb 23 - Feb 23, 09:30-11:25 (M)",R McMurray
PT 6224,A01 (53427),Clinical Skills for Physical Therapy in Neuromusculoskeletal Conditions 2 (Part B) (3),B,"Mar 19 - Mar 19, 09:00-11:55 (R)",R McMurray
PT 6224,A01 (53427),Clinical Skills for Physical Therapy in Neuromusculoskeletal Conditions 2 (Part B) (3),B,"Jan 07 - Jan 07, 10:00-11:55 (W)",R McMurray
PT 6224,A01 (53427),Clinical Skills for Physical Therapy in Neuromusculoskeletal Conditions 2 (Part B) (3),B,"Mar 17 - Mar 17, 09:00-11:55 (T)",R McMurray
PT 6230,A01 (52023),Applied Sciences for Physical Therapy 2 (Part B) (3),B,"Jan 20 - Jan 20, 14:30-15:25 (T)",Elizabeth Hammond
PT 6230,A01 (52023),Applied Sciences for Physical Therapy 2 (Part B) (3),B,"Jan 23 - Jan 23, 13:00-14:55 (F)",Elizabeth Hammond
PT 6230,A01 (52023),Applied Sciences for Physical Therapy 2 (Part B) (3),B,"Mar 04 - Mar 04, 08:30-10:55 (W)",Elizabeth Hammond
PT 6230,A01 (52023),Applied Sciences for Physical Therapy 2 (Part B) (3),B,"Jan 05 - Jan 05, 08:00-09:55 (M)",Elizabeth Hammond
PT 6230,A01 (52023),Applied Sciences for Physical Therapy 2 (Part B) (3),B,"Jan 07 - Jan 07, 08:00-09:55 (W)",Elizabeth Hammond
PT 6230,A01 (52023),Applied Sciences for Physical Therapy 2 (Part B) (3),B,"Feb 02 - Feb 02, 09:00-10:55 (M)",Elizabeth Hammond
PT 6230,A01 (52023),Applied Sciences for Physical Therapy 2 (Part B) (3),B,"Jan 19 - Jan 19, 10:00-11:55 (M)",Elizabeth Hammond
PT 6230,A01 (52023),Applied Sciences for Physical Therapy 2 (Part B) (3),B,"Jan 27 - Jan 27, 10:00-11:55 (T)",Elizabeth Hammond
PT 6230,A01 (52023),Applied Sciences for Physical Therapy 2 (Part B) (3),B,"Jan 21 - Jan 21, 10:00-11:55 (W)",Elizabeth Hammond
PT 6230,A01 (52023),Applied Sciences for Physical Therapy 2 (Part B) (3),B,"Jan 28 - Jan 28, 10:00-11:55 (W)",Elizabeth Hammond
PT 6230,A01 (52023),Applied Sciences for Physical Therapy 2 (Part B) (3),B,"Mar 16 - Mar 16, 09:00-10:55 (M)",Elizabeth Hammond
PT 6250,A01 (52024),Integrated Practice for Neuromusculoskeletal Conditions (3),B,"Mar 11 - Mar 11, 08:00-09:55 (W)",Elizabeth Harvey
PT 6250,A01 (52024),Integrated Practice for Neuromusculoskeletal Conditions (3),B,"Mar 13 - Mar 13, 08:00-09:55 (F)",Elizabeth Harvey
PT 6250,A01 (52024),Integrated Practice for Neuromusculoskeletal Conditions (3),B,"Jan 07 - Jan 07, 13:15-14:10 (W)",Elizabeth Harvey
PT 6260,A01 (52244),Physical Therapy Practice and Professional Issues 1 (3),B,"Mar 12 - Mar 12, 13:00-14:55 (R)",Monika Fricke
PT 6260,A01 (52244),Physical Therapy Practice and Professional Issues 1 (3),B,"Feb 10 - Feb 10, 13:00-13:55 (T)",Monika Fricke
PT 6260,A01 (52244),Physical Therapy Practice and Professional Issues 1 (3),B,"Feb 23 - Feb 23, 13:00-15:25 (M)",Monika Fricke
PT 6260,A01 (52244),Physical Therapy Practice and Professional Issues 1 (3),B,"Feb 02 - Feb 02, 13:00-14:55 (M)",Monika Fricke
PT 6260,A01 (52244),Physical Therapy Practice and Professional Issues 1 (3),B,"Jan 12 - Jan 12, 13:00-13:55 (M)",Monika Fricke
PT 6260,A01 (52244),Physical Therapy Practice and Professional Issues 1 (3),B,"Mar 13 - Mar 13, 13:00-15:55 (F)",Monika Fricke
PT 6260,A01 (52244),Physical Therapy Practice and Professional Issues 1 (3),B,"Jan 26 - Jan 26, 13:00-15:55 (M)",Monika Fricke
PT 6260,A01 (52244),Physical Therapy Practice and Professional Issues 1 (3),B,"Mar 09 - Mar 09, 13:00-14:55 (M)",Monika Fricke
PT 6260,A01 (52244),Physical Therapy Practice and Professional Issues 1 (3),B,"Feb 25 - Feb 25, 15:00-16:55 (W)",Monika Fricke
PT 6260,A01 (52244),Physical Therapy Practice and Professional Issues 1 (3),B,"Feb 05 - Feb 05, 11:00-11:55 (R)",Monika Fricke
PT 6260,A01 (52244),Physical Therapy Practice and Professional Issues 1 (3),B,"Jan 14 - Jan 14, 08:00-09:55 (W)",Monika Fricke
PT 6260,A01 (52244),Physical Therapy Practice and Professional Issues 1 (3),B,"Mar 25 - Mar 25, 08:30-10:55 (W)",Monika Fricke
PT 6260,A01 (52244),Physical Therapy Practice and Professional Issues 1 (3),B,"Feb 12 - Feb 12, 10:00-11:55 (R)",Monika Fricke
PT 6260,A01 (52244),Physical Therapy Practice and Professional Issues 1 (3),B,"Feb 11 - Feb 11, 10:30-12:25 (W)",Monika Fricke
PT 6260,A01 (52244),Physical Therapy Practice and Professional Issues 1 (3),B,"Mar 04 - Mar 04, 11:00-11:55 (W)",Monika Fricke
PT 6260,A01 (52244),Physical Therapy Practice and Professional Issues 1 (3),B,"Jan 05 - Jan 05, 13:00-13:25 (M)",Monika Fricke
PT 6260,A01 (52244),Physical Therapy Practice and Professional Issues 1 (3),B,"Feb 26 - Feb 26, 11:00-11:55 (R)",Monika Fricke
PT 6260,A01 (52244),Physical Therapy Practice and Professional Issues 1 (3),B,"Mar 18 - Mar 18, 15:30-16:55 (W)",Monika Fricke
PT 6291,A01 (52670),Neuromusculoskeletal Clinical Education 1 (Part B) (3),B,"Mar 02 - Mar 02, 13:00-14:55 (M)",Kelly Codispodi
PT 7121,A01 (52249),Clinical Skills for Physical Therapy Neurological Conditions (5),B,"Feb 04 - Feb 04, 13:00-14:55 (W)",Rebecca Schorr
PT 7121,A01 (52249),Clinical Skills for Physical Therapy Neurological Conditions (5),B,"Mar 20 - Mar 20, 09:00-10:55 (F)",Rebecca Schorr
PT 7121,A01 (52249),Clinical Skills for Physical Therapy Neurological Conditions (5),B,"Jan 14 - Jan 14, 13:00-15:55 (W)",Rebecca Schorr
PT 7121,A01 (52249),Clinical Skills for Physical Therapy Neurological Conditions (5),B,"Feb 11 - Feb 11, 13:00-14:55 (W)",Rebecca Schorr
PT 7121,A01 (52249),Clinical Skills for Physical Therapy Neurological Conditions (5),B,"Feb 02 - Feb 02, 13:00-14:55 (M)",Rebecca Schorr
PT 7121,A01 (52249),Clinical Skills for Physical Therapy Neurological Conditions (5),B,"Jan 07 - Jan 07, 13:00-15:25 (W)",Rebecca Schorr
PT 7121,A01 (52249),Clinical Skills for Physical Therapy Neurological Conditions (5),B,"Mar 16 - Mar 16, 13:00-15:55 (M)",Rebecca Schorr
PT 7121,A01 (52249),Clinical Skills for Physical Therapy Neurological Conditions (5),B,"Feb 25 - Feb 25, 13:00-14:55 (W)",Rebecca Schorr
PT 7121,A01 (52249),Clinical Skills for Physical Therapy Neurological Conditions (5),B,"Jan 12 - Jan 12, 13:00-14:55 (M)",Rebecca Schorr
PT 7121,A01 (52249),Clinical Skills for Physical Therapy Neurological Conditions (5),B,"Mar 20 - Mar 20, 12:00-12:25 (F)",Rebecca Schorr
PT 7121,A01 (52249),Clinical Skills for Physical Therapy Neurological Conditions (5),B,"Jan 28 - Jan 28, 13:00-13:55 (W)",Rebecca Schorr
PT 7121,A01 (52249),Clinical Skills for Physical Therapy Neurological Conditions (5),B,"Mar 04 - Mar 04, 13:00-14:55 (W)",Rebecca Schorr
PT 7121,A01 (52249),Clinical Skills for Physical Therapy Neurological Conditions (5),B,"Jan 26 - Jan 26, 14:00-15:55 (M)",Rebecca Schorr
PT 7121,A01 (52249),Clinical Skills for Physical Therapy Neurological Conditions (5),B,"Feb 12 - Feb 12, 13:00-14:55 (R)",Rebecca Schorr
PT 7121,A01 (52249),Clinical Skills for Physical Therapy Neurological Conditions (5),B,"Jan 08 - Jan 08, 13:00-14:55 (R)",Rebecca Schorr
PT 7121,A01 (52249),Clinical Skills for Physical Therapy Neurological Conditions (5),B,"Mar 12 - Mar 12, 13:00-14:55 (R)",Rebecca Schorr
PT 7121,A01 (52249),Clinical Skills for Physical Therapy Neurological Conditions (5),B,"Jan 28 - Jan 28, 14:00-15:55 (W)",Rebecca Schorr
PT 7121,A01 (52249),Clinical Skills for Physical Therapy Neurological Conditions (5),B,"Feb 04 - Feb 04, 15:00-15:55 (W)",Rebecca Schorr
PT 7121,A01 (52249),Clinical Skills for Physical Therapy Neurological Conditions (5),B,"Feb 03 - Feb 03, 08:00-09:55 (T)",Rebecca Schorr
PT 7121,A01 (52249),Clinical Skills for Physical Therapy Neurological Conditions (5),B,"Jan 12 - Jan 12, 08:00-09:55 (M)",Rebecca Schorr
PT 7121,A01 (52249),Clinical Skills for Physical Therapy Neurological Conditions (5),B,"Mar 16 - Mar 16, 09:30-11:25 (M)",Rebecca Schorr
PT 7121,A01 (52249),Clinical Skills for Physical Therapy Neurological Conditions (5),B,"Jan 26 - Jan 26, 09:00-11:55 (M)",Rebecca Schorr
PT 7121,A01 (52249),Clinical Skills for Physical Therapy Neurological Conditions (5),B,"Mar 18 - Mar 18, 09:00-10:55 (W)",Rebecca Schorr
PT 7121,A01 (52249),Clinical Skills for Physical Therapy Neurological Conditions (5),B,"Mar 05 - Mar 05, 09:00-09:55 (R)",Rebecca Schorr
PT 7121,A01 (52249),Clinical Skills for Physical Therapy Neurological Conditions (5),B,"Mar 12 - Mar 12, 12:00-12:55 (R)",Rebecca Schorr
PT 7121,A01 (52249),Clinical Skills for Physical Therapy Neurological Conditions (5),B,"Feb 05 - Feb 05, 13:00-14:55 (R)",Rebecca Schorr
PT 7121,A01 (52249),Clinical Skills for Physical Therapy Neurological Conditions (5),B,"Jan 27 - Jan 27, 12:00-12:25 (T)",Rebecca Schorr
PT 7121,A01 (52249),Clinical Skills for Physical Therapy Neurological Conditions (5),B,"Jan 12 - Jan 12, 10:00-11:55 (M)",Rebecca Schorr
PT 7121,A01 (52249),Clinical Skills for Physical Therapy Neurological Conditions (5),B,"Mar 02 - Mar 02, 10:30-11:55 (M)",Rebecca Schorr
PT 7121,A01 (52249),Clinical Skills for Physical Therapy Neurological Conditions (5),B,"Feb 11 - Feb 11, 10:30-12:25 (W)",Rebecca Schorr
PT 7121,A01 (52249),Clinical Skills for Physical Therapy Neurological Conditions (5),B,"Jan 13 - Jan 13, 08:00-08:55 (T)",Rebecca Schorr
PT 7121,A01 (52249),Clinical Skills for Physical Therapy Neurological Conditions (5),B,"Jan 27 - Jan 27, 08:00-11:55 (T)",Rebecca Schorr
PT 7121,A01 (52249),Clinical Skills for Physical Therapy Neurological Conditions (5),B,"Feb 10 - Feb 10, 08:00-09:55 (T)",Rebecca Schorr
PT 7121,A01 (52249),Clinical Skills for Physical Therapy Neurological Conditions (5),B,"Mar 10 - Mar 10, 08:00-09:55 (T)",Rebecca Schorr
PT 7121,A01 (52249),Clinical Skills for Physical Therapy Neurological Conditions (5),B,"Feb 11 - Feb 11, 08:00-09:55 (W)",Rebecca Schorr
PT 7121,A01 (52249),Clinical Skills for Physical Therapy Neurological Conditions (5),B,"Jan 14 - Jan 14, 08:00-09:55 (W)",Rebecca Schorr
PT 7121,A01 (52249),Clinical Skills for Physical Therapy Neurological Conditions (5),B,"Jan 21 - Jan 21, 08:00-09:55 (W)",Rebecca Schorr
PT 7121,A01 (52249),Clinical Skills for Physical Therapy Neurological Conditions (5),B,"Feb 25 - Feb 25, 08:00-11:55 (W)",Rebecca Schorr
PT 7121,A01 (52249),Clinical Skills for Physical Therapy Neurological Conditions (5),B,"Mar 11 - Mar 11, 08:00-09:55 (W)",Rebecca Schorr
PT 7121,A01 (52249),Clinical Skills for Physical Therapy Neurological Conditions (5),B,"Jan 29 - Jan 29, 08:00-09:55 (R)",Rebecca Schorr
PT 7121,A01 (52249),Clinical Skills for Physical Therapy Neurological Conditions (5),B,"Mar 12 - Mar 12, 08:00-11:55 (R)",Rebecca Schorr
PT 7121,A01 (52249),Clinical Skills for Physical Therapy Neurological Conditions (5),B,"Jan 28 - Jan 28, 08:00-11:55 (W)",Rebecca Schorr
PT 7121,A01 (52249),Clinical Skills for Physical Therapy Neurological Conditions (5),B,"Jan 08 - Jan 08, 08:00-09:55 (R)",Rebecca Schorr
PT 7121,A01 (52249),Clinical Skills for Physical Therapy Neurological Conditions (5),B,"Feb 26 - Feb 26, 08:00-11:55 (R)",Rebecca Schorr
PT 7121,A01 (52249),Clinical Skills for Physical Therapy Neurological Conditions (5),B,"Jan 08 - Jan 08, 10:00-11:55 (R)",Rebecca Schorr
PT 7121,A01 (52249),Clinical Skills for Physical Therapy Neurological Conditions (5),B,"Feb 12 - Feb 12, 10:00-11:55 (R)",Rebecca Schorr
PT 7121,A01 (52249),Clinical Skills for Physical Therapy Neurological Conditions (5),B,"Feb 04 - Feb 04, 10:00-11:55 (W)",Rebecca Schorr
PT 7121,A01 (52249),Clinical Skills for Physical Therapy Neurological Conditions (5),B,"Jan 21 - Jan 21, 10:00-11:55 (W)",Rebecca Schorr
PT 7121,A01 (52249),Clinical Skills for Physical Therapy Neurological Conditions (5),B,"Jan 14 - Jan 14, 10:00-11:55 (W)",Rebecca Schorr
PT 7121,A01 (52249),Clinical Skills for Physical Therapy Neurological Conditions (5),B,"Feb 09 - Feb 09, 10:30-11:55 (M)",Rebecca Schorr
PT 7121,A01 (52249),Clinical Skills for Physical Therapy Neurological Conditions (5),B,"Mar 11 - Mar 11, 10:00-11:55 (W)",Rebecca Schorr
PT 7121,A01 (52249),Clinical Skills for Physical Therapy Neurological Conditions (5),B,"Jan 19 - Jan 19, 10:00-11:55 (M)",Rebecca Schorr
PT 7121,A01 (52249),Clinical Skills for Physical Therapy Neurological Conditions (5),B,"Feb 02 - Feb 02, 10:00-11:55 (M)",Rebecca Schorr
PT 7121,A01 (52249),Clinical Skills for Physical Therapy Neurological Conditions (5),B,"Jan 16 - Jan 16, 08:00-11:55 (F)",Rebecca Schorr
PT 7121,A01 (52249),Clinical Skills for Physical Therapy Neurological Conditions (5),B,"Mar 04 - Mar 04, 10:00-11:55 (W)",Rebecca Schorr
PT 7150,A01 (52250),Integrated Practice for Cardiorespiratory and Neurological Conditions (3),B,"Mar 13 - Mar 13, 13:00-15:55 (F)",Rebecca Schorr
PT 7150,A01 (52250),Integrated Practice for Cardiorespiratory and Neurological Conditions (3),B,"Jan 06 - Jan 06, 13:00-13:55 (T)",Rebecca Schorr
PT 7150,A01 (52250),Integrated Practice for Cardiorespiratory and Neurological Conditions (3),B,"Mar 13 - Mar 13, 08:30-10:55 (F)",Rebecca Schorr
PT 7160,A01 (52251),Physical Therapy Practice and Professional Issues 2 (Part B) (1.5),B,"Jan 19 - Jan 19, 13:00-14:55 (M)",Tanya Kozera
PT 7160,A01 (52251),Physical Therapy Practice and Professional Issues 2 (Part B) (1.5),B,"Feb 23 - Feb 23, 13:00-14:55 (M)",Tanya Kozera
PT 7160,A01 (52251),Physical Therapy Practice and Professional Issues 2 (Part B) (1.5),B,"Mar 11 - Mar 11, 13:00-14:55 (W)",Tanya Kozera
PT 7160,A01 (52251),Physical Therapy Practice and Professional Issues 2 (Part B) (1.5),B,"Feb 26 - Feb 26, 13:00-15:55 (R)",Tanya Kozera
PT 7160,X02 (65200),Physical Therapy Practice and Professional Issues 2 (3),B,"Feb 24 - Feb 24, 09:00-09:55 (T)",TBA
PT 7160,X01 (65199),Physical Therapy Practice and Professional Issues 2 (3),B,"Feb 24 - Feb 24, 09:00-09:55 (T)",TBA
PT 7160,X01 (65199),Physical Therapy Practice and Professional Issues 2 (3),B,"Feb 26 - Feb 26, 13:00-15:55 (R)",TBA
PT 7160,X02 (65200),Physical Therapy Practice and Professional Issues 2 (3),B,"Feb 26 - Feb 26, 13:00-15:55 (R)",TBA
PT 7160,A01 (52251),Physical Therapy Practice and Professional Issues 2 (Part B) (1.5),B,"Jan 21 - Jan 21, 13:00-14:55 (W)",Tanya Kozera
PT 7160,A01 (52251),Physical Therapy Practice and Professional Issues 2 (Part B) (1.5),B,"Mar 05 - Mar 05, 10:00-11:55 (R)",Tanya Kozera
PT 7160,A01 (52251),Physical Therapy Practice and Professional Issues 2 (Part B) (1.5),B,"Jan 05 - Jan 05, 10:30-11:55 (M)",Tanya Kozera
PT 7160,A01 (52251),Physical Therapy Practice and Professional Issues 2 (Part B) (1.5),B,"Jan 20 - Jan 20, 10:00-11:55 (T)",Tanya Kozera
PT 7160,A01 (52251),Physical Therapy Practice and Professional Issues 2 (Part B) (1.5),B,"Jan 07 - Jan 07, 08:00-09:55 (W)",Tanya Kozera
PT 7160,A01 (52251),Physical Therapy Practice and Professional Issues 2 (Part B) (1.5),B,"Mar 03 - Mar 03, 10:00-11:55 (T)",Tanya Kozera
PT 7160,A01 (52251),Physical Therapy Practice and Professional Issues 2 (Part B) (1.5),B,"Feb 24 - Feb 24, 10:00-11:55 (T)",Tanya Kozera
PT 7160,A01 (52251),Physical Therapy Practice and Professional Issues 2 (Part B) (1.5),B,"Feb 03 - Feb 03, 10:00-11:55 (T)",Tanya Kozera
PT 7160,A01 (52251),Physical Therapy Practice and Professional Issues 2 (Part B) (1.5),B,"Feb 10 - Feb 10, 10:00-11:55 (T)",Tanya Kozera
PT 7160,A01 (52251),Physical Therapy Practice and Professional Issues 2 (Part B) (1.5),B,"Feb 23 - Feb 23, 10:00-11:55 (M)",Tanya Kozera
PT 7160,A01 (52251),Physical Therapy Practice and Professional Issues 2 (Part B) (1.5),B,"Feb 24 - Feb 24, 09:00-09:55 (T)",Tanya Kozera
PT 7160,A01 (52251),Physical Therapy Practice and Professional Issues 2 (Part B) (1.5),B,"Feb 12 - Feb 12, 08:00-09:55 (R)",Tanya Kozera
PT 7160,A01 (52251),Physical Therapy Practice and Professional Issues 2 (Part B) (1.5),B,"Mar 10 - Mar 10, 10:00-11:55 (T)",Tanya Kozera
PT 7160,A01 (52251),Physical Therapy Practice and Professional Issues 2 (Part B) (1.5),B,"Feb 04 - Feb 04, 08:00-09:55 (W)",Tanya Kozera
PT 7292,A01 (62743),Neurosciences Clinical Education (6),B,"Mar 05 - Mar 05, 14:30-15:25 (R)",Kelly Codispodi
PT 7292,A01 (62743),Neurosciences Clinical Education (6),B,"Feb 11 - Feb 11, 15:00-15:55 (W)",Kelly Codispodi
PT 7292,A01 (62743),Neurosciences Clinical Education (6),B,"Mar 04 - Mar 04, 15:00-15:55 (W)",Kelly Codispodi
PT 7294,A01 (64783),Cardiovascular and Pulmonary Clinical Education (Part B) (2.5),B,"Jan 15 - Jan 15, 13:00-14:55 (R)",Kelly Codispodi
PT 7294,A01 (64783),Cardiovascular and Pulmonary Clinical Education (Part B) (2.5),B,Apr 06 - Jun 26,Kelly Codispodi
PT 7330,A01 (53431),Applied Sciences for Physical Therapy 4 (3),B,"Jan 29 - Jan 29, 10:00-11:55 (R)",Brian MacNeil
PT 7330,A01 (53431),Applied Sciences for Physical Therapy 4 (3),B,"Jan 07 - Jan 07, 10:00-11:55 (W)",Brian MacNeil
PT 7330,A01 (53431),Applied Sciences for Physical Therapy 4 (3),B,"Jan 13 - Jan 13, 09:00-11:55 (T)",Brian MacNeil
PT 7330,A01 (53431),Applied Sciences for Physical Therapy 4 (3),B,"Feb 05 - Feb 05, 09:00-11:55 (R)",Brian MacNeil
PT 7330,A01 (53431),Applied Sciences for Physical Therapy 4 (3),B,"Feb 23 - Feb 23, 08:30-09:25 (M)",Brian MacNeil
PT 7330,A01 (53431),Applied Sciences for Physical Therapy 4 (3),B,"Jan 05 - Jan 05, 13:00-15:55 (M)",Brian MacNeil
PT 7330,A01 (53431),Applied Sciences for Physical Therapy 4 (3),B,"Jan 26 - Jan 26, 13:00-13:55 (M)",Brian MacNeil
PT 7330,A01 (53431),Applied Sciences for Physical Therapy 4 (3),B,"Jan 16 - Jan 16, 13:00-14:55 (F)",Brian MacNeil
PT 7330,A01 (53431),Applied Sciences for Physical Therapy 4 (3),B,"Jan 20 - Jan 20, 08:00-09:55 (T)",Brian MacNeil
PT 7330,A01 (53431),Applied Sciences for Physical Therapy 4 (3),B,"Jan 19 - Jan 19, 08:30-09:25 (M)",Brian MacNeil
PT 7330,A01 (53431),Applied Sciences for Physical Therapy 4 (3),B,"Feb 02 - Feb 02, 08:30-09:25 (M)",Brian MacNeil
PT 7330,A01 (53431),Applied Sciences for Physical Therapy 4 (3),B,"Jan 05 - Jan 05, 09:00-10:25 (M)",Brian MacNeil
PT 7390,A01 (62744),Elective Clinical Education (Part B) (3),B,Apr 06 - Jun 26,Kelly Codispodi
PT 7500,A01 (52710),Physical Therapy Evaluation/Research Project (Part B) (3),B,"Jan 05 - Jun 26, 16:00-16:55 ()",Mirella Veras
REHB 2450,A01 (52204),Research Methodology for Medical Rehabilitation (3),B,"Mar 27 - Mar 27, 08:00-09:55 (F)",Diana Sanchez-Ramirez
REHB 2450,A01 (52204),Research Methodology for Medical Rehabilitation (3),B,"Mar 06 - Mar 06, 08:00-09:55 (F)",Diana Sanchez-Ramirez
REHB 2450,A01 (52204),Research Methodology for Medical Rehabilitation (3),B,"Feb 27 - Feb 27, 08:00-09:55 (F)",Diana Sanchez-Ramirez
REHB 2450,A01 (52204),Research Methodology for Medical Rehabilitation (3),B,"Mar 30 - Mar 30, 13:00-14:55 (M)",Diana Sanchez-Ramirez
REHB 2450,A01 (52204),Research Methodology for Medical Rehabilitation (3),B,"Jan 07 - Jan 07, 13:00-14:55 (W)",Diana Sanchez-Ramirez
REHB 2450,A01 (52204),Research Methodology for Medical Rehabilitation (3),B,"Mar 18 - Mar 18, 13:00-14:55 (W)",Diana Sanchez-Ramirez
REHB 2450,A01 (52204),Research Methodology for Medical Rehabilitation (3),B,"Jan 14 - Jan 14, 13:00-14:55 (W)",Diana Sanchez-Ramirez
REHB 2450,A01 (52204),Research Methodology for Medical Rehabilitation (3),B,"Mar 04 - Mar 04, 13:00-14:55 (W)",Diana Sanchez-Ramirez
REHB 2450,A01 (52204),Research Methodology for Medical Rehabilitation (3),B,"Apr 01 - Apr 01, 13:00-14:55 (W)",Diana Sanchez-Ramirez
REHB 2450,A01 (52204),Research Methodology for Medical Rehabilitation (3),B,"Apr 08 - Apr 08, 13:00-14:55 (W)",Diana Sanchez-Ramirez
REHB 2450,A01 (52204),Research Methodology for Medical Rehabilitation (3),B,"Jan 21 - Jan 21, 13:00-14:55 (W)",Diana Sanchez-Ramirez
REHB 2450,A01 (52204),Research Methodology for Medical Rehabilitation (3),B,"Mar 20 - Mar 20, 08:00-09:55 (F)",Diana Sanchez-Ramirez
REHB 2450,A01 (52204),Research Methodology for Medical Rehabilitation (3),B,"Feb 25 - Feb 25, 13:00-14:55 (W)",Diana Sanchez-Ramirez
REHB 2450,A01 (52204),Research Methodology for Medical Rehabilitation (3),B,"Mar 13 - Mar 13, 08:00-09:55 (F)",Diana Sanchez-Ramirez
REHB 2450,A01 (52204),Research Methodology for Medical Rehabilitation (3),B,"Feb 13 - Feb 13, 13:00-14:55 (F)",Diana Sanchez-Ramirez
REHB 2450,A01 (52204),Research Methodology for Medical Rehabilitation (3),B,"Mar 27 - Mar 27, 13:00-14:55 (F)",Diana Sanchez-Ramirez
REHB 2450,A01 (52204),Research Methodology for Medical Rehabilitation (3),B,"Mar 20 - Mar 20, 13:00-14:55 (F)",Diana Sanchez-Ramirez
REHB 2450,A01 (52204),Research Methodology for Medical Rehabilitation (3),B,"Mar 11 - Mar 11, 13:00-14:55 (W)",Diana Sanchez-Ramirez
REHB 2450,A01 (52204),Research Methodology for Medical Rehabilitation (3),B,"Jan 09 - Jan 09, 13:00-14:55 (F)",Diana Sanchez-Ramirez
REHB 2450,A01 (52204),Research Methodology for Medical Rehabilitation (3),B,"Jan 16 - Jan 16, 13:00-14:55 (F)",Diana Sanchez-Ramirez
REHB 2450,A01 (52204),Research Methodology for Medical Rehabilitation (3),B,"Feb 27 - Feb 27, 13:00-14:55 (F)",Diana Sanchez-Ramirez
REHB 2450,A01 (52204),Research Methodology for Medical Rehabilitation (3),B,"Feb 11 - Feb 11, 13:00-14:55 (W)",Diana Sanchez-Ramirez
REHB 2450,A01 (52204),Research Methodology for Medical Rehabilitation (3),B,"Feb 06 - Feb 06, 13:00-14:55 (F)",Diana Sanchez-Ramirez
REHB 2450,A01 (52204),Research Methodology for Medical Rehabilitation (3),B,"Apr 10 - Apr 10, 13:00-14:55 (F)",Diana Sanchez-Ramirez
REHB 2450,A01 (52204),Research Methodology for Medical Rehabilitation (3),B,"Jan 23 - Jan 23, 13:00-14:55 (F)",Diana Sanchez-Ramirez
REHB 2450,A01 (52204),Research Methodology for Medical Rehabilitation (3),B,"Jan 30 - Jan 30, 13:00-14:55 (F)",Diana Sanchez-Ramirez
REHB 2450,A01 (52204),Research Methodology for Medical Rehabilitation (3),B,"Mar 06 - Mar 06, 13:00-14:55 (F)",Diana Sanchez-Ramirez
REHB 2450,A01 (52204),Research Methodology for Medical Rehabilitation (3),B,"Mar 13 - Mar 13, 13:00-14:55 (F)",Diana Sanchez-Ramirez
REHB 7180,T01 (50926),Practical skills for thesis preparation in the rehabilitation sciences (3),B,"Jan 12 - Apr 06, 13:00-15:55 (M)",Lisa Engel
RESP 1410,A01 (52616),Health Systems and Respiratory Care (3),B,"Mar 11 - Mar 11, 10:00-11:55 (W)",Sandra Biesheuvel
RESP 1410,A01 (52616),Health Systems and Respiratory Care (3),B,"Jan 21 - Jan 21, 10:00-11:55 (W)",Sandra Biesheuvel
RESP 1410,A01 (52616),Health Systems and Respiratory Care (3),B,"Apr 01 - Apr 01, 10:00-11:55 (W)",Sandra Biesheuvel
RESP 1410,A01 (52616),Health Systems and Respiratory Care (3),B,"Jan 07 - Jan 07, 10:00-11:55 (W)",Sandra Biesheuvel
RESP 1410,A01 (52616),Health Systems and Respiratory Care (3),B,"Apr 07 - Apr 07, 10:00-11:55 (T)",Sandra Biesheuvel
RESP 1410,A01 (52616),Health Systems and Respiratory Care (3),B,"Feb 25 - Feb 25, 13:00-14:55 (W)",Sandra Biesheuvel
RESP 1410,A01 (52616),Health Systems and Respiratory Care (3),B,"Mar 10 - Mar 10, 10:00-11:55 (T)",Sandra Biesheuvel
RESP 1410,A01 (52616),Health Systems and Respiratory Care (3),B,"Jan 14 - Jan 14, 10:00-11:55 (W)",Sandra Biesheuvel
RESP 1410,A01 (52616),Health Systems and Respiratory Care (3),B,"Mar 03 - Mar 03, 10:00-11:55 (T)",Sandra Biesheuvel
RESP 1410,A01 (52616),Health Systems and Respiratory Care (3),B,"Mar 12 - Mar 12, 10:00-11:55 (R)",Sandra Biesheuvel
RESP 1410,A01 (52616),Health Systems and Respiratory Care (3),B,"Feb 24 - Feb 24, 10:00-11:55 (T)",Sandra Biesheuvel
RESP 1410,A01 (52616),Health Systems and Respiratory Care (3),B,"Apr 23 - Apr 23, 10:00-11:55 (R)",Sandra Biesheuvel
RESP 1410,A01 (52616),Health Systems and Respiratory Care (3),B,"Mar 05 - Mar 05, 10:00-11:55 (R)",Sandra Biesheuvel
RESP 1410,A01 (52616),Health Systems and Respiratory Care (3),B,"Feb 05 - Feb 05, 10:00-11:55 (R)",Sandra Biesheuvel
RESP 1410,A01 (52616),Health Systems and Respiratory Care (3),B,"Jan 15 - Jan 15, 10:00-11:55 (R)",Sandra Biesheuvel
RESP 1410,A01 (52616),Health Systems and Respiratory Care (3),B,"Jan 29 - Jan 29, 10:00-11:55 (R)",Sandra Biesheuvel
RESP 1410,A01 (52616),Health Systems and Respiratory Care (3),B,"Apr 06 - Apr 06, 13:00-14:55 (M)",Sandra Biesheuvel
RESP 1410,A01 (52616),Health Systems and Respiratory Care (3),B,"Jan 05 - Jan 05, 13:00-14:55 (M)",Sandra Biesheuvel
RESP 1410,A01 (52616),Health Systems and Respiratory Care (3),B,"Feb 09 - Feb 09, 13:00-14:55 (M)",Sandra Biesheuvel
RESP 1410,A01 (52616),Health Systems and Respiratory Care (3),B,"Feb 11 - Feb 11, 13:00-14:55 (W)",Sandra Biesheuvel
RESP 1410,A01 (52616),Health Systems and Respiratory Care (3),B,"Mar 24 - Mar 24, 09:00-11:55 (T)",Sandra Biesheuvel
RESP 1410,A01 (52616),Health Systems and Respiratory Care (3),B,"Jan 22 - Jan 22, 10:00-11:55 (R)",Sandra Biesheuvel
RESP 1420,A01 (52617),Applied Physiology for Respiratory Therapy (Part B) (3),B,"Jan 12 - Jan 12, 10:00-11:55 (M)",Denise Mackey
RESP 1420,A01 (52617),Applied Physiology for Respiratory Therapy (Part B) (3),B,"Mar 09 - Mar 09, 10:00-11:55 (M)",Denise Mackey
RESP 1420,A01 (52617),Applied Physiology for Respiratory Therapy (Part B) (3),B,"Mar 02 - Mar 02, 10:00-11:55 (M)",Denise Mackey
RESP 1420,A01 (52617),Applied Physiology for Respiratory Therapy (Part B) (3),B,"Feb 26 - Feb 26, 10:00-11:55 (R)",Denise Mackey
RESP 1420,A01 (52617),Applied Physiology for Respiratory Therapy (Part B) (3),B,"Jan 26 - Jan 26, 10:00-11:55 (M)",Denise Mackey
RESP 1420,A01 (52617),Applied Physiology for Respiratory Therapy (Part B) (3),B,"Mar 19 - Mar 19, 09:00-10:55 (R)",Denise Mackey
RESP 1420,A01 (52617),Applied Physiology for Respiratory Therapy (Part B) (3),B,"Mar 25 - Mar 25, 09:00-11:55 (W)",Denise Mackey
RESP 1420,A01 (52617),Applied Physiology for Respiratory Therapy (Part B) (3),B,"Apr 06 - Apr 06, 10:00-11:55 (M)",Denise Mackey
RESP 1420,A01 (52617),Applied Physiology for Respiratory Therapy (Part B) (3),B,"Feb 23 - Feb 23, 10:00-11:55 (M)",Denise Mackey
RESP 1420,A01 (52617),Applied Physiology for Respiratory Therapy (Part B) (3),B,"Mar 17 - Mar 17, 10:00-11:55 (T)",Denise Mackey
RESP 1420,A01 (52617),Applied Physiology for Respiratory Therapy (Part B) (3),B,"Feb 03 - Feb 03, 10:00-11:55 (T)",Denise Mackey
RESP 1420,A01 (52617),Applied Physiology for Respiratory Therapy (Part B) (3),B,"Jan 20 - Jan 20, 10:00-11:55 (T)",Denise Mackey
RESP 1420,A01 (52617),Applied Physiology for Respiratory Therapy (Part B) (3),B,"Feb 11 - Feb 11, 10:00-11:55 (W)",Denise Mackey
RESP 1420,A01 (52617),Applied Physiology for Respiratory Therapy (Part B) (3),B,"Mar 04 - Mar 04, 10:00-11:55 (W)",Denise Mackey
RESP 1420,A01 (52617),Applied Physiology for Respiratory Therapy (Part B) (3),B,"Mar 18 - Mar 18, 10:00-11:55 (W)",Denise Mackey
RESP 1420,A01 (52617),Applied Physiology for Respiratory Therapy (Part B) (3),B,"Jan 28 - Jan 28, 10:00-11:55 (W)",Denise Mackey
RESP 1420,A01 (52617),Applied Physiology for Respiratory Therapy (Part B) (3),B,"Jan 08 - Jan 08, 10:00-11:55 (R)",Denise Mackey
RESP 1420,A01 (52617),Applied Physiology for Respiratory Therapy (Part B) (3),B,"Jan 13 - Jan 13, 08:00-09:55 (T)",Denise Mackey
RESP 1420,A01 (52617),Applied Physiology for Respiratory Therapy (Part B) (3),B,"Feb 04 - Feb 04, 13:00-14:55 (W)",Denise Mackey
RESP 1420,A01 (52617),Applied Physiology for Respiratory Therapy (Part B) (3),B,"Apr 14 - Apr 14, 10:00-11:55 (T)",Denise Mackey
RESP 1430,A01 (52618),Respiratory Therapeutics 1 (Part B) (3),B,"Feb 24 - Feb 24, 08:00-09:55 (T)",Kaitlin King
RESP 1430,A01 (52618),Respiratory Therapeutics 1 (Part B) (3),B,"Mar 26 - Mar 26, 09:00-11:55 (R)",Kaitlin King
RESP 1430,A01 (52618),Respiratory Therapeutics 1 (Part B) (3),B,"Feb 04 - Feb 04, 09:00-11:55 (W)",Kaitlin King
RESP 1430,A01 (52618),Respiratory Therapeutics 1 (Part B) (3),B,"Mar 16 - Mar 16, 10:00-11:55 (M)",Kaitlin King
RESP 1430,A01 (52618),Respiratory Therapeutics 1 (Part B) (3),B,"Mar 12 - Mar 12, 08:00-09:55 (R)",Kaitlin King
RESP 1430,A01 (52618),Respiratory Therapeutics 1 (Part B) (3),B,"Mar 03 - Mar 03, 08:00-09:55 (T)",Kaitlin King
RESP 1430,A01 (52618),Respiratory Therapeutics 1 (Part B) (3),B,"Mar 02 - Mar 02, 08:00-09:55 (M)",Kaitlin King
RESP 1430,A01 (52618),Respiratory Therapeutics 1 (Part B) (3),B,"Jan 27 - Jan 27, 09:00-11:55 (T)",Kaitlin King
RESP 1430,A01 (52618),Respiratory Therapeutics 1 (Part B) (3),B,"Mar 18 - Mar 18, 13:00-14:55 (W)",Kaitlin King
RESP 1430,A01 (52618),Respiratory Therapeutics 1 (Part B) (3),B,"Feb 02 - Feb 02, 13:00-14:55 (M)",Kaitlin King
RESP 1430,A01 (52618),Respiratory Therapeutics 1 (Part B) (3),B,"Apr 15 - Apr 15, 10:00-12:55 (W)",Kaitlin King
RESP 1430,A01 (52618),Respiratory Therapeutics 1 (Part B) (3),B,"Jan 13 - Jan 13, 10:00-11:55 (T)",Kaitlin King
RESP 1430,A01 (52618),Respiratory Therapeutics 1 (Part B) (3),B,"Jan 06 - Jan 06, 10:00-11:55 (T)",Kaitlin King
RESP 1430,A01 (52618),Respiratory Therapeutics 1 (Part B) (3),B,"Feb 09 - Feb 09, 10:00-11:55 (M)",Kaitlin King
RESP 1430,A01 (52618),Respiratory Therapeutics 1 (Part B) (3),B,"Feb 02 - Feb 02, 10:00-11:55 (M)",Kaitlin King
RESP 1430,A01 (52618),Respiratory Therapeutics 1 (Part B) (3),B,"Apr 16 - Apr 16, 13:00-14:55 (R)",Kaitlin King
RESP 1440,A01 (52619),Pharmacology (3),B,"Feb 24 - Apr 02, 13:00-14:55 (TR)",Jun-Feng Wang
RESP 1440,A01 (52619),Pharmacology (3),B,"Jan 06 - Feb 12, 13:00-14:55 (TR)",Jun-Feng Wang
RESP 1450,A01 (52620),Principles of Mechanical Ventilation (Part B) (3),B,"Mar 25 - Mar 25, 13:00-14:55 (W)",Ian Hay
RESP 1450,A01 (52620),Principles of Mechanical Ventilation (Part B) (3),B,"Mar 11 - Mar 11, 13:00-14:55 (W)",Ian Hay
RESP 1450,A01 (52620),Principles of Mechanical Ventilation (Part B) (3),B,"Mar 04 - Mar 04, 13:00-14:55 (W)",Ian Hay
RESP 1450,A01 (52620),Principles of Mechanical Ventilation (Part B) (3),B,"Apr 07 - Apr 07, 13:00-14:55 (T)",Ian Hay
RESP 1450,A01 (52620),Principles of Mechanical Ventilation (Part B) (3),B,"Mar 30 - Mar 30, 13:00-14:55 (M)",Ian Hay
RESP 1450,A01 (52620),Principles of Mechanical Ventilation (Part B) (3),B,"Mar 16 - Mar 16, 13:00-14:55 (M)",Ian Hay
RESP 1450,A01 (52620),Principles of Mechanical Ventilation (Part B) (3),B,"Mar 02 - Mar 02, 13:00-14:55 (M)",Ian Hay
RESP 1450,A01 (52620),Principles of Mechanical Ventilation (Part B) (3),B,"Apr 09 - Apr 09, 10:00-11:55 (R)",Ian Hay
RESP 1450,A01 (52620),Principles of Mechanical Ventilation (Part B) (3),B,"Mar 31 - Mar 31, 10:00-11:55 (T)",Ian Hay
RESP 1450,A01 (52620),Principles of Mechanical Ventilation (Part B) (3),B,"Mar 30 - Mar 30, 10:00-11:55 (M)",Ian Hay
RESP 1450,A01 (52620),Principles of Mechanical Ventilation (Part B) (3),B,"Mar 09 - Mar 09, 13:00-14:55 (M)",Ian Hay
RESP 1450,A01 (52620),Principles of Mechanical Ventilation (Part B) (3),B,"Feb 27 - Feb 27, 13:00-14:55 (F)",Ian Hay
RESP 1460,A01 (52621),Basic Fieldwork 1 (Part B) (2),OC,"Jan 05 - Jun 26, 08:00-15:55 ()",Cory Campbell
RESP 2210,A01 (53413),Pathophysiology (Part B) (3),B,"Mar 31 - Mar 31, 10:00-11:55 (T)",Denise Mackey
RESP 2210,A01 (53413),Pathophysiology (Part B) (3),B,"Feb 24 - Feb 24, 10:00-11:55 (T)",Denise Mackey
RESP 2210,A01 (53413),Pathophysiology (Part B) (3),B,"Feb 10 - Feb 10, 10:00-11:55 (T)",Denise Mackey
RESP 2210,A01 (53413),Pathophysiology (Part B) (3),B,"Mar 10 - Mar 10, 10:00-11:55 (T)",Denise Mackey
RESP 2210,A01 (53413),Pathophysiology (Part B) (3),B,"Jan 20 - Jan 20, 10:00-11:55 (T)",Denise Mackey
RESP 2210,A01 (53413),Pathophysiology (Part B) (3),B,"Mar 05 - Mar 05, 10:00-11:55 (R)",Denise Mackey
RESP 2210,A01 (53413),Pathophysiology (Part B) (3),B,"Mar 25 - Mar 25, 10:00-11:55 (W)",Denise Mackey
RESP 2210,A01 (53413),Pathophysiology (Part B) (3),B,"Jan 21 - Jan 21, 10:00-11:55 (W)",Denise Mackey
RESP 2210,A01 (53413),Pathophysiology (Part B) (3),B,"Apr 09 - Apr 09, 10:00-11:55 (R)",Denise Mackey
RESP 2210,A01 (53413),Pathophysiology (Part B) (3),B,"Feb 25 - Feb 25, 10:00-11:55 (W)",Denise Mackey
RESP 2210,A01 (53413),Pathophysiology (Part B) (3),B,"Mar 03 - Mar 03, 10:00-11:55 (T)",Denise Mackey
RESP 2210,A01 (53413),Pathophysiology (Part B) (3),B,"Mar 11 - Mar 11, 10:00-11:55 (W)",Denise Mackey
RESP 2210,A01 (53413),Pathophysiology (Part B) (3),B,"Mar 16 - Mar 16, 10:00-11:55 (M)",Denise Mackey
RESP 2210,A01 (53413),Pathophysiology (Part B) (3),B,"Jan 15 - Jan 15, 10:00-11:55 (R)",Denise Mackey
RESP 2210,A01 (53413),Pathophysiology (Part B) (3),B,"Mar 20 - Mar 20, 10:00-11:55 (F)",Denise Mackey
RESP 2210,A01 (53413),Pathophysiology (Part B) (3),B,"Apr 24 - Apr 24, 10:00-11:55 (F)",Denise Mackey
RESP 2210,A01 (53413),Pathophysiology (Part B) (3),B,"Feb 09 - Feb 09, 13:00-14:55 (M)",Denise Mackey
RESP 2210,A01 (53413),Pathophysiology (Part B) (3),B,"Jan 13 - Jan 13, 10:00-11:55 (T)",Denise Mackey
RESP 2210,A01 (53413),Pathophysiology (Part B) (3),B,"Jan 05 - Jan 05, 13:00-14:55 (M)",Denise Mackey
RESP 2210,A01 (53413),Pathophysiology (Part B) (3),B,"Mar 09 - Mar 09, 13:00-14:55 (M)",Denise Mackey
RESP 2210,A01 (53413),Pathophysiology (Part B) (3),B,"Jan 08 - Jan 08, 13:00-14:55 (R)",Denise Mackey
RESP 2210,A01 (53413),Pathophysiology (Part B) (3),B,"Feb 05 - Feb 05, 08:00-09:55 (R)",Denise Mackey
RESP 2210,A01 (53413),Pathophysiology (Part B) (3),B,"Jan 30 - Jan 30, 08:00-09:55 (F)",Denise Mackey
RESP 2210,A01 (53413),Pathophysiology (Part B) (3),B,"Feb 23 - Feb 23, 13:00-14:55 (M)",Denise Mackey
RESP 2220,A01 (53414),Physical Examination and Health Assessment (3),B,"Jan 20 - Jan 20, 13:00-14:55 (T)",Ian Hay
RESP 2220,A01 (53414),Physical Examination and Health Assessment (3),B,"Apr 07 - Apr 07, 13:00-14:55 (T)",Ian Hay
RESP 2220,A01 (53414),Physical Examination and Health Assessment (3),B,"Apr 21 - Apr 21, 10:00-11:55 (T)",Ian Hay
RESP 2220,A01 (53414),Physical Examination and Health Assessment (3),B,"Jan 07 - Jan 07, 10:00-11:55 (W)",Ian Hay
RESP 2220,A01 (53414),Physical Examination and Health Assessment (3),B,"Jan 09 - Jan 09, 10:00-11:55 (F)",Ian Hay
RESP 2220,A01 (53414),Physical Examination and Health Assessment (3),B,"Mar 31 - Mar 31, 13:00-14:55 (T)",Ian Hay
RESP 2220,A01 (53414),Physical Examination and Health Assessment (3),B,"Mar 17 - Mar 17, 13:00-15:55 (T)",Ian Hay
RESP 2220,A01 (53414),Physical Examination and Health Assessment (3),B,"Jan 13 - Jan 13, 13:00-14:55 (T)",Ian Hay
RESP 2220,A01 (53414),Physical Examination and Health Assessment (3),B,"Jan 15 - Jan 15, 13:00-14:55 (R)",Ian Hay
RESP 2220,A01 (53414),Physical Examination and Health Assessment (3),B,"Apr 09 - Apr 09, 13:00-14:55 (R)",Ian Hay
RESP 2220,A01 (53414),Physical Examination and Health Assessment (3),B,"Jan 05 - Jan 05, 10:00-11:55 (M)",Ian Hay
RESP 2220,A01 (53414),Physical Examination and Health Assessment (3),B,"Mar 30 - Mar 30, 10:00-11:55 (M)",Ian Hay
RESP 2230,A01 (53417),Respiratory Therapeutics 2 (Part B) (3),B,"Apr 14 - Apr 14, 10:00-11:55 (T)",Sandra Biesheuvel
RESP 2230,A01 (53417),Respiratory Therapeutics 2 (Part B) (3),B,"Mar 10 - Mar 10, 08:00-09:55 (T)",Sandra Biesheuvel
RESP 2230,A01 (53417),Respiratory Therapeutics 2 (Part B) (3),B,"Feb 24 - Feb 24, 08:00-09:55 (T)",Sandra Biesheuvel
RESP 2230,A01 (53417),Respiratory Therapeutics 2 (Part B) (3),B,"Mar 17 - Mar 17, 08:00-09:55 (T)",Sandra Biesheuvel
RESP 2230,A01 (53417),Respiratory Therapeutics 2 (Part B) (3),B,"Feb 03 - Feb 03, 08:00-09:55 (T)",Sandra Biesheuvel
RESP 2230,A01 (53417),Respiratory Therapeutics 2 (Part B) (3),B,"Mar 03 - Mar 03, 08:00-09:55 (T)",Sandra Biesheuvel
RESP 2230,A01 (53417),Respiratory Therapeutics 2 (Part B) (3),B,"Feb 13 - Feb 13, 10:00-11:55 (F)",Sandra Biesheuvel
RESP 2230,A01 (53417),Respiratory Therapeutics 2 (Part B) (3),B,"Jan 13 - Jan 13, 08:00-09:55 (T)",Sandra Biesheuvel
RESP 2230,A01 (53417),Respiratory Therapeutics 2 (Part B) (3),B,"Apr 08 - Apr 08, 10:00-11:25 (W)",Sandra Biesheuvel
RESP 2230,A01 (53417),Respiratory Therapeutics 2 (Part B) (3),B,"Jan 20 - Jan 20, 08:00-09:55 (T)",Sandra Biesheuvel
RESP 2230,A01 (53417),Respiratory Therapeutics 2 (Part B) (3),B,"Jan 06 - Jan 06, 08:00-09:55 (T)",Sandra Biesheuvel
RESP 2230,A01 (53417),Respiratory Therapeutics 2 (Part B) (3),B,"Jan 27 - Jan 27, 08:00-09:55 (T)",Sandra Biesheuvel
RESP 2230,A01 (53417),Respiratory Therapeutics 2 (Part B) (3),B,"Mar 24 - Mar 24, 08:00-09:55 (T)",Sandra Biesheuvel
RESP 2230,A01 (53417),Respiratory Therapeutics 2 (Part B) (3),B,"Mar 04 - Mar 04, 10:00-11:55 (W)",Sandra Biesheuvel
RESP 2240,A01 (53418),Clinical Mechanical Ventilation (3),B,"Mar 09 - Mar 09, 10:00-11:55 (M)",Kaitlin King
RESP 2240,A01 (53418),Clinical Mechanical Ventilation (3),B,"Mar 02 - Mar 02, 10:00-11:55 (M)",Kaitlin King
RESP 2240,A01 (53418),Clinical Mechanical Ventilation (3),B,"Apr 07 - Apr 07, 10:00-11:55 (T)",Kaitlin King
RESP 2240,A01 (53418),Clinical Mechanical Ventilation (3),B,"Mar 24 - Mar 24, 10:00-11:55 (T)",Kaitlin King
RESP 2240,A01 (53418),Clinical Mechanical Ventilation (3),B,"Mar 18 - Mar 18, 10:00-11:55 (W)",Kaitlin King
RESP 2240,A01 (53418),Clinical Mechanical Ventilation (3),B,"Apr 01 - Apr 01, 10:00-11:55 (W)",Kaitlin King
RESP 2240,A01 (53418),Clinical Mechanical Ventilation (3),B,"Apr 02 - Apr 02, 10:00-11:55 (R)",Kaitlin King
RESP 2240,A01 (53418),Clinical Mechanical Ventilation (3),B,"Jan 29 - Jan 29, 10:00-11:55 (R)",Kaitlin King
RESP 2240,A01 (53418),Clinical Mechanical Ventilation (3),B,"Apr 06 - Apr 06, 10:00-11:55 (M)",Kaitlin King
RESP 2240,A01 (53418),Clinical Mechanical Ventilation (3),B,"Mar 17 - Mar 17, 10:00-11:55 (T)",Kaitlin King
RESP 2240,A01 (53418),Clinical Mechanical Ventilation (3),B,"Apr 17 - Apr 17, 08:30-09:55 (F)",Kaitlin King
RESP 2240,A01 (53418),Clinical Mechanical Ventilation (3),B,"Mar 19 - Mar 19, 08:30-10:25 (R)",Kaitlin King
RESP 2240,A01 (53418),Clinical Mechanical Ventilation (3),B,"Jan 23 - Jan 23, 10:00-11:55 (F)",Kaitlin King
RESP 2240,A01 (53418),Clinical Mechanical Ventilation (3),B,"Mar 12 - Mar 12, 09:00-11:55 (R)",Kaitlin King
RESP 2240,A01 (53418),Clinical Mechanical Ventilation (3),B,"Apr 02 - Apr 02, 13:00-14:55 (R)",Kaitlin King
RESP 2240,A01 (53418),Clinical Mechanical Ventilation (3),B,"Mar 03 - Mar 03, 13:00-14:55 (T)",Kaitlin King
RESP 2240,A01 (53418),Clinical Mechanical Ventilation (3),B,"Mar 16 - Mar 16, 13:00-14:55 (M)",Kaitlin King
RESP 2240,A01 (53418),Clinical Mechanical Ventilation (3),B,"Mar 05 - Mar 05, 13:00-14:55 (R)",Kaitlin King
RESP 2240,A01 (53418),Clinical Mechanical Ventilation (3),B,"Apr 16 - Apr 16, 11:00-11:55 (R)",Kaitlin King
RESP 2240,A01 (53418),Clinical Mechanical Ventilation (3),B,"Mar 13 - Mar 13, 10:00-11:55 (F)",Kaitlin King
RESP 2240,A01 (53418),Clinical Mechanical Ventilation (3),B,"Mar 06 - Mar 06, 10:00-11:55 (F)",Kaitlin King
RESP 2240,A01 (53418),Clinical Mechanical Ventilation (3),B,"Mar 27 - Mar 27, 10:00-11:55 (F)",Kaitlin King
RESP 2240,A01 (53418),Clinical Mechanical Ventilation (3),B,"Apr 06 - Apr 06, 13:00-14:55 (M)",Kaitlin King
RESP 2380,A01 (52625),Basic Fieldwork 2 (4),OC,Jan 05 - Jun 26,Cory Campbell
RESP 2390,A01 (52626),Clinical Integration and Simulation (6),B,"Jan 05 - Jan 05, 13:00-13:55 ()",Sandra Biesheuvel
RESP 3320,A01 (51136),Clinical Education in Pediatric Respiratory Care (Part B) (1.5),OC,Jan 05 - Jun 26,Cory Campbell
RESP 3350,A01 (51137),Clinical Education in Pulmonary Diagnostics (Part B) (1.5),OC,Jan 05 - Jun 26,Cory Campbell
RESP 3360,A01 (51138),Clinical Education in Anesthesia (Part B) (1.5),OC,Jan 05 - Jun 26,Cory Campbell
RESP 3370,A01 (51139),Clinical Education in Community Care (Part B) (2),OC,Jan 05 - Jun 26,Cory Campbell
RESP 3410,A01 (52246),Clinical Education in Critical Care (Part B) (4),OC,Jan 05 - Jun 26,Cory Campbell
RESP 3420,A01 (52247),Clinical Education in Neonatal Care (Part B) (2.5),OC,Jan 05 - Jun 26,Cory Campbell
RESP 3430,A01 (52248),Clinical Education in General Therapeutics (Part B) (3),OC,"Jan 05 - Jun 26, 08:00-16:00 ()",Cory Campbell
RESP 3440,A01 (52245),Current Topics in Respiratory Therapy (Part B) (3),B,"Mar 20 - Mar 20, 10:00-11:55 (F)",Mayson De Araujo Sousa
RESP 3440,A01 (52245),Current Topics in Respiratory Therapy (Part B) (3),B,"Mar 18 - Mar 18, 10:00-11:55 (W)",Mayson De Araujo Sousa
HYGN 1238,A01 (51162),Dental Hygiene Clinical Practice I (3),B,"Jan 05 - Apr 02, 13:00-13:50 (T)",Lorraine Glassford
HYGN 1238,A01 (51162),Dental Hygiene Clinical Practice I (3),B,"Jan 05 - Apr 02, 13:00-16:50 (WRF)",Lorraine Glassford
HYGN 1238,A01 (51162),Dental Hygiene Clinical Practice I (3),B,"Jan 05 - Apr 02, 14:00-16:50 (T)",Lorraine Glassford
HYGN 1238,A01 (51162),Dental Hygiene Clinical Practice I (3),B,"Jan 05 - Apr 02, 09:00-11:50 (T)",Lorraine Glassford
HYGN 1242,A01 (51163),Dental Hygiene Theory and Practice II (4),B,"Jan 05 - Apr 02, 10:00-11:50 (W)",Cindy Isaak-Ploegman
HYGN 1242,A01 (51163),Dental Hygiene Theory and Practice II (4),B,"Jan 05 - Apr 02, 14:00-15:50 (M)",Cindy Isaak-Ploegman
HYGN 1262,A01 (51164),"Dental Radiology, Part B (1.5)",B,"Feb 26 - Apr 02, 08:00-08:50 (R)",Lorraine Glassford
HYGN 1280,A01 (51783),"Microbiology and Infectious Diseases, Part B (1.5)",B,"Jan 05 - Apr 02, 08:00-09:50 (W)",Cindy Isaak-Ploegman
HYGN 1292,A01 (51165),Dental Hygiene Preclinical Restorative Techniques (2),B,"Jan 05 - Apr 02, 09:00-12:50 (R)",Lorraine Glassford
HYGN 1320,A01 (51166),Dental Materials (2),B,"Jan 05 - Apr 02, 09:00-09:50 (M)",Rodrigo Franca
HYGN 1320,A01 (51166),Dental Materials (2),B,"Jan 05 - Apr 02, 10:00-11:50 (M)",Rodrigo Franca
HYGN 1340,A01 (51167),"Communications, Part B (1)",B,"Jan 05 - Apr 02, 10:00-11:50 (F)",Katherine Yerex
HYGN 1352,A01 (51168),"Community Health I, Part B (1.5)",B,"Jan 05 - Apr 02, 08:00-09:50 (F)",Laura MacDonald
HYGN 2100,A01 (51175),"Dental Hygiene Portfolio, Part B (1)",B,"Jan 03 - Apr 03, 16:00-16:50 (M)",Laura MacDonald
HYGN 2100,A02 (51176),"Dental Hygiene Portfolio, Part B (1)",B,"Jan 03 - Apr 02, 13:00-13:50 (W)",Laura MacDonald
HYGN 2100,A01 (51175),"Dental Hygiene Portfolio, Part B (1)",B,Jan 05 - Apr 02,Laura MacDonald
HYGN 2100,A02 (51176),"Dental Hygiene Portfolio, Part B (1)",B,Jan 05 - Apr 02,Laura MacDonald
HYGN 2280,A01 (51169),Pharmacology (2),B,"Jan 05 - Apr 02, 09:00-09:50 (T)",Shirley Treacy
HYGN 2280,A01 (51169),Pharmacology (2),B,"Jan 05 - Apr 02, 14:00-15:50 (W)",Shirley Treacy
HYGN 2300,A01 (51170),"Pathology, Part B (1.5)",B,"Jan 05 - Apr 02, 11:00-11:50 (W)",Katherine Yerex
HYGN 2300,A01 (51170),"Pathology, Part B (1.5)",B,"Jan 05 - Apr 02, 13:00-14:50 (F)",Katherine Yerex
HYGN 2316,A01 (51171),Dental Hygiene Clinical Practice III (4),B,"Jan 05 - Apr 10, 09:00-11:50 (MRF)",Angela Rosales
HYGN 2316,A01 (51171),Dental Hygiene Clinical Practice III (4),B,"Jan 05 - Apr 02, 10:00-10:50 (W)",Angela Rosales
HYGN 2316,A01 (51171),Dental Hygiene Clinical Practice III (4),B,"Jan 05 - Apr 10, 13:00-16:50 (MT)",Angela Rosales
HYGN 2318,A01 (51172),Dental Hygiene Theory and Practice IV (5),B,"Jan 05 - Apr 02, 08:00-08:50 (T)",Katherine Yerex
HYGN 2318,A01 (51172),Dental Hygiene Theory and Practice IV (5),B,"Jan 05 - Apr 02, 13:00-13:50 (R)",Katherine Yerex
HYGN 2318,A01 (51172),Dental Hygiene Theory and Practice IV (5),B,"Jan 05 - Apr 02, 14:00-16:50 (R)",Katherine Yerex
HYGN 2362,A01 (51173),"Community Health II, Part B (1.5)",B,"Jan 05 - Apr 02, 09:00-09:50 (W)",Flora Bertone
HYGN 2362,A01 (51173),"Community Health II, Part B (1.5)",B,"Jan 05 - Apr 02, 10:00-11:50 (T)",Flora Bertone
HYGN 2370,A01 (51174),Nutrition in Dentistry (2),B,"Jan 09 - Jan 09, 15:00-16:50 (F)",Lorraine Glassford
HYGN 2370,A01 (51174),Nutrition in Dentistry (2),B,Jan 05 - Apr 10,Lorraine Glassford
HYGN 4412,A01 (56613),Dental Hygiene Practice Management and Leadership (3),B,Jan 03 - Apr 30,Laura MacDonald
HYGN 4460,A01 (58237),Community Health Independent Study (3),B,Jan 03 - Apr 30,Laura MacDonald
HYGN 4530,A01 (56945),Teaching Practicum (3),B,Jan 03 - Apr 30,Laura MacDonald
HYGN 4540,A01 (56944),Advanced Teaching Practicum (3),B,Jan 03 - Apr 30,Laura MacDonald
HYGN 4550,A01 (56612),Advanced Independent Study II (3),B,Jan 03 - Apr 30,Laura MacDonald
MUSC 1010,A01 (61208),Music Matters: Excursions in Western Musical Culture (3),M,"Jan 06 - Apr 09, 14:30-15:45 (TR)",Mackenzie Enns
MUSC 1014,A01 (61369),Introduction to Music in History 2 (3),M,"Jan 06 - Apr 09, 13:30-14:20 (MWF)",Colette Simonot-Maiello
MUSC 1020,A01 (61961),Introduction to Popular Music (3),M,"Jan 06 - Apr 09, 11:30-12:45 (TR)",Andrew Deruchie
MUSC 1112,A01 (61147),Jazz Theory 1 (3),M,"Jan 06 - Apr 09, 11:30-12:45 (TR)",Emmanuel Bach Camargo
MUSC 1120,A01 (50466),Music Theory 2 (3),M,"Jan 06 - Apr 09, 10:30-11:20 (MWF)",Rebecca Simpson
MUSC 1180,T02 (50469),Orchestra (Part B) (1),M,"Jan 06 - Apr 09, 16:45-19:00 (MW)",TBA
MUSC 1180,T12 (61904),University of Manitoba Upper Voices (Part B) (1),M,"Jan 06 - Apr 09, 14:30-16:15 (MW)",Elroy Friesen
MUSC 1180,T03 (50471),University Singers (Part B) (1),M,"Jan 06 - Apr 09, 13:00-15:15 (TR)",Elroy Friesen
MUSC 1180,T04 (50472),Wind Ensemble (Part B) (1),M,"Jan 06 - Apr 09, 14:30-16:45 (TR)",TBA
MUSC 1180,T09 (56615),Experimental Improv Ensemble (Part B) (1),M,"Jan 06 - Apr 09, 14:30-17:30 (F)",Gordon Fitzell
MUSC 1180,T05 (50473),Concert Band (Part B) (1),M,"Jan 06 - Apr 09, 19:00-21:30 (T)",TBA
MUSC 1180,T07 (50475),Concert Choir (Part B) (1),M,"Jan 06 - Apr 09, 17:30-19:30 (W)",TBA
MUSC 1184,T02 (61263),Small Jazz Ensemble (Part B) (1),M,Jan 06 - Apr 09,Fabio Ragnelli
MUSC 1184,T03 (61264),Jazz Vocal Ensemble (Part B) (1),M,"Jan 06 - Apr 09, 14:30-16:30 (R)",Karly Epp
MUSC 1184,T01 (61262),Jazz Orchestra (Part B) (1),M,"Jan 06 - Apr 09, 14:30-16:30 (MW)",Jonathan Challoner
MUSC 1190,T07 (61260),Opera Theatre (Part B) (1),M,"Jan 06 - Apr 09, 14:30-17:30 (F)",Katherine Twaddle
MUSC 1190,T06 (61259),Composition Seminar (Part B) (1),M,"Jan 06 - Apr 09, 14:30-17:30 (W)",Gordon Fitzell
MUSC 1190,T25 (65957),Wednesday Nigh Jazz Big Band - Part B (1),M,"Jan 06 - Apr 09, 17:30-19:00 (W)",Jonathan Challoner
MUSC 1190,T04 (61257),Chamber Music (Part B) (1),M,"Jan 06 - Apr 09, 14:30-16:30 (MW)",Judith Kehler-Siebert
MUSC 1190,T09 (61337),Small Jazz Ensemble (Part B) (1),M,Jan 06 - Apr 09,Fabio Ragnelli
MUSC 1190,T03 (61256),Accompanying (Part B) (1),M,"Jan 06 - Apr 09, 11:30-12:45 (T)",Judith Kehler-Siebert
MUSC 1190,T10 (61338),Rhythm Section Ensemble (Part B) (1),M,"Jan 06 - Apr 09, 14:30-16:30 (T)",Karl Kohut
MUSC 1190,T11 (61802),Jazz Vocal Ensemble (Part B) (1),M,"Jan 06 - Apr 09, 16:00-18:00 (R)",Karly Epp
MUSC 1190,T02 (61255),Musical Theatre (Part B) (1),M,"Jan 06 - Apr 09, 16:00-19:00 (T)",Donna Fletcher
MUSC 1190,T14 (65840),Chamber Opera - Part B (1),M,"Jan 06 - Apr 09, 11:30-12:45 (TR)",Katherine Twaddle
MUSC 1190,T07 (61260),Opera Theatre (Part B) (1),M,"Jan 06 - Apr 09, 11:30-12:45 (TR)",Katherine Twaddle
MUSC 1190,T12 (61807),Jazz Orchestra (Part B) (1),M,"Jan 06 - Apr 09, 14:30-16:30 (MW)",Jonathan Challoner
MUSC 1190,T08 (61261),Percussion Ensemble (Part B) (1),M,"Jan 06 - Apr 09, 19:30-21:30 (M)",Victoria Sparks
MUSC 1194,A01 (61363),Jazz Improvisation 1 (Part B) (1.5),M,"Jan 06 - Apr 09, 13:00-14:15 (R)",Karl Kohut
MUSC 1388,B01 (61999),Jazz Musicianship 2 Lab (0),M,"Jan 06 - Apr 09, 13:00-13:50 (T)",TBA
MUSC 1388,B02 (65834),Jazz Musicianship 2 - Lab (2),M,"Jan 06 - Apr 09, 11:30-12:20 (F)",TBA
MUSC 1388,A01 (61245),Jazz Musicianship 2 (2),M,"Jan 06 - Apr 09, 10:00-10:50 (TR)",Karly Epp
MUSC 1394,B02 (59881),Musicianship 2 Lab (0),M,"Jan 06 - Apr 09, 11:30-12:20 (R)",Darryl Friesen
MUSC 1394,A01 (64904),Musicianship 2 (2),M,"Jan 06 - Apr 09, 08:30-09:20 (MW)",Darryl Friesen
MUSC 1394,A02 (52128),Musicianship 2 (2),M,"Jan 06 - Apr 09, 09:30-10:20 (MW)",Darryl Friesen
MUSC 1394,B03 (59882),Musicianship 2 Lab (0),M,"Jan 06 - Apr 09, 10:00-11:15 (R)",Darryl Friesen
MUSC 1394,B99 (65110),Musicianship 2 - Challenge Lab (0),M,Jan 06 - Apr 09,Darryl Friesen
MUSC 1400,B10 (63909),Major Practical Study - Composition Masterclass (Part B) (0),M,Jan 06 - Apr 09,Orjan Sandred
MUSC 1400,B04 (62757),Major Practical Study - Brass Masterclass (Part B) (0),M,"Jan 06 - Apr 09, 14:30-16:00 (F)",Richard Gillis
MUSC 1400,B02 (62755),Major Practical Study - Cello Masterclass (Part B) (0),M,"Jan 06 - Apr 09, 13:00-15:00 (R)",TBA
MUSC 1400,B09 (62762),Major Practical Study - Guitar Masterclass (Part B) (0),M,"Jan 06 - Apr 09, 15:30-18:00 (M)",Ryszard Tyborowski
MUSC 1400,B08 (62761),Major Practical Study - Violin/Viola Masterclass (Part B) (0),M,"Jan 06 - Apr 09, 13:00-15:00 (T)",TBA
MUSC 1400,B05 (62758),Major Practical Study - Percussion Masterclass (Part B) (0),M,"Jan 06 - Apr 09, 14:30-16:30 (F)",Victoria Sparks
MUSC 1400,K01 (50484),Major Practical Study (Part B) (3),M,Jan 06 - Apr 09,TBA
MUSC 1400,B03 (62756),Major Practical Study - Woodwind Masterclass (Part B) (0),M,"Jan 06 - Apr 09, 14:30-16:00 (F)",Douglas Harrington
MUSC 1400,B06 (62759),Major Practical Study - Jazz Masterclass (Part B) (0),M,"Jan 06 - Apr 09, 14:30-16:30 (F)",Fabio Ragnelli
MUSC 1400,B07 (62760),Major Practical Study - Piano Masterclass (Part B) (0),M,"Jan 06 - Apr 09, 14:30-16:30 (F)",David Moroz
MUSC 1400,B01 (62754),Major Practical Study - Voice Masterclass (Part B) (0),M,"Jan 06 - Apr 09, 16:00-17:30 (R)",Mel Braun
MUSC 2082,A01 (51294),Jazz History 2 (3),M,"Jan 06 - Apr 09, 11:30-12:45 (TR)",Jonathan Challoner
MUSC 2120,A01 (50488),Music Theory 4 (3),M,"Jan 06 - Apr 09, 09:30-10:20 (MWF)",David Byrne
MUSC 2180,T12 (61905),University of Manitoba Upper Voices (Part B) (1),M,"Jan 06 - Apr 09, 14:30-16:15 (MW)",Elroy Friesen
MUSC 2180,T09 (56616),Experimental Improv Ensemble (Part B) (1),M,"Jan 06 - Apr 09, 14:30-17:30 (F)",Gordon Fitzell
MUSC 2180,T03 (50490),University Singers (Part B) (1),M,"Jan 06 - Apr 09, 13:00-15:15 (TR)",Elroy Friesen
MUSC 2180,T05 (52149),Concert Band (Part B) (1),M,"Jan 06 - Apr 09, 19:00-21:30 (T)",TBA
MUSC 2180,T02 (50489),Orchestra (Part B) (1),M,"Jan 06 - Apr 09, 16:45-19:00 (MW)",TBA
MUSC 2180,T04 (50491),Wind Ensemble (Part B) (1),M,"Jan 06 - Apr 09, 14:30-16:45 (TR)",TBA
MUSC 2180,T07 (50497),Concert Choir (Part B) (1),M,"Jan 06 - Apr 09, 17:30-19:30 (W)",TBA
MUSC 2184,T01 (61265),Jazz Orchestra (Part B) (1),M,"Jan 06 - Apr 09, 14:30-16:30 (MW)",Jonathan Challoner
MUSC 2184,T02 (61266),Small Jazz Ensemble (Part B) (1),M,Jan 06 - Apr 09,Fabio Ragnelli
MUSC 2184,T03 (61267),Jazz Vocal Ensemble (Part B) (1),M,"Jan 06 - Apr 09, 14:30-16:30 (R)",Karly Epp
MUSC 2190,T10 (61340),Rhythm Section Ensemble (Part B) (1),M,"Jan 06 - Apr 09, 14:30-16:30 (T)",Karl Kohut
MUSC 2190,T03 (61275),Accompanying (Part B) (1),M,"Jan 06 - Apr 09, 11:30-12:45 (T)",Judith Kehler-Siebert
MUSC 2190,T07 (61279),Opera Theatre (Part B) (1),M,"Jan 06 - Apr 09, 14:30-17:30 (F)",Katherine Twaddle
MUSC 2190,T08 (61280),Percussion Ensemble (Part B) (1),M,"Jan 06 - Apr 09, 19:30-21:30 (M)",Victoria Sparks
MUSC 2190,T07 (61279),Opera Theatre (Part B) (1),M,"Jan 06 - Apr 09, 11:30-12:45 (TR)",Katherine Twaddle
MUSC 2190,T12 (61808),Jazz Orchestra (Part B) (1),M,"Jan 06 - Apr 09, 14:30-16:30 (MW)",Jonathan Challoner
MUSC 2190,T02 (61274),Musical Theatre (Part B) (1),M,"Jan 06 - Apr 09, 16:00-19:00 (T)",Donna Fletcher
MUSC 2190,T04 (61276),Chamber Music (Part B) (1),M,"Jan 06 - Apr 09, 14:30-16:30 (MW)",Judith Kehler-Siebert
MUSC 2190,T13 (62899),Orchestra (Part B) (1),M,"Jan 06 - Apr 09, 16:45-19:00 (MW)",Minna Chung
MUSC 2190,T14 (65839),Chamber Opera - Part B (1),M,"Jan 06 - Apr 09, 11:30-12:45 (TR)",Katherine Twaddle
MUSC 2190,T06 (61278),Composition Seminar (Part B) (1),M,"Jan 06 - Apr 09, 14:30-17:30 (W)",Gordon Fitzell
MUSC 2190,T09 (61339),Small Jazz Ensemble (Part B) (1),M,Jan 06 - Apr 09,Fabio Ragnelli
MUSC 2190,T11 (61803),Jazz Vocal Ensemble (Part B) (1),M,"Jan 06 - Apr 09, 16:00-18:00 (R)",Karly Epp
MUSC 2190,T25 (65958),Wednesday Night Jazz Big Band - Part B (1),M,"Jan 06 - Apr 09, 17:30-19:00 (W)",Jonathan Challoner
MUSC 2194,A01 (61364),Jazz Improvisation 2 (Part B) (1.5),M,"Jan 06 - Apr 09, 13:00-14:15 (T)",Jonathan Gordon
MUSC 2388,B01 (62000),Jazz Musicianship 4 Lab (0),M,"Jan 06 - Apr 09, 11:30-12:20 (M)",Niall Bakkestad-Legare
MUSC 2388,A01 (61246),Jazz Musicianship 4 (2),M,"Jan 06 - Apr 09, 08:30-09:20 (TR)",Niall Bakkestad-Legare
MUSC 2394,B99 (65111),Musicianship 4 - Challenge Lab (0),M,Jan 06 - Apr 09,Darryl Friesen
MUSC 2394,B03 (59886),Musicianship 4 Lab (0),M,"Jan 06 - Apr 09, 08:30-09:20 (W)",Darryl Friesen
MUSC 2394,A02 (54945),Musicianship 4 (2),M,"Jan 06 - Apr 09, 11:30-12:20 (MW)",Megan Dufrat
MUSC 2394,B02 (59885),Musicianship 4 Lab (0),M,"Jan 06 - Apr 09, 13:30-14:20 (M)",Darryl Friesen
MUSC 2394,A01 (65830),Musicianship 4 (2),M,"Jan 06 - Apr 09, 10:30-11:20 (MW)",Megan Dufrat
MUSC 2400,K01 (50501),Major Practical Study (Part B) (3),M,Jan 06 - Apr 09,TBA
MUSC 2400,B10 (62810),Major Practical Study - Composition Masterclass (Part B) (0),M,Jan 06 - Apr 09,Gordon Fitzell
MUSC 2400,B05 (62766),Major Practical Study - Percussion Masterclass (Part B) (0),M,"Jan 06 - Apr 09, 14:30-16:30 (F)",Victoria Sparks
MUSC 2400,B09 (62769),Major Practical Study - Guitar Masterclass (Part B) (0),M,"Jan 06 - Apr 09, 15:30-18:00 (M)",Ryszard Tyborowski
MUSC 2400,B01 (62764),Major Practical Study - Voice Masterclass (Part B) (0),M,"Jan 06 - Apr 09, 16:00-17:30 (R)",Mel Braun
MUSC 2400,B08 (62768),Major Practical Study - Violin/Viola Masterclass (Part B) (0),M,"Jan 06 - Apr 09, 13:00-15:00 (T)",TBA
MUSC 2400,B02 (62763),Major Practical Study - Cello Masterclass (Part B) (0),M,"Jan 06 - Apr 09, 13:00-15:00 (R)",TBA
MUSC 2400,B07 (62748),Major Practical Study - Piano Masterclass (Part B) (0),M,"Jan 06 - Apr 09, 14:30-16:30 (F)",David Moroz
MUSC 2400,B06 (62767),Major Practical Study - Jazz Masterclass (Part B) (0),M,"Jan 06 - Apr 09, 14:30-16:30 (F)",Fabio Ragnelli
MUSC 2400,B04 (62765),Major Practical Study - Brass Masterclass (Part B) (0),M,"Jan 06 - Apr 09, 14:30-16:00 (F)",Richard Gillis
MUSC 2400,B03 (62753),Major Practical Study - Woodwind Masterclass (Part B) (0),M,"Jan 06 - Apr 09, 14:30-16:00 (F)",Douglas Harrington
MUSC 2460,A01 (50502),Conducting (3),M,"Jan 06 - Apr 09, 10:00-11:15 (TR)",Victor Pankratz
MUSC 3012,A01 (61789),Advanced Diction 2 (Part B) (1.5),M,"Jan 06 - Apr 09, 10:00-11:15 (M)",Sara Schabas
MUSC 3126,A01 (61207),Jazz Composition and Arranging 2 (3),M,"Jan 06 - Apr 09, 10:00-11:15 (TR)",Emmanuel Bach Camargo
MUSC 3180,T07 (50519),Concert Choir (Part B) (1),M,"Jan 06 - Apr 09, 17:30-19:30 (W)",TBA
MUSC 3180,T10 (56617),Experimental Improv Ensemble (Part B) (1),M,"Jan 06 - Apr 09, 14:30-17:30 (F)",Gordon Fitzell
MUSC 3180,T08 (53711),Cantata Singers (Part B) (1),M,"Jan 06 - Apr 09, 16:30-18:15 (M)",Elroy Friesen
MUSC 3180,T03 (50512),University Singers (Part B) (1),M,"Jan 06 - Apr 09, 13:00-15:15 (TR)",Elroy Friesen
MUSC 3180,T04 (50513),Wind Ensemble (Part B) (1),M,"Jan 06 - Apr 09, 14:30-16:45 (TR)",TBA
MUSC 3180,T12 (61906),University of Manitoba Upper Voices (Part B) (1),M,"Jan 06 - Apr 09, 14:30-16:15 (MW)",Elroy Friesen
MUSC 3180,T02 (50511),Orchestra (Part B) (1),M,"Jan 06 - Apr 09, 16:45-19:00 (MW)",TBA
MUSC 3180,T05 (52150),Concert Band (Part B) (1),M,"Jan 06 - Apr 09, 19:00-21:30 (T)",TBA
MUSC 3184,T02 (61269),Small Jazz Ensemble (Part B) (1),M,Jan 06 - Apr 09,Fabio Ragnelli
MUSC 3184,T01 (61268),Jazz Orchestra (Part B) (1),M,"Jan 06 - Apr 09, 14:30-16:30 (MW)",Jonathan Challoner
MUSC 3184,T03 (61270),Jazz Vocal Ensemble (Part B) (1),M,"Jan 06 - Apr 09, 14:30-16:30 (R)",Karly Epp
MUSC 3190,T13 (64026),Orchestra (Part B) (1),M,"Jan 06 - Apr 09, 16:45-19:00 (W)",Minna Chung
MUSC 3190,T12 (61809),Jazz Orchestra (Part B) (1),M,"Jan 06 - Apr 09, 14:30-16:30 (MW)",Jonathan Challoner
MUSC 3190,T11 (61804),Jazz Vocal Ensemble (Part B) (1),M,"Jan 06 - Apr 09, 16:00-18:00 (R)",Karly Epp
MUSC 3190,T04 (61342),Chamber Music (Part B) (1),M,"Jan 06 - Apr 09, 14:30-16:30 (MW)",Judith Kehler-Siebert
MUSC 3190,T02 (61341),Musical Theatre (Part B) (1),M,"Jan 06 - Apr 09, 16:00-19:00 (T)",Donna Fletcher
MUSC 3190,T10 (61348),Rhythm Section Ensemble (Part B) (1),M,"Jan 06 - Apr 09, 14:30-16:30 (T)",Karl Kohut
MUSC 3190,T13 (64026),Orchestra (Part B) (1),M,"Jan 06 - Apr 09, 14:45-17:00 (M)",Minna Chung
MUSC 3190,T08 (61346),Percussion Ensemble (Part B) (1),M,"Jan 06 - Apr 09, 19:30-21:30 (M)",Victoria Sparks
MUSC 3190,T07 (61345),Opera Theatre (Part B) (1),M,"Jan 06 - Apr 09, 11:30-12:45 (TR)",Katherine Twaddle
MUSC 3190,T09 (61347),Small Jazz Ensemble (Part B) (1),M,Jan 06 - Apr 09,Fabio Ragnelli
MUSC 3190,T06 (61344),Composition Seminar (Part B) (1),M,"Jan 06 - Apr 09, 14:30-17:30 (W)",Gordon Fitzell
MUSC 3190,T16 (65841),Chamber Opera - Part B (1),M,"Jan 06 - Apr 09, 11:30-12:45 (TR)",Katherine Twaddle
MUSC 3190,T25 (65959),Wednesday Night Jazz Big Band - Part B (1),M,"Jan 06 - Apr 09, 17:30-19:00 (W)",Jonathan Challoner
MUSC 3190,T07 (61345),Opera Theatre (Part B) (1),M,"Jan 06 - Apr 09, 14:30-17:30 (F)",Katherine Twaddle
MUSC 3194,A01 (61200),Jazz Improvisation 3 (Part B) (1.5),M,"Jan 06 - Apr 09, 11:30-12:45 (R)",TBA
MUSC 3230,A01 (53187),Acoustics of Music (3),M,"Jan 06 - Apr 09, 11:30-12:20 (MWF)",David Litke
MUSC 3260,A01 (66053),Oratorio Seminar (3),M,"Jan 06 - Apr 09, 13:30-14:20 (MWF)",Mel Braun
MUSC 3360,T12 (66026),WORLD MUSIC PEDAGOGY (3),M,"Feb 07 - Feb 07, 09:00-13:00 (S)",Jody Stark
MUSC 3360,T12 (66026),WORLD MUSIC PEDAGOGY (3),M,"Mar 07 - Mar 07, 09:00-13:00 (S)",Jody Stark
MUSC 3360,T12 (66026),WORLD MUSIC PEDAGOGY (3),M,"Jan 24 - Jan 24, 09:00-13:00 (S)",Jody Stark
MUSC 3360,T12 (66026),WORLD MUSIC PEDAGOGY (3),M,"Mar 21 - Mar 21, 09:00-13:00 (S)",Jody Stark
MUSC 3360,T11 (65956),Topics in Music Education: Wednesday Night Jazz Big Band - Part B (1.5),M,"Jan 06 - Apr 09, 17:30-19:00 (W)",Jonathan Challoner
MUSC 3360,T12 (66026),WORLD MUSIC PEDAGOGY (3),M,"Jan 23 - Jan 23, 17:00-20:00 (F)",Jody Stark
MUSC 3360,T12 (66026),WORLD MUSIC PEDAGOGY (3),M,"Feb 06 - Feb 06, 17:00-20:00 (F)",Jody Stark
MUSC 3360,T12 (66026),WORLD MUSIC PEDAGOGY (3),M,"Jan 09 - Jan 09, 17:00-20:00 (F)",Jody Stark
MUSC 3360,T12 (66026),WORLD MUSIC PEDAGOGY (3),M,"Jan 10 - Jan 10, 09:00-13:00 (S)",Jody Stark
MUSC 3360,T12 (66026),WORLD MUSIC PEDAGOGY (3),M,"Mar 06 - Mar 06, 17:00-20:00 (F)",Jody Stark
MUSC 3360,T12 (66026),WORLD MUSIC PEDAGOGY (3),M,"Mar 20 - Mar 20, 17:00-20:00 (F)",Jody Stark
MUSC 3470,B05 (62752),Major Practical Study - Percussion Masterclass (Part B) (0),M,"Jan 06 - Apr 09, 14:30-16:30 (F)",Victoria Sparks
MUSC 3470,K01 (50532),Major Practical Study (Part B) (3),M,Jan 06 - Apr 09,TBA
MUSC 3470,B10 (62808),Major Practical Study - Composition Masterclass (Part B) (0),M,Jan 06 - Apr 09,Gordon Fitzell
MUSC 3470,B01 (62778),Major Practical Study - Voice Masterclass (Part B) (0),M,"Jan 06 - Apr 09, 16:00-17:30 (R)",Mel Braun
MUSC 3470,B02 (62779),Major Practical Study - Cello Masterclass (Part B) (0),M,"Jan 06 - Apr 09, 13:00-15:00 (R)",TBA
MUSC 3470,B08 (62751),Major Practical Study - Violin/Viola Masterclass (Part B) (0),M,"Jan 06 - Apr 09, 13:00-15:00 (T)",TBA
MUSC 3470,B09 (62785),Major Practical Study - Guitar Masterclass (Part B) (0),M,"Jan 06 - Apr 09, 15:30-18:00 (M)",Ryszard Tyborowski
MUSC 3470,B07 (62784),Major Practical Study - Piano Masterclass (Part B) (0),M,"Jan 06 - Apr 09, 14:30-16:30 (F)",David Moroz
MUSC 3470,B04 (62780),Major Practical Study - Brass Masterclass (Part B) (0),M,"Jan 06 - Apr 09, 14:30-16:00 (F)",Richard Gillis
MUSC 3470,B03 (62747),Major Practical Study - Woodwind Masterclass (Part B) (0),M,"Jan 06 - Apr 09, 14:30-16:00 (F)",Douglas Harrington
MUSC 3470,B06 (62782),Major Practical Study - Jazz Masterclass (Part B) (0),M,"Jan 06 - Apr 09, 14:30-16:30 (F)",Fabio Ragnelli
MUSC 3550,A01 (50533),Recital 1 (Part B) (1.5),M,Jan 06 - Apr 09,TBA
MUSC 3554,A01 (52131),Jazz Recital 1 (Part B) (1.5),M,Jan 06 - Apr 09,TBA
MUSC 3620,A10 (66143),"Gender, Sexuality, and Music: Gender Disparity in Brass Studies (Part B) (1.5)",M,Jan 06 - Apr 09,Colette Simonot-Maiello
MUSC 3620,A02 (65049),Métis Fiddling Independent Study (3),M,Jan 06 - Apr 09,TBA
MUSC 3690,K01 (59173),Percussion Techniques (3),M,"Jan 06 - Apr 09, 08:30-09:45 (TR)",Victoria Sparks
MUSC 3730,A01 (52675),Early Music Development (3),M,"Jan 06 - Apr 09, 13:30-14:20 (MWF)",Jody Stark
MUSC 3820,T39 (65865),History of Gospel Music (3),M,"Jan 06 - Apr 09, 08:30-09:45 (TR)",Anna Nekola
MUSC 3820,T40 (65880),Hip Hop Studies (3),M,"Jan 06 - Apr 09, 13:00-14:15 (TR)",Melody McKiver
MUSC 3830,T16 (56602),Role Study (Part B) (1.5),M,Jan 06 - Apr 09,Tracy Dahl
MUSC 3830,T32 (62804),Music Production (3),M,"Jan 06 - Apr 09, 10:00-11:15 (TR)",Melody McKiver
MUSC 3830,T51 (66065),Music and Propaganda (3),M,"Jan 06 - Apr 09, 16:30-19:00 (T)",Andrew Deruchie
MUSC 3830,T46 (65881),Introduction to World Drumming (3),M,"Jan 06 - Apr 09, 10:00-11:15 (TR)",Victoria Sparks
MUSC 3830,T47 (65962),Undergraduate Acting for Singers - Part B (1.5),M,"Jan 06 - Apr 09, 14:30-16:00 (M)",Katherine Twaddle
MUSC 3830,T50 (66030),Introduction to Game Audio (3),M,"Jan 06 - Apr 09, 17:30-20:30 (R)",TBA
MUSC 3974,A01 (52130),Music Theory After 1900 (3),M,"Jan 06 - Apr 09, 10:00-11:15 (TR)",David Byrne
MUSC 4156,A01 (61198),Choral Music Literature and Programming (3),M,"Jan 06 - Apr 09, 10:00-11:15 (MW)",Victor Pankratz
MUSC 4180,T05 (56354),Concert Band (Part B) (1),M,"Jan 06 - Apr 09, 19:00-21:30 (T)",TBA
MUSC 4180,T08 (50547),Cantata Singers (Part B) (1),M,"Jan 06 - Apr 09, 16:30-18:15 (M)",Elroy Friesen
MUSC 4180,T12 (61907),University of Manitoba Upper Voices (Part B) (1),M,"Jan 06 - Apr 09, 14:30-16:15 (MW)",Elroy Friesen
MUSC 4180,T02 (50540),Orchestra (Part B) (1),M,"Jan 06 - Apr 09, 16:45-19:00 (MW)",TBA
MUSC 4180,T04 (50542),Wind Ensemble (Part B) (1),M,"Jan 06 - Apr 09, 14:30-16:45 (TR)",TBA
MUSC 4180,T15 (56618),Experimental Improvisation Ensemble (Part B) (1),M,"Jan 06 - Apr 09, 14:30-17:30 (F)",Gordon Fitzell
MUSC 4180,T07 (50545),Concert Choir (Part B) (1),M,"Jan 06 - Apr 09, 17:30-19:30 (W)",TBA
MUSC 4180,T03 (50541),University Singers (Part B) (1),M,"Jan 06 - Apr 09, 13:00-15:15 (TR)",Elroy Friesen
MUSC 4184,T03 (61273),Jazz Vocal Ensemble (Part B) (1),M,"Jan 06 - Apr 09, 14:30-16:30 (R)",Karly Epp
MUSC 4184,T01 (61271),Jazz Orchestra (Part B) (1),M,"Jan 06 - Apr 09, 14:30-16:30 (MW)",Jonathan Challoner
MUSC 4184,T02 (61272),Small Jazz Ensemble (Part B) (1),M,Jan 06 - Apr 09,Fabio Ragnelli
MUSC 4190,T09 (61355),Small Jazz Ensemble (Part B) (1),M,Jan 06 - Apr 09,Fabio Ragnelli
MUSC 4190,T25 (65960),Wednesday Night Jazz Big Band - Part B (1),M,"Jan 06 - Apr 09, 17:30-19:00 (W)",Jonathan Challoner
MUSC 4190,T11 (61805),Jazz Vocal Ensemble (Part B) (1),M,"Jan 06 - Apr 09, 16:00-18:00 (R)",Karly Epp
MUSC 4190,T10 (61356),Rhythm Section Ensemble (Part B) (1),M,"Jan 06 - Apr 09, 14:30-16:30 (T)",Karl Kohut
MUSC 4190,T07 (61353),Opera Theatre (Part B) (1),M,"Jan 06 - Apr 09, 11:30-12:45 (TR)",Katherine Twaddle
MUSC 4190,T08 (61354),Percussion Ensemble (Part B) (1),M,"Jan 06 - Apr 09, 19:30-21:30 (M)",Victoria Sparks
MUSC 4190,T12 (61810),Jazz Orchestra (Part B) (1),M,"Jan 06 - Apr 09, 14:30-16:30 (MW)",Jonathan Challoner
MUSC 4190,T02 (61349),Musical Theatre (Part B) (1),M,"Jan 06 - Apr 09, 16:00-19:00 (T)",Donna Fletcher
MUSC 4190,T04 (61350),Chamber Music (Part B) (1),M,"Jan 06 - Apr 09, 14:30-16:30 (MW)",Judith Kehler-Siebert
MUSC 4190,T07 (61353),Opera Theatre (Part B) (1),M,"Jan 06 - Apr 09, 14:30-17:30 (F)",Katherine Twaddle
MUSC 4190,T13 (64027),Orchestra (Part B) (1),M,"Jan 06 - Apr 09, 16:45-19:00 (W)",Minna Chung
MUSC 4190,T13 (64027),Orchestra (Part B) (1),M,"Jan 06 - Apr 09, 14:45-17:00 (M)",Minna Chung
MUSC 4190,T06 (61352),Composition Seminar (Part B) (1),M,"Jan 06 - Apr 09, 14:30-17:30 (W)",Gordon Fitzell
MUSC 4190,T24 (65842),Chamber Opera - Part B (1),M,"Jan 06 - Apr 09, 11:30-12:45 (TR)",Katherine Twaddle
MUSC 4194,A01 (61365),Jazz Improvisation 4 (Part B) (1.5),M,"Jan 06 - Apr 09, 11:30-12:45 (T)",Niall Bakkestad-Legare
MUSC 4380,A01 (53209),Piano Repertoire (Part B) (1.5),M,"Jan 06 - Apr 09, 11:30-12:45 (T)",David Moroz
MUSC 4470,K01 (50557),Major Practical Study (Part B) (3),M,Jan 06 - Apr 09,TBA
MUSC 4470,B10 (62809),Major Practical Study - Composition Masterclass (Part B) (0),M,Jan 06 - Apr 09,Gordon Fitzell
MUSC 4470,B09 (62791),Major Practical Study - Guitar Masterclass (Part B) (0),M,"Jan 06 - Apr 09, 15:30-18:00 (M)",Ryszard Tyborowski
MUSC 4470,B01 (62786),Major Practical Study - Voice Masterclass (Part B) (0),M,"Jan 06 - Apr 09, 16:00-17:30 (R)",Mel Braun
MUSC 4470,B08 (62790),Major Practical Study - Violin/Viola Masterclass (Part B) (0),M,"Jan 06 - Apr 09, 13:00-15:00 (T)",TBA
MUSC 4470,B02 (62787),Major Practical Study - Cello Masterclass (Part B) (0),M,"Jan 06 - Apr 09, 13:00-15:00 (R)",TBA
MUSC 4470,B07 (62789),Major Practical Study - Piano Masterclass (Part B) (0),M,"Jan 06 - Apr 09, 14:30-16:30 (F)",David Moroz
MUSC 4470,B03 (62749),Major Practical Study - Woodwind Masterclass (Part B) (0),M,"Jan 06 - Apr 09, 14:30-16:00 (F)",Douglas Harrington
MUSC 4470,B06 (62774),Major Practical Study - Jazz Masterclass (Part B) (0),M,"Jan 06 - Apr 09, 14:30-16:30 (F)",Fabio Ragnelli
MUSC 4470,B05 (62788),Major Practical Study - Percussion Masterclass (Part B) (0),M,"Jan 06 - Apr 09, 14:30-16:30 (F)",Victoria Sparks
MUSC 4470,B04 (62746),Major Practical Study - Brass Masterclass (Part B) (0),M,"Jan 06 - Apr 09, 14:30-16:00 (F)",Richard Gillis
MUSC 4530,A01 (59432),Operatic Piano (Part B) (1.5),M,"Jan 06 - Apr 09, 10:00-11:15 (W)",Megan Dufrat
MUSC 4560,A01 (50559),Recital 2 (Part B) (3),M,Jan 06 - Apr 09,TBA
MUSC 4564,A01 (61253),Jazz Recital 2 (Part B) (1.5),M,Jan 06 - Apr 09,TBA
MUSC 4660,A01 (59871),Computer Assisted Composition (3),M,"Jan 06 - Apr 09, 11:30-12:45 (TR)",Orjan Sandred
MUSC 4772,A01 (61142),Instrumental Music Methods 1 (3),M,"Jan 06 - Apr 09, 10:00-11:15 (MW)",TBA
MUSC 5180,T04 (61833),Chamber Music (Part B) (1.5),M,Jan 06 - Apr 09,TBA
MUSC 5180,T03 (61816),Opera Theatre (Part B) (1.5),M,"Jan 06 - Apr 09, 11:30-12:45 (TR)",Katherine Twaddle
MUSC 5180,T03 (61816),Opera Theatre (Part B) (1.5),M,"Jan 06 - Apr 09, 14:30-17:30 (F)",Katherine Twaddle
MUSC 5400,K01 (50561),Major Practical Study (Part B) (3),M,Jan 06 - Apr 09,TBA
MUSC 5560,A01 (50562),Recital (Part B) (3),M,Jan 06 - Apr 09,TBA
MUSC 7070,A02 (59301),Advanced Diction 2 (Part B) (0.5),M,"Jan 06 - Apr 09, 10:00-11:15 (M)",Sara Schabas
MUSC 7120,T05 (66043),Seminar in Musicology - Music and Propaganda (3),M,"Jan 06 - Apr 09, 16:30-19:00 (T)",Andrew Deruchie
MUSC 7120,T04 (66041),Seminar in Musicology: Hip Hop (3),M,"Jan 06 - Apr 09, 13:00-14:15 (TR)",Melody McKiver
MUSC 7180,A01 (50563),Ensemble (Part B) (1.5),M,Jan 06 - Apr 09,TBA
MUSC 7200,A01 (64898),Proseminar in Music Theory (3),M,"Jan 06 - Apr 09, 16:30-19:00 (R)",David Byrne
MUSC 7210,T05 (66042),Seminar in Music Theory and Analysis: Music Theory After 1900 (3),M,"Jan 06 - Apr 09, 10:00-11:15 (TR)",David Byrne
MUSC 7380,A01 (65851),Piano Repertoire Seminar - (Part B) (1),M,"Jan 06 - Apr 09, 11:30-12:45 (T)",David Moroz
MUSC 7400,K05 (66003),Major Practical Study 1 (Part B) (1.5),M,Jan 06 - Apr 09,Elroy Friesen
MUSC 7400,K04 (66002),Major Practical Study 1 (Part B) (1.5),M,Jan 06 - Apr 09,Jacqueline Dawson
MUSC 7400,K11 (66009),Major Practical Study 1 (Part B) (1.5),M,Jan 06 - Apr 09,Minna Chung
MUSC 7400,K07 (66005),Major Practical Study 1 (Part B) (1.5),M,Jan 06 - Apr 09,Tracy Dahl
MUSC 7400,K06 (66004),Major Practical Study 1 (Part B) (1.5),M,Jan 06 - Apr 09,Judith Kehler-Siebert
MUSC 7400,K10 (66008),Major Practical Study 1 (Part B) (1.5),M,Jan 06 - Apr 09,David Moroz
MUSC 7410,K06 (65996),Major Practical Study 2 (Part B) (1.5),M,Jan 06 - Apr 09,Tracy Dahl
MUSC 7410,K11 (66001),Major Practical Study 2 (Part B) (1.5),M,Jan 06 - Apr 09,TBA
MUSC 7410,K09 (65999),Major Practical Study 2 (Part B) (1.5),M,Jan 06 - Apr 09,Judith Kehler-Siebert
MUSC 7410,K10 (66000),Major Practical Study 2 (Part B) (1.5),M,Jan 06 - Apr 09,Tracy Dahl
MUSC 7410,K07 (65997),Major Practical Study 2 (Part B) (1.5),M,Jan 06 - Apr 09,Jacqueline Dawson
MUSC 7410,K08 (65998),Major Practical Study 2 (Part B) (1.5),M,Jan 06 - Apr 09,Minna Chung
MUSC 7530,A01 (58733),Operatic Piano (Part B) (1),M,"Jan 06 - Apr 09, 10:00-11:15 (W)",Megan Dufrat
MUSC 7810,A01 (60736),Electroacoustic Music (3),M,"Jan 06 - Apr 09, 14:30-15:45 (TR)",Orjan Sandred
KIN 2750,A01 (64384),Athletic Therapy Skills (3),M,"Jan 06 - Apr 09, 08:30-09:45 (TR)",Byron Bahniuk
KIN 3320,A01 (51111),Advanced Human Anatomy (3),M,"Jan 06 - Apr 09, 11:30-12:45 (TR)",Trisha Scribbans
KIN 3320,B02 (51413),Advanced Human Anatomy (0),M,"Jan 06 - Apr 09, 14:30-17:15 (R)",Trisha Scribbans
KIN 3320,B01 (51412),Advanced Human Anatomy (0),M,"Jan 06 - Apr 09, 14:30-17:15 (T)",Trisha Scribbans
KIN 3332,A01 (51611),Functional Assessment and Restoration B (3),M,"Jan 06 - Apr 09, 08:30-09:20 (MWF)",Byron Bahniuk
KIN 3332,A01 (51611),Functional Assessment and Restoration B (3),M,"Jan 06 - Apr 09, 14:30-17:15 (T)",Byron Bahniuk
KIN 3400,B01 (58422),Therapeutic Modalities (0),M,"Jan 06 - Apr 09, 11:30-12:45 (W)",Mandy Los
KIN 3400,A01 (58421),Therapeutic Modalities (3),M,"Jan 06 - Apr 09, 10:00-11:15 (TR)",Mandy Los
KIN 3400,B02 (58423),Therapeutic Modalities (0),M,"Jan 06 - Apr 09, 13:00-14:15 (W)",Mandy Los
KIN 3510,A01 (58419),Physical Activity and Aging (3),M,"Jan 06 - Apr 09, 11:30-12:20 (MWF)",Steven Passmore
KIN 3912,A01 (51610),Athletic Therapy Practicum (Part B) (2),M,"Jan 03 - Apr 30, 13:00-14:15 (M)",Mandy Los
KIN 4060,A01 (65483),Drugs and Ergogenic Aids in Sport (3),M,"Jan 06 - Apr 09, 12:30-13:20 (MWF)",Sarah Teetzel
KIN 4160,A01 (53193),Advanced Pathology and Sport Medicine (3),M,"Jan 06 - Apr 09, 13:00-14:15 (TR)",Trisha Scribbans
KIN 4260,A01 (61382),Human Factors and Ergonomics (3),M,"Jan 06 - Apr 09, 14:30-15:45 (TR)",Veronica Silva
KIN 4560,A01 (52091),Advanced Fitness Appraisal and Lifestyle Counselling (3),M,"Jan 06 - Apr 09, 13:30-14:20 (MWF)",Rodrigo Villar
KIN 4560,A01 (52091),Advanced Fitness Appraisal and Lifestyle Counselling (3),M,"Jan 06 - Apr 09, 14:30-17:15 (F)",Rodrigo Villar
KIN 4910,A01 (51365),Athletic Therapy Practicum (Part B) (3),M,"Jan 03 - Apr 30, 11:30-12:45 (T)",Mandy Los
KPER 1200,D01 (56222),"Physical Activity, Health and Wellness (3)",DE,Jan 06 - Apr 09,Shelley Harms
KPER 1400,A01 (55948),Concepts of Recreation and Leisure (3),M,"Jan 06 - Apr 09, 10:00-11:15 (TR)",Amanda Baker
KPER 1500,K01 (55946),Foundations of Physical Education and Kinesiology (3),M,"Jan 06 - Apr 09, 10:30-11:20 (MWF)",Rodrigo Villar
KPER 2170,A01 (57382),History of Physical Activity and Leisure (3),M,"Jan 06 - Apr 09, 13:00-14:15 (TR)",Russell Field
KPER 2330,B03 (57390),Biomechanics (0),M,"Jan 06 - Apr 09, 14:30-17:15 (F)",Jonathan Singer
KPER 2330,B01 (57389),Biomechanics (0),M,"Jan 06 - Apr 09, 14:30-17:15 (M)",Jonathan Singer
KPER 2330,B04 (60466),Biomechanics (0),M,"Jan 06 - Apr 09, 14:30-17:15 (M)",Jonathan Singer
KPER 2330,B05 (60467),Biomechanics (0),M,"Jan 06 - Apr 09, 14:30-17:15 (W)",Jonathan Singer
KPER 2330,B02 (57391),Biomechanics (0),M,"Jan 06 - Apr 09, 14:30-17:15 (W)",Jonathan Singer
KPER 2330,A01 (57379),Biomechanics (3),M,"Jan 06 - Apr 09, 10:30-11:20 (MWF)",Jonathan Singer
KPER 2540,A01 (64382),Psychology of Sport and Physical Activity (3),M,"Jan 06 - Apr 09, 12:30-13:20 (MWF)",Shaelyn Strachan
KPER 2700,B06 (57378),Motor Control and Learning (0),M,"Jan 06 - Apr 09, 16:30-17:20 (T)",Cheryl Glazebrook
KPER 2700,B05 (57377),Motor Control and Learning (0),M,"Jan 06 - Apr 09, 16:30-17:20 (R)",Cheryl Glazebrook
KPER 2700,B04 (57376),Motor Control and Learning (0),M,"Jan 06 - Apr 09, 15:30-16:20 (T)",Cheryl Glazebrook
KPER 2700,A01 (57367),Motor Control and Learning (3),M,"Jan 06 - Apr 09, 09:30-10:20 (MWF)",Cheryl Glazebrook
KPER 2700,B03 (57374),Motor Control and Learning (0),M,"Jan 06 - Apr 09, 15:30-16:20 (R)",Cheryl Glazebrook
KPER 2700,B01 (57371),Motor Control and Learning (0),M,"Jan 06 - Apr 09, 14:30-15:20 (R)",Cheryl Glazebrook
KPER 2700,B02 (57372),Motor Control and Learning (0),M,"Jan 06 - Apr 09, 14:30-15:20 (T)",Cheryl Glazebrook
KPER 3100,A01 (58418),Inclusive Physical Activity and Leisure (3),M,"Jan 06 - Apr 09, 11:30-12:45 (TR)",Janet Lawson
KPER 3140,A01 (64385),Health Promotion (3),M,"Jan 06 - Apr 09, 08:30-09:45 (TR)",Fabiana Turelli
KPER 3512,B05 (61388),Principles of Fitness Training (0),M,"Jan 06 - Apr 09, 14:30-15:45 (F)",Stephen Cornish
KPER 3512,B04 (58412),Principles of Fitness Training (0),M,"Jan 06 - Apr 09, 16:00-17:15 (W)",Stephen Cornish
KPER 3512,B03 (58411),Principles of Fitness Training (0),M,"Jan 06 - Apr 09, 16:00-17:15 (M)",Stephen Cornish
KPER 3512,A01 (58408),Principles of Fitness Training (3),M,"Jan 06 - Apr 09, 09:30-10:20 (MWF)",Stephen Cornish
KPER 3512,B01 (58409),Principles of Fitness Training (0),M,"Jan 06 - Apr 09, 14:30-15:45 (M)",Stephen Cornish
KPER 3512,B02 (58410),Principles of Fitness Training (0),M,"Jan 06 - Apr 09, 14:30-15:45 (W)",Stephen Cornish
KPER 3630,A01 (58424),Service and Experiential Learning (3),M,"Jan 06 - Apr 09, 14:30-15:45 (TR)",Colleen Plumton
KPER 4000,T08 (65484),"Critical Race Theory in Sport, Leisure, and Recreation (3)",M,"Jan 06 - Apr 09, 10:00-11:15 (TR)",
KPER 4000,T03 (66012),"Body, Mind, Spirit (3)",M,"Jan 06 - Apr 09, 18:00-20:45 (T)",Steven Passmore
KPER 4020,A01 (60265),Philosophy of Physical Activity and Leisure (3),M,"Jan 06 - Apr 09, 10:30-11:20 (MWF)",Sarah Teetzel
KPER 4100,A01 (60266),Current Issues (3),M,"Jan 06 - Apr 09, 14:30-15:45 (MW)",Russell Field
KPER 4110,A01 (63592),The Olympics and the Global Sporting Event (3),M,"Jan 06 - Apr 09, 14:30-15:45 (TR)",Russell Field
KPER 4600,T02 (66214),Sonography Data Collection and Research Methods (3),M,Jan 06 - Apr 09,Trisha Scribbans
KPER 4630,A02 (60523),Supervised Fieldwork Experience (Part B) (6),M,"Jan 06 - Apr 09,  (MTWRF)",Colleen Plumton
KPER 4820,A01 (61772),Senior Thesis Research Project (3),M,Jan 06 - Apr 09,Stephen Cornish
KPER 7002,A01 (63571),Qualitative Research Methods (3),M,"Jan 06 - Apr 09, 08:30-11:15 (W)",Daniel Henhawk
KPER 7004,A01 (59229),Quantitative Methods and Research Design (3),M,"Jan 06 - Apr 09, 08:30-11:15 (R)",Jonathan Singer
KPER 7200,A01 (66120),Sensorimotor Integration: Fundamental Theories in Motor Control and Learning (3),M,"Jan 06 - Apr 09, 08:30-11:15 (M)",Veronica Silva
KPER 7406,A01 (65762),"Social Psychology of Exercise, Leisure, Sport and Tourism (3)",M,"Jan 06 - Apr 09, 08:30-11:15 (T)",Shaelyn Strachan
KPER 7860,T01 (66044),"Aging Well, Research, Policies and Practice (3)",M,"Jan 06 - Apr 09, 13:00-15:45 (T)",Michelle Porter
PHED 2742,K01 (57399),Group Fitness and Leadership (3),M,"Jan 06 - Apr 09, 10:00-11:15 (T)",Faralee Wilson
PHED 2742,B01 (57401),Group Fitness and Leadership (0),M,"Jan 06 - Apr 09, 08:30-09:45 (R)",Faralee Wilson
PHED 2742,B02 (57402),Group Fitness and Leadership (0),M,"Jan 06 - Apr 09, 10:00-11:15 (R)",Faralee Wilson
PHED 3122,A01 (64386),Developmental Games and Activities (3),M,"Jan 06 - Apr 09, 14:30-15:45 (MW)",Shelley Harms
PHED 3362,A01 (58420),Culturally Relevant Pedagogies (3),M,"Jan 06 - Apr 09, 16:00-17:15 (R)",Fabiana Turelli
PHED 3362,A01 (58420),Culturally Relevant Pedagogies (3),M,"Jan 06 - Apr 09, 14:30-15:45 (TR)",Fabiana Turelli
PHED 3722,B03 (58416),Coaching Theory and Practice - BASKETBALL (0),M,"Jan 06 - Apr 09, 13:00-14:15 (T)",Michele Sung
PHED 3722,B02 (65485),Coaching Theory and Practice - SOCCER (0),M,"Jan 06 - Apr 09, 13:00-14:15 (T)",Rochelle Dziadekwich
PHED 3722,A01 (58413),Coaching Theory and Practice (3),M,"Jan 06 - Apr 09, 11:30-12:45 (MW)",Kenneth Bentley
PHED 3722,B01 (58414),Coaching Theory and Practice - HOCKEY (0),M,"Jan 06 - Apr 09, 13:00-14:15 (T)",TBA
PHED 3732,A01 (59293),Dance and Rhythmic Activities (3),M,"Jan 06 - Apr 09, 08:30-09:45 (TR)",Leisha Strachan
REC 2100,A01 (60463),Introduction to Leisure Travel (3),M,"Jan 06 - Apr 09, 13:30-14:20 (MWF)",Lesley Gaudry
REC 2150,A01 (58407),Introduction to Therapeutic Recreation (3),M,"Jan 06 - Apr 09, 10:30-11:20 (MWF)",Stephanie Chesser
REC 2170,A01 (57380),Introduction to Sport Management (3),M,"Jan 06 - Apr 09, 11:30-12:45 (TR)",Stanford Pierre
REC 2400,A01 (64383),Management and Marketing of Leisure Services (3),M,"Jan 06 - Apr 09, 10:00-11:15 (TR)",Colleen Plumton
REC 2650,A01 (52016),Social Aspects of Aging (3),M,"Jan 06 - Apr 09, 14:30-17:15 (W)",Barbara Borges E Jesus Chieregati
REC 3180,A01 (61378),Social Psychology of Leisure (3),M,"Jan 06 - Apr 09, 09:30-10:20 (MWF)",Benjamin Schellenberg
REC 4072,A01 (60283),Advanced Community Development (3),M,"Jan 06 - Apr 09, 11:30-14:15 (W)",
REC 4400,A01 (60269),The Administration of Special Events (3),M,"Jan 06 - Apr 09, 11:30-14:15 (M)",Christine Van Winkle
REC 4770,K01 (61386),Indigenous Recreation and Well-Being (3),M,"Jan 06 - Apr 09, 13:00-14:15 (TR)",Brian Rice
ABIZ 0440,A01 (57427),Agricultural Economics & Marketing 1 (4),M,"Jan 06 - Apr 02, 11:30-12:20 (MWF)",Chad Lawley
ABIZ 0440,A01 (57427),Agricultural Economics & Marketing 1 (4),M,"Jan 06 - Apr 02, 13:00-14:15 (T)",Chad Lawley
ABIZ 0470,B02 (50809),Financial Management 2 (0),M,"Jan 06 - Apr 02, 13:00-14:15 (R)",Jonah Langelotz
ABIZ 0470,B01 (50808),Financial Management 2 (0),M,"Jan 06 - Apr 02, 11:30-12:45 (R)",Jonah Langelotz
ABIZ 0470,A01 (50807),Financial Management 2 (4),M,"Jan 06 - Apr 02, 08:30-09:45 (TR)",Bailey Delf
ABIZ 0710,A01 (52623),Agricultural Policy (3),M,"Jan 06 - Apr 02, 13:00-14:15 (TR)",Ryan Cardwell
ANSC 0600,A01 (50784),Animal Health and Welfare (3),M,"Jan 06 - Apr 02, 13:00-14:15 (TR)",Nhamo Gozho
ANSC 0670,K01 (50785),Beef Cattle Production and Management (4),M,"Jan 06 - Apr 02, 14:30-15:45 (F)",Gwendolyn Donohoe
ANSC 0670,K01 (50785),Beef Cattle Production and Management (4),M,"Jan 06 - Apr 02, 13:30-14:20 (MWF)",Gwendolyn Donohoe
ANSC 0690,K01 (50786),Swine Production and Management (4),M,"Jan 06 - Apr 02, 12:30-13:20 (MWF)",Charles Nyachoti
ANSC 0690,K01 (50786),Swine Production and Management (4),M,"Jan 06 - Apr 02, 14:30-17:15 (T)",Charles Nyachoti
BIOE 0222,A01 (51608),Precision Agriculture- Technological Tools for Decision Making (4),M,"Jan 06 - Apr 02, 09:30-10:20 (MWF)",Jiating Li
BIOE 0222,B01 (51941),Precision Agriculture- Technological Tools for Decision Making (0),M,"Jan 06 - Apr 02, 14:30-16:20 (M)",Jiating Li
BIOE 0600,A01 (65692),Farm Machinery (4),M,"Jan 06 - Apr 02, 14:30-15:20 (W)",Derek Inglis
BIOE 0600,A01 (65692),Farm Machinery (4),M,"Jan 06 - Apr 02, 11:30-12:20 (MWF)",Derek Inglis
ENTM 0610,A01 (51133),Beekeeping (2),M,"Jan 03 - Apr 30, 19:00-22:00 (W)",Nuria Morfin
PLNT 0750,A01 (50797),Forage and Pasture Management (4),M,"Jan 06 - Apr 02, 12:30-13:20 (MWF)",Douglas Cattani
PLNT 0750,B01 (50798),Forage and Pasture Management (0),M,"Jan 06 - Apr 02, 14:30-15:45 (T)",Douglas Cattani
PLNT 0750,B02 (50799),Forage and Pasture Management (0),M,"Jan 06 - Apr 02, 14:30-15:45 (R)",Douglas Cattani
PLNT 0770,A01 (50842),Weed Management (4),M,"Jan 06 - Apr 02, 10:30-11:20 (MWF)",Dilshan De Silva Benaragama
PLNT 0770,B01 (58450),Weed Management (0),M,"Jan 06 - Apr 02, 14:30-15:45 (W)",Dilshan De Silva Benaragama
PLNT 0770,B02 (50844),Weed Management (0),M,"Jan 06 - Apr 02, 11:30-12:45 (R)",Dilshan De Silva Benaragama
DAGR 0430,A01 (62344),Crop Production Specialization and Innovation (4),M,"Jan 06 - Apr 02, 14:30-15:45 (TR)",Philip Fenez
DAGR 0430,A01 (62344),Crop Production Specialization and Innovation (4),M,"Jan 06 - Apr 02, 14:30-15:45 (W)",Philip Fenez
DAGR 0490,K01 (57433),Applied Farm Management (3),M,Jan 06 - Apr 02,Lacey Calder
DAGR 0490,K01 (57433),Applied Farm Management (3),M,"Jan 06 - Apr 02, 10:00-11:15 (TR)",Lacey Calder
DAGR 0610,A01 (52277),Advanced Communication and Leadership (3),M,"Jan 06 - Apr 02, 14:30-17:15 (M)",Daniel Sellers
DAGR 0910,K01 (59923),Integrated Sustainable Agri-Food Systems (3),M,Jan 06 - Apr 02,Gwendolyn Donohoe
DAGR 0910,K01 (59923),Integrated Sustainable Agri-Food Systems (3),M,"Jan 06 - Apr 02, 09:00-10:15 (MW)",Gwendolyn Donohoe
DAGR 0920,K01 (58451),Current Issues in Agriculture & Food (3),M,"Jan 06 - Apr 02, 08:30-11:15 (R)",Colin Penner
DAGR 0920,K01 (58451),Current Issues in Agriculture & Food (3),M,Jan 06 - Apr 02,Colin Penner
DAGR 0990,K01 (58452),Farm Management Project 2 (3),M,"Jan 06 - Apr 02, 08:30-11:15 (T)",Garrett Sawatzky
SOIL 0620,A01 (50727),Soil and Water Management (4),M,"Jan 06 - Apr 02, 10:30-11:20 (MWF)",Henrique Carvalho
SOIL 0620,B01 (57425),Soil and Water Management (0),M,"Jan 06 - Apr 02, 13:00-14:15 (M)",Henrique Carvalho
SOIL 0620,B02 (57426),Soil and Water Management (0),M,"Jan 06 - Apr 02, 13:00-14:15 (W)",Henrique Carvalho
SOIL 0620,B03 (64271),Soil and Water Management (0),M,"Jan 06 - Apr 02, 13:00-14:15 (F)",Henrique Carvalho
GEOL 1340,B03 (51547),The Dynamic Earth (0),M,"Jan 06 - Apr 09, 14:30-17:25 (T)",Lisa Friedrich
GEOL 1340,B02 (50752),The Dynamic Earth (0),M,"Jan 06 - Apr 09, 14:30-17:25 (T)",Lisa Friedrich
GEOL 1340,B06 (64843),The Dynamic Earth (0),M,"Jan 06 - Apr 09, 14:30-17:25 (F)",Lisa Friedrich
GEOL 1340,B04 (56063),The Dynamic Earth (0),M,"Jan 06 - Apr 09, 14:30-17:25 (R)",Lisa Friedrich
GEOL 1340,B01 (50751),The Dynamic Earth (0),M,"Jan 06 - Apr 09, 14:30-17:25 (M)",Lisa Friedrich
GEOL 1340,B05 (63572),The Dynamic Earth (0),M,"Jan 06 - Apr 09, 14:30-17:25 (F)",Lisa Friedrich
GEOL 1340,A01 (50369),The Dynamic Earth (3),M,"Jan 06 - Apr 09, 10:30-11:20 (MWF)",Lisa Friedrich
GEOL 1400,A01 (60383),Time-Trekker's Travelog: Our Evolving Earth (3),M,"Jan 06 - Apr 09, 09:30-10:20 (MWF)",Kirstin Brink
GEOL 1410,A01 (51727),Natural Disasters and Global Change (3),M,"Jan 06 - Apr 09, 10:30-11:20 (MWF)",Derek Drayson
GEOL 1420,D01 (53449),Exploring the Planets (3),DE,Jan 06 - Apr 09,Lisa Friedrich
GEOL 2390,A01 (58378),Environmental Geology (3),M,"Jan 06 - Apr 09, 10:00-11:15 (TR)",Zou Zou Kuzyk
GEOL 2520,B01 (51548),Igneous and Metamorphic Petrology (0),M,"Jan 06 - Apr 09, 14:30-17:25 (M)",Derek Drayson
GEOL 2520,A01 (50142),Igneous and Metamorphic Petrology (3),M,"Jan 06 - Apr 09, 11:30-12:20 (MWF)",Derek Drayson
GEOL 2530,A01 (50143),Introductory Sedimentary Petrology and Stratigraphy (3),M,"Jan 06 - Apr 09, 09:30-10:20 (MWF)",Paul Durkin
GEOL 2530,B01 (51107),Introductory Sedimentary Petrology and Stratigraphy (0),M,"Jan 06 - Apr 09, 14:30-17:25 (T)",Paul Durkin
GEOL 2770,B01 (60367),Principles of Inorganic Geochemistry (0),M,"Jan 06 - Apr 09, 14:30-17:25 (R)",Michael Schindler
GEOL 2770,A01 (50144),Principles of Inorganic Geochemistry (3),M,"Jan 06 - Apr 09, 12:30-13:20 (MWF)",Michael Schindler
GEOL 3310,B02 (65522),Paleontology (0),M,"Jan 06 - Apr 09, 14:30-17:25 (F)",Kirstin Brink
GEOL 3310,A01 (53295),Paleontology (3),M,"Jan 06 - Apr 09, 11:30-12:20 (MWF)",Kirstin Brink
GEOL 3310,B01 (53296),Paleontology (0),M,"Jan 06 - Apr 09, 14:30-17:25 (W)",Kirstin Brink
GEOL 3490,B01 (60372),Glacial Geology and Geomorphology (0),M,"Jan 06 - Apr 09, 14:30-17:25 (T)",Karen Crawford-Alley
GEOL 3490,A01 (60371),Glacial Geology and Geomorphology (3),M,"Jan 06 - Apr 09, 08:30-09:45 (TR)",Karen Crawford-Alley
GEOL 3740,B01 (65524),Exploration Seismology (0),M,"Jan 06 - Apr 09, 14:30-17:25 (M)",TBA
GEOL 3740,A01 (65523),Exploration Seismology (3),M,"Jan 06 - Apr 09, 13:30-14:20 (MWF)",TBA
GEOL 4280,A01 (52063),Instrumental Techniques in Geology (3),M,"Jan 06 - Apr 09, 10:00-11:15 (TR)",Michael Schindler
GEOL 4280,B01 (58243),Instrumental Techniques in Geology (0),M,"Jan 06 - Apr 09, 14:30-17:25 (W)",Michael Schindler
GEOL 4520,A01 (54799),Petroleum Geology (3),M,"Jan 06 - Apr 09, 13:30-14:20 (MWF)",Paul Durkin
GEOL 4520,B01 (60382),Petroleum Geology (0),M,"Jan 06 - Apr 09, 14:30-17:25 (M)",Paul Durkin
GEOL 4810,B01 (65929),Geophysical Data Analysis (0),M,"Jan 06 - Apr 09, 14:30-17:25 (F)",Seogi Kang
GEOL 4810,A01 (65928),Geophysical Data Analysis (3),M,"Jan 06 - Apr 09, 11:30-12:20 (MWF)",Seogi Kang
GEOL 4870,A01 (50366),Honours Thesis (Part B) (3),M,Jan 06 - Apr 09,Derek Drayson
GEOL 4920,A01 (65222),Technical Report (3),M,Jan 06 - Apr 09,Alfredo Camacho
GEOL 7700,A01 (60982),Advanced Clastic Sedimentology (3),M,Jan 06 - Apr 09,Paul Durkin
GEOL 7760,A02 (51338),Seminar in Geological Sciences (3),M,"Jan 06 - Apr 09, 13:00-14:15 (TR)",Zou Zou Kuzyk
GEOL 7760,A01 (50367),Seminar in Geological Sciences (Part B) (1.5),M,"Jan 06 - Apr 09, 13:00-14:15 (TR)",Zou Zou Kuzyk
GEOL 7790,A01 (52060),Advanced Instrumental Techniques in Geology (3),M,"Jan 06 - Apr 09, 10:00-11:15 (TR)",Michael Schindler
EER 1000,A01 (51352),Earth: A User's Guide (3),M,"Jan 06 - Apr 09, 14:30-15:45 (TR)",Maliheh Rabie
EER 1000,A02 (56492),Earth: A User's Guide (3),M,"Jan 06 - Apr 09, 12:30-13:20 (MWF)",Ekaterina Reguir
ENVR 1000,A01 (50763),Environmental Science 1 - Concepts (3),M,"Jan 06 - Apr 09, 11:30-12:20 (MWF)",Brock Edwards
ENVR 1000,A02 (50764),Environmental Science 1 - Concepts (3),M,"Jan 06 - Apr 09, 13:00-14:15 (TR)",Brock Edwards
ENVR 1000,D01 (50708),Environmental Science 1 - Concepts (3),DE,Jan 06 - Apr 09,Leslie Goodman
ENVR 2000,A01 (50765),Environmental Science 2 - Issues (3),M,"Jan 06 - Apr 09, 09:30-10:20 (MWF)",John Iacozza
ENVR 2000,A02 (60623),Environmental Science 2 - Issues (3),M,"Jan 06 - Apr 09, 10:00-11:15 (TR)",Brock Edwards
ENVR 2180,A01 (50770),Introductory Toxicology (3),M,"Jan 06 - Apr 09, 14:30-15:45 (TR)",TBA
ENVR 2550,A01 (50771),Environmental Chemistry (3),M,"Jan 06 - Apr 09, 11:30-12:45 (TR)",Debbie Armstrong
ENVR 2550,B01 (59903),Environmental Chemistry (0),M,"Jan 06 - Apr 09, 14:30-17:15 (R)",Debbie Armstrong
ENVR 2900,A01 (50780),Professional Development in the Environmental Sectors 1 (Part B) (0.75),M,"Jan 06 - Apr 09, 17:30-20:15 (M)",Leslie Goodman
ENVR 3000,T01 (65493),Environment and Tourism (3),M,"Jan 06 - Apr 09, 08:30-09:45 (TR)",John Campbell
ENVR 3000,T05 (65494),Introduction to Numerical Modelling and Applications in Environmental Science (3),M,"Jan 06 - Apr 09, 13:30-14:20 (MWF)",Juliana Marini Marson
ENVR 3140,A01 (64354),Aquatic Ecosystem Services (3),M,"Jan 06 - Apr 09, 13:30-14:20 (MWF)",Roy Collins
ENVR 3250,A01 (51334),Environmental Assessment (3),M,"Jan 06 - Apr 09, 11:30-12:45 (TR)",Johny Stephen
ENVR 3500,A01 (52151),Project in Environmental Science (3),M,Jan 06 - Apr 09,Bruce Erickson
ENVR 3750,K01 (51854),Green Building and Planning (3),M,"Jan 06 - Apr 09, 10:00-11:15 (TR)",Bruce Duggan
ENVR 3850,K01 (51855),Sustainable Manitoba- Linking Local and Global Sustainability (3),M,"Jan 06 - Apr 09, 19:00-21:45 (W)",Johny Stephen
ENVR 3900,A01 (50782),Professional Development in the Environmental Sectors 2 (Part B) (0.75),M,"Jan 06 - Apr 09, 17:30-20:15 (M)",Leslie Goodman
ENVR 3910,A01 (50893),Coop Work Term Report 1 (1.5),M,Jan 06 - Apr 09,Leslie Goodman
ENVR 3920,A01 (50894),Coop Work Term Report 2 (1.5),M,Jan 06 - Apr 09,Leslie Goodman
ENVR 3980,K01 (50897),Coop Work Term 1 (0),WKT,Jan 06 - Apr 09,Leslie Goodman
ENVR 3990,A01 (50898),Coop Work Term 2 (0),WKT,Jan 06 - Apr 09,Leslie Goodman
ENVR 4000,T20 (66201),Energy Resources Management and Policy (3),M,"Jan 06 - Apr 09, 13:30-16:30 (R)",Daniel Barchyn
ENVR 4000,T03 (58127),Applied Qualitative Research: Making a Difference (3),M,"Jan 06 - Apr 09, 14:30-17:15 (T)",Stephane McLachlan
ENVR 4000,T06 (65496),Programming for Environmental Data Analysis (3),M,"Jan 06 - Apr 09, 13:00-14:15 (TR)",Juliana Marini Marson
ENVR 4020,T03 (66175),Field Seminar in Belize (3),OC,"Feb 12 - Feb 21,  (UMTWRFS)",Iain Davidson-Hunt
ENVR 4060,A01 (51246),Biogeography (3),M,"Jan 06 - Apr 09, 14:30-17:15 (F)",Juan Aveiro Talavera
ENVR 4110,B01 (61002),Critical Thinking and the Environment (0),M,"Jan 06 - Apr 09, 14:30-17:25 (R)",Stephane McLachlan
ENVR 4110,K01 (50766),Critical Thinking and the Environment (3),M,"Jan 06 - Apr 09, 11:30-12:45 (TR)",Stephane McLachlan
ENVR 4400,A01 (51856),Advanced Issues in Environment and Health (3),M,"Jan 06 - Apr 09, 13:00-14:15 (TR)",Alistair Brown
ENVR 4500,A01 (50767),Thesis Project in Environmental Science and Studies (Part B) (3),M,"Jan 06 - Apr 09, 08:30-11:20 (F)",Bruce Erickson
ENVR 4650,A01 (51697),Advanced Issues in Environmental Law and Policy (3),M,"Jan 06 - Apr 09, 14:30-17:15 (W)",Heather Fast
ENVR 4872,B01 (59915),Advanced Methods in Geomatics (0),M,"Jan 06 - Apr 09, 14:30-17:15 (T)",David Walker
ENVR 4872,A01 (58038),Advanced Methods in Geomatics (3),M,"Jan 06 - Apr 09, 10:00-11:15 (TR)",David Walker
ENVR 4980,A01 (50899),Work Term 3 (0),WKT,Jan 06 - Apr 09,Leslie Goodman
GEOG 1280,D01 (50693),Introduction to Human Geography (3),DE,Jan 06 - Apr 09,Lisa Ford
GEOG 1280,A01 (50876),Introduction to Human Geography (3),M,"Jan 06 - Apr 09, 10:00-11:15 (TR)",Lisa Ford
GEOG 1280,A02 (50875),Introduction to Human Geography (3),M,"Jan 06 - Apr 09, 14:30-15:20 (MWF)",
GEOG 1290,A01 (50878),Introduction to Physical Geography (3),M,"Jan 06 - Apr 09, 14:30-15:45 (TR)",Mohammad Alam
GEOG 1290,A03 (51530),Introduction to Physical Geography (3),M,"Jan 06 - Apr 09, 11:30-12:45 (TR)",Lisa Ford
GEOG 1290,D01 (50695),Introduction to Physical Geography (3),DE,Jan 06 - Apr 09,Janna Wilson
GEOG 1290,A02 (50879),Introduction to Physical Geography (3),M,"Jan 06 - Apr 09, 10:30-11:20 (MWF)",Janna Wilson
GEOG 2200,A01 (50880),Introduction to Thematic Cartography (TS) (3),M,"Jan 06 - Apr 09, 11:30-12:45 (TR)",David Walker
GEOG 2200,B01 (59861),Introduction to Thematic Cartography (TS) (0),M,"Jan 06 - Apr 09, 14:30-17:15 (W)",David Walker
GEOG 2372,A01 (65838),Geography of Tourism (HS) (3),M,"Jan 06 - Apr 09, 13:00-14:15 (TR)",Henok Alemneh
GEOG 2550,A01 (64350),Geomorphology (PS) (3),M,"Jan 06 - Apr 09, 09:30-10:20 (MWF)",Karen Crawford-Alley
GEOG 2570,D01 (60351),Geography of Canada (A) (3),DE,Jan 06 - Apr 09,Janna Wilson
GEOG 2630,D01 (57712),Geography of Culture and Environment (HS) (3),DE,Jan 06 - Apr 09,TBA
GEOG 2640,A01 (51363),Geography of Culture and Inequality (HS) (3),M,"Jan 06 - Apr 09, 10:00-11:15 (TR)",Bruce Erickson
GEOG 2900,A01 (56048),Geography of Canadian Prairie Landscapes (A) (3),M,"Jan 06 - Apr 09, 11:30-12:45 (TR)",Janna Wilson
GEOG 3272,A01 (58965),Social Vulnerability to Natural Hazards (3),M,"Jan 06 - Apr 09, 11:30-12:20 (MWF)",Lisa Ford
GEOG 3310,A01 (53212),"Atmospheric Dynamics, Storms and Radar (PS) (3)",M,"Jan 06 - Apr 09, 11:30-12:45 (TR)",
GEOG 3320,A01 (57080),Introduction to Microclimates and Micrometeorology (PS) (3),M,"Jan 06 - Apr 09, 10:00-11:15 (TR)",Jens Ehn
GEOG 3390,A01 (65509),Introduction to Climate Change and Its Causes (PS) (3),M,"Jan 06 - Apr 09, 13:30-14:20 (MWF)",John Iacozza
GEOG 3390,D01 (52117),Introduction to Climate Change and Its Causes (PS) (3),DE,Jan 06 - Apr 09,John Iacozza
GEOG 3460,D01 (50697),Urban Geography (HS) (Part B) (3),DE,Jan 06 - Apr 09,Jonathan Peyton
GEOG 3640,A01 (56557),Social Geography of the Environment (HS) (3),M,"Jan 06 - Apr 09, 14:30-15:45 (TR)",Johny Stephen
GEOG 3760,D01 (57619),Canada's Natural Environments and Landscapes (Part B) (3),DE,Jan 06 - Apr 09,Olga Shugurova
GEOG 3770,T09 (65510),Environment and Tourism (3),M,"Jan 06 - Apr 09, 08:30-09:45 (TR)",John Campbell
GEOG 3810,A01 (51699),Quantitative Research Methods in Geography (TS) (M) (3),M,"Jan 06 - Apr 09, 13:00-14:15 (TR)",John Iacozza
GEOG 3850,K01 (51857),Sustainable Manitoba- Linking Local and Global Sustainability (3),M,"Jan 06 - Apr 09, 19:00-21:45 (W)",Johny Stephen
GEOG 3860,A01 (58123),Animal Geographies (HS) (3),M,"Jan 06 - Apr 09, 13:00-14:15 (TR)",Jonah Olsen
GEOG 3870,A01 (51532),Food Geographies (HS) (3),M,"Jan 06 - Apr 09, 10:30-11:20 (MWF)",
GEOG 4060,A01 (51247),Biogeography (3),M,"Jan 06 - Apr 09, 14:30-17:15 (F)",Juan Aveiro Talavera
GEOG 4660,A01 (50889),Honours Thesis (Part B) (3),M,"Jan 06 - Apr 09, 08:30-11:20 (F)",Bruce Erickson
GEOG 4670,T03 (58140),Applied Qualitative Research: Making a Difference (3),M,"Jan 06 - Apr 09, 14:30-17:15 (T)",Stephane McLachlan
GEOG 4670,T04 (65511),Programming for Environmental Data Analysis (3),M,"Jan 06 - Apr 09, 13:00-14:15 (TR)",Juliana Marini Marson
GEOG 4872,B01 (59889),Advanced Methods in Geomatics (0),M,"Jan 06 - Apr 09, 14:30-17:25 (T)",David Walker
GEOG 4872,A01 (53548),Advanced Methods in Geomatics (3),M,"Jan 06 - Apr 09, 10:00-11:15 (TR)",David Walker
GEOG 4930,A01 (65512),Oceanography: Chemical (3),M,"Jan 06 - Apr 09, 08:30-11:20 (W)",Feiyue Wang
GEOG 7010,T71 (66121),Numerical Modelling and Applications in Environmental Science (3),M,Jan 06 - Apr 09,Juliana Marini Marson
GEOG 7010,T60 (61868),Advanced Issues in Environmental Governance and Policy (3),M,"Jan 06 - Apr 09, 14:30-17:15 (W)",Heather Fast
GEOG 7010,T15 (65513),Programming for Environmental Data Analysis (3),M,"Jan 06 - Apr 09, 13:00-14:15 (TR)",Juliana Marini Marson
GEOG 7010,T03 (58141),Applied Qualitative Research: Making a Difference (3),M,"Jan 06 - Apr 09, 14:30-17:15 (T)",Stephane McLachlan
GEOG 7500,A01 (51208),Biogeography (3),M,"Jan 06 - Apr 09, 14:30-17:15 (F)",Juan Aveiro Talavera
GEOG 7610,A01 (62126),Graduate Seminar in E&G (Masters) (3),M,"Jan 06 - Apr 09, 08:30-11:30 (F)",Christopher Mundy
GEOG 7620,A01 (62127),Graduate Seminar in E&G (PhD 1) (1.5),M,"Jan 06 - Apr 09, 08:30-11:30 (F)",Christopher Mundy
GEOG 7630,A01 (62128),Graduate Seminar in E&G (PhD 2) (1.5),M,"Jan 06 - Apr 09, 08:30-11:30 (F)",Christopher Mundy
GEOG 7872,A01 (54431),Advanced Methods in Geomatics (3),M,"Jan 06 - Apr 09, 10:00-11:15 (TR)",David Walker
GEOG 7872,B01 (59896),Advanced Methods in Geomatics (0),M,"Jan 06 - Apr 09, 14:30-17:25 (T)",David Walker
GEOG 7930,A01 (65514),Oceanography: Chemical (3),M,"Jan 06 - Apr 09, 08:30-11:20 (W)",Feiyue Wang
NRI 7110,T03 (65525),Field Seminar in Belize (3),M,"Feb 12 - Feb 21,  (UMTWRFS)",Iain Davidson-Hunt
NRI 7130,A01 (64476),Energy Resources Management and Policy (3),M,"Jan 06 - Apr 09, 13:30-16:30 (R)",Daniel Barchyn
NRI 7182,A01 (51572),"Sustainability, Economics, and Natural Resources (3)",M,"Jan 06 - Apr 09, 13:00-16:00 (T)",Nahid Masoudi
NRI 7232,A01 (63548),Ecological Dimensions of Resource and Environmental Management (3),M,"Jan 06 - Apr 09, 09:30-12:30 (W)",Christina Prokopenko
NRI 7252,A01 (64478),Environmental Management Practice (3),M,"Jan 06 - Apr 09, 13:30-16:30 (W)",Shirley Thompson
NRI 7310,A01 (65945),Ph.D. Thesis Research Seminar (1.5),M,"Jan 06 - Apr 09, 13:30-16:30 (M)",C Haque
NRI 7360,A01 (52387),Qualitative Field Methods for Community-based Resource and Environmental Management (3),M,"Jan 06 - Apr 09, 09:30-12:30 (R)",TBA
NRI 7380,A01 (66128),Project Management in Natural Resources and Environmental Management (3),M,"Jan 06 - Apr 09, 09:30-12:30 (F)",TBA
CHSC 7312,A01 (65793),Research Methods for Linked Administration Data (3),B,"Jan 06 - Apr 09, 09:00-11:50 (W)",Nathan Nickel
CHSC 7312,A01 (65793),Research Methods for Linked Administration Data (3),B,"Jan 06 - Apr 09, 09:30-12:30 (R)",Nathan Nickel
HEAL 1502,A01 (60862),Foundations of Human Biology 2 (3),M,"Jan 06 - Apr 09, 10:30-11:20 (MWF)",Etienne Leygue
HEAL 1600,D01 (64159),Health and Health Professions (3),DE,Jan 06 - Apr 09,
HEAL 2600,D01 (59478),Integration of Health Determinants of Individuals (3),DE,Jan 06 - Apr 09,
HEAL 3000,A01 (59850),Introduction to Social Epidemiology (3),M,"Jan 06 - Apr 09, 13:00-14:15 (TR)",
HEAL 3600,D01 (66110),Integration of Health Determinants for Communities (3),DE,Jan 06 - Apr 09,
HEAL 3610,A01 (55667),Mechanisms of Disease 1 (3),M,"Jan 06 - Apr 09, 16:00-17:15 (TR)",Angeliki Pantazi
HEAL 4610,D01 (66111),Health Studies Capstone (3),DE,Jan 06 - Apr 09,
HEAL 4620,D01 (66112),Health Sciences Capstone (3),DE,Jan 06 - Apr 09,
HEAL 4640,K01 (58346),Mechanisms of Disease 3 (6),B,"Jan 06 - Apr 09, 14:30-17:15 (TR)",Angeliki Pantazi
HEAL 4650,A01 (65548),Research Project in Interdisciplinary Health (3),M,Jan 06 - Apr 09,Angeliki Pantazi
HEAL 4652,A01 (65807),Advanced Research Project in Interdisciplinary Health Part B (3),M,Jan 06 - Apr 09,Sari Hannila
